xyzdmxyzcountry,xyzdmxyzrequestyear,xyzdmxyzinterpolation,xyzdcxyzwelfaretype,xyzdpxyzsi_mpm_educ,xyzdpxyzsi_mpm_edue,xyzdpxyzsi_mpm_elec,xyzdpxyzsi_mpm_imps,xyzdpxyzsi_mpm_impw,xyzdpxyzsi_mpm_poor,xyzdpxyzsi_mpm_mdhc,survname,comparable_spell,xyzdcxyzpppyear,xyzdcxyzcoverage
AGO,2018,FALSE,CONS,.2967488,.2744306,.5263953,.5363752,.3210651,.31122,.4718801,IDREA,2018,2017,N
AGO,2018,FALSE,CONS,.2967488,.2744306,.5263953,.5363752,.3210651,.392947,.5151265,IDREA,2018,2021,N
ARG,2010,FALSE,INC,.0190405,.009636,0,.0130865,.0032566,.0074654,.007694,EPHC-S2,2003-2024,2017,U
ARG,2010,FALSE,INC,.0190405,.009636,0,.0130865,.0032566,.0153444,.015573,EPHC-S2,2003-2024,2021,U
ARG,2011,FALSE,INC,.0180353,.0105141,0,.0123504,.0030864,.0071138,.0074787,EPHC-S2,2003-2024,2017,U
ARG,2011,FALSE,INC,.0180353,.0105141,0,.0123504,.0030864,.0120776,.0124126,EPHC-S2,2003-2024,2021,U
ARG,2012,FALSE,INC,.016484,.0083371,0,.0092399,.0032407,.0064705,.0068159,EPHC-S2,2003-2024,2017,U
ARG,2012,FALSE,INC,.016484,.0083371,0,.0092399,.0032407,.0126958,.0130361,EPHC-S2,2003-2024,2021,U
ARG,2013,FALSE,INC,.0161902,.0089634,0,.0080511,.0032107,.0066668,.0070075,EPHC-S2,2003-2024,2017,U
ARG,2013,FALSE,INC,.0161902,.0089634,0,.0080511,.0032107,.0108921,.0112329,EPHC-S2,2003-2024,2021,U
ARG,2014,FALSE,INC,.0141841,.0094894,0,.0070432,.0040557,.0060478,.0062689,EPHC-S2,2003-2024,2017,U
ARG,2014,FALSE,INC,.0141841,.0094894,0,.0070432,.0040557,.0105905,.0108116,EPHC-S2,2003-2024,2021,U
ARG,2016,FALSE,INC,.0162716,.0117013,0,.0063667,.0040513,.0069689,.0072423,EPHC-S2,2003-2024,2017,U
ARG,2016,FALSE,INC,.0162716,.0117013,0,.0063667,.0040513,.01269,.0129554,EPHC-S2,2003-2024,2021,U
ARG,2017,FALSE,INC,.0148348,.0071565,0,.0069742,.004007,.006038,.0061101,EPHC-S2,2003-2024,2017,U
ARG,2017,FALSE,INC,.0148348,.0071565,0,.0069742,.004007,.0111425,.0112146,EPHC-S2,2003-2024,2021,U
ARG,2018,FALSE,INC,.013339,.0073669,0,.0070777,.0026429,.0104432,.0109254,EPHC-S2,2003-2024,2017,U
ARG,2018,FALSE,INC,.013339,.0073669,0,.0070777,.0026429,.016383,.0168652,EPHC-S2,2003-2024,2021,U
ARG,2019,FALSE,INC,.0145894,.0064164,0,.0063389,.0025471,.0168465,.0171247,EPHC-S2,2003-2024,2021,U
ARG,2019,FALSE,INC,.0145894,.0064164,0,.0063389,.0025471,.0110974,.0113756,EPHC-S2,2003-2024,2017,U
ARG,2020,FALSE,INC,.0136046,.0065874,0,.0090321,.0012386,.0117313,.0117475,EPHC-S2,2003-2024,2017,U
ARG,2020,FALSE,INC,.0136046,.0065874,0,.0090321,.0012386,.0219696,.0219858,EPHC-S2,2003-2024,2021,U
ARG,2021,FALSE,INC,.0108208,.0073135,0,.0025745,.0036405,.0089422,.0090657,EPHC-S2,2003-2024,2017,U
ARG,2021,FALSE,INC,.0108208,.0073135,0,.0025745,.0036405,.0136303,.0137539,EPHC-S2,2003-2024,2021,U
ARG,2022,FALSE,INC,.0110585,.0070612,0,.0041016,.0037203,.0061189,.0061966,EPHC-S2,2003-2024,2017,U
ARG,2022,FALSE,INC,.0110585,.0070612,0,.0041016,.0037203,.0129446,.0130223,EPHC-S2,2003-2024,2021,U
ARG,2023,FALSE,INC,.0099581,.0051386,0,.0038029,.0050618,.0050151,.0050985,EPHC-S2,2003-2024,2017,U
ARG,2023,FALSE,INC,.0099581,.0051386,0,.0038029,.0050618,.0115747,.0116581,EPHC-S2,2003-2024,2021,U
ARG,2024,FALSE,INC,.0102316,.0066692,0,.0045093,.0037057,.0096368,.0096744,EPHC-S2,2003-2024,2021,U
ARG,2024,FALSE,INC,.0102316,.0066692,0,.0045093,.0037057,.0055762,.0056139,EPHC-S2,2003-2024,2017,U
ARM,2014,FALSE,CONS,.0004424,.0193573,.0022271,.0117963,.005737,.0143914,.0146425,ILCS,1999-2018,2017,N
ARM,2014,FALSE,CONS,.0004424,.0193573,.0022271,.0117963,.005737,.0343759,.034627,ILCS,1999-2018,2021,N
ARM,2015,FALSE,CONS,.0003153,.021344,.0040505,.0093947,.0155328,.0114636,.0115047,ILCS,1999-2018,2017,N
ARM,2015,FALSE,CONS,.0003153,.021344,.0040505,.0093947,.0155328,.028524,.028565,ILCS,1999-2018,2021,N
ARM,2016,FALSE,CONS,.0005247,.0222206,.000968,.0792737,.0036402,.02516,.02516,ILCS,1999-2018,2021,N
ARM,2016,FALSE,CONS,.0005247,.0222206,.000968,.0792737,.0036402,.0110795,.0110795,ILCS,1999-2018,2017,N
ARM,2017,FALSE,CONS,.0006926,.017318,.0026792,.0728935,.0030484,.0078565,.0082168,ILCS,1999-2018,2017,N
ARM,2017,FALSE,CONS,.0006926,.017318,.0026792,.0728935,.0030484,.0236248,.0239851,ILCS,1999-2018,2021,N
ARM,2018,FALSE,CONS,.0001315,.0166296,.0006759,.05051,.0037203,.0289663,.0289663,ILCS,1999-2018,2021,N
ARM,2018,FALSE,CONS,.0001315,.0166296,.0006759,.05051,.0037203,.0133982,.0133982,ILCS,1999-2018,2017,N
ARM,2019,FALSE,CONS,.0003219,.020243,0,.0241159,.0105947,.0103007,.0103007,ILCS,2019-2023,2017,N
ARM,2019,FALSE,CONS,.0003219,.020243,0,.0241159,.0105947,.024278,.024278,ILCS,2019-2023,2021,N
ARM,2020,FALSE,CONS,.00057,.0193726,0,.007581,.0159233,.0035201,.0035201,ILCS,2019-2023,2017,N
ARM,2020,FALSE,CONS,.00057,.0193726,0,.007581,.0159233,.0151659,.0151659,ILCS,2019-2023,2021,N
ARM,2021,FALSE,CONS,0,.01793,0,.0039773,.0066008,.0211809,.0211809,ILCS,2019-2023,2021,N
ARM,2021,FALSE,CONS,0,.01793,0,.0039773,.0066008,.0052352,.0052352,ILCS,2019-2023,2017,N
ARM,2022,FALSE,CONS,.0000385,.020359,0,.0058174,.0165461,.0078108,.0078108,ILCS,2019-2023,2017,N
ARM,2022,FALSE,CONS,.0000385,.020359,0,.0058174,.0165461,.0189688,.0189688,ILCS,2019-2023,2021,N
ARM,2023,FALSE,CONS,.0001322,.0205172,0,.0110588,.0197761,.0192803,.0192803,ILCS,2019-2023,2021,N
ARM,2023,FALSE,CONS,.0001322,.0205172,0,.0110588,.0197761,.0058872,.0058872,ILCS,2019-2023,2017,N
AUS,2010,FALSE,INC,.0260019,,0,0,,.005312,.0300584,SIH-HES-LIS,1995-2020,2021,N
AUS,2010,FALSE,INC,.0260019,,0,0,,.0047331,.0305821,SIH-HES-LIS,1995-2020,2017,N
AUS,2014,FALSE,INC,.0209397,,0,0,,.0055385,.0253182,SIH-LIS,1995-2020,2021,N
AUS,2014,FALSE,INC,.0209397,,0,0,,.0051251,.0259507,SIH-LIS,1995-2020,2017,N
AUS,2016,FALSE,INC,.0158957,,0,0,,.0050566,.0199174,SIH-HES-LIS,1995-2020,2021,N
AUS,2016,FALSE,INC,.0158957,,0,0,,.0044882,.0203276,SIH-HES-LIS,1995-2020,2017,N
AUS,2018,FALSE,INC,.0171188,,0,0,,.0058093,.0218657,SIH-LIS,1995-2020,2021,N
AUS,2018,FALSE,INC,.0171188,,0,0,,.0051688,.0221577,SIH-LIS,1995-2020,2017,N
AUS,2020,FALSE,INC,.027629,,0,0,,.0080516,.0353369,SIH-LIS,1995-2020,2017,N
AUS,2020,FALSE,INC,.027629,,0,0,,.0093204,.0343597,SIH-LIS,1995-2020,2021,N
AUT,2008,FALSE,INC,.0001931,,0,.0134561,.0071388,.0047117,.0049048,EU-SILC,2003-2023,2017,N
AUT,2008,FALSE,INC,.0001931,,0,.0134561,.0071388,.005091,.0052841,EU-SILC,2003-2023,2021,N
AUT,2009,FALSE,INC,.0055039,,0,,0,.0065623,.0119456,EU-SILC,2003-2023,2017,N
AUT,2009,FALSE,INC,.0055039,,0,,0,.0068848,.012268,EU-SILC,2003-2023,2021,N
AUT,2010,FALSE,INC,.0029512,,0,.0119291,.0047358,.004907,.0078582,EU-SILC,2003-2023,2017,N
AUT,2010,FALSE,INC,.0029512,,0,.0119291,.0047358,.0051962,.0081474,EU-SILC,2003-2023,2021,N
AUT,2011,FALSE,INC,.0029553,,0,.0104123,.0054853,.0047682,.0077235,EU-SILC,2003-2023,2021,N
AUT,2011,FALSE,INC,.0029553,,0,.0104123,.0054853,.004154,.0071093,EU-SILC,2003-2023,2017,N
AUT,2012,FALSE,INC,.0047238,,0,.0103595,.0023155,.0061692,.0108929,EU-SILC,2003-2023,2017,N
AUT,2012,FALSE,INC,.0047238,,0,.0103595,.0023155,.0067152,.0111093,EU-SILC,2003-2023,2021,N
AUT,2013,FALSE,INC,0,,0,.0095938,.0029784,.00338,.00338,EU-SILC,2003-2023,2017,N
AUT,2013,FALSE,INC,0,,0,.0095938,.0029784,.00338,.00338,EU-SILC,2003-2023,2021,N
AUT,2014,FALSE,INC,0,,0,.0102777,.0045644,.0022426,.0022426,EU-SILC,2003-2023,2021,N
AUT,2014,FALSE,INC,0,,0,.0102777,.0045644,.0022426,.0022426,EU-SILC,2003-2023,2017,N
AUT,2015,FALSE,INC,0,,0,.0086844,.0022579,.0068461,.0068461,EU-SILC,2003-2023,2021,N
AUT,2015,FALSE,INC,0,,0,.0086844,.0022579,.0067719,.0067719,EU-SILC,2003-2023,2017,N
AUT,2016,FALSE,INC,.0000611,,0,.0061444,.0029482,.0066406,.0067018,EU-SILC,2003-2023,2017,N
AUT,2016,FALSE,INC,.0000611,,0,.0061444,.0029482,.0066406,.0067018,EU-SILC,2003-2023,2021,N
AUT,2017,FALSE,INC,0,,0,.0066375,.005,.0031809,.0031809,EU-SILC,2003-2023,2017,N
AUT,2017,FALSE,INC,0,,0,.0066375,.005,.0034973,.0034973,EU-SILC,2003-2023,2021,N
AUT,2018,FALSE,INC,0,,0,.004667,.002412,.0056836,.0056836,EU-SILC,2003-2023,2017,N
AUT,2018,FALSE,INC,0,,0,.004667,.002412,.0056836,.0056836,EU-SILC,2003-2023,2021,N
AUT,2019,FALSE,INC,0,,0,.0083369,.0065163,.0064064,.0064064,EU-SILC,2003-2023,2017,N
AUT,2019,FALSE,INC,0,,0,.0083369,.0065163,.0064664,.0064664,EU-SILC,2003-2023,2021,N
AUT,2020,FALSE,INC,0,,0,,0,.0068358,.0068358,EU-SILC,2003-2023,2017,N
AUT,2020,FALSE,INC,0,,0,,0,.0073861,.0073861,EU-SILC,2003-2023,2021,N
AUT,2021,FALSE,INC,0,,0,,0,.0048582,.0048582,EU-SILC,2003-2023,2017,N
AUT,2021,FALSE,INC,0,,0,,0,.0048582,.0048582,EU-SILC,2003-2023,2021,N
AUT,2022,FALSE,INC,0,,0,.0044026,.0045509,.0064397,.0064397,EU-SILC,2003-2023,2021,N
AUT,2022,FALSE,INC,0,,0,.0044026,.0045509,.0061829,.0061829,EU-SILC,2003-2023,2017,N
AUT,2023,FALSE,INC,0,,0,,0,.0052822,.0052822,EU-SILC,2003-2023,2021,N
AUT,2023,FALSE,INC,0,,0,,0,.0051931,.0051931,EU-SILC,2003-2023,2017,N
BDI,2013,FALSE,CONS,.6633524,.1889276,.9182661,.9430842,.2058417,.6513289,.8520085,ECVMB,1998-2013,2017,N
BDI,2013,FALSE,CONS,.6633524,.1889276,.9182661,.9430842,.2058417,.7582436,.8833047,ECVMB,1998-2013,2021,N
BDI,2020,FALSE,CONS,.4414989,.3421162,.9056854,.9100749,.1202142,.6206576,.7872198,EICVMB,2020,2017,N
BDI,2020,FALSE,CONS,.4414989,.3421162,.9056854,.9100749,.1202142,.7419918,.8421062,EICVMB,2020,2021,N
BEL,2008,FALSE,INC,.0191854,,0,.0063881,.0083149,.0011842,.0203695,EU-SILC,2003-2023,2017,N
BEL,2008,FALSE,INC,.0191854,,0,.0063881,.0083149,.0011842,.0203695,EU-SILC,2003-2023,2021,N
BEL,2009,FALSE,INC,.0186985,,0,,0,.0010758,.0197743,EU-SILC,2003-2023,2017,N
BEL,2009,FALSE,INC,.0186985,,0,,0,.0011806,.0198791,EU-SILC,2003-2023,2021,N
BEL,2010,FALSE,INC,.0135926,,0,.0134663,.0086844,.0013712,.0148036,EU-SILC,2003-2023,2017,N
BEL,2010,FALSE,INC,.0135926,,0,.0134663,.0086844,.001421,.0148535,EU-SILC,2003-2023,2021,N
BEL,2011,FALSE,INC,.0134901,,0,.0208718,.0078122,.0018409,.0151982,EU-SILC,2003-2023,2021,N
BEL,2011,FALSE,INC,.0134901,,0,.0208718,.0078122,.0016827,.0150399,EU-SILC,2003-2023,2017,N
BEL,2012,FALSE,INC,.0091423,,0,.0197133,.0068857,.0017207,.0102886,EU-SILC,2003-2023,2021,N
BEL,2012,FALSE,INC,.0091423,,0,.0197133,.0068857,.0015657,.0101336,EU-SILC,2003-2023,2017,N
BEL,2013,FALSE,INC,.0140814,,0,.0209971,.0069472,.0014451,.0155265,EU-SILC,2003-2023,2021,N
BEL,2013,FALSE,INC,.0140814,,0,.0209971,.0069472,.0014451,.0155265,EU-SILC,2003-2023,2017,N
BEL,2014,FALSE,INC,.0093082,,0,.0230354,.0066682,.000765,.0099321,EU-SILC,2003-2023,2017,N
BEL,2014,FALSE,INC,.0093082,,0,.0230354,.0066682,.000765,.0099321,EU-SILC,2003-2023,2021,N
BEL,2015,FALSE,INC,.0187891,,0,.0166052,.0046358,.0013719,.020161,EU-SILC,2003-2023,2021,N
BEL,2015,FALSE,INC,.0187891,,0,.0166052,.0046358,.0007076,.0194967,EU-SILC,2003-2023,2017,N
BEL,2016,FALSE,INC,.0189918,,0,.010897,.0044005,.0005982,.0195532,EU-SILC,2003-2023,2017,N
BEL,2016,FALSE,INC,.0189918,,0,.010897,.0044005,.0005982,.0195532,EU-SILC,2003-2023,2021,N
BEL,2017,FALSE,INC,.019269,,0,.008749,.0034791,.0014787,.020672,EU-SILC,2003-2023,2017,N
BEL,2017,FALSE,INC,.019269,,0,.008749,.0034791,.0017496,.020943,EU-SILC,2003-2023,2021,N
BEL,2018,FALSE,INC,.0054034,,0,.0067649,.0033643,.0008975,.0061808,EU-SILC,2003-2023,2021,N
BEL,2018,FALSE,INC,.0054034,,0,.0067649,.0033643,.0008111,.0060945,EU-SILC,2003-2023,2017,N
BEL,2019,FALSE,INC,.0055208,,0,.0074921,.003842,.0007855,.0061569,EU-SILC,2003-2023,2017,N
BEL,2019,FALSE,INC,.0055208,,0,.0074921,.003842,.0010685,.0064399,EU-SILC,2003-2023,2021,N
BEL,2020,FALSE,INC,.0049975,,0,,0,.0005473,.0055448,EU-SILC,2003-2023,2017,N
BEL,2020,FALSE,INC,.0049975,,0,,0,.000858,.0058556,EU-SILC,2003-2023,2021,N
BEL,2021,FALSE,INC,.0064975,,0,,0,.0002997,.0067972,EU-SILC,2003-2023,2017,N
BEL,2021,FALSE,INC,.0064975,,0,,0,.0003657,.0068632,EU-SILC,2003-2023,2021,N
BEL,2022,FALSE,INC,.0055983,,0,.0073214,.005531,.0002045,.0058028,EU-SILC,2003-2023,2017,N
BEL,2022,FALSE,INC,.0055983,,0,.0073214,.005531,.0002045,.0058028,EU-SILC,2003-2023,2021,N
BEL,2023,FALSE,INC,.005561,,0,,0,.0006705,.0062315,EU-SILC,2003-2023,2017,N
BEL,2023,FALSE,INC,.005561,,0,,0,.000869,.00643,EU-SILC,2003-2023,2021,N
BEN,2015,FALSE,CONS,.6147864,.2545251,.6902094,.7066547,.2686916,.5180746,.7254947,EMICOV,2011-2015,2017,N
BEN,2015,FALSE,CONS,.6147864,.2545251,.6902094,.7066547,.2686916,.658209,.7834595,EMICOV,2011-2015,2021,N
BEN,2018,FALSE,CONS,.4960918,.3146803,.5427265,.8002577,.2206907,.3717654,.5907518,EHCVM,2018-2021,2021,N
BEN,2018,FALSE,CONS,.4960918,.3146803,.5427265,.8002577,.2206907,.2082876,.5308104,EHCVM,2018-2021,2017,N
BEN,2021,FALSE,CONS,.4869108,.3166182,.348183,.7664959,.2410913,.1340869,.4553561,EHCVM,2018-2021,2017,N
BEN,2021,FALSE,CONS,.4869108,.3166182,.348183,.7664959,.2410913,.2722341,.5108094,EHCVM,2018-2021,2021,N
BFA,2014,FALSE,CONS,.6469518,.5804275,.7926174,.6331269,.2061749,.3960286,.7300844,EMC,2014,2017,N
BFA,2014,FALSE,CONS,.6469518,.5804275,.7926174,.6331269,.2061749,.5873746,.7841257,EMC,2014,2021,N
BFA,2018,FALSE,CONS,.5594882,.5093923,.4719777,.6963881,.1968828,.4768106,.6601959,EHCVM,2018-2021,2021,N
BFA,2018,FALSE,CONS,.5594882,.5093923,.4719777,.6963881,.1968828,.3120382,.602421,EHCVM,2018-2021,2017,N
BFA,2021,FALSE,CONS,.4736355,.5100906,.3525817,.587326,.1732769,.4206163,.6000746,EHCVM,2018-2021,2021,N
BFA,2021,FALSE,CONS,.4736355,.5100906,.3525817,.587326,.1732769,.2527707,.5281155,EHCVM,2018-2021,2017,N
BGD,2010,FALSE,CONS,.2913788,.1683337,.4363035,.4832358,.0375267,.2511859,.3579094,HIES,2000-2016,2021,N
BGD,2010,FALSE,CONS,.2913788,.1683337,.4363035,.4832358,.0375267,.1822386,.3134974,HIES,2000-2016,2017,N
BGD,2016,FALSE,CONS,.2201436,.0837265,.2364338,.5448481,.0280676,.134683,.2048924,HIES,2000-2016,2017,N
BGD,2016,FALSE,CONS,.2201436,.0837265,.2364338,.5448481,.0280676,.1951117,.2560372,HIES,2000-2016,2021,N
BGD,2022,FALSE,CONS,.0949715,.066861,.0237433,.2751831,.0199881,.0590917,.0740028,HIES,2022,2021,N
BGD,2022,FALSE,CONS,.0949715,.066861,.0237433,.2751831,.0199881,.0356857,.0519353,HIES,2022,2017,N
BGR,2008,FALSE,INC,.0086443,,0,,0,.0193631,.0268362,EU-SILC,2006-2014,2021,N
BGR,2008,FALSE,INC,.0086443,,0,,0,.0125118,.0205427,EU-SILC,2006-2014,2017,N
BGR,2010,FALSE,INC,.0118447,,0,.2478638,.1518189,.0200774,.0304114,EU-SILC,2006-2014,2017,N
BGR,2010,FALSE,INC,.0118447,,0,.2478638,.1518189,.0266579,.0363814,EU-SILC,2006-2014,2021,N
BGR,2011,FALSE,INC,.0129782,,0,.2242799,.138754,.0344883,.0446958,EU-SILC,2006-2014,2021,N
BGR,2011,FALSE,INC,.0129782,,0,.2242799,.138754,.0245876,.035658,EU-SILC,2006-2014,2017,N
BGR,2012,FALSE,INC,.0125056,,0,.2131343,.1381033,.0230944,.0323535,EU-SILC,2006-2014,2017,N
BGR,2012,FALSE,INC,.0125056,,0,.2131343,.1381033,.030123,.0391521,EU-SILC,2006-2014,2021,N
BGR,2013,FALSE,INC,.0094331,,0,.2063946,.1249498,.0178378,.0260391,EU-SILC,2006-2014,2017,N
BGR,2013,FALSE,INC,.0094331,,0,.2063946,.1249498,.032667,.03911,EU-SILC,2006-2014,2021,N
BGR,2014,FALSE,INC,.0117536,,0,.1856489,.1162855,.0272082,.034996,EU-SILC,2006-2014,2021,N
BGR,2014,FALSE,INC,.0117536,,0,.1856489,.1162855,.0166031,.0254176,EU-SILC,2006-2014,2017,N
BGR,2015,FALSE,INC,.0100971,,0,.1845251,.1123402,.0458077,.0511061,EU-SILC,2015-2023,2021,N
BGR,2015,FALSE,INC,.0100971,,0,.1845251,.1123402,.0341965,.0403725,EU-SILC,2015-2023,2017,N
BGR,2016,FALSE,INC,.0101108,,0,.1670022,.1036324,.0306717,.0368495,EU-SILC,2015-2023,2021,N
BGR,2016,FALSE,INC,.0101108,,0,.1670022,.1036324,.0196649,.0267427,EU-SILC,2015-2023,2017,N
BGR,2017,FALSE,INC,.0067674,,0,.1532192,.093779,.0200316,.0254991,EU-SILC,2015-2023,2021,N
BGR,2017,FALSE,INC,.0067674,,0,.1532192,.093779,.0137177,.0196594,EU-SILC,2015-2023,2017,N
BGR,2018,FALSE,INC,.0079022,,0,.1368348,.0788098,.0149467,.0215394,EU-SILC,2015-2023,2021,N
BGR,2018,FALSE,INC,.0079022,,0,.1368348,.0788098,.0087046,.0154961,EU-SILC,2015-2023,2017,N
BGR,2019,FALSE,INC,.005772,,0,.1319464,.074318,.0092363,.0143889,EU-SILC,2015-2023,2017,N
BGR,2019,FALSE,INC,.005772,,0,.1319464,.074318,.0163108,.0214635,EU-SILC,2015-2023,2021,N
BGR,2020,FALSE,INC,.0059454,,0,,0,.0070544,.0129997,EU-SILC,2015-2023,2021,N
BGR,2020,FALSE,INC,.0059454,,0,,0,.0024786,.008424,EU-SILC,2015-2023,2017,N
BGR,2021,FALSE,INC,.0062884,,0,,0,.0069914,.0132798,EU-SILC,2015-2023,2017,N
BGR,2021,FALSE,INC,.0062884,,0,,0,.0122809,.0185693,EU-SILC,2015-2023,2021,N
BGR,2022,FALSE,INC,.0053188,,0,.0955391,.0491082,.0081771,.013496,EU-SILC,2015-2023,2017,N
BGR,2022,FALSE,INC,.0053188,,0,.0955391,.0491082,.0105297,.0156612,EU-SILC,2015-2023,2021,N
BGR,2023,FALSE,INC,.0039045,,0,,0,.0076297,.0107283,EU-SILC,2015-2023,2017,N
BGR,2023,FALSE,INC,.0039045,,0,,0,.01011,.0125411,EU-SILC,2015-2023,2021,N
BLR,2010,FALSE,CONS,.0002423,,,.1217548,.1038037,.0017213,.1020726,HHS,1998-2020,2021,N
BLR,2010,FALSE,CONS,.0002423,,,.1217548,.1038037,.0003394,.1015229,HHS,1998-2020,2017,N
BLR,2011,FALSE,CONS,.0006219,,,.1266616,.10712,.0000658,.1049951,HHS,1998-2020,2017,N
BLR,2011,FALSE,CONS,.0006219,,,.1266616,.10712,.0005468,.1053976,HHS,1998-2020,2021,N
BLR,2012,FALSE,CONS,.0002846,,,.1324869,.1086928,.000812,.1076328,HHS,1998-2020,2021,N
BLR,2012,FALSE,CONS,.0002846,,,.1324869,.1086928,.0001206,.1070876,HHS,1998-2020,2017,N
BLR,2013,FALSE,CONS,.0001313,,,.1059819,.0867694,0,.0856811,HHS,1998-2020,2017,N
BLR,2013,FALSE,CONS,.0001313,,,.1059819,.0867694,.0002247,.0859059,HHS,1998-2020,2021,N
BLR,2014,FALSE,CONS,.0002689,,,.090482,.0743395,0,.0736179,HHS,1998-2020,2021,N
BLR,2014,FALSE,CONS,.0002689,,,.090482,.0743395,0,.0736179,HHS,1998-2020,2017,N
BLR,2017,FALSE,CONS,.0003561,,,.067615,.0509506,0,.0499255,HHS,1998-2020,2017,N
BLR,2017,FALSE,CONS,.0003561,,,.067615,.0509506,.0002752,.0499255,HHS,1998-2020,2021,N
BLR,2018,FALSE,CONS,0,,,.0525763,.0439354,.0002201,.0427852,HHS,1998-2020,2021,N
BLR,2018,FALSE,CONS,0,,,.0525763,.0439354,0,.0427852,HHS,1998-2020,2017,N
BLR,2019,FALSE,CONS,0,,,.0459649,.0334295,0,.0315751,HHS,1998-2020,2017,N
BLR,2019,FALSE,CONS,0,,,.0459649,.0334295,0,.0315751,HHS,1998-2020,2021,N
BLZ,2018,FALSE,CONS,.0762117,.0408223,.0533342,.1938226,.0165171,.0056089,.0224239,HBS,2018,2017,N
BLZ,2018,FALSE,CONS,.0762117,.0408223,.0533342,.1938226,.0165171,.0103648,.0270571,HBS,2018,2021,N
BOL,2011,FALSE,INC,.1756586,.0380715,.1153774,.1916154,.1787357,.0693467,.1368204,EH,2005-2023,2021,N
BOL,2011,FALSE,INC,.1756586,.0380715,.1153774,.1916154,.1787357,.052989,.126842,EH,2005-2023,2017,N
BOL,2012,FALSE,INC,.1764858,.0312684,.08873,.2763424,.0889975,.0646794,.116612,EH,2005-2023,2017,N
BOL,2012,FALSE,INC,.1764858,.0312684,.08873,.2763424,.0889975,.0787671,.1272265,EH,2005-2023,2021,N
BOL,2013,FALSE,INC,.1667244,.0313306,.0954623,.2643218,.0869394,.0517307,.1101165,EH,2005-2023,2017,N
BOL,2013,FALSE,INC,.1667244,.0313306,.0954623,.2643218,.0869394,.0675783,.1207106,EH,2005-2023,2021,N
BOL,2014,FALSE,INC,.1822839,.043438,.0960156,.3257526,.0788311,.0427589,.1084392,EH,2005-2023,2017,N
BOL,2014,FALSE,INC,.1822839,.043438,.0960156,.3257526,.0788311,.0559816,.117676,EH,2005-2023,2021,N
BOL,2015,FALSE,INC,.1520548,.037643,.0837274,.2664806,.1082473,.0620985,.1121004,EH,2005-2023,2021,N
BOL,2015,FALSE,INC,.1520548,.037643,.0837274,.2664806,.1082473,.0462996,.1015243,EH,2005-2023,2017,N
BOL,2016,FALSE,INC,.1676905,.0304668,.0727893,.2167504,.1168251,.0717252,.1255921,EH,2005-2023,2021,N
BOL,2016,FALSE,INC,.1676905,.0304668,.0727893,.2167504,.1168251,.0562034,.1144198,EH,2005-2023,2017,N
BOL,2017,FALSE,INC,.1612704,.0122806,.0721888,.2229465,.0968505,.0493336,.0959017,EH,2005-2023,2017,N
BOL,2017,FALSE,INC,.1612704,.0122806,.0721888,.2229465,.0968505,.0641228,.1081642,EH,2005-2023,2021,N
BOL,2018,FALSE,INC,.1527257,.0155656,.0623139,.1977964,.0939219,.0469586,.0963056,EH,2005-2023,2021,N
BOL,2018,FALSE,INC,.1527257,.0155656,.0623139,.1977964,.0939219,.0327489,.0855824,EH,2005-2023,2017,N
BOL,2019,FALSE,INC,.1326797,.0218443,.0487155,.1632324,.0738695,.0313859,.0652073,EH,2005-2023,2021,N
BOL,2019,FALSE,INC,.1326797,.0218443,.0487155,.1632324,.0738695,.0192054,.0560137,EH,2005-2023,2017,N
BOL,2020,FALSE,INC,.1392151,.0205767,.0437238,.1771538,.0655371,.0424692,.0762031,EH,2005-2023,2021,N
BOL,2020,FALSE,INC,.1392151,.0205767,.0437238,.1771538,.0655371,.0312151,.0655366,EH,2005-2023,2017,N
BOL,2021,FALSE,INC,.1213315,.0138387,.0293862,.1390599,.0990372,.0305468,.0549134,EH,2005-2023,2021,N
BOL,2021,FALSE,INC,.1213315,.0138387,.0293862,.1390599,.0990372,.019645,.0453978,EH,2005-2023,2017,N
BOL,2022,FALSE,INC,.1001552,.0384205,.0316311,.1298,.0779076,.0326712,.0549865,EH,2005-2023,2021,N
BOL,2022,FALSE,INC,.1001552,.0384205,.0316311,.1298,.0779076,.0222259,.0454679,EH,2005-2023,2017,N
BOL,2023,FALSE,INC,.098442,.0111422,.0310662,.143308,.0826027,.0281749,.0536255,EH,2005-2023,2021,N
BOL,2023,FALSE,INC,.098442,.0111422,.0310662,.143308,.0826027,.0179815,.0452913,EH,2005-2023,2017,N
BRA,2016,FALSE,INC,.1714216,.0062298,.0024933,.3645637,.0202486,.0473375,.0571788,PNADC-E1,2012-2023,2017,N
BRA,2016,FALSE,INC,.1714216,.0062298,.0024933,.3645637,.0202486,.0647871,.0733341,PNADC-E1,2012-2023,2021,N
BRA,2017,FALSE,INC,.1651901,.0057312,.0023286,.3604706,.0214377,.0693896,.0772324,PNADC-E1,2012-2023,2021,N
BRA,2017,FALSE,INC,.1651901,.0057312,.0023286,.3604706,.0214377,.0530275,.0619021,PNADC-E1,2012-2023,2017,N
BRA,2018,FALSE,INC,.1579359,.0052994,.0027178,.3587137,.0179757,.0688492,.0752854,PNADC-E1,2012-2023,2021,N
BRA,2018,FALSE,INC,.1579359,.0052994,.0027178,.3587137,.0179757,.0530607,.0603041,PNADC-E1,2012-2023,2017,N
BRA,2019,FALSE,INC,.1501112,.004414,.0024595,.3434228,.0178277,.0540922,.0609172,PNADC-E1,2012-2023,2017,N
BRA,2019,FALSE,INC,.1501112,.004414,.0024595,.3434228,.0178277,.0702031,.0762776,PNADC-E1,2012-2023,2021,N
BRA,2022,FALSE,INC,.131627,.0044616,.0020542,.3257976,.0130081,.035053,.0407191,PNADC-E1,2012-2023,2017,N
BRA,2022,FALSE,INC,.131627,.0044616,.0020542,.3257976,.0130081,.0485427,.0537092,PNADC-E1,2012-2023,2021,N
BRA,2023,FALSE,INC,.1339079,.0036979,.0020888,.321367,.0122026,.0381559,.0429204,PNADC-E1,2012-2023,2021,N
BRA,2023,FALSE,INC,.1339079,.0036979,.0020888,.321367,.0122026,.0267017,.0317761,PNADC-E1,2012-2023,2017,N
BRB,2016,FALSE,CONS,.0036774,.0015266,.0303054,.0410485,.0085973,.0049145,.0065937,BSLC,2016,2021,N
BRB,2016,FALSE,CONS,.0036774,.0015266,.0303054,.0410485,.0085973,.0015512,.0032304,BSLC,2016,2017,N
BTN,2012,FALSE,CONS,.4994605,.0652987,.1290476,.3376439,.0172566,.0173033,.1075637,BLSS,2007-2017,2017,N
BTN,2012,FALSE,CONS,.4994605,.0652987,.1290476,.3376439,.0172566,.0364689,.123478,BLSS,2007-2017,2021,N
BTN,2017,FALSE,CONS,.407583,.0412316,.0189661,.1431859,.0042957,.026142,.0493121,BLSS,2007-2017,2021,N
BTN,2017,FALSE,CONS,.407583,.0412316,.0189661,.1431859,.0042957,.0094576,.0333084,BLSS,2007-2017,2017,N
BTN,2022,FALSE,CONS,.1494913,.0375297,.0022913,.0707523,.0004495,.0001338,.0127938,BLSS,2022,2021,N
BTN,2022,FALSE,CONS,.1494913,.0375297,.0022913,.0707523,.0004495,.0000154,.0126754,BLSS,2022,2017,N
BWA,2015,FALSE,CONS,.0746238,.0420377,.3546946,.5204779,.0365875,.2098696,.2559934,BMTHS,2002-2015,2021,N
BWA,2015,FALSE,CONS,.0746238,.0420377,.3546946,.5204779,.0365875,.138751,.1953457,BMTHS,2002-2015,2017,N
CHE,2008,FALSE,INC,.0008491,,0,,0,.0006848,.0015339,EU-SILC,2006-2022,2017,N
CHE,2008,FALSE,INC,.0008491,,0,,0,.0007835,.0016326,EU-SILC,2006-2022,2021,N
CHE,2009,FALSE,INC,.0002349,,0,,0,.0003806,.0006155,EU-SILC,2006-2022,2021,N
CHE,2009,FALSE,INC,.0002349,,0,,0,.0003806,.0006155,EU-SILC,2006-2022,2017,N
CHE,2010,FALSE,INC,.0003618,,0,.0005853,.000733,.0004867,.0008485,EU-SILC,2006-2022,2017,N
CHE,2010,FALSE,INC,.0003618,,0,.0005853,.000733,.0007125,.0010743,EU-SILC,2006-2022,2021,N
CHE,2011,FALSE,INC,.0000749,,0,.0005517,.0010133,.0000311,.000106,EU-SILC,2006-2022,2017,N
CHE,2011,FALSE,INC,.0000749,,0,.0005517,.0010133,.0001051,.0001801,EU-SILC,2006-2022,2021,N
CHE,2012,FALSE,INC,0,,0,.0000752,.0000437,.0000897,.0000897,EU-SILC,2006-2022,2017,N
CHE,2012,FALSE,INC,0,,0,.0000752,.0000437,.0000897,.0000897,EU-SILC,2006-2022,2021,N
CHE,2013,FALSE,INC,0,,0,.0016377,.0022935,.0004218,.0004218,EU-SILC,2006-2022,2021,N
CHE,2013,FALSE,INC,0,,0,.0016377,.0022935,.0004218,.0004218,EU-SILC,2006-2022,2017,N
CHE,2014,FALSE,INC,.000835,,0,.0003164,.0006977,.0003277,.0011627,EU-SILC,2006-2022,2021,N
CHE,2014,FALSE,INC,.000835,,0,.0003164,.0006977,.0003277,.0011627,EU-SILC,2006-2022,2017,N
CHE,2015,FALSE,INC,.0001766,,0,.0000727,.0001208,.0003054,.000482,EU-SILC,2006-2022,2017,N
CHE,2015,FALSE,INC,.0001766,,0,.0000727,.0001208,.0003054,.000482,EU-SILC,2006-2022,2021,N
CHE,2016,FALSE,INC,.0002324,,0,.0003336,.0006931,.0004492,.0006816,EU-SILC,2006-2022,2021,N
CHE,2016,FALSE,INC,.0002324,,0,.0003336,.0006931,.0003428,.0005752,EU-SILC,2006-2022,2017,N
CHE,2017,FALSE,INC,.0000881,,0,.0002952,.0008327,.0002183,.0003064,EU-SILC,2006-2022,2021,N
CHE,2017,FALSE,INC,.0000881,,0,.0002952,.0008327,0,.0000881,EU-SILC,2006-2022,2017,N
CHE,2018,FALSE,INC,.0004279,,0,.0006708,.0007862,.0003526,.0007805,EU-SILC,2006-2022,2021,N
CHE,2018,FALSE,INC,.0004279,,0,.0006708,.0007862,.000305,.000733,EU-SILC,2006-2022,2017,N
CHE,2019,FALSE,INC,.0007134,,0,.0002712,.0005696,.0001739,.0008873,EU-SILC,2006-2022,2017,N
CHE,2019,FALSE,INC,.0007134,,0,.0002712,.0005696,.0001739,.0008873,EU-SILC,2006-2022,2021,N
CHE,2020,FALSE,INC,.0007811,,0,,0,.000372,.0011531,EU-SILC,2006-2022,2017,N
CHE,2020,FALSE,INC,.0007811,,0,,0,.0007053,.0014863,EU-SILC,2006-2022,2021,N
CHE,2021,FALSE,INC,.000679,,0,,0,.0002607,.0009398,EU-SILC,2006-2022,2017,N
CHE,2021,FALSE,INC,.000679,,0,,0,.0003814,.0010605,EU-SILC,2006-2022,2021,N
CHE,2022,FALSE,INC,.0008453,,0,,0,.0000889,.0009342,EU-SILC,2006-2022,2017,N
CHE,2022,FALSE,INC,.0008453,,0,,0,.0020869,.0029323,EU-SILC,2006-2022,2021,N
CHL,2011,FALSE,INC,.0452977,.0052537,.00319,.0045321,.0161609,.0165612,.0173984,CASEN,2006-2022,2021,N
CHL,2011,FALSE,INC,.0452977,.0052537,.00319,.0045321,.0161609,.0090388,.0099191,CASEN,2006-2022,2017,N
CHL,2013,FALSE,INC,.0387387,.0036895,.0031345,.005302,.010409,.0078041,.0086257,CASEN,2006-2022,2021,N
CHL,2013,FALSE,INC,.0387387,.0036895,.0031345,.005302,.010409,.0051712,.0060058,CASEN,2006-2022,2017,N
CHL,2015,FALSE,INC,.0345935,.0027672,.002103,.0050074,.0091301,.0042928,.0047007,CASEN,2006-2022,2017,N
CHL,2015,FALSE,INC,.0345935,.0027672,.002103,.0050074,.0091301,.0067475,.0071544,CASEN,2006-2022,2021,N
CHL,2017,FALSE,INC,.0330709,.0042703,.0028446,.0062299,.0122845,.0035971,.0042356,CASEN,2006-2022,2017,N
CHL,2017,FALSE,INC,.0330709,.0042703,.0028446,.0062299,.0122845,.0048276,.0054661,CASEN,2006-2022,2021,N
CHL,2020,FALSE,INC,.0320291,.0323041,,.015305,.010725,.0172204,.021919,CASEN,2006-2022,2021,N
CHL,2020,FALSE,INC,.0320291,.0323041,,.015305,.010725,.0134157,.0181606,CASEN,2006-2022,2017,N
CHL,2022,FALSE,INC,.0321419,.0037828,.0028926,.0116792,.011117,.0039505,.0046388,CASEN,2006-2022,2017,N
CHL,2022,FALSE,INC,.0321419,.0037828,.0028926,.0116792,.011117,.0051984,.0058576,CASEN,2006-2022,2021,N
CIV,2015,FALSE,CONS,.5311266,.2556805,.3742282,.59466,.2328399,.4751866,.6034743,ENV,2002-2015,2021,N
CIV,2015,FALSE,CONS,.5311266,.2556805,.3742282,.59466,.2328399,.3344714,.5239866,ENV,2002-2015,2017,N
CIV,2018,FALSE,CONS,.4756882,.3038285,.1809883,.6441042,.2067475,.1150222,.3700555,EHCVM,2018-2021,2017,N
CIV,2018,FALSE,CONS,.4756882,.3038285,.1809883,.6441042,.2067475,.2274469,.4197583,EHCVM,2018-2021,2021,N
CIV,2021,FALSE,CONS,.4264862,.2471706,.0926097,.598889,.1727584,.2090261,.3491679,EHCVM,2018-2021,2021,N
CIV,2021,FALSE,CONS,.4264862,.2471706,.0926097,.598889,.1727584,.0973319,.2868415,EHCVM,2018-2021,2017,N
CMR,2014,FALSE,CONS,.24299,.15942,.0119847,.3891992,.2319284,.2902593,.3945054,ECAM-IV,2001-2014,2021,N
CMR,2014,FALSE,CONS,.24299,.15942,.0119847,.3891992,.2319284,.2565752,.375353,ECAM-IV,2001-2014,2017,N
CMR,2021,FALSE,CONS,.5598004,.242322,.3690507,.5248681,.190855,.266918,.4271978,ECAM-V,2021,2021,N
CMR,2021,FALSE,CONS,.5598004,.242322,.3690507,.5248681,.190855,.2299222,.4099594,ECAM-V,2021,2017,N
COD,2012,FALSE,CONS,.2191717,.0798226,.8298409,.7999471,.4789557,.6968846,.7821154,E123,2004-2012,2017,N
COD,2012,FALSE,CONS,.2191717,.0798226,.8298409,.7999471,.4789557,.7890077,.8381769,E123,2004-2012,2021,N
COD,2020,FALSE,CONS,.1899239,.1015635,.6893688,.8169861,.4529266,.8531767,.8795612,EGI-ODD,2020,2021,N
COD,2020,FALSE,CONS,.1899239,.1015635,.6893688,.8169861,.4529266,.7894201,.834337,EGI-ODD,2020,2017,N
COG,2011,FALSE,CONS,.1319667,.0225018,.2985148,.4726284,.2335839,.3535745,.4155791,ECOM,2005-2011,2017,N
COG,2011,FALSE,CONS,.1319667,.0225018,.2985148,.4726284,.2335839,.3921688,.4446257,ECOM,2005-2011,2021,N
COL,2010,FALSE,INC,.0837559,.0367338,.0339586,.1358154,.0274388,.0828506,.0987947,GEIH,2008-2020,2017,N
COL,2010,FALSE,INC,.0837559,.0367338,.0339586,.1358154,.0274388,.1311104,.1438938,GEIH,2008-2020,2021,N
COL,2011,FALSE,INC,.0787827,.0387961,.0323008,.1346819,.0251945,.0682821,.0839716,GEIH,2008-2020,2017,N
COL,2011,FALSE,INC,.0787827,.0387961,.0323008,.1346819,.0251945,.1123784,.1254812,GEIH,2008-2020,2021,N
COL,2012,FALSE,INC,.0764542,.0354895,.0294568,.1314853,.0254569,.1088609,.1200589,GEIH,2008-2020,2021,N
COL,2012,FALSE,INC,.0764542,.0354895,.0294568,.1314853,.0254569,.0671516,.0809077,GEIH,2008-2020,2017,N
COL,2013,FALSE,INC,.0715859,.0296344,.0243356,.1200202,.0256763,.0993941,.1089669,GEIH,2008-2020,2021,N
COL,2013,FALSE,INC,.0715859,.0296344,.0243356,.1200202,.0256763,.061117,.0722811,GEIH,2008-2020,2017,N
COL,2014,FALSE,INC,.0664661,.0302802,.0236858,.1181763,.0224362,.0899101,.097911,GEIH,2008-2020,2021,N
COL,2014,FALSE,INC,.0664661,.0302802,.0236858,.1181763,.0224362,.0543138,.0641427,GEIH,2008-2020,2017,N
COL,2015,FALSE,INC,.0642401,.0286175,.0189172,.1067338,.0219655,.0492548,.0580233,GEIH,2008-2020,2017,N
COL,2015,FALSE,INC,.0642401,.0286175,.0189172,.1067338,.0219655,.0807843,.0878146,GEIH,2008-2020,2021,N
COL,2016,FALSE,INC,.0599429,.0269031,.0164196,.088921,.022366,.0491353,.0563143,GEIH,2008-2020,2017,N
COL,2016,FALSE,INC,.0599429,.0269031,.0164196,.088921,.022366,.0798063,.0857055,GEIH,2008-2020,2021,N
COL,2017,FALSE,INC,.0572042,.025424,.0154121,.087172,.0228581,.0730628,.0787376,GEIH,2008-2020,2021,N
COL,2017,FALSE,INC,.0572042,.025424,.0154121,.087172,.0228581,.0433946,.050278,GEIH,2008-2020,2017,N
COL,2018,FALSE,INC,.0545971,.0261808,.0148084,.0834874,.0249276,.0449826,.0514443,GEIH,2008-2020,2017,N
COL,2018,FALSE,INC,.0545971,.0261808,.0148084,.0834874,.0249276,.0737823,.0793985,GEIH,2008-2020,2021,N
COL,2019,FALSE,INC,.0505992,.0283748,.0132122,.0816692,.0244448,.0528474,.0585251,GEIH,2008-2020,2017,N
COL,2019,FALSE,INC,.0505992,.0283748,.0132122,.0816692,.0244448,.0878907,.0925101,GEIH,2008-2020,2021,N
COL,2020,FALSE,INC,.0540967,.0289024,.0153079,.0876511,.0302026,.0734904,.0788189,GEIH,2008-2020,2017,N
COL,2020,FALSE,INC,.0540967,.0289024,.0153079,.0876511,.0302026,.1145067,.1191315,GEIH,2008-2020,2021,N
COL,2021,FALSE,INC,.050501,.027942,.0111097,.0767339,.0172101,.0733467,.0769817,GEIH,2021-2023,2017,N
COL,2021,FALSE,INC,.050501,.027942,.0111097,.0767339,.0172101,.1122837,.115324,GEIH,2021-2023,2021,N
COL,2022,FALSE,INC,.050225,.0271846,.0139078,.0685164,.030224,.0603655,.0650938,GEIH,2021-2023,2017,N
COL,2022,FALSE,INC,.050225,.0271846,.0139078,.0685164,.030224,.092662,.0965418,GEIH,2021-2023,2021,N
COL,2023,FALSE,INC,.0495707,.0224947,.0130797,.0645744,.0267139,.0768696,.0806663,GEIH,2021-2023,2021,N
COL,2023,FALSE,INC,.0495707,.0224947,.0130797,.0645744,.0267139,.0483535,.0527879,GEIH,2021-2023,2017,N
COM,2014,FALSE,CONS,.1525051,.0727462,.284703,.6722199,.0638508,.1864372,.262547,EESIC,2014,2017,N
COM,2014,FALSE,CONS,.1525051,.0727462,.284703,.6722199,.0638508,.3135696,.3662325,EESIC,2014,2021,N
CPV,2015,FALSE,CONS,.1158946,.0268418,.0988584,.3021393,.1110136,.1460408,.1699195,IDRF,2015,2021,N
CPV,2015,FALSE,CONS,.1158946,.0268418,.0988584,.3021393,.1110136,.0456423,.0758131,IDRF,2015,2017,N
CRI,2010,FALSE,INC,.0508329,.0180334,.0085301,.0423298,.0097616,.0220914,.0271256,ENAHO,2010-2024,2021,N
CRI,2010,FALSE,INC,.0508329,.0180334,.0085301,.0423298,.0097616,.0148935,.020384,ENAHO,2010-2024,2017,N
CRI,2011,FALSE,INC,.045797,.0170276,.0051498,.0348892,.0080435,.017503,.0212825,ENAHO,2010-2024,2017,N
CRI,2011,FALSE,INC,.045797,.0170276,.0051498,.0348892,.0080435,.0272385,.0303971,ENAHO,2010-2024,2021,N
CRI,2012,FALSE,INC,.0450456,.0172064,.0030059,.0281948,.006528,.0167337,.0194836,ENAHO,2010-2024,2017,N
CRI,2012,FALSE,INC,.0450456,.0172064,.0030059,.0281948,.006528,.025628,.0281332,ENAHO,2010-2024,2021,N
CRI,2013,FALSE,INC,.0439931,.0138617,.0027903,.0293371,.006291,.0264209,.0289952,ENAHO,2010-2024,2021,N
CRI,2013,FALSE,INC,.0439931,.0138617,.0027903,.0293371,.006291,.0164258,.0192735,ENAHO,2010-2024,2017,N
CRI,2014,FALSE,INC,.0438084,.0101442,.0056856,.0245501,.0048452,.015053,.017657,ENAHO,2010-2024,2017,N
CRI,2014,FALSE,INC,.0438084,.0101442,.0056856,.0245501,.0048452,.0238714,.0259686,ENAHO,2010-2024,2021,N
CRI,2015,FALSE,INC,.044593,.013816,.0061233,.0253821,.0051049,.0244015,.0273363,ENAHO,2010-2024,2021,N
CRI,2015,FALSE,INC,.044593,.013816,.0061233,.0253821,.0051049,.0157323,.0188421,ENAHO,2010-2024,2017,N
CRI,2016,FALSE,INC,.047513,.0102663,.0046466,.0267875,.0058232,.0133674,.0168188,ENAHO,2010-2024,2017,N
CRI,2016,FALSE,INC,.047513,.0102663,.0046466,.0267875,.0058232,.024029,.0272109,ENAHO,2010-2024,2021,N
CRI,2017,FALSE,INC,.0460955,.0087365,.0031627,.0253965,.0040359,.0174888,.0199251,ENAHO,2010-2024,2021,N
CRI,2017,FALSE,INC,.0460955,.0087365,.0031627,.0253965,.0040359,.0117235,.0142334,ENAHO,2010-2024,2017,N
CRI,2018,FALSE,INC,.043461,.0099867,.0033252,.0243385,.0037427,.0150575,.0174642,ENAHO,2010-2024,2017,N
CRI,2018,FALSE,INC,.043461,.0099867,.0033252,.0243385,.0037427,.0232072,.0252358,ENAHO,2010-2024,2021,N
CRI,2019,FALSE,INC,.0395138,.0054789,.0028693,.0200803,.0042837,.0105714,.0116377,ENAHO,2010-2024,2017,N
CRI,2019,FALSE,INC,.0395138,.0054789,.0028693,.0200803,.0042837,.0172984,.0183646,ENAHO,2010-2024,2021,N
CRI,2020,FALSE,INC,.033989,.0050996,.0010459,.0173225,.0009049,.0229133,.0233576,ENAHO,2010-2024,2017,N
CRI,2020,FALSE,INC,.033989,.0050996,.0010459,.0173225,.0009049,.0335178,.0339621,ENAHO,2010-2024,2021,N
CRI,2021,FALSE,INC,.036507,.0045229,.0026144,.0208638,.0025212,.0124219,.0132034,ENAHO,2010-2024,2017,N
CRI,2021,FALSE,INC,.036507,.0045229,.0026144,.0208638,.0025212,.0215962,.022128,ENAHO,2010-2024,2021,N
CRI,2022,FALSE,INC,.0387361,.0037931,.0016415,.0153566,.0021502,.0088687,.0100342,ENAHO,2010-2024,2017,N
CRI,2022,FALSE,INC,.0387361,.0037931,.0016415,.0153566,.0021502,.0159877,.0171531,ENAHO,2010-2024,2021,N
CRI,2023,FALSE,INC,.0369184,.0046191,.0017007,.013151,.0034424,.0088262,.0092747,ENAHO,2010-2024,2017,N
CRI,2023,FALSE,INC,.0369184,.0046191,.0017007,.013151,.0034424,.0153955,.0158441,ENAHO,2010-2024,2021,N
CRI,2024,FALSE,INC,.0334092,.0044417,.0014768,.0122294,.0016661,.0083973,.0088061,ENAHO,2010-2024,2017,N
CRI,2024,FALSE,INC,.0334092,.0044417,.0014768,.0122294,.0016661,.0128371,.0132459,ENAHO,2010-2024,2021,N
CYP,2008,FALSE,INC,.0282538,,0,,0,.0000847,.0283385,EU-SILC,2004-2023,2017,N
CYP,2008,FALSE,INC,.0282538,,0,,0,.0000847,.0283385,EU-SILC,2004-2023,2021,N
CYP,2009,FALSE,INC,.0234006,,0,,0,.0011196,.0245203,EU-SILC,2004-2023,2017,N
CYP,2009,FALSE,INC,.0234006,,0,,0,.0011196,.0245203,EU-SILC,2004-2023,2021,N
CYP,2010,FALSE,INC,.0252044,,0,.0115129,.0110868,.0003667,.0255711,EU-SILC,2004-2023,2017,N
CYP,2010,FALSE,INC,.0252044,,0,.0115129,.0110868,.0005882,.0257926,EU-SILC,2004-2023,2021,N
CYP,2011,FALSE,INC,.0203617,,0,.0094176,.0093652,.0000805,.0204031,EU-SILC,2004-2023,2017,N
CYP,2011,FALSE,INC,.0203617,,0,.0094176,.0093652,.0003207,.0206433,EU-SILC,2004-2023,2021,N
CYP,2012,FALSE,INC,.0186777,,0,.0106855,.0102108,.0000424,.0186777,EU-SILC,2004-2023,2021,N
CYP,2012,FALSE,INC,.0186777,,0,.0106855,.0102108,.0000424,.0186777,EU-SILC,2004-2023,2017,N
CYP,2013,FALSE,INC,.0181438,,0,.0102652,.0099535,.0009702,.0190619,EU-SILC,2004-2023,2017,N
CYP,2013,FALSE,INC,.0181438,,0,.0102652,.0099535,.0009702,.0190619,EU-SILC,2004-2023,2021,N
CYP,2014,FALSE,INC,.0148173,,0,.0086624,.0086819,.0009798,.0157971,EU-SILC,2004-2023,2021,N
CYP,2014,FALSE,INC,.0148173,,0,.0086624,.0086819,.0007833,.0156006,EU-SILC,2004-2023,2017,N
CYP,2015,FALSE,INC,.0157516,,0,.0071037,.0072776,.0004528,.0162045,EU-SILC,2004-2023,2021,N
CYP,2015,FALSE,INC,.0157516,,0,.0071037,.0072776,.000268,.0160196,EU-SILC,2004-2023,2017,N
CYP,2016,FALSE,INC,.0149189,,0,.0055901,.0058294,.0004115,.0153303,EU-SILC,2004-2023,2017,N
CYP,2016,FALSE,INC,.0149189,,0,.0055901,.0058294,.0007623,.0156812,EU-SILC,2004-2023,2021,N
CYP,2017,FALSE,INC,.0135509,,0,.0050989,.0054196,.000513,.0140639,EU-SILC,2004-2023,2021,N
CYP,2017,FALSE,INC,.0135509,,0,.0050989,.0054196,.0003283,.0138792,EU-SILC,2004-2023,2017,N
CYP,2018,FALSE,INC,.012611,,0,.0045828,.0048134,.0001651,.0127761,EU-SILC,2004-2023,2017,N
CYP,2018,FALSE,INC,.012611,,0,.0045828,.0048134,.0007818,.0133928,EU-SILC,2004-2023,2021,N
CYP,2019,FALSE,INC,.0107967,,0,.0044368,.0045847,.0015383,.012335,EU-SILC,2004-2023,2017,N
CYP,2019,FALSE,INC,.0107967,,0,.0044368,.0045847,.0017472,.0125438,EU-SILC,2004-2023,2021,N
CYP,2020,FALSE,INC,.0105725,,0,,0,.0002208,.0107934,EU-SILC,2004-2023,2021,N
CYP,2020,FALSE,INC,.0105725,,0,,0,.0001264,.010699,EU-SILC,2004-2023,2017,N
CYP,2021,FALSE,INC,.0091204,,0,,0,.000053,.0091734,EU-SILC,2004-2023,2017,N
CYP,2021,FALSE,INC,.0091204,,0,,0,.0004931,.0096135,EU-SILC,2004-2023,2021,N
CYP,2022,FALSE,INC,.008193,,0,,0,0,.008193,EU-SILC,2004-2023,2017,N
CYP,2022,FALSE,INC,.008193,,0,,0,.0000506,.0082436,EU-SILC,2004-2023,2021,N
CYP,2023,FALSE,INC,.0096952,,0,,0,.0001317,.0098268,EU-SILC,2004-2023,2021,N
CYP,2023,FALSE,INC,.0096952,,0,,0,.0001317,.0098268,EU-SILC,2004-2023,2017,N
CZE,2008,FALSE,INC,0,,0,,0,.0003278,.0003278,EU-SILC,2004-2023,2017,N
CZE,2008,FALSE,INC,0,,0,,0,.0008416,.0008416,EU-SILC,2004-2023,2021,N
CZE,2009,FALSE,INC,0,,0,,0,.0004626,.0004626,EU-SILC,2004-2023,2021,N
CZE,2009,FALSE,INC,0,,0,,0,.0001204,.0001204,EU-SILC,2004-2023,2017,N
CZE,2010,FALSE,INC,.0001462,,0,.0065818,.0052838,.0003618,.000508,EU-SILC,2004-2023,2017,N
CZE,2010,FALSE,INC,.0001462,,0,.0065818,.0052838,.0003618,.000508,EU-SILC,2004-2023,2021,N
CZE,2011,FALSE,INC,.000174,,0,.0094211,.0060952,.0004606,.0006346,EU-SILC,2004-2023,2017,N
CZE,2011,FALSE,INC,.000174,,0,.0094211,.0060952,.000717,.000891,EU-SILC,2004-2023,2021,N
CZE,2012,FALSE,INC,.0001624,,0,.0091535,.0045733,.0008468,.0010091,EU-SILC,2004-2023,2021,N
CZE,2012,FALSE,INC,.0001624,,0,.0091535,.0045733,.0003221,.0004844,EU-SILC,2004-2023,2017,N
CZE,2013,FALSE,INC,.0001395,,0,.0070367,.0029543,.0004569,.0005964,EU-SILC,2004-2023,2017,N
CZE,2013,FALSE,INC,.0001395,,0,.0070367,.0029543,.0004569,.0005964,EU-SILC,2004-2023,2021,N
CZE,2014,FALSE,INC,0,,0,.0055357,.0027859,.0001033,.0001033,EU-SILC,2004-2023,2021,N
CZE,2014,FALSE,INC,0,,0,.0055357,.0027859,0,0,EU-SILC,2004-2023,2017,N
CZE,2015,FALSE,INC,0,,0,.0046656,.0029609,.0000876,.0000876,EU-SILC,2004-2023,2021,N
CZE,2015,FALSE,INC,0,,0,.0046656,.0029609,.0000876,.0000876,EU-SILC,2004-2023,2017,N
CZE,2016,FALSE,INC,.0000302,,0,.0039493,.0026965,0,.0000302,EU-SILC,2004-2023,2021,N
CZE,2016,FALSE,INC,.0000302,,0,.0039493,.0026965,0,.0000302,EU-SILC,2004-2023,2017,N
CZE,2017,FALSE,INC,.0000295,,0,.0052137,.0032674,0,.0000295,EU-SILC,2004-2023,2017,N
CZE,2017,FALSE,INC,.0000295,,0,.0052137,.0032674,0,.0000295,EU-SILC,2004-2023,2021,N
CZE,2018,FALSE,INC,.0000326,,0,.0044544,.0022614,.0000886,.0001212,EU-SILC,2004-2023,2021,N
CZE,2018,FALSE,INC,.0000326,,0,.0044544,.0022614,.0000886,.0001212,EU-SILC,2004-2023,2017,N
CZE,2019,FALSE,INC,.0000202,,0,.002815,.0017095,0,.0000202,EU-SILC,2004-2023,2017,N
CZE,2019,FALSE,INC,.0000202,,0,.002815,.0017095,0,.0000202,EU-SILC,2004-2023,2021,N
CZE,2020,FALSE,INC,0,,0,,0,.0000814,.0000814,EU-SILC,2004-2023,2017,N
CZE,2020,FALSE,INC,0,,0,,0,.0000814,.0000814,EU-SILC,2004-2023,2021,N
CZE,2021,FALSE,INC,.0003083,,0,,0,.0005985,.0009068,EU-SILC,2004-2023,2021,N
CZE,2021,FALSE,INC,.0003083,,0,,0,.0005985,.0009068,EU-SILC,2004-2023,2017,N
CZE,2022,FALSE,INC,.0001238,,0,,0,0,.0001238,EU-SILC,2004-2023,2017,N
CZE,2022,FALSE,INC,.0001238,,0,,0,0,.0001238,EU-SILC,2004-2023,2021,N
CZE,2023,FALSE,INC,.0000635,,0,,0,0,.0000635,EU-SILC,2004-2023,2017,N
CZE,2023,FALSE,INC,.0000635,,0,,0,0,.0000635,EU-SILC,2004-2023,2021,N
DEU,2010,FALSE,INC,0,.0267959,0,0,,.0011134,.0015265,GSOEP-LIS,1991-2020,2017,N
DEU,2010,FALSE,INC,0,.0269232,0,0,,.0013186,.0015607,GSOEP-LIS,1991-2020,2021,N
DEU,2011,FALSE,INC,0,.0303732,0,0,,.0007748,.0011106,GSOEP-LIS,1991-2020,2017,N
DEU,2011,FALSE,INC,0,.0303312,0,0,,.000976,.0012182,GSOEP-LIS,1991-2020,2021,N
DEU,2012,FALSE,INC,0,.0270706,0,0,,.0005893,.0011819,GSOEP-LIS,1991-2020,2017,N
DEU,2012,FALSE,INC,0,.0270184,0,0,,.0007019,.0010556,GSOEP-LIS,1991-2020,2021,N
DEU,2013,FALSE,INC,0,.0251773,0,0,,.0004502,.0010429,GSOEP-LIS,1991-2020,2017,N
DEU,2013,FALSE,INC,0,.0252514,0,0,,.0004415,.0009722,GSOEP-LIS,1991-2020,2021,N
DEU,2014,FALSE,INC,0,.0232028,0,0,,.0006947,.0024084,GSOEP-LIS,1991-2020,2017,N
DEU,2014,FALSE,INC,0,.0231122,0,0,,.0009943,.0023806,GSOEP-LIS,1991-2020,2021,N
DEU,2015,FALSE,INC,0,.0217368,0,0,,.0007198,.0008408,GSOEP-LIS,1991-2020,2021,N
DEU,2015,FALSE,INC,0,.0214646,0,0,,.0007012,.0008392,GSOEP-LIS,1991-2020,2017,N
DEU,2017,FALSE,INC,0,.0213098,0,0,,.0016591,.0023205,GSOEP-LIS,1991-2020,2017,N
DEU,2017,FALSE,INC,0,.0214767,0,0,,.0017218,.0019803,GSOEP-LIS,1991-2020,2021,N
DEU,2018,FALSE,INC,0,.025582,0,0,,.0007959,.00167,GSOEP-LIS,1991-2020,2017,N
DEU,2018,FALSE,INC,0,.0253489,0,0,,.001032,.0017704,GSOEP-LIS,1991-2020,2021,N
DEU,2019,FALSE,INC,0,.0263906,0,0,,.0017914,.0025983,GSOEP-LIS,1991-2020,2017,N
DEU,2019,FALSE,INC,0,.025015,0,0,,.0018108,.0023068,GSOEP-LIS,1991-2020,2021,N
DEU,2020,FALSE,INC,0,.0259635,0,0,,.0020868,.0032182,GSOEP-LIS,1991-2020,2017,N
DEU,2020,FALSE,INC,0,.0256341,0,0,,.0030424,.0041213,GSOEP-LIS,1991-2020,2021,N
DJI,2012,FALSE,CONS,.3286394,.2642785,.4540701,.5959068,.0696655,.2637515,.3771544,EDAM,2012,2021,N
DJI,2012,FALSE,CONS,.3286394,.2642785,.4540701,.5959068,.0696655,.1969191,.3369502,EDAM,2012,2017,N
DJI,2017,FALSE,CONS,.2910262,.1804311,.3418616,.4538531,.070786,.1910611,.2908477,EDAM,2017,2017,N
DJI,2017,FALSE,CONS,.2910262,.1804311,.3418616,.4538531,.070786,.2540599,.3298698,EDAM,2017,2021,N
DNK,2008,FALSE,INC,.0217108,,0,0,.007224,.0029673,.0246781,EU-SILC,2003-2023,2021,N
DNK,2008,FALSE,INC,.0217108,,0,0,.007224,.0011321,.0228429,EU-SILC,2003-2023,2017,N
DNK,2009,FALSE,INC,.0166122,,0,0,.0083336,.0049478,.02156,EU-SILC,2003-2023,2017,N
DNK,2009,FALSE,INC,.0166122,,0,0,.0083336,.0056586,.0222709,EU-SILC,2003-2023,2021,N
DNK,2010,FALSE,INC,.0113001,,0,.0055765,.024136,.0005729,.011873,EU-SILC,2003-2023,2021,N
DNK,2010,FALSE,INC,.0113001,,0,.0055765,.024136,.0005729,.011873,EU-SILC,2003-2023,2017,N
DNK,2011,FALSE,INC,.0102487,,0,.0036165,.0244993,0,.0102487,EU-SILC,2003-2023,2017,N
DNK,2011,FALSE,INC,.0102487,,0,.0036165,.0244993,0,.0102487,EU-SILC,2003-2023,2021,N
DNK,2012,FALSE,INC,.0114208,,0,.0062753,.020509,0,.0114208,EU-SILC,2003-2023,2021,N
DNK,2012,FALSE,INC,.0114208,,0,.0062753,.020509,0,.0114208,EU-SILC,2003-2023,2017,N
DNK,2013,FALSE,INC,.0139849,,0,.0048049,.0225648,.0031092,.0157873,EU-SILC,2003-2023,2017,N
DNK,2013,FALSE,INC,.0139849,,0,.0048049,.0225648,.0031092,.0157873,EU-SILC,2003-2023,2021,N
DNK,2014,FALSE,INC,.0185835,,0,.0056603,.0217175,.0024332,.0202829,EU-SILC,2003-2023,2021,N
DNK,2014,FALSE,INC,.0185835,,0,.0056603,.0217175,.0020261,.0198758,EU-SILC,2003-2023,2017,N
DNK,2015,FALSE,INC,.0090984,,0,.0055954,.0237002,.0017543,.0102083,EU-SILC,2003-2023,2017,N
DNK,2015,FALSE,INC,.0090984,,0,.0055954,.0237002,.0017543,.0102083,EU-SILC,2003-2023,2021,N
DNK,2016,FALSE,INC,.0035765,,0,.004391,.0198066,.0027839,.0063603,EU-SILC,2003-2023,2021,N
DNK,2016,FALSE,INC,.0035765,,0,.004391,.0198066,.0027839,.0063603,EU-SILC,2003-2023,2017,N
DNK,2017,FALSE,INC,.0039503,,0,.0040541,.0187685,.0014091,.0053594,EU-SILC,2003-2023,2017,N
DNK,2017,FALSE,INC,.0039503,,0,.0040541,.0187685,.0014254,.0053757,EU-SILC,2003-2023,2021,N
DNK,2018,FALSE,INC,.0028176,,0,.0027435,.0176898,.0022653,.0050829,EU-SILC,2003-2023,2021,N
DNK,2018,FALSE,INC,.0028176,,0,.0027435,.0176898,.0017011,.0045188,EU-SILC,2003-2023,2017,N
DNK,2019,FALSE,INC,.004488,,0,.004877,.0203027,.0025141,.0070021,EU-SILC,2003-2023,2017,N
DNK,2019,FALSE,INC,.004488,,0,.004877,.0203027,.0026921,.0071801,EU-SILC,2003-2023,2021,N
DNK,2020,FALSE,INC,.0062356,,0,,0,.0016499,.0078855,EU-SILC,2003-2023,2017,N
DNK,2020,FALSE,INC,.0062356,,0,,0,.0016499,.0078855,EU-SILC,2003-2023,2021,N
DNK,2021,FALSE,INC,.006192,,0,,0,.0015368,.0074131,EU-SILC,2003-2023,2017,N
DNK,2021,FALSE,INC,.006192,,0,,0,.0015368,.0074131,EU-SILC,2003-2023,2021,N
DNK,2022,FALSE,INC,.0054416,,0,,0,.0024448,.0069807,EU-SILC,2003-2023,2021,N
DNK,2022,FALSE,INC,.0054416,,0,,0,.0024448,.0069807,EU-SILC,2003-2023,2017,N
DNK,2023,FALSE,INC,.0063415,,0,,0,.0035922,.0082944,EU-SILC,2003-2023,2017,N
DNK,2023,FALSE,INC,.0063415,,0,,0,.0035922,.0082944,EU-SILC,2003-2023,2021,N
DOM,2010,FALSE,INC,.1782229,.0276491,.0123526,.0325147,.2249555,.0386921,.0619622,ENFT,2005-2016,2017,N
DOM,2010,FALSE,INC,.1782229,.0276491,.0123526,.0325147,.2249555,.0554694,.0775242,ENFT,2005-2016,2021,N
DOM,2011,FALSE,INC,.1650225,.0261362,.0137243,.0282801,.2480615,.0533724,.0775274,ENFT,2005-2016,2021,N
DOM,2011,FALSE,INC,.1650225,.0261362,.0137243,.0282801,.2480615,.0405529,.0653587,ENFT,2005-2016,2017,N
DOM,2012,FALSE,INC,.1605164,.0238549,.0110225,.0306647,.2383367,.0384886,.0585637,ENFT,2005-2016,2017,N
DOM,2012,FALSE,INC,.1605164,.0238549,.0110225,.0306647,.2383367,.0543051,.0729783,ENFT,2005-2016,2021,N
DOM,2013,FALSE,INC,.1549645,.0161364,.0100437,.0354616,.2407959,.0442571,.0650144,ENFT,2005-2016,2021,N
DOM,2013,FALSE,INC,.1549645,.0161364,.0100437,.0354616,.2407959,.0297182,.0512479,ENFT,2005-2016,2017,N
DOM,2014,FALSE,INC,.1470977,.0210965,.0083291,.0239515,.224164,.041287,.0578825,ENFT,2005-2016,2021,N
DOM,2014,FALSE,INC,.1470977,.0210965,.0083291,.0239515,.224164,.0335593,.0506051,ENFT,2005-2016,2017,N
DOM,2015,FALSE,INC,.134928,.0168657,.0076356,.0240716,.215544,.0253499,.0413301,ENFT,2005-2016,2017,N
DOM,2015,FALSE,INC,.134928,.0168657,.0076356,.0240716,.215544,.0326756,.0482835,ENFT,2005-2016,2021,N
DOM,2016,FALSE,INC,.1327187,.0162341,.0054041,.0204102,.1762174,.0296334,.0445049,ENFT,2005-2016,2021,N
DOM,2016,FALSE,INC,.1327187,.0162341,.0054041,.0204102,.1762174,.0203017,.035489,ENFT,2005-2016,2017,N
DOM,2017,FALSE,INC,.1356811,.05707,.0087611,.0697036,.0478475,.0100155,.0279818,ECNFT-Q03,2017-2024,2017,N
DOM,2017,FALSE,INC,.1356811,.05707,.0087611,.0697036,.0478475,.0152025,.0325669,ECNFT-Q03,2017-2024,2021,N
DOM,2018,FALSE,INC,.1433386,.0379973,.0086168,.0671282,.0550597,.0110123,.0267632,ECNFT-Q03,2017-2024,2021,N
DOM,2018,FALSE,INC,.1433386,.0379973,.0086168,.0671282,.0550597,.0083553,.0242865,ECNFT-Q03,2017-2024,2017,N
DOM,2019,FALSE,INC,.1240989,.0627136,.0069274,.0649556,.0585242,.0100898,.0258159,ECNFT-Q03,2017-2024,2021,N
DOM,2019,FALSE,INC,.1240989,.0627136,.0069274,.0649556,.0585242,.0083269,.0241235,ECNFT-Q03,2017-2024,2017,N
DOM,2020,FALSE,INC,.1309631,.0882303,.0060551,.0566508,.0515937,.0130264,.0318337,ECNFT-Q03,2017-2024,2021,N
DOM,2020,FALSE,INC,.1309631,.0882303,.0060551,.0566508,.0515937,.0095942,.0286232,ECNFT-Q03,2017-2024,2017,N
DOM,2021,FALSE,INC,.1216735,.0542305,.00475,.0552895,.0467827,.0085373,.0181327,ECNFT-Q03,2017-2024,2017,N
DOM,2021,FALSE,INC,.1216735,.0542305,.00475,.0552895,.0467827,.0127146,.0218271,ECNFT-Q03,2017-2024,2021,N
DOM,2022,FALSE,INC,.1315002,.0633692,.0034873,.051543,.0514255,.0095548,.0219372,ECNFT-Q03,2017-2024,2021,N
DOM,2022,FALSE,INC,.1315002,.0633692,.0034873,.051543,.0514255,.0075718,.0204203,ECNFT-Q03,2017-2024,2017,N
DOM,2023,FALSE,INC,.1342598,.0400908,.0039233,.0503368,.0557547,.0093059,.0186846,ECNFT-Q03,2017-2024,2017,N
DOM,2023,FALSE,INC,.1342598,.0400908,.0039233,.0503368,.0557547,.012726,.0219378,ECNFT-Q03,2017-2024,2021,N
DOM,2024,FALSE,INC,.1389291,.037516,.003542,.0451076,.0602893,.0066015,.0150411,ECNFT-Q03,2017-2024,2017,N
DOM,2024,FALSE,INC,.1389291,.037516,.003542,.0451076,.0602893,.0077533,.016193,ECNFT-Q03,2017-2024,2021,N
ECU,2010,FALSE,INC,.06709,.0372442,.0259582,.1541101,.05231,.0777448,.0930498,ENEMDU,2007-2024,2021,N
ECU,2010,FALSE,INC,.06709,.0372442,.0259582,.1541101,.05231,.056782,.0735568,ENEMDU,2007-2024,2017,N
ECU,2011,FALSE,INC,.069399,.0269144,.0293391,.1473175,.0767248,.046692,.0654364,ENEMDU,2007-2024,2017,N
ECU,2011,FALSE,INC,.069399,.0269144,.0293391,.1473175,.0767248,.0644408,.0822369,ENEMDU,2007-2024,2021,N
ECU,2012,FALSE,INC,.0677455,.0259711,.0290307,.1259658,.0666683,.0602947,.0737322,ENEMDU,2007-2024,2021,N
ECU,2012,FALSE,INC,.0677455,.0259711,.0290307,.1259658,.0666683,.0446314,.0592726,ENEMDU,2007-2024,2017,N
ECU,2013,FALSE,INC,.0583865,.0238757,.0198291,.1307379,.0534856,.0324109,.0450611,ENEMDU,2007-2024,2017,N
ECU,2013,FALSE,INC,.0583865,.0238757,.0198291,.1307379,.0534856,.0449024,.0568296,ENEMDU,2007-2024,2021,N
ECU,2014,FALSE,INC,.0466454,.0197054,.0096197,.1023682,.0428401,.0396993,.0475012,ENEMDU,2007-2024,2021,N
ECU,2014,FALSE,INC,.0466454,.0197054,.0096197,.1023682,.0428401,.0263561,.0345123,ENEMDU,2007-2024,2017,N
ECU,2015,FALSE,INC,.04532,.0172834,.0129366,.0966539,.0369914,.0344007,.0423357,ENEMDU,2007-2024,2017,N
ECU,2015,FALSE,INC,.04532,.0172834,.0129366,.0966539,.0369914,.0477079,.054448,ENEMDU,2007-2024,2021,N
ECU,2016,FALSE,INC,.0411958,.0167266,.0124876,.0956506,.0358867,.0497006,.0575623,ENEMDU,2007-2024,2021,N
ECU,2016,FALSE,INC,.0411958,.0167266,.0124876,.0956506,.0358867,.0357503,.0439707,ENEMDU,2007-2024,2017,N
ECU,2017,FALSE,INC,.0439986,.0202395,.0084296,.0935747,.039309,.0321325,.0384027,ENEMDU,2007-2024,2017,N
ECU,2017,FALSE,INC,.0439986,.0202395,.0084296,.0935747,.039309,.0427949,.0482416,ENEMDU,2007-2024,2021,N
ECU,2018,FALSE,INC,.0378686,.0233159,.011665,.0956112,.0436338,.0331149,.0406852,ENEMDU,2007-2024,2017,N
ECU,2018,FALSE,INC,.0378686,.0233159,.011665,.0956112,.0436338,.0469284,.0541344,ENEMDU,2007-2024,2021,N
ECU,2019,FALSE,INC,.0387778,.0286753,.0137167,.0937578,.0466069,.0464792,.0540609,ENEMDU,2007-2024,2021,N
ECU,2019,FALSE,INC,.0387778,.0286753,.0137167,.0937578,.0466069,.0358358,.0445715,ENEMDU,2007-2024,2017,N
ECU,2020,FALSE,INC,.0374242,.0225078,.0281104,.0879369,.0579051,.0651925,.0723013,ENEMDU,2007-2024,2017,N
ECU,2020,FALSE,INC,.0374242,.0225078,.0281104,.0879369,.0579051,.0843864,.0904967,ENEMDU,2007-2024,2021,N
ECU,2021,FALSE,INC,.0296283,.0233982,.0161103,.0879611,.0368803,.0358318,.0429739,ENEMDU,2007-2024,2017,N
ECU,2021,FALSE,INC,.0296283,.0233982,.0161103,.0879611,.0368803,.0527593,.0590564,ENEMDU,2007-2024,2021,N
ECU,2022,FALSE,INC,.0307574,.0174981,.0310319,.0813954,.0526206,.0318079,.0415019,ENEMDU,2007-2024,2017,N
ECU,2022,FALSE,INC,.0307574,.0174981,.0310319,.0813954,.0526206,.0444492,.0517337,ENEMDU,2007-2024,2021,N
ECU,2023,FALSE,INC,.0344575,.0327069,.0202686,.0868736,.0600286,.0468074,.0568202,ENEMDU,2007-2024,2021,N
ECU,2023,FALSE,INC,.0344575,.0327069,.0202686,.0868736,.0600286,.0379843,.0483817,ENEMDU,2007-2024,2017,N
ECU,2024,FALSE,INC,.0375818,.0396544,.0233156,.0901977,.0747976,.0731326,.0820128,ENEMDU,2007-2024,2021,N
ECU,2024,FALSE,INC,.0375818,.0396544,.0233156,.0901977,.0747976,.0577671,.0668266,ENEMDU,2007-2024,2017,N
EGY,2010,FALSE,CONS,.1416822,.0824724,.0042874,,,.0154372,.0387657,HIECS,2010-2021,2021,N
EGY,2010,FALSE,CONS,.1416822,.0824724,.0042874,,,.0103731,.0345262,HIECS,2010-2021,2017,N
EGY,2012,FALSE,CONS,.1414519,.0715666,.0028232,.1142521,.0107838,.012467,.0318831,HIECS,2010-2021,2021,N
EGY,2012,FALSE,CONS,.1414519,.0715666,.0028232,.1142521,.0107838,.0089008,.0291022,HIECS,2010-2021,2017,N
EGY,2015,FALSE,CONS,.1149034,.0632093,.007426,.0403927,.0438732,.0120871,.0288757,HIECS,2010-2021,2021,N
EGY,2015,FALSE,CONS,.1149034,.0632093,.007426,.0403927,.0438732,.0090603,.0262304,HIECS,2010-2021,2017,N
EGY,2017,FALSE,CONS,.1064093,.0419824,.0054939,.0315751,.0076045,.0250485,.0345399,HIECS,2010-2021,2017,N
EGY,2017,FALSE,CONS,.1064093,.0419824,.0054939,.0315751,.0076045,.0311265,.0402405,HIECS,2010-2021,2021,N
EGY,2019,FALSE,CONS,.0988096,.0365228,.0015744,.0238988,.0026103,.0146701,.0228992,HIECS,2019,2017,N
EGY,2019,FALSE,CONS,.0988096,.0365228,.0015744,.0238988,.0026103,.0198511,.0280051,HIECS,2019,2021,N
EGY,2021,FALSE,CONS,.0890717,.032808,.0020026,.0200078,.077585,.0137378,.0201853,HIECS,2010-2021,2021,N
EGY,2021,FALSE,CONS,.0890717,.032808,.0020026,.0200078,.077585,.0090147,.0158328,HIECS,2010-2021,2017,N
ESP,2008,FALSE,INC,.0213463,,0,.0000748,.0000861,.0048892,.0259332,EU-SILC,2003-2023,2017,N
ESP,2008,FALSE,INC,.0213463,,0,.0000748,.0000861,.0055873,.0266313,EU-SILC,2003-2023,2021,N
ESP,2009,FALSE,INC,.0206161,,0,0,.0000193,.008056,.0280654,EU-SILC,2003-2023,2017,N
ESP,2009,FALSE,INC,.0206161,,0,0,.0000193,.00865,.028606,EU-SILC,2003-2023,2021,N
ESP,2010,FALSE,INC,.024164,,0,.0001066,.0001704,.0067573,.0304388,EU-SILC,2003-2023,2017,N
ESP,2010,FALSE,INC,.024164,,0,.0001066,.0001704,.0074951,.0311628,EU-SILC,2003-2023,2021,N
ESP,2011,FALSE,INC,.0193337,,0,.0006969,.0006677,.0112733,.0304198,EU-SILC,2003-2023,2017,N
ESP,2011,FALSE,INC,.0193337,,0,.0006969,.0006677,.0129023,.0320021,EU-SILC,2003-2023,2021,N
ESP,2012,FALSE,INC,.01695,,0,.0008515,.0008559,.0101908,.0269409,EU-SILC,2003-2023,2021,N
ESP,2012,FALSE,INC,.01695,,0,.0008515,.0008559,.0093659,.026116,EU-SILC,2003-2023,2017,N
ESP,2013,FALSE,INC,.0402259,,0,.0012719,.0013318,.0130911,.0525216,EU-SILC,2003-2023,2021,N
ESP,2013,FALSE,INC,.0402259,,0,.0012719,.0013318,.011363,.0507935,EU-SILC,2003-2023,2017,N
ESP,2014,FALSE,INC,.0433085,,0,.0007394,.0008713,.0078716,.0509542,EU-SILC,2003-2023,2017,N
ESP,2014,FALSE,INC,.0433085,,0,.0007394,.0008713,.0094754,.0520798,EU-SILC,2003-2023,2021,N
ESP,2015,FALSE,INC,.0400897,,0,.0030921,.0034432,.0090353,.0480234,EU-SILC,2003-2023,2017,N
ESP,2015,FALSE,INC,.0400897,,0,.0030921,.0034432,.0105439,.049532,EU-SILC,2003-2023,2021,N
ESP,2016,FALSE,INC,.0346171,,0,.0009499,.0011381,.0129918,.0469184,EU-SILC,2003-2023,2021,N
ESP,2016,FALSE,INC,.0346171,,0,.0009499,.0011381,.0112528,.045516,EU-SILC,2003-2023,2017,N
ESP,2017,FALSE,INC,.0336728,,0,.0020515,.001621,.0083334,.0414896,EU-SILC,2003-2023,2021,N
ESP,2017,FALSE,INC,.0336728,,0,.0020515,.001621,.0067809,.0400298,EU-SILC,2003-2023,2017,N
ESP,2018,FALSE,INC,.0300708,,0,.0039957,.0026485,.0097735,.0392348,EU-SILC,2003-2023,2021,N
ESP,2018,FALSE,INC,.0300708,,0,.0039957,.0026485,.0083861,.0378474,EU-SILC,2003-2023,2017,N
ESP,2019,FALSE,INC,.0272514,,0,.0043658,.0024315,.0079381,.0346431,EU-SILC,2003-2023,2017,N
ESP,2019,FALSE,INC,.0272514,,0,.0043658,.0024315,.008942,.0356386,EU-SILC,2003-2023,2021,N
ESP,2020,FALSE,INC,.0319869,,0,,0,.0109684,.0418944,EU-SILC,2003-2023,2021,N
ESP,2020,FALSE,INC,.0319869,,0,,0,.0088637,.0398203,EU-SILC,2003-2023,2017,N
ESP,2021,FALSE,INC,.0280578,,0,,0,.0056425,.0333269,EU-SILC,2003-2023,2017,N
ESP,2021,FALSE,INC,.0280578,,0,,0,.0065779,.0342239,EU-SILC,2003-2023,2021,N
ESP,2022,FALSE,INC,.0269746,,0,,0,.0078523,.0345587,EU-SILC,2003-2023,2021,N
ESP,2022,FALSE,INC,.0269746,,0,,0,.0069972,.0337036,EU-SILC,2003-2023,2017,N
ESP,2023,FALSE,INC,.0247123,,0,,0,.0069259,.0312085,EU-SILC,2003-2023,2017,N
ESP,2023,FALSE,INC,.0247123,,0,,0,.0081341,.0324167,EU-SILC,2003-2023,2021,N
EST,2008,FALSE,INC,.0006786,,0,,0,.0038618,.0045404,EU-SILC,2003-2023,2017,N
EST,2008,FALSE,INC,.0006786,,0,,0,.0055353,.0062139,EU-SILC,2003-2023,2021,N
EST,2009,FALSE,INC,.0008396,,0,,0,.0055504,.0063899,EU-SILC,2003-2023,2017,N
EST,2009,FALSE,INC,.0008396,,0,,0,.0075853,.0084249,EU-SILC,2003-2023,2021,N
EST,2010,FALSE,INC,.0004104,,0,.0963015,.1047113,.0104755,.0108859,EU-SILC,2003-2023,2021,N
EST,2010,FALSE,INC,.0004104,,0,.0963015,.1047113,.0079222,.0083326,EU-SILC,2003-2023,2017,N
EST,2011,FALSE,INC,.0006617,,0,.0864464,.0950301,.0115607,.0122224,EU-SILC,2003-2023,2021,N
EST,2011,FALSE,INC,.0006617,,0,.0864464,.0950301,.0097962,.0104578,EU-SILC,2003-2023,2017,N
EST,2012,FALSE,INC,.0007291,,0,.0797768,.0915704,.0104743,.011134,EU-SILC,2003-2023,2021,N
EST,2012,FALSE,INC,.0007291,,0,.0797768,.0915704,.0073974,.008057,EU-SILC,2003-2023,2017,N
EST,2013,FALSE,INC,.0006893,,0,.0721395,.0817817,.0085965,.0092017,EU-SILC,2003-2023,2017,N
EST,2013,FALSE,INC,.0006893,,0,.0721395,.0817817,.0107594,.0113646,EU-SILC,2003-2023,2021,N
EST,2014,FALSE,INC,.0006819,,0,.0688222,.0731784,.009919,.0106009,EU-SILC,2003-2023,2021,N
EST,2014,FALSE,INC,.0006819,,0,.0688222,.0731784,.0083053,.0089871,EU-SILC,2003-2023,2017,N
EST,2015,FALSE,INC,.0005262,,0,.0687202,.0754315,.0060004,.0065266,EU-SILC,2003-2023,2017,N
EST,2015,FALSE,INC,.0005262,,0,.0687202,.0754315,.006605,.0071312,EU-SILC,2003-2023,2021,N
EST,2016,FALSE,INC,.0001531,,0,.0610774,.0700548,.0047006,.0048537,EU-SILC,2003-2023,2017,N
EST,2016,FALSE,INC,.0001531,,0,.0610774,.0700548,.0058523,.0060054,EU-SILC,2003-2023,2021,N
EST,2017,FALSE,INC,.0003313,,0,.0527221,.0658662,.0026871,.0030184,EU-SILC,2003-2023,2017,N
EST,2017,FALSE,INC,.0003313,,0,.0527221,.0658662,.0051896,.005521,EU-SILC,2003-2023,2021,N
EST,2018,FALSE,INC,.0000935,,0,.047452,.0584238,.0024874,.0025808,EU-SILC,2003-2023,2017,N
EST,2018,FALSE,INC,.0000935,,0,.047452,.0584238,.00417,.0042635,EU-SILC,2003-2023,2021,N
EST,2019,FALSE,INC,.0008036,,0,.0395505,.0517096,.0072019,.0080055,EU-SILC,2003-2023,2021,N
EST,2019,FALSE,INC,.0008036,,0,.0395505,.0517096,.0055694,.006373,EU-SILC,2003-2023,2017,N
EST,2020,FALSE,INC,.0002794,,0,,0,.0034866,.003766,EU-SILC,2003-2023,2017,N
EST,2020,FALSE,INC,.0002794,,0,,0,.0041403,.0044197,EU-SILC,2003-2023,2021,N
EST,2021,FALSE,INC,.0005499,,0,,0,.0034916,.0040415,EU-SILC,2003-2023,2021,N
EST,2021,FALSE,INC,.0005499,,0,,0,.0030924,.0036423,EU-SILC,2003-2023,2017,N
EST,2022,FALSE,INC,.00075,,0,,0,.0049825,.0057325,EU-SILC,2003-2023,2021,N
EST,2022,FALSE,INC,.00075,,0,,0,.0044318,.0051818,EU-SILC,2003-2023,2017,N
EST,2023,FALSE,INC,.0003381,,0,,0,.0029094,.0032475,EU-SILC,2003-2023,2017,N
EST,2023,FALSE,INC,.0003381,,0,,0,.0031695,.0035075,EU-SILC,2003-2023,2021,N
ETH,2010,FALSE,CONS,.7150332,.3798157,.8252793,.9556448,.505504,.374092,.8264367,HICES,1995-2021,2021,N
ETH,2010,FALSE,CONS,.7150332,.3798157,.8252793,.9556448,.505504,.3075094,.8167779,HICES,1995-2021,2017,N
ETH,2015,FALSE,CONS,.6645371,.3117234,.6413907,.958977,.4266359,.2698513,.7252514,HICES,1995-2021,2017,N
ETH,2015,FALSE,CONS,.6645371,.3117234,.6413907,.958977,.4266359,.329954,.7376064,HICES,1995-2021,2021,N
ETH,2021,FALSE,CONS,.2605872,.3806538,.6999182,.9542342,.4125062,.3863612,.6714497,HCES,1995-2021,2021,N
ETH,2021,FALSE,CONS,.2605872,.3806538,.6999182,.9542342,.4125062,.3196009,.6504499,HCES,1995-2021,2017,N
FIN,2008,FALSE,INC,.0072514,,0,,0,.0008081,.0079891,EU-SILC,2003-2023,2021,N
FIN,2008,FALSE,INC,.0072514,,0,,0,.0005387,.0077196,EU-SILC,2003-2023,2017,N
FIN,2009,FALSE,INC,.0076872,,0,,0,.0005247,.0082119,EU-SILC,2003-2023,2021,N
FIN,2009,FALSE,INC,.0076872,,0,,0,.0005247,.0082119,EU-SILC,2003-2023,2017,N
FIN,2010,FALSE,INC,.007213,,0,.0072903,.008335,.0005384,.0077322,EU-SILC,2003-2023,2017,N
FIN,2010,FALSE,INC,.007213,,0,.0072903,.008335,.000691,.0078847,EU-SILC,2003-2023,2021,N
FIN,2011,FALSE,INC,.006214,,0,.00615,.0072691,.0004739,.0066879,EU-SILC,2003-2023,2017,N
FIN,2011,FALSE,INC,.006214,,0,.00615,.0072691,.0005338,.0067478,EU-SILC,2003-2023,2021,N
FIN,2012,FALSE,INC,.0077759,,0,.0056823,.0066761,.0005273,.0083032,EU-SILC,2003-2023,2017,N
FIN,2012,FALSE,INC,.0077759,,0,.0056823,.0066761,.0005273,.0083032,EU-SILC,2003-2023,2021,N
FIN,2013,FALSE,INC,.0075923,,0,.0061473,.0072406,.000857,.0083093,EU-SILC,2003-2023,2021,N
FIN,2013,FALSE,INC,.0075923,,0,.0061473,.0072406,.0008514,.0083037,EU-SILC,2003-2023,2017,N
FIN,2014,FALSE,INC,.0090034,,0,.0052709,.0079004,.0006853,.0096886,EU-SILC,2003-2023,2021,N
FIN,2014,FALSE,INC,.0090034,,0,.0052709,.0079004,.0006617,.009665,EU-SILC,2003-2023,2017,N
FIN,2015,FALSE,INC,.0088449,,0,.0050435,.0074423,.0007021,.0093741,EU-SILC,2003-2023,2017,N
FIN,2015,FALSE,INC,.0088449,,0,.0050435,.0074423,.0007447,.0094167,EU-SILC,2003-2023,2021,N
FIN,2016,FALSE,INC,.0135949,,0,.0044478,.0054422,.0004724,.0140673,EU-SILC,2003-2023,2021,N
FIN,2016,FALSE,INC,.0135949,,0,.0044478,.0054422,.0004724,.0140673,EU-SILC,2003-2023,2017,N
FIN,2017,FALSE,INC,.0148778,,0,.0038622,.0035119,.0006578,.0155355,EU-SILC,2003-2023,2017,N
FIN,2017,FALSE,INC,.0148778,,0,.0038622,.0035119,.0007625,.0156403,EU-SILC,2003-2023,2021,N
FIN,2018,FALSE,INC,.0098449,,0,.0033647,.0034437,.0005677,.0103223,EU-SILC,2003-2023,2017,N
FIN,2018,FALSE,INC,.0098449,,0,.0033647,.0034437,.0007706,.0104761,EU-SILC,2003-2023,2021,N
FIN,2019,FALSE,INC,.0093778,,0,.003284,.0030175,.0004109,.0097887,EU-SILC,2003-2023,2021,N
FIN,2019,FALSE,INC,.0093778,,0,.003284,.0030175,.0003883,.0097661,EU-SILC,2003-2023,2017,N
FIN,2020,FALSE,INC,.0132372,,0,,0,.000301,.0135382,EU-SILC,2003-2023,2021,N
FIN,2020,FALSE,INC,.0132372,,0,,0,.0002762,.0135134,EU-SILC,2003-2023,2017,N
FIN,2021,FALSE,INC,.0150243,,0,,0,.0002134,.0151523,EU-SILC,2003-2023,2021,N
FIN,2021,FALSE,INC,.0150243,,0,,0,.0002134,.0151523,EU-SILC,2003-2023,2017,N
FIN,2022,FALSE,INC,.0178009,,0,,0,.0010487,.0183352,EU-SILC,2003-2023,2017,N
FIN,2022,FALSE,INC,.0178009,,0,,0,.0010598,.0183463,EU-SILC,2003-2023,2021,N
FIN,2023,FALSE,INC,.0159333,,0,,0,.0015373,.0167779,EU-SILC,2003-2023,2017,N
FIN,2023,FALSE,INC,.0159333,,0,,0,.0019506,.0171913,EU-SILC,2003-2023,2021,N
FJI,2013,FALSE,CONS,.0052673,.0143317,.099983,.0323079,.0781435,.0036355,.0057787,HIES,2002-2013,2017,N
FJI,2013,FALSE,CONS,.0052673,.0143317,.099983,.0323079,.0781435,.01552,.017444,HIES,2002-2013,2021,N
FJI,2019,FALSE,CONS,.0061735,.0190718,.0452089,.0506945,.1200663,.0131827,.0160165,HIES,2019,2017,N
FJI,2019,FALSE,CONS,.0061735,.0190718,.0452089,.0506945,.1200663,.0465307,.0492155,HIES,2019,2021,N
FRA,2008,FALSE,INC,.0059334,,0,,0,.0000969,.0060304,EU-SILC,2003-2023,2021,N
FRA,2008,FALSE,INC,.0059334,,0,,0,.0000969,.0060304,EU-SILC,2003-2023,2017,N
FRA,2009,FALSE,INC,.0051801,,0,,0,.0004435,.0056236,EU-SILC,2003-2023,2017,N
FRA,2009,FALSE,INC,.0051801,,0,,0,.0010793,.0062595,EU-SILC,2003-2023,2021,N
FRA,2010,FALSE,INC,.0063315,,0,.006298,.0056127,.0008997,.0072313,EU-SILC,2003-2023,2021,N
FRA,2010,FALSE,INC,.0063315,,0,.006298,.0056127,.0008739,.0072055,EU-SILC,2003-2023,2017,N
FRA,2011,FALSE,INC,.0060019,,0,.0054523,.0048718,.0002578,.0062597,EU-SILC,2003-2023,2017,N
FRA,2011,FALSE,INC,.0060019,,0,.0054523,.0048718,.0003616,.0063635,EU-SILC,2003-2023,2021,N
FRA,2012,FALSE,INC,.0046289,,0,.0054257,.0053459,.0006095,.0052384,EU-SILC,2003-2023,2021,N
FRA,2012,FALSE,INC,.0046289,,0,.0054257,.0053459,.0006095,.0052384,EU-SILC,2003-2023,2017,N
FRA,2013,FALSE,INC,.0103996,,0,.0047298,.0052617,.0008263,.0112258,EU-SILC,2003-2023,2021,N
FRA,2013,FALSE,INC,.0103996,,0,.0047298,.0052617,.0006039,.0110035,EU-SILC,2003-2023,2017,N
FRA,2014,FALSE,INC,.0104339,,0,.0045264,.0053706,.0001868,.0106207,EU-SILC,2003-2023,2017,N
FRA,2014,FALSE,INC,.0104339,,0,.0045264,.0053706,.0002918,.0107257,EU-SILC,2003-2023,2021,N
FRA,2015,FALSE,INC,.0107051,,0,.005762,.0058129,.0013356,.0120407,EU-SILC,2003-2023,2017,N
FRA,2015,FALSE,INC,.0107051,,0,.005762,.0058129,.0014518,.012157,EU-SILC,2003-2023,2021,N
FRA,2016,FALSE,INC,.0169212,,0,.0062366,.0061462,.0006471,.0175496,EU-SILC,2003-2023,2021,N
FRA,2016,FALSE,INC,.0169212,,0,.0062366,.0061462,.0005813,.0174838,EU-SILC,2003-2023,2017,N
FRA,2017,FALSE,INC,.0147086,,0,.005071,.0056506,.0001589,.0148436,EU-SILC,2003-2023,2017,N
FRA,2017,FALSE,INC,.0147086,,0,.005071,.0056506,.0001848,.0148696,EU-SILC,2003-2023,2021,N
FRA,2018,FALSE,INC,.0161229,,0,.0047085,.0052184,.0002117,.0163346,EU-SILC,2003-2023,2017,N
FRA,2018,FALSE,INC,.0161229,,0,.0047085,.0052184,.0002117,.0163346,EU-SILC,2003-2023,2021,N
FRA,2019,FALSE,INC,.0059176,,0,.0065311,.0047885,.0005145,.0064321,EU-SILC,2003-2023,2017,N
FRA,2019,FALSE,INC,.0059176,,0,.0065311,.0047885,.0005145,.0064321,EU-SILC,2003-2023,2021,N
FRA,2020,FALSE,INC,.0092698,,0,,0,.001149,.0104187,EU-SILC,2003-2023,2017,N
FRA,2020,FALSE,INC,.0092698,,0,,0,.001149,.0104187,EU-SILC,2003-2023,2021,N
FRA,2021,FALSE,INC,.0136625,,0,,0,.0005636,.014226,EU-SILC,2003-2023,2017,N
FRA,2021,FALSE,INC,.0136625,,0,,0,.0007057,.0143681,EU-SILC,2003-2023,2021,N
FRA,2022,FALSE,INC,.0104612,,0,.0083056,.0084027,.0005486,.0109919,EU-SILC,2003-2023,2021,N
FRA,2022,FALSE,INC,.0104612,,0,.0083056,.0084027,.000523,.0109663,EU-SILC,2003-2023,2017,N
FRA,2023,FALSE,INC,.0118909,,0,,0,.0006972,.0125706,EU-SILC,2003-2023,2021,N
FRA,2023,FALSE,INC,.0118909,,0,,0,.0006754,.0125488,EU-SILC,2003-2023,2017,N
FSM,2013,FALSE,CONS,.0560417,.1303952,.2363112,.4282068,.0522103,.2614708,.2891618,HIES,2013,2021,N
FSM,2013,FALSE,CONS,.0560417,.1303952,.2363112,.4282068,.0522103,.1602844,.1996891,HIES,2013,2017,N
GAB,2017,FALSE,CONS,.1134688,.0790084,.085717,.6816132,.1150604,.0381084,.093203,EGEP,2017,2021,N
GAB,2017,FALSE,CONS,.1134688,.0790084,.085717,.6816132,.1150604,.0246887,.0836343,EGEP,2017,2017,N
GEO,2010,FALSE,CONS,.0241804,.0314078,0,.0808973,.0492614,.1437787,.1451586,HIS,1998-2024,2017,N
GEO,2010,FALSE,CONS,.0241804,.0314078,0,.0808973,.0492614,.2363467,.2371545,HIS,1998-2024,2021,N
GEO,2011,FALSE,CONS,.0046885,.0230071,.0001021,.0631343,.0515831,.2162451,.2165616,HIS,1998-2024,2021,N
GEO,2011,FALSE,CONS,.0046885,.0230071,.0001021,.0631343,.0515831,.1340154,.1343319,HIS,1998-2024,2017,N
GEO,2012,FALSE,CONS,.0037444,,0,.0639879,.0557235,.1066622,.1100119,HIS,1998-2024,2017,N
GEO,2012,FALSE,CONS,.0037444,,0,.0639879,.0557235,.1878214,.1908632,HIS,1998-2024,2021,N
GEO,2013,FALSE,CONS,.0018471,.0094932,0,.0641537,.0642075,.0807872,.0810329,HIS,1998-2024,2017,N
GEO,2013,FALSE,CONS,.0018471,.0094932,0,.0641537,.0642075,.1488951,.1491408,HIS,1998-2024,2021,N
GEO,2014,FALSE,CONS,.0019504,.009153,0,.0568238,.0642199,.0612704,.0612704,HIS,1998-2024,2017,N
GEO,2014,FALSE,CONS,.0019504,.009153,0,.0568238,.0642199,.1203551,.1203551,HIS,1998-2024,2021,N
GEO,2015,FALSE,CONS,.0008595,.0088644,0,.067151,.06027,.1060347,.1061663,HIS,1998-2024,2021,N
GEO,2015,FALSE,CONS,.0008595,.0088644,0,.067151,.06027,.0487949,.0489266,HIS,1998-2024,2017,N
GEO,2016,FALSE,CONS,.0005346,.0100427,0,.0669545,.0665786,.1047131,.1051627,HIS,1998-2024,2021,N
GEO,2016,FALSE,CONS,.0005346,.0100427,0,.0669545,.0665786,.0491337,.0495834,HIS,1998-2024,2017,N
GEO,2017,FALSE,CONS,.0010217,.0089077,0,.0885996,.0846393,.0622987,.062576,HIS,1998-2024,2017,N
GEO,2017,FALSE,CONS,.0010217,.0089077,0,.0885996,.0846393,.1106537,.1108748,HIS,1998-2024,2021,N
GEO,2018,FALSE,CONS,.0003372,.0113114,0,.0895221,.0864896,.1099111,.1102178,HIS,1998-2024,2021,N
GEO,2018,FALSE,CONS,.0003372,.0113114,0,.0895221,.0864896,.0555908,.0559895,HIS,1998-2024,2017,N
GEO,2019,FALSE,CONS,.0003692,.0073804,0,.10004,.0695744,.0484863,.0484863,HIS,1998-2024,2017,N
GEO,2019,FALSE,CONS,.0003692,.0073804,0,.10004,.0695744,.0970269,.0970269,HIS,1998-2024,2021,N
GEO,2020,FALSE,CONS,.0008323,.011797,0,.0953712,.0570186,.0580687,.0582521,HIS,1998-2024,2017,N
GEO,2020,FALSE,CONS,.0008323,.011797,0,.0953712,.0570186,.1197633,.1198613,HIS,1998-2024,2021,N
GEO,2021,FALSE,CONS,.0002434,.0114213,0,.0891728,.0535613,.1079003,.1079866,HIS,1998-2024,2021,N
GEO,2021,FALSE,CONS,.0002434,.0114213,0,.0891728,.0535613,.0548503,.0549365,HIS,1998-2024,2017,N
GEO,2022,FALSE,CONS,.0001977,.0070204,0,.0991522,.0509223,.0426895,.0429361,HIS,1998-2024,2017,N
GEO,2022,FALSE,CONS,.0001977,.0070204,0,.0991522,.0509223,.0773327,.0775793,HIS,1998-2024,2021,N
GEO,2023,FALSE,CONS,.0008245,.0060269,0,.1248902,.051411,.0582669,.0585447,HIS,1998-2024,2021,N
GEO,2023,FALSE,CONS,.0008245,.0060269,0,.1248902,.051411,.022942,.0232197,HIS,1998-2024,2017,N
GEO,2024,FALSE,CONS,.0007262,.006449,0,.1449888,.0411606,.0173961,.0175287,HIS,1998-2024,2017,N
GEO,2024,FALSE,CONS,.0007262,.006449,0,.1449888,.0411606,.0422926,.0424252,HIS,1998-2024,2021,N
GHA,2012,FALSE,CONS,.1706044,.0856232,.3355024,.4309583,.136496,.2568997,.3318921,GLSS-VI,1991-2016,2017,N
GHA,2012,FALSE,CONS,.1706044,.0856232,.3355024,.4309583,.136496,.417655,.4626992,GLSS-VI,1991-2016,2021,N
GHA,2016,FALSE,CONS,.1501923,.0901443,.1948613,.7990059,.4079817,.2520855,.3274562,GLSS-VII,1991-2016,2017,N
GHA,2016,FALSE,CONS,.1501923,.0901443,.1948613,.7990059,.4079817,.3902579,.4408711,GLSS-VII,1991-2016,2021,N
GIN,2012,FALSE,CONS,.5366474,.4555881,.7489368,.6565675,.3124659,.2454415,.6442837,ELEP,2007-2012,2017,N
GIN,2012,FALSE,CONS,.5366474,.4555881,.7489368,.6565675,.3124659,.2125953,.6375597,ELEP,2007-2012,2021,N
GIN,2018,FALSE,CONS,.5433764,.2499203,.563773,.7114408,.2095396,.138201,.4708365,EHCVM,2018,2017,N
GIN,2018,FALSE,CONS,.5433764,.2499203,.563773,.7114408,.2095396,.1165044,.4613634,EHCVM,2018,2021,N
GMB,2015,FALSE,CONS,.2987334,.0614991,.079665,.5820759,.082165,.1338207,.1833689,IHS,2015-2020,2017,N
GMB,2015,FALSE,CONS,.2987334,.0614991,.079665,.5820759,.082165,.1709534,.2170147,IHS,2015-2020,2021,N
GMB,2020,FALSE,CONS,.2851869,.4020848,.2906088,.5337802,.1278935,.2200189,.3897008,IHS,2015-2020,2021,N
GMB,2020,FALSE,CONS,.2851869,.4020848,.2906088,.5337802,.1278935,.1724213,.3618973,IHS,2015-2020,2017,N
GNB,2010,FALSE,CONS,.4393637,.4346387,.9390085,.6576735,.3635478,.6668512,.8156247,ILAP-II,2010,2017,N
GNB,2010,FALSE,CONS,.4393637,.4346387,.9390085,.6576735,.3635478,.7570625,.8639934,ILAP-II,2010,2021,N
GNB,2018,FALSE,CONS,.3935504,.3012317,.4214778,.6304652,.2161604,.2166049,.4551565,EHCVM,2018-2021,2017,N
GNB,2018,FALSE,CONS,.3935504,.3012317,.4214778,.6304652,.2161604,.3709505,.5403878,EHCVM,2018-2021,2021,N
GNB,2021,FALSE,CONS,.1895693,.3105978,.2758675,.6036286,.2089706,.3986111,.4832488,EHCVM,2018-2021,2021,N
GNB,2021,FALSE,CONS,.1895693,.3105978,.2758675,.6036286,.2089706,.2596286,.3850913,EHCVM,2018-2021,2017,N
GNQ,2022,FALSE,CONS,.0771928,.0297247,.1809255,.3705837,.3134948,.087942,.1996018,ENH2,2022,2021,N
GNQ,2022,FALSE,CONS,.0771928,.0297247,.1809255,.3705837,.3134948,.0418672,.1607511,ENH2,2022,2017,N
GRC,2008,FALSE,INC,.0283577,,0,,0,.0034444,.0316318,EU-SILC,2003-2023,2017,N
GRC,2008,FALSE,INC,.0283577,,0,,0,.0036504,.0318378,EU-SILC,2003-2023,2021,N
GRC,2009,FALSE,INC,.0274817,,0,,0,.006387,.0335206,EU-SILC,2003-2023,2021,N
GRC,2009,FALSE,INC,.0274817,,0,,0,.0062664,.0334,EU-SILC,2003-2023,2017,N
GRC,2010,FALSE,INC,.0230162,,0,.0086981,.0132131,.0097307,.0327469,EU-SILC,2003-2023,2017,N
GRC,2010,FALSE,INC,.0230162,,0,.0086981,.0132131,.0106669,.033636,EU-SILC,2003-2023,2021,N
GRC,2011,FALSE,INC,.0236573,,0,.0048878,.0070814,.0112292,.0348865,EU-SILC,2003-2023,2017,N
GRC,2011,FALSE,INC,.0236573,,0,.0048878,.0070814,.0147065,.0383638,EU-SILC,2003-2023,2021,N
GRC,2012,FALSE,INC,.0257729,,0,.0066022,.0090393,.0145592,.040292,EU-SILC,2003-2023,2017,N
GRC,2012,FALSE,INC,.0257729,,0,.0066022,.0090393,.0213954,.0471282,EU-SILC,2003-2023,2021,N
GRC,2013,FALSE,INC,.0262501,,0,.0048425,.0073108,.0152429,.04108,EU-SILC,2003-2023,2021,N
GRC,2013,FALSE,INC,.0262501,,0,.0048425,.0073108,.0095518,.0355363,EU-SILC,2003-2023,2017,N
GRC,2014,FALSE,INC,.0224555,,0,.0046475,.0047196,.0196773,.0419654,EU-SILC,2003-2023,2021,N
GRC,2014,FALSE,INC,.0224555,,0,.0046475,.0047196,.0151319,.0374256,EU-SILC,2003-2023,2017,N
GRC,2015,FALSE,INC,.0224463,,0,.0039587,.0044932,.0198162,.0421642,EU-SILC,2003-2023,2021,N
GRC,2015,FALSE,INC,.0224463,,0,.0039587,.0044932,.0137009,.0360623,EU-SILC,2003-2023,2017,N
GRC,2016,FALSE,INC,.0215664,,0,.003132,.0053157,.0139201,.0351957,EU-SILC,2003-2023,2021,N
GRC,2016,FALSE,INC,.0215664,,0,.003132,.0053157,.010392,.031671,EU-SILC,2003-2023,2017,N
GRC,2017,FALSE,INC,.0171603,,0,.0028639,.0053434,.0107174,.0275107,EU-SILC,2003-2023,2021,N
GRC,2017,FALSE,INC,.0171603,,0,.0028639,.0053434,.0087278,.0257733,EU-SILC,2003-2023,2017,N
GRC,2018,FALSE,INC,.0176078,,0,.0029488,.0045141,.0013956,.0189345,EU-SILC,2003-2023,2017,N
GRC,2018,FALSE,INC,.0176078,,0,.0029488,.0045141,.0015988,.0191377,EU-SILC,2003-2023,2021,N
GRC,2019,FALSE,INC,.0201839,,0,.0026564,.0013344,.0068955,.0269163,EU-SILC,2003-2023,2017,N
GRC,2019,FALSE,INC,.0201839,,0,.0026564,.0013344,.009727,.0297478,EU-SILC,2003-2023,2021,N
GRC,2020,FALSE,INC,.017805,,0,,0,.008065,.025763,EU-SILC,2003-2023,2017,N
GRC,2020,FALSE,INC,.017805,,0,,0,.0109633,.0284317,EU-SILC,2003-2023,2021,N
GRC,2021,FALSE,INC,.0141627,,0,,0,.0056709,.019775,EU-SILC,2003-2023,2017,N
GRC,2021,FALSE,INC,.0141627,,0,,0,.0070143,.0211183,EU-SILC,2003-2023,2021,N
GRC,2022,FALSE,INC,.0145092,,0,.0027571,.0026832,.0062396,.0206622,EU-SILC,2003-2023,2021,N
GRC,2022,FALSE,INC,.0145092,,0,.0027571,.0026832,.005214,.0196366,EU-SILC,2003-2023,2017,N
GRC,2023,FALSE,INC,.0134887,,0,,0,.0059428,.0193481,EU-SILC,2003-2023,2021,N
GRC,2023,FALSE,INC,.0134887,,0,,0,.0041579,.0175631,EU-SILC,2003-2023,2017,N
GRD,2018,FALSE,CONS,.023952,.0019915,.0754291,.1076406,.0201887,.0076735,.0113824,SLCHB,2018,2021,N
GRD,2018,FALSE,CONS,.023952,.0019915,.0754291,.1076406,.0201887,.003179,.0071985,SLCHB,2018,2017,N
GTM,2014,FALSE,INC,.2483111,.1833356,.1653155,.1554653,.0582799,.0796114,.1609454,ENCOVI,2000-2023,2021,N
GTM,2014,FALSE,INC,.2483111,.1833356,.1653155,.1554653,.0582799,.095213,.1739953,ENCOVI,2000-2023,2017,N
GTM,2023,FALSE,INC,.1669243,.1209305,.1184281,.1121414,.0465421,.0966095,.136652,ENCOVI,2000-2023,2021,N
GTM,2023,FALSE,INC,.1669243,.1209305,.1184281,.1121414,.0465421,.1089066,.1470762,ENCOVI,2000-2023,2017,N
HND,2010,FALSE,INC,.1623685,.1272924,.2101842,.1059752,.0927474,.138022,.1899418,EPHPM,2001-2010,2017,N
HND,2010,FALSE,INC,.1623685,.1272924,.2101842,.1059752,.0927474,.1955843,.2379209,EPHPM,2001-2010,2021,N
HND,2011,FALSE,INC,.1441956,.1368137,.1943239,.1060527,.0827963,.2008405,.2475946,EPHPM,2011-2024,2021,N
HND,2011,FALSE,INC,.1441956,.1368137,.1943239,.1060527,.0827963,.1432309,.2003369,EPHPM,2011-2024,2017,N
HND,2012,FALSE,INC,.1503331,.1324148,.1789925,.1137322,.0873635,.2396851,.2766898,EPHPM,2011-2024,2021,N
HND,2012,FALSE,INC,.1503331,.1324148,.1789925,.1137322,.0873635,.169927,.2188069,EPHPM,2011-2024,2017,N
HND,2013,FALSE,INC,.1398782,.1636556,.1361977,.0970239,.0893251,.145685,.1913214,EPHPM,2011-2024,2017,N
HND,2013,FALSE,INC,.1398782,.1636556,.1361977,.0970239,.0893251,.2079346,.2416049,EPHPM,2011-2024,2021,N
HND,2014,FALSE,INC,.135064,.1433508,.1390644,.1913128,.0871502,.1328218,.1962989,EPHPM,2011-2024,2017,N
HND,2014,FALSE,INC,.135064,.1433508,.1390644,.1913128,.0871502,.2059499,.2543239,EPHPM,2011-2024,2021,N
HND,2015,FALSE,INC,.1237233,.1198133,.1239945,.1871304,.0784775,.1993363,.2365999,EPHPM,2011-2024,2021,N
HND,2015,FALSE,INC,.1237233,.1198133,.1239945,.1871304,.0784775,.1297755,.1780928,EPHPM,2011-2024,2017,N
HND,2016,FALSE,INC,.1150475,.10284,.1025736,.1621748,.076537,.1984204,.2277679,EPHPM,2011-2024,2021,N
HND,2016,FALSE,INC,.1150475,.10284,.1025736,.1621748,.076537,.1457616,.1832521,EPHPM,2011-2024,2017,N
HND,2017,FALSE,INC,.1178391,.1056635,.0930952,.1620084,.0794278,.1385308,.1754772,EPHPM,2011-2024,2017,N
HND,2017,FALSE,INC,.1178391,.1056635,.0930952,.1620084,.0794278,.1932745,.2208103,EPHPM,2011-2024,2021,N
HND,2018,FALSE,INC,.1219061,.1214686,.0845179,.1524899,.0730229,.1418902,.1773522,EPHPM,2011-2024,2017,N
HND,2018,FALSE,INC,.1219061,.1214686,.0845179,.1524899,.0730229,.1984625,.2269803,EPHPM,2011-2024,2021,N
HND,2019,FALSE,INC,.1010151,.099991,.0674278,.1123702,.0567831,.1264387,.1486046,EPHPM,2011-2024,2017,N
HND,2019,FALSE,INC,.1010151,.099991,.0674278,.1123702,.0567831,.1869956,.2031539,EPHPM,2011-2024,2021,N
HND,2023,FALSE,INC,.114336,.1119919,.046187,.1087338,.0491011,.1702128,.198106,EPHPM,2011-2024,2021,N
HND,2023,FALSE,INC,.114336,.1119919,.046187,.1087338,.0491011,.1211917,.1529838,EPHPM,2011-2024,2017,N
HND,2024,FALSE,INC,.1122918,.1022231,.0535618,.1136353,.044573,.1144027,.1441087,EPHPM,2011-2024,2017,N
HND,2024,FALSE,INC,.1122918,.1022231,.0535618,.1136353,.044573,.1571737,.1840269,EPHPM,2011-2024,2021,N
HRV,2009,FALSE,INC,.0054307,,0,,0,.008576,.013852,EU-SILC,2009-2023,2017,N
HRV,2009,FALSE,INC,.0054307,,0,,0,.0100737,.0153496,EU-SILC,2009-2023,2021,N
HRV,2010,FALSE,INC,.0039343,,0,.017397,.0146792,.0143842,.0181538,EU-SILC,2009-2023,2021,N
HRV,2010,FALSE,INC,.0039343,,0,.017397,.0146792,.0120985,.0158956,EU-SILC,2009-2023,2017,N
HRV,2011,FALSE,INC,.0026162,,0,.0246854,.0214984,.0062534,.0087034,EU-SILC,2009-2023,2017,N
HRV,2011,FALSE,INC,.0026162,,0,.0246854,.0214984,.009928,.0123457,EU-SILC,2009-2023,2021,N
HRV,2012,FALSE,INC,.0025824,,0,.0172844,.0180691,.0107195,.0131591,EU-SILC,2009-2023,2021,N
HRV,2012,FALSE,INC,.0025824,,0,.0172844,.0180691,.007874,.0103136,EU-SILC,2009-2023,2017,N
HRV,2013,FALSE,INC,.0026066,,0,.0192768,.018391,.0072887,.0098717,EU-SILC,2009-2023,2017,N
HRV,2013,FALSE,INC,.0026066,,0,.0192768,.018391,.0120658,.0146069,EU-SILC,2009-2023,2021,N
HRV,2014,FALSE,INC,.0023855,,0,.0193833,.0170613,.0098181,.0120947,EU-SILC,2009-2023,2017,N
HRV,2014,FALSE,INC,.0023855,,0,.0193833,.0170613,.0116215,.0138981,EU-SILC,2009-2023,2021,N
HRV,2015,FALSE,INC,.0021155,,0,.017371,.0163596,.0059481,.0080365,EU-SILC,2009-2023,2017,N
HRV,2015,FALSE,INC,.0021155,,0,.017371,.0163596,.0069632,.0090515,EU-SILC,2009-2023,2021,N
HRV,2016,FALSE,INC,.002879,,0,.0163184,.0143995,.0061599,.0090389,EU-SILC,2009-2023,2017,N
HRV,2016,FALSE,INC,.002879,,0,.0163184,.0143995,.0085718,.0114276,EU-SILC,2009-2023,2021,N
HRV,2017,FALSE,INC,.0027279,,0,.0131247,.0122156,.0051715,.0077784,EU-SILC,2009-2023,2017,N
HRV,2017,FALSE,INC,.0027279,,0,.0131247,.0122156,.0061654,.0087313,EU-SILC,2009-2023,2021,N
HRV,2018,FALSE,INC,.0025039,,0,.0114978,.0093545,.0043755,.0067753,EU-SILC,2009-2023,2017,N
HRV,2018,FALSE,INC,.0025039,,0,.0114978,.0093545,.0050393,.0074391,EU-SILC,2009-2023,2021,N
HRV,2019,FALSE,INC,.0026105,,0,.0141445,.0085541,.0036414,.0062518,EU-SILC,2009-2023,2021,N
HRV,2019,FALSE,INC,.0026105,,0,.0141445,.0085541,.0025993,.0052097,EU-SILC,2009-2023,2017,N
HRV,2020,FALSE,INC,.0014616,,0,,0,.0031393,.004601,EU-SILC,2009-2023,2017,N
HRV,2020,FALSE,INC,.0014616,,0,,0,.0044393,.0059009,EU-SILC,2009-2023,2021,N
HRV,2021,FALSE,INC,.0014545,,0,,0,.00308,.0045345,EU-SILC,2009-2023,2017,N
HRV,2021,FALSE,INC,.0014545,,0,,0,.0034081,.0048626,EU-SILC,2009-2023,2021,N
HRV,2022,FALSE,INC,.0015691,,0,,0,.0034343,.0049775,EU-SILC,2009-2023,2017,N
HRV,2022,FALSE,INC,.0015691,,0,,0,.0039774,.0054646,EU-SILC,2009-2023,2021,N
HRV,2023,FALSE,INC,.0013659,,0,,0,.0021018,.0034676,EU-SILC,2009-2023,2017,N
HRV,2023,FALSE,INC,.0013659,,0,,0,.0026276,.0039935,EU-SILC,2009-2023,2021,N
HTI,2012,FALSE,CONS,.2312923,.09,.643115,.6879549,.3349906,.2919219,.4683457,ECVMAS,2012,2017,N
HTI,2012,FALSE,CONS,.2312923,.09,.643115,.6879549,.3349906,.4041499,.5322527,ECVMAS,2012,2021,N
HUN,2008,FALSE,INC,0,,0,.0710921,.0421471,.0008974,.0008974,EU-SILC,2004-2017,2021,N
HUN,2008,FALSE,INC,0,,0,.0710921,.0421471,.0002127,.0002127,EU-SILC,2004-2017,2017,N
HUN,2009,FALSE,INC,.0001268,,0,,0,.0011274,.0012542,EU-SILC,2004-2017,2021,N
HUN,2009,FALSE,INC,.0001268,,0,,0,.0006479,.0007748,EU-SILC,2004-2017,2017,N
HUN,2010,FALSE,INC,.0003773,,0,.0500927,.0427896,.0016688,.0020461,EU-SILC,2004-2017,2021,N
HUN,2010,FALSE,INC,.0003773,,0,.0500927,.0427896,.0007179,.0010953,EU-SILC,2004-2017,2017,N
HUN,2011,FALSE,INC,.0000732,,0,.0520258,.0443104,.0009156,.0009889,EU-SILC,2004-2017,2017,N
HUN,2011,FALSE,INC,.0000732,,0,.0520258,.0443104,.0017067,.0017799,EU-SILC,2004-2017,2021,N
HUN,2012,FALSE,INC,.0001347,,0,.0525296,.0428085,.0032576,.0033923,EU-SILC,2004-2017,2017,N
HUN,2012,FALSE,INC,.0001347,,0,.0525296,.0428085,.0047583,.004893,EU-SILC,2004-2017,2021,N
HUN,2013,FALSE,INC,.0000608,,0,.0532501,.0428325,.004609,.0046698,EU-SILC,2004-2017,2021,N
HUN,2013,FALSE,INC,.0000608,,0,.0532501,.0428325,.001803,.0018638,EU-SILC,2004-2017,2017,N
HUN,2014,FALSE,INC,.0004496,,0,.0394033,.0364735,.0098141,.0102265,EU-SILC,2004-2017,2021,N
HUN,2014,FALSE,INC,.0004496,,0,.0394033,.0364735,.0065767,.0069892,EU-SILC,2004-2017,2017,N
HUN,2015,FALSE,INC,.0007724,,0,.043312,.0410892,.0062615,.007034,EU-SILC,2004-2017,2017,N
HUN,2015,FALSE,INC,.0007724,,0,.043312,.0410892,.0096903,.0104627,EU-SILC,2004-2017,2021,N
HUN,2016,FALSE,INC,.0002594,,0,.0391707,.0354104,.0134872,.0137466,EU-SILC,2004-2017,2017,N
HUN,2016,FALSE,INC,.0002594,,0,.0391707,.0354104,.0157328,.0159922,EU-SILC,2004-2017,2021,N
HUN,2017,FALSE,INC,.0003628,,0,.0382285,.0356023,.0060927,.0064555,EU-SILC,2004-2017,2017,N
HUN,2017,FALSE,INC,.0003628,,0,.0382285,.0356023,.0091796,.0095424,EU-SILC,2004-2017,2021,N
IDN,2009,FALSE,CONS,.0834635,.055304,.0621836,.3421458,.1531972,.1884527,.2133794,SUSENAS,2005-2010,2017,N
IDN,2009,FALSE,CONS,.0834635,.055304,.0621836,.3421458,.1531972,.3787487,.3915007,SUSENAS,2005-2010,2021,N
IDN,2010,FALSE,CONS,.0804943,.0496579,.0839644,.3244392,.140101,.3410088,.3581749,SUSENAS,2005-2010,2021,N
IDN,2010,FALSE,CONS,.0804943,.0496579,.0839644,.3244392,.140101,.164558,.1931707,SUSENAS,2005-2010,2017,N
IDN,2012,FALSE,CONS,.0588077,.0410533,.0464134,.3239955,.1324209,.1057722,.1292963,SUSENAS,2011-2014,2017,N
IDN,2012,FALSE,CONS,.0588077,.0410533,.0464134,.3239955,.1324209,.2657826,.2806108,SUSENAS,2011-2014,2021,N
IDN,2013,FALSE,CONS,.0575198,.0360535,.0370087,.357646,.1217628,.2716655,.2846508,SUSENAS,2011-2014,2021,N
IDN,2013,FALSE,CONS,.0575198,.0360535,.0370087,.357646,.1217628,.1080853,.1286718,SUSENAS,2011-2014,2017,N
IDN,2015,FALSE,CONS,.0591105,.0186074,.0245914,.2860991,.1031945,.0845145,.0996791,SUSENAS,2015-2024,2017,N
IDN,2015,FALSE,CONS,.0591105,.0186074,.0245914,.2860991,.1031945,.215861,.2255915,SUSENAS,2015-2024,2021,N
IDN,2016,FALSE,CONS,.0498279,.0173745,.0238411,.2701522,.1067777,.0666835,.0804347,SUSENAS,2015-2024,2017,N
IDN,2016,FALSE,CONS,.0498279,.0173745,.0238411,.2701522,.1067777,.1804647,.1895086,SUSENAS,2015-2024,2021,N
IDN,2017,FALSE,CONS,.0431721,.0162736,.0185993,.227519,.0927567,.0430215,.0546242,SUSENAS,2015-2024,2017,N
IDN,2017,FALSE,CONS,.0431721,.0162736,.0185993,.227519,.0927567,.1475674,.1554558,SUSENAS,2015-2024,2021,N
IDN,2018,FALSE,CONS,.0495407,.0157309,.0151199,.2085484,.0888642,.1246509,.132478,SUSENAS,2015-2024,2021,N
IDN,2018,FALSE,CONS,.0495407,.0157309,.0151199,.2085484,.0888642,.0441007,.0547919,SUSENAS,2015-2024,2017,N
IDN,2019,FALSE,CONS,.0426472,.0114927,.0113445,.0816444,.0797134,.0335541,.0398066,SUSENAS,2015-2024,2017,N
IDN,2019,FALSE,CONS,.0426472,.0114927,.0113445,.0816444,.0797134,.1084952,.113023,SUSENAS,2015-2024,2021,N
IDN,2020,FALSE,CONS,.0368829,.0141433,.0101309,.1404594,.0737846,.0984787,.1029101,SUSENAS,2015-2024,2021,N
IDN,2020,FALSE,CONS,.0368829,.0141433,.0101309,.1404594,.0737846,.0282642,.0343877,SUSENAS,2015-2024,2017,N
IDN,2021,FALSE,CONS,.0382006,.0124424,.0076112,.115564,.0650178,.0285771,.0334084,SUSENAS,2015-2024,2017,N
IDN,2021,FALSE,CONS,.0382006,.0124424,.0076112,.115564,.0650178,.0856443,.0892784,SUSENAS,2015-2024,2021,N
IDN,2022,FALSE,CONS,.0298083,.0133156,.005987,.1152951,.0598798,.0785363,.0818225,SUSENAS,2015-2024,2021,N
IDN,2022,FALSE,CONS,.0298083,.0133156,.005987,.1152951,.0598798,.0217829,.0260548,SUSENAS,2015-2024,2017,N
IDN,2023,FALSE,CONS,.0285429,.0127677,.0059636,.1172731,.0552879,.0181554,.0214254,SUSENAS,2015-2024,2017,N
IDN,2023,FALSE,CONS,.0285429,.0127677,.0059636,.1172731,.0552879,.0671617,.0697291,SUSENAS,2015-2024,2021,N
IDN,2024,FALSE,CONS,.0248177,.0124244,.0052485,.0923876,.0488379,.0543811,.0568357,SUSENAS,2015-2024,2021,N
IDN,2024,FALSE,CONS,.0248177,.0124244,.0052485,.0923876,.0488379,.0125751,.0158929,SUSENAS,2015-2024,2017,N
IND,2022,FALSE,CONS,.1381874,,.0101687,.2987805,.1121778,.0234838,.1552856,HCES,2011-2022,2017,N
IND,2022,FALSE,CONS,.1381874,,.0101687,.2987805,.1121778,.0525113,.17744,HCES,2011-2022,2021,N
IRL,2008,FALSE,INC,.0184629,,0,.0028013,.0059877,.0018051,.0198435,EU-SILC,2003-2023,2017,N
IRL,2008,FALSE,INC,.0184629,,0,.0028013,.0059877,.0020072,.0200456,EU-SILC,2003-2023,2021,N
IRL,2009,FALSE,INC,.0165837,,0,.0023957,.0090703,.0057758,.0221337,EU-SILC,2003-2023,2021,N
IRL,2009,FALSE,INC,.0165837,,0,.0023957,.0090703,.004906,.021264,EU-SILC,2003-2023,2017,N
IRL,2010,FALSE,INC,.0206856,,0,.0435807,.054978,.0074885,.0281741,EU-SILC,2003-2023,2021,N
IRL,2010,FALSE,INC,.0206856,,0,.0435807,.054978,.0054276,.0261132,EU-SILC,2003-2023,2017,N
IRL,2012,FALSE,INC,.0139678,,0,.0214431,.0161615,.0033501,.0166346,EU-SILC,2003-2023,2017,N
IRL,2012,FALSE,INC,.0139678,,0,.0214431,.0161615,.0053795,.018664,EU-SILC,2003-2023,2021,N
IRL,2013,FALSE,INC,.0075598,,0,.0012137,.0030893,.0074101,.0149369,EU-SILC,2003-2023,2021,N
IRL,2013,FALSE,INC,.0075598,,0,.0012137,.0030893,.0068223,.0143491,EU-SILC,2003-2023,2017,N
IRL,2014,FALSE,INC,.0064711,,0,.0011942,.0023203,.0038895,.0099655,EU-SILC,2003-2023,2017,N
IRL,2014,FALSE,INC,.0064711,,0,.0011942,.0023203,.0044542,.0105302,EU-SILC,2003-2023,2021,N
IRL,2015,FALSE,INC,.0075858,,0,.0021127,.0028351,.0036763,.0112621,EU-SILC,2003-2023,2017,N
IRL,2015,FALSE,INC,.0075858,,0,.0021127,.0028351,.004278,.0118638,EU-SILC,2003-2023,2021,N
IRL,2016,FALSE,INC,.0062337,,0,.0011016,.0015943,.0034023,.0095869,EU-SILC,2003-2023,2021,N
IRL,2016,FALSE,INC,.0062337,,0,.0011016,.0015943,.0013473,.0075318,EU-SILC,2003-2023,2017,N
IRL,2017,FALSE,INC,.0037876,,0,.0034313,.00055,.002432,.0061617,EU-SILC,2003-2023,2017,N
IRL,2017,FALSE,INC,.0037876,,0,.0034313,.00055,.0030405,.0067703,EU-SILC,2003-2023,2021,N
IRL,2018,FALSE,INC,.0068606,,0,.0018203,.0021479,.0000392,.0068999,EU-SILC,2003-2023,2017,N
IRL,2018,FALSE,INC,.0068606,,0,.0018203,.0021479,.0009871,.0069439,EU-SILC,2003-2023,2021,N
IRL,2019,FALSE,INC,.0027093,,0,.0024966,.0012263,.0005635,.0032729,EU-SILC,2003-2023,2021,N
IRL,2019,FALSE,INC,.0027093,,0,.0024966,.0012263,.000466,.0031753,EU-SILC,2003-2023,2017,N
IRL,2020,FALSE,INC,.0028732,,0,,,.0014431,.0042317,EU-SILC,2003-2023,2017,N
IRL,2020,FALSE,INC,.0028732,,0,,,.0018254,.0046141,EU-SILC,2003-2023,2021,N
IRN,2011,FALSE,CONS,,.0164961,.0011947,.0590766,.0240153,.0225787,.0379802,HEIS,2011-2023,2021,N
IRN,2011,FALSE,CONS,,.0164961,.0011947,.0590766,.0240153,.0050417,.0218546,HEIS,2011-2023,2017,N
IRN,2012,FALSE,CONS,,.0133091,.0007424,.0469329,.0177925,.0176711,.0301606,HEIS,2011-2023,2021,N
IRN,2012,FALSE,CONS,,.0133091,.0007424,.0469329,.0177925,.0025401,.0162569,HEIS,2011-2023,2017,N
IRN,2013,FALSE,CONS,,.0137823,.0011531,.0416131,.0243849,.0190174,.0317161,HEIS,2011-2023,2021,N
IRN,2013,FALSE,CONS,,.0137823,.0011531,.0416131,.0243849,.002881,.0169636,HEIS,2011-2023,2017,N
IRN,2014,FALSE,CONS,.0435033,.0122367,.0003351,.0349706,.0198226,.0061637,.008584,HEIS,2011-2023,2017,N
IRN,2014,FALSE,CONS,.0435033,.0122367,.0003351,.0349706,.0198226,.0329819,.034766,HEIS,2011-2023,2021,N
IRN,2015,FALSE,CONS,.0459181,.0097415,.0002673,.026484,.0161663,.0040074,.0058616,HEIS,2011-2023,2017,N
IRN,2015,FALSE,CONS,.0459181,.0097415,.0002673,.026484,.0161663,.0299278,.0311772,HEIS,2011-2023,2021,N
IRN,2016,FALSE,CONS,.0463778,.0102506,.0002718,.0238858,.0162703,.0297155,.0314427,HEIS,2011-2023,2021,N
IRN,2016,FALSE,CONS,.0463778,.0102506,.0002718,.0238858,.0162703,.0044506,.0066226,HEIS,2011-2023,2017,N
IRN,2017,FALSE,CONS,.0441654,.0096539,.0002988,.0198942,.0156497,.0266733,.0280042,HEIS,2011-2023,2021,N
IRN,2017,FALSE,CONS,.0441654,.0096539,.0002988,.0198942,.0156497,.0032945,.0050649,HEIS,2011-2023,2017,N
IRN,2018,FALSE,CONS,.0426282,.0096635,.0003476,.0221909,.0178945,.0067121,.0082789,HEIS,2011-2023,2017,N
IRN,2018,FALSE,CONS,.0426282,.0096635,.0003476,.0221909,.0178945,.0315073,.0326645,HEIS,2011-2023,2021,N
IRN,2019,FALSE,CONS,.041374,.0079152,.0001324,.0194846,.015651,.0072634,.0082824,HEIS,2011-2023,2017,N
IRN,2019,FALSE,CONS,.041374,.0079152,.0001324,.0194846,.015651,.0428026,.0434763,HEIS,2011-2023,2021,N
IRN,2020,FALSE,CONS,.0394354,.00823,.0002552,.0165255,.0136442,.0464235,.0470732,HEIS,2011-2023,2021,N
IRN,2020,FALSE,CONS,.0394354,.00823,.0002552,.0165255,.0136442,.0081144,.0092421,HEIS,2011-2023,2017,N
IRN,2021,FALSE,CONS,.0401939,.0080588,.0000949,.0124686,.0124424,.0065238,.0077602,HEIS,2011-2023,2017,N
IRN,2021,FALSE,CONS,.0401939,.0080588,.0000949,.0124686,.0124424,.0370868,.0379122,HEIS,2011-2023,2021,N
IRN,2022,FALSE,CONS,.0418022,.0079314,.0000593,.012742,.0128033,.0046845,.0054058,HEIS,2011-2023,2017,N
IRN,2022,FALSE,CONS,.0418022,.0079314,.0000593,.012742,.0128033,.0280531,.0287024,HEIS,2011-2023,2021,N
IRN,2023,FALSE,CONS,.0438741,.0088296,.0001152,.009678,.010208,.0248731,.0254837,HEIS,2011-2023,2021,N
IRN,2023,FALSE,CONS,.0438741,.0088296,.0001152,.009678,.010208,.0041198,.0053654,HEIS,2011-2023,2017,N
IRQ,2012,FALSE,CONS,.1355063,.2269003,.0006188,.0094578,.1001088,.0055913,.05798,IHSES,2006-2012,2021,N
IRQ,2012,FALSE,CONS,.1355063,.2269003,.0006188,.0094578,.1001088,.0008875,.0554435,IHSES,2006-2012,2017,N
IRQ,2023,FALSE,CONS,,.1742238,0,.0646598,.0095927,.001073,.1744542,IHSES,2023,2017,N
IRQ,2023,FALSE,CONS,,.1742238,0,.0646598,.0095927,.0054943,.1767814,IHSES,2023,2021,N
ISL,2008,FALSE,INC,.0003566,,0,.0031743,.0005416,.0006082,.0009648,EU-SILC,2003-2019,2021,N
ISL,2008,FALSE,INC,.0003566,,0,.0031743,.0005416,.0006082,.0009648,EU-SILC,2003-2019,2017,N
ISL,2009,FALSE,INC,.0005302,,0,.0042912,.0005691,.000972,.0015022,EU-SILC,2003-2019,2017,N
ISL,2009,FALSE,INC,.0005302,,0,.0042912,.0005691,.000972,.0015022,EU-SILC,2003-2019,2021,N
ISL,2010,FALSE,INC,.0002968,,0,0,.0005629,.0014938,.0017906,EU-SILC,2003-2019,2017,N
ISL,2010,FALSE,INC,.0002968,,0,0,.0005629,.0014938,.0017906,EU-SILC,2003-2019,2021,N
ISL,2011,FALSE,INC,0,,0,0,.000717,.0012328,.0012328,EU-SILC,2003-2019,2017,N
ISL,2011,FALSE,INC,0,,0,0,.000717,.001883,.001883,EU-SILC,2003-2019,2021,N
ISL,2012,FALSE,INC,.0009868,,0,0,.0013208,.0003356,.0013224,EU-SILC,2003-2019,2017,N
ISL,2012,FALSE,INC,.0009868,,0,0,.0013208,.0003356,.0013224,EU-SILC,2003-2019,2021,N
ISL,2013,FALSE,INC,.0006366,,0,0,.000765,.0008821,.0015187,EU-SILC,2003-2019,2021,N
ISL,2013,FALSE,INC,.0006366,,0,0,.000765,.0004703,.0011069,EU-SILC,2003-2019,2017,N
ISL,2014,FALSE,INC,.0017476,,0,0,.0007142,0,.0017476,EU-SILC,2003-2019,2021,N
ISL,2014,FALSE,INC,.0017476,,0,0,.0007142,0,.0017476,EU-SILC,2003-2019,2017,N
ISL,2015,FALSE,INC,.0003578,,0,0,.0023532,.0003449,.0007027,EU-SILC,2003-2019,2017,N
ISL,2015,FALSE,INC,.0003578,,0,0,.0023532,.0003449,.0007027,EU-SILC,2003-2019,2021,N
ISL,2016,FALSE,INC,.0003748,,0,0,0,0,.0003748,EU-SILC,2003-2019,2021,N
ISL,2016,FALSE,INC,.0003748,,0,0,0,0,.0003748,EU-SILC,2003-2019,2017,N
ISL,2017,FALSE,INC,0,,0,0,.0022348,0,0,EU-SILC,2003-2019,2017,N
ISL,2017,FALSE,INC,0,,0,0,.0022348,0,0,EU-SILC,2003-2019,2021,N
ISL,2018,FALSE,INC,0,,0,0,.0029174,.0026816,.0026816,EU-SILC,2003-2019,2021,N
ISL,2018,FALSE,INC,0,,0,0,.0029174,.0023654,.0023654,EU-SILC,2003-2019,2017,N
ISL,2019,FALSE,INC,.0002749,,0,0,.0003372,.0007994,.0010743,EU-SILC,2003-2019,2017,N
ISL,2019,FALSE,INC,.0002749,,0,0,.0003372,.0007994,.0010743,EU-SILC,2003-2019,2021,N
ISR,2010,FALSE,INC,.0131262,,0,0,,.0031421,.0162635,HES-LIS,1979-2021,2017,N
ISR,2010,FALSE,INC,.0131262,,0,0,,.0053272,.0161795,HES-LIS,1979-2021,2021,N
ISR,2011,FALSE,INC,.0112778,,0,0,,.0023274,.0136046,HES-LIS,1979-2021,2017,N
ISR,2011,FALSE,INC,.0112778,,0,0,,.0027138,.0133154,HES-LIS,1979-2021,2021,N
ISR,2012,FALSE,INC,.0099313,.0027746,0,0,,.0058411,.0058411,HES-LIS,1979-2021,2017,N
ISR,2012,FALSE,INC,.0099313,.0027746,0,0,,.0083968,.004892,HES-LIS,1979-2021,2021,N
ISR,2013,FALSE,INC,.0077865,.0010458,0,0,,.004087,.004087,HES-LIS,1979-2021,2017,N
ISR,2013,FALSE,INC,.0077865,.0010458,0,0,,.0057775,.0035593,HES-LIS,1979-2021,2021,N
ISR,2014,FALSE,INC,.0082861,.00038,0,0,,.00436,.00436,HES-LIS,1979-2021,2017,N
ISR,2014,FALSE,INC,.0082861,.00038,0,0,,.0061277,.0027829,HES-LIS,1979-2021,2021,N
ISR,2015,FALSE,INC,.0069371,.00196,0,0,,.0038862,.0038862,HES-LIS,1979-2021,2017,N
ISR,2015,FALSE,INC,.0069371,.00196,0,0,,.0054446,.0031848,HES-LIS,1979-2021,2021,N
ISR,2016,FALSE,INC,.0061896,.000635,0,0,,.0053499,.0010207,HES-LIS,1979-2021,2021,N
ISR,2016,FALSE,INC,.0061896,.000635,0,0,,.0015906,.0015906,HES-LIS,1979-2021,2017,N
ISR,2017,FALSE,INC,.0069199,,0,0,,.0045733,.0113128,HES-LIS,1979-2021,2017,N
ISR,2017,FALSE,INC,.0069199,,0,0,,.0072365,.0100658,HES-LIS,1979-2021,2021,N
ISR,2018,FALSE,INC,.0058788,,0,0,,.0040713,.0099463,HES-LIS,1979-2021,2017,N
ISR,2018,FALSE,INC,.0058788,,0,0,,.0071673,.0086594,HES-LIS,1979-2021,2021,N
ISR,2019,FALSE,INC,.005158,.0033095,0,0,,.0062792,.0062792,HES-LIS,1979-2021,2017,N
ISR,2019,FALSE,INC,.005158,.0033095,0,0,,.0089501,.0062268,HES-LIS,1979-2021,2021,N
ISR,2020,FALSE,INC,.004276,.0073099,0,0,,.0054621,.0054621,HES-LIS,1979-2021,2017,N
ISR,2020,FALSE,INC,.004276,.0073099,0,0,,.0074642,.0044976,HES-LIS,1979-2021,2021,N
ISR,2021,FALSE,INC,.0056053,.0053606,0,0,,.0058447,.0026077,HES-LIS,1979-2021,2021,N
ISR,2021,FALSE,INC,.0056053,.0053606,0,0,,.0034777,.0034777,HES-LIS,1979-2021,2017,N
ITA,2008,FALSE,INC,.0163912,,0,,0,.008526,.0248002,EU-SILC,2003-2023,2021,N
ITA,2008,FALSE,INC,.0163912,,0,,0,.0070418,.0233741,EU-SILC,2003-2023,2017,N
ITA,2009,FALSE,INC,.0164097,,0,,0,.0091158,.0254909,EU-SILC,2003-2023,2017,N
ITA,2009,FALSE,INC,.0164097,,0,,0,.0107907,.0271658,EU-SILC,2003-2023,2021,N
ITA,2010,FALSE,INC,.0206045,,0,.0044378,.0050808,.0126529,.0330376,EU-SILC,2003-2023,2017,N
ITA,2010,FALSE,INC,.0206045,,0,.0044378,.0050808,.0141046,.0344892,EU-SILC,2003-2023,2021,N
ITA,2011,FALSE,INC,.0160594,,0,.0055923,.005372,.0115605,.0275558,EU-SILC,2003-2023,2017,N
ITA,2011,FALSE,INC,.0160594,,0,.0055923,.005372,.012648,.0286432,EU-SILC,2003-2023,2021,N
ITA,2012,FALSE,INC,.0126906,,0,.0112073,.0058154,.0120061,.0245948,EU-SILC,2003-2023,2017,N
ITA,2012,FALSE,INC,.0126906,,0,.0112073,.0058154,.0141155,.0267042,EU-SILC,2003-2023,2021,N
ITA,2013,FALSE,INC,.0128823,,0,.0076067,.0036805,.0161318,.028831,EU-SILC,2003-2023,2021,N
ITA,2013,FALSE,INC,.0128823,,0,.0076067,.0036805,.0137317,.0264309,EU-SILC,2003-2023,2017,N
ITA,2014,FALSE,INC,.0109463,,0,.0063176,.0040226,.0144881,.0252004,EU-SILC,2003-2023,2021,N
ITA,2014,FALSE,INC,.0109463,,0,.0063176,.0040226,.0123212,.0231062,EU-SILC,2003-2023,2017,N
ITA,2015,FALSE,INC,.0153462,,0,.0041892,.0038038,.0205029,.0356357,EU-SILC,2003-2023,2021,N
ITA,2015,FALSE,INC,.0153462,,0,.0041892,.0038038,.0194887,.0346215,EU-SILC,2003-2023,2017,N
ITA,2016,FALSE,INC,.0139145,,0,.0064213,.0059381,.017779,.031374,EU-SILC,2003-2023,2021,N
ITA,2016,FALSE,INC,.0139145,,0,.0064213,.0059381,.0162995,.0299341,EU-SILC,2003-2023,2017,N
ITA,2017,FALSE,INC,.013339,,0,.0057342,.004768,.0154118,.0285045,EU-SILC,2003-2023,2021,N
ITA,2017,FALSE,INC,.013339,,0,.0057342,.004768,.0142163,.0273091,EU-SILC,2003-2023,2017,N
ITA,2018,FALSE,INC,.0132493,,0,.0078448,.0074971,.0145765,.0271657,EU-SILC,2003-2023,2017,N
ITA,2018,FALSE,INC,.0132493,,0,.0078448,.0074971,.0170164,.0295786,EU-SILC,2003-2023,2021,N
ITA,2019,FALSE,INC,.0140492,,0,.0069227,.0074934,.0103501,.0239716,EU-SILC,2003-2023,2021,N
ITA,2019,FALSE,INC,.0140492,,0,.0069227,.0074934,.0099435,.0235649,EU-SILC,2003-2023,2017,N
ITA,2020,FALSE,INC,.0148072,,0,,0,.0082779,.0222401,EU-SILC,2003-2023,2017,N
ITA,2020,FALSE,INC,.0148072,,0,,0,.0087642,.0226571,EU-SILC,2003-2023,2021,N
ITA,2021,FALSE,INC,.016153,,0,,0,.0086762,.0240322,EU-SILC,2003-2023,2021,N
ITA,2021,FALSE,INC,.016153,,0,,0,.0081453,.0236463,EU-SILC,2003-2023,2017,N
ITA,2022,FALSE,INC,.0175066,,0,.0086282,.0078259,.0064735,.0235671,EU-SILC,2003-2023,2017,N
ITA,2022,FALSE,INC,.0175066,,0,.0086282,.0078259,.0068491,.0239394,EU-SILC,2003-2023,2021,N
ITA,2023,FALSE,INC,.0144745,,0,,0,.0092723,.0228203,EU-SILC,2003-2023,2021,N
ITA,2023,FALSE,INC,.0144745,,0,,0,.0085986,.0221579,EU-SILC,2003-2023,2017,N
JAM,2018,FALSE,CONS,.0109182,.0032222,.0267008,.1231397,.0539901,.0041318,.006141,JSLC,2018-2021,2021,N
JAM,2018,FALSE,CONS,.0109182,.0032222,.0267008,.1231397,.0539901,.0004321,.0025971,JSLC,2018-2021,2017,N
JAM,2021,FALSE,CONS,.011526,.0076616,.0276847,.0884915,.0488436,.0009759,.0069172,JSLC,2018-2021,2017,N
JAM,2021,FALSE,CONS,.011526,.0076616,.0276847,.0884915,.0488436,.0117514,.015911,JSLC,2018-2021,2021,N
JOR,2010,FALSE,CONS,.0182536,.0298791,0,0,.0024122,.0004085,.0025474,HEIS,2008-2010,2017,N
JOR,2010,FALSE,CONS,.0182536,.0298791,0,0,.0024122,.0010412,.0031801,HEIS,2008-2010,2021,N
JPN,2010,FALSE,INC,0,.0410156,0,0,,.0068893,.0044336,JHPS-KHPS-LIS,2008-2020,2021,N
JPN,2010,FALSE,INC,0,.0410156,0,0,,.0037633,.0051491,JHPS-KHPS-LIS,2008-2020,2017,N
JPN,2011,FALSE,INC,0,.0605156,0,0,,.0029692,.0054113,JHPS-KHPS-LIS,2008-2020,2017,N
JPN,2011,FALSE,INC,0,.0605156,0,0,,.004754,.0050881,JHPS-KHPS-LIS,2008-2020,2021,N
JPN,2012,FALSE,INC,0,.0507182,0,0,,.0143168,.0123092,JHPS-KHPS-LIS,2008-2020,2021,N
JPN,2012,FALSE,INC,0,.0507182,0,0,,.0115297,.0128415,JHPS-KHPS-LIS,2008-2020,2017,N
JPN,2013,FALSE,INC,0,.0083122,0,0,,.009464,.0064652,JHPS-KHPS-LIS,2008-2020,2021,N
JPN,2013,FALSE,INC,0,.0083122,0,0,,.0068826,.0070877,JHPS-KHPS-LIS,2008-2020,2017,N
JPN,2014,FALSE,INC,0,.0037277,0,0,,.0060049,.0060049,JHPS-KHPS-LIS,2008-2020,2017,N
JPN,2014,FALSE,INC,0,.0037277,0,0,,.0067567,.0048596,JHPS-KHPS-LIS,2008-2020,2021,N
JPN,2015,FALSE,INC,0,.0041765,0,0,,.0039013,.0027772,JHPS-KHPS-LIS,2008-2020,2021,N
JPN,2015,FALSE,INC,0,.0041765,0,0,,.0035742,.0035742,JHPS-KHPS-LIS,2008-2020,2017,N
JPN,2016,FALSE,INC,.0011061,.0145539,0,0,,.0041271,.0041271,JHPS-KHPS-LIS,2008-2020,2017,N
JPN,2016,FALSE,INC,.0011061,.0145539,0,0,,.0076002,.0041002,JHPS-KHPS-LIS,2008-2020,2021,N
JPN,2017,FALSE,INC,.0011878,.0085113,0,0,,.004355,.004355,JHPS-KHPS-LIS,2008-2020,2017,N
JPN,2017,FALSE,INC,.0011878,.0085113,0,0,,.0055172,.0039873,JHPS-KHPS-LIS,2008-2020,2021,N
JPN,2018,FALSE,INC,.0019671,.012742,0,0,,.0080724,.0080724,JHPS-KHPS-LIS,2008-2020,2017,N
JPN,2018,FALSE,INC,.0019671,.012742,0,0,,.0101712,.0068318,JHPS-KHPS-LIS,2008-2020,2021,N
JPN,2019,FALSE,INC,.0029947,.0165751,0,0,,.0127288,.0084667,JHPS-KHPS-LIS,2008-2020,2021,N
JPN,2019,FALSE,INC,.0029947,.0165751,0,0,,.0102804,.0108184,JHPS-KHPS-LIS,2008-2020,2017,N
JPN,2020,FALSE,INC,.0031677,.0162395,0,0,,.0082246,.0089367,JHPS-KHPS-LIS,2008-2020,2017,N
JPN,2020,FALSE,INC,.0031677,.0162395,0,0,,.0117182,.0084942,JHPS-KHPS-LIS,2008-2020,2021,N
KAZ,2011,FALSE,CONS,.0001711,,0,.5503234,,.0007109,.000882,HBS,2005-2021,2017,N
KAZ,2011,FALSE,CONS,.0001711,,0,.5503234,,.0023235,.0024946,HBS,2005-2021,2021,N
KAZ,2012,FALSE,CONS,.0000665,,0,,,.0003842,.0004507,HBS,2005-2021,2017,N
KAZ,2012,FALSE,CONS,.0000665,,0,,,.0014608,.0015273,HBS,2005-2021,2021,N
KAZ,2013,FALSE,CONS,0,,0,.0000926,.0037592,.0003311,.0003311,HBS,2005-2021,2017,N
KAZ,2013,FALSE,CONS,0,,0,.0000926,.0037592,.0007502,.0007502,HBS,2005-2021,2021,N
KAZ,2014,FALSE,CONS,0,,0,,,.0001928,.0001928,HBS,2005-2021,2017,N
KAZ,2014,FALSE,CONS,0,,0,,,.0006997,.0006997,HBS,2005-2021,2021,N
KAZ,2015,FALSE,CONS,0,,0,,,.0010493,.0010493,HBS,2005-2021,2021,N
KAZ,2015,FALSE,CONS,0,,0,,,.0003827,.0003827,HBS,2005-2021,2017,N
KAZ,2016,FALSE,CONS,.0000467,,0,,,.0016936,.0017403,HBS,2005-2021,2021,N
KAZ,2016,FALSE,CONS,.0000467,,0,,,.0005053,.000552,HBS,2005-2021,2017,N
KAZ,2017,FALSE,CONS,0,,0,0,.0136474,.0011547,.0011547,HBS,2005-2021,2021,N
KAZ,2017,FALSE,CONS,0,,0,0,.0136474,.000415,.000415,HBS,2005-2021,2017,N
KAZ,2018,FALSE,CONS,.0000396,,0,.0054343,.0072418,.0006113,.0006509,HBS,2005-2021,2021,N
KAZ,2018,FALSE,CONS,.0000396,,0,.0054343,.0072418,.0001737,.0002134,HBS,2005-2021,2017,N
KEN,2015,FALSE,CONS,.2233007,.0613641,.5694579,.6896279,.3219463,.293651,.4532693,IHBS,2005-2022,2017,N
KEN,2015,FALSE,CONS,.2233007,.0613641,.5694579,.6896279,.3219463,.3765191,.5038627,IHBS,2005-2022,2021,N
KEN,2021,FALSE,CONS,.035786,.0117997,.2450031,.2231252,.3606033,.4644985,.4761859,KCHS,2005-2022,2021,N
KEN,2021,FALSE,CONS,.035786,.0117997,.2450031,.2231252,.3606033,.3614606,.3800249,KCHS,2005-2022,2017,N
KEN,2022,FALSE,CONS,.0341914,.0147295,.2312345,.2419803,.4166495,.4687923,.4871461,KCHS,2005-2022,2021,N
KEN,2022,FALSE,CONS,.0341914,.0147295,.2312345,.2419803,.4166495,.3622211,.3886576,KCHS,2005-2022,2017,N
KGZ,2010,FALSE,CONS,.0007708,,.0029729,,,.0352142,.0387732,KIHS,2004-2023,2017,N
KGZ,2010,FALSE,CONS,.0007708,,.0029729,,,.1260029,.129343,KIHS,2004-2023,2021,N
KGZ,2011,FALSE,CONS,.0010658,,.0135925,,,.0934781,.1076309,KIHS,2004-2023,2021,N
KGZ,2011,FALSE,CONS,.0010658,,.0135925,,,.0125777,.0272359,KIHS,2004-2023,2017,N
KGZ,2012,FALSE,CONS,.000852,,.1052458,,,.0262981,.1193975,KIHS,2004-2023,2017,N
KGZ,2012,FALSE,CONS,.000852,,.1052458,,,.1050586,.1801777,KIHS,2004-2023,2021,N
KGZ,2013,FALSE,CONS,.0020814,,.0136594,.0049836,.1067356,.1347359,.1366899,KIHS,2004-2023,2021,N
KGZ,2013,FALSE,CONS,.0020814,,.0136594,.0049836,.1067356,.0262,.0282585,KIHS,2004-2023,2017,N
KGZ,2015,FALSE,CONS,.0019758,,.0028969,,,.021806,.0264944,KIHS,2004-2023,2017,N
KGZ,2015,FALSE,CONS,.0019758,,.0028969,,,.1098986,.1140387,KIHS,2004-2023,2021,N
KGZ,2016,FALSE,CONS,.0009949,,.0025799,,,.079727,.0830991,KIHS,2004-2023,2021,N
KGZ,2016,FALSE,CONS,.0009949,,.0025799,,,.0114351,.0150016,KIHS,2004-2023,2017,N
KGZ,2017,FALSE,CONS,.0006901,,.0002155,.0088432,.1337195,.0126857,.0133759,KIHS,2004-2023,2017,N
KGZ,2017,FALSE,CONS,.0006901,,.0002155,.0088432,.1337195,.0819376,.0826277,KIHS,2004-2023,2021,N
KGZ,2018,FALSE,CONS,.0001137,,.0178707,.0010119,.0893767,.0073589,.0074726,KIHS,2004-2023,2017,N
KGZ,2018,FALSE,CONS,.0001137,,.0178707,.0010119,.0893767,.059085,.0591987,KIHS,2004-2023,2021,N
KGZ,2019,FALSE,CONS,.0002138,,.1474126,.0023817,.0775499,.0065906,.008205,KIHS,2004-2023,2017,N
KGZ,2019,FALSE,CONS,.0002138,,.1474126,.0023817,.0775499,.0491972,.0507965,KIHS,2004-2023,2021,N
KGZ,2020,FALSE,CONS,.0000812,.0005507,0,.000881,.0464843,.0133097,.0133097,KIHS,2004-2023,2017,N
KGZ,2020,FALSE,CONS,.0000812,.0005507,0,.000881,.0464843,.0938473,.0938473,KIHS,2004-2023,2021,N
KGZ,2021,FALSE,CONS,.0000773,.0005823,0,0,.0411575,.0071578,.0071578,KIHS,2004-2023,2017,N
KGZ,2021,FALSE,CONS,.0000773,.0005823,0,0,.0411575,.0564848,.0564848,KIHS,2004-2023,2021,N
KGZ,2022,FALSE,CONS,.0000431,.0005566,0,.0012215,.0343004,.0031052,.0031052,KIHS,2004-2023,2017,N
KGZ,2022,FALSE,CONS,.0000431,.0005566,0,.0012215,.0343004,.0454931,.0454931,KIHS,2004-2023,2021,N
KIR,2019,FALSE,CONS,.0068772,.0596531,.1682027,.5981469,.1712429,.0167808,.0562449,HIES,2019,2017,N
KIR,2019,FALSE,CONS,.0068772,.0596531,.1682027,.5981469,.1712429,.0613331,.0970529,HIES,2019,2021,N
KOR,2010,FALSE,INC,0,,0,0,,.0044493,.0044493,HIES-FHES-LIS,2006-2014,2017,N
KOR,2010,FALSE,INC,0,,0,0,,.0054171,.0038129,HIES-FHES-LIS,2006-2014,2021,N
KOR,2012,FALSE,INC,0,,0,0,,.0033156,.0033156,HIES-FHES-LIS,2006-2014,2017,N
KOR,2012,FALSE,INC,0,,0,0,,.0051599,.0025285,HIES-FHES-LIS,2006-2014,2021,N
KOR,2014,FALSE,INC,0,,0,0,,.00259,.00259,HIES-FHES-LIS,2006-2014,2017,N
KOR,2014,FALSE,INC,0,,0,0,,.0035772,.0020406,HIES-FHES-LIS,2006-2014,2021,N
KOR,2016,FALSE,INC,,,0,0,,.0016461,.0016461,SHFLC-LIS,2016-2021,2017,N
KOR,2016,FALSE,INC,,,0,0,,.0021421,.0012065,SHFLC-LIS,2016-2021,2021,N
KOR,2017,FALSE,INC,,,0,0,,.0014174,.0014174,SHFLC-LIS,2016-2021,2017,N
KOR,2017,FALSE,INC,,,0,0,,.0018752,.0013339,SHFLC-LIS,2016-2021,2021,N
KOR,2018,FALSE,INC,,,0,0,,.0020898,.0010638,SHFLC-LIS,2016-2021,2021,N
KOR,2018,FALSE,INC,,,0,0,,.0014166,.0014166,SHFLC-LIS,2016-2021,2017,N
KOR,2019,FALSE,INC,,,0,0,,.0011473,.0011473,SHFLC-LIS,2016-2021,2017,N
KOR,2019,FALSE,INC,,,0,0,,.0016706,.0009398,SHFLC-LIS,2016-2021,2021,N
KOR,2020,FALSE,INC,,,0,0,,.000924,.000924,SHFLC-LIS,2016-2021,2017,N
KOR,2020,FALSE,INC,,,0,0,,.0011138,.0007986,SHFLC-LIS,2016-2021,2021,N
KOR,2021,FALSE,INC,,,0,0,,.0013032,.0007311,SHFLC-LIS,2016-2021,2021,N
KOR,2021,FALSE,INC,,,0,0,,.0010379,.0010379,SHFLC-LIS,2016-2021,2017,N
LAO,2012,FALSE,CONS,.1282066,.0572856,.2156978,.3193191,.4433973,.109141,.1913853,LECS,2012-2018,2017,N
LAO,2012,FALSE,CONS,.1282066,.0572856,.2156978,.3193191,.4433973,.2172642,.2744192,LECS,2012-2018,2021,N
LAO,2018,FALSE,CONS,.1280117,.0567088,.0453024,.2254918,.0777193,.1565759,.1851107,LECS,2012-2018,2021,N
LAO,2018,FALSE,CONS,.1280117,.0567088,.0453024,.2254918,.0777193,.0713877,.1085284,LECS,2012-2018,2017,N
LBN,2011,FALSE,CONS,.0921759,.0225356,.0093982,.307483,.008578,0,.0069435,HBS,2011,2017,N
LBN,2011,FALSE,CONS,.0921759,.0225356,.0093982,.307483,.008578,.0006113,.0075548,HBS,2011,2021,N
LBN,2022,FALSE,CONS,.0260469,.0668022,.089792,.099752,.0351264,.002752,.014549,LHS,2022,2017,N
LBN,2022,FALSE,CONS,.0260469,.0668022,.089792,.099752,.0351264,.0589414,.0653616,LHS,2022,2021,N
LBR,2014,FALSE,CONS,.3943042,,,.5338683,.1912615,.31745,.5637225,HIES,2014-2016,2021,N
LBR,2014,FALSE,CONS,.3943042,,,.5338683,.1912615,.2593076,.5378786,HIES,2014-2016,2017,N
LBR,2016,FALSE,CONS,.3051133,.5407878,.7968267,.6177976,.2569665,.2761775,.5657111,HIES,2014-2016,2017,N
LBR,2016,FALSE,CONS,.3051133,.5407878,.7968267,.6177976,.2569665,.3355893,.5924759,HIES,2014-2016,2021,N
LCA,2015,FALSE,CONS,.0245097,.0111098,.0393538,.072944,.0063898,.0008292,.0041517,SLCHBS,2015,2021,N
LCA,2015,FALSE,CONS,.0245097,.0111098,.0393538,.072944,.0063898,.0008292,.0041517,SLCHBS,2015,2017,N
LKA,2012,FALSE,CONS,.0441427,.042734,.0878268,.0565008,.1032555,.0636242,.071685,HIES,2002-2019,2021,N
LKA,2012,FALSE,CONS,.0441427,.042734,.0878268,.0565008,.1032555,.0258727,.0352387,HIES,2002-2019,2017,N
LKA,2016,FALSE,CONS,.0377909,.0400819,.0246902,.0444853,.1158999,.0129539,.0169382,HIES,2002-2019,2017,N
LKA,2016,FALSE,CONS,.0377909,.0400819,.0246902,.0444853,.1158999,.0381287,.0416908,HIES,2002-2019,2021,N
LKA,2019,FALSE,CONS,.0277641,.0345788,.0005258,.0302117,.0961621,.0095861,.0107352,HIES,2002-2019,2017,N
LKA,2019,FALSE,CONS,.0277641,.0345788,.0005258,.0302117,.0961621,.0270545,.0282037,HIES,2002-2019,2021,N
LSO,2017,FALSE,CONS,.1568288,.0475814,.5870739,.5509645,.1368324,.3239991,.400737,CMSHBS,2017,2017,N
LSO,2017,FALSE,CONS,.1568288,.0475814,.5870739,.5509645,.1368324,.4185849,.4771358,CMSHBS,2017,2021,N
LTU,2008,FALSE,INC,.0069503,,0,,,.0138923,.0208425,EU-SILC,2004-2023,2017,N
LTU,2008,FALSE,INC,.0069503,,0,,,.0181105,.0250608,EU-SILC,2004-2023,2021,N
LTU,2009,FALSE,INC,.0071911,,0,,,.0224325,.0296236,EU-SILC,2004-2023,2017,N
LTU,2009,FALSE,INC,.0071911,,0,,,.0272261,.0344172,EU-SILC,2004-2023,2021,N
LTU,2010,FALSE,INC,.0070789,,0,.1671245,.1610687,.0153434,.0224223,EU-SILC,2004-2023,2017,N
LTU,2010,FALSE,INC,.0070789,,0,.1671245,.1610687,.0198386,.0269175,EU-SILC,2004-2023,2021,N
LTU,2011,FALSE,INC,.0061617,,0,.1571945,.1476609,.0070058,.0131675,EU-SILC,2004-2023,2017,N
LTU,2011,FALSE,INC,.0061617,,0,.1571945,.1476609,.0089026,.0150643,EU-SILC,2004-2023,2021,N
LTU,2012,FALSE,INC,.0059737,,0,.1355537,.128874,.0094779,.0154516,EU-SILC,2004-2023,2017,N
LTU,2012,FALSE,INC,.0059737,,0,.1355537,.128874,.0105014,.016475,EU-SILC,2004-2023,2021,N
LTU,2013,FALSE,INC,.0054692,,0,.1248206,.1196904,.0119972,.0174665,EU-SILC,2004-2023,2021,N
LTU,2013,FALSE,INC,.0054692,,0,.1248206,.1196904,.0070501,.0125193,EU-SILC,2004-2023,2017,N
LTU,2014,FALSE,INC,.00453,,0,.1233851,.1142085,.0171615,.0216915,EU-SILC,2004-2023,2021,N
LTU,2014,FALSE,INC,.00453,,0,.1233851,.1142085,.0126203,.0171502,EU-SILC,2004-2023,2017,N
LTU,2015,FALSE,INC,.0039412,,0,.1360794,.1297397,.0071986,.0111398,EU-SILC,2004-2023,2017,N
LTU,2015,FALSE,INC,.0039412,,0,.1360794,.1297397,.0104572,.0143984,EU-SILC,2004-2023,2021,N
LTU,2016,FALSE,INC,.0045167,,0,.1203561,.1142599,.0147915,.0193082,EU-SILC,2004-2023,2021,N
LTU,2016,FALSE,INC,.0045167,,0,.1203561,.1142599,.0127051,.0172217,EU-SILC,2004-2023,2017,N
LTU,2017,FALSE,INC,.0023867,,0,.1061611,.0994915,.0102251,.0126118,EU-SILC,2004-2023,2017,N
LTU,2017,FALSE,INC,.0023867,,0,.1061611,.0994915,.0116718,.0140585,EU-SILC,2004-2023,2021,N
LTU,2018,FALSE,INC,.0040034,,0,.0993261,.095018,.0092501,.0132536,EU-SILC,2004-2023,2017,N
LTU,2018,FALSE,INC,.0040034,,0,.0993261,.095018,.009812,.0138154,EU-SILC,2004-2023,2021,N
LTU,2019,FALSE,INC,.0038559,,0,.0753439,.0715885,.0060338,.0098898,EU-SILC,2004-2023,2021,N
LTU,2019,FALSE,INC,.0038559,,0,.0753439,.0715885,.0054793,.0093352,EU-SILC,2004-2023,2017,N
LTU,2020,FALSE,INC,.0018514,,0,,,.0018947,.0037461,EU-SILC,2004-2023,2017,N
LTU,2020,FALSE,INC,.0018514,,0,,,.0047281,.0065795,EU-SILC,2004-2023,2021,N
LTU,2021,FALSE,INC,.0010755,,0,,,.0031853,.0042608,EU-SILC,2004-2023,2021,N
LTU,2021,FALSE,INC,.0010755,,0,,,.002506,.0035815,EU-SILC,2004-2023,2017,N
LTU,2022,FALSE,INC,.0007685,,0,.0502214,.0538269,.0080176,.0087861,EU-SILC,2004-2023,2021,N
LTU,2022,FALSE,INC,.0007685,,0,.0502214,.0538269,.0075583,.0083269,EU-SILC,2004-2023,2017,N
LTU,2023,FALSE,INC,.0021884,,0,,,.0089156,.0105074,EU-SILC,2004-2023,2017,N
LTU,2023,FALSE,INC,.0021884,,0,,,.0109791,.0125709,EU-SILC,2004-2023,2021,N
LUX,2008,FALSE,INC,.0016122,,0,.0076656,.002018,0,.0016122,EU-SILC,2003-2023,2017,N
LUX,2008,FALSE,INC,.0016122,,0,.0076656,.002018,0,.0016122,EU-SILC,2003-2023,2021,N
LUX,2009,FALSE,INC,.0028784,,0,.0053596,.0032271,.0004776,.003356,EU-SILC,2003-2023,2021,N
LUX,2009,FALSE,INC,.0028784,,0,.0053596,.0032271,.0004411,.0033195,EU-SILC,2003-2023,2017,N
LUX,2010,FALSE,INC,.002867,,0,.0009358,.0021482,.0003284,.0031953,EU-SILC,2003-2023,2021,N
LUX,2010,FALSE,INC,.002867,,0,.0009358,.0021482,0,.002867,EU-SILC,2003-2023,2017,N
LUX,2011,FALSE,INC,.0022194,,0,.0068612,.0014905,.0013792,.0035985,EU-SILC,2003-2023,2021,N
LUX,2011,FALSE,INC,.0022194,,0,.0068612,.0014905,.0011758,.0033951,EU-SILC,2003-2023,2017,N
LUX,2012,FALSE,INC,.0024676,,0,.0006988,.002509,.0004362,.0029038,EU-SILC,2003-2023,2017,N
LUX,2012,FALSE,INC,.0024676,,0,.0006988,.002509,.0004362,.0029038,EU-SILC,2003-2023,2021,N
LUX,2013,FALSE,INC,.0063846,,0,.0008482,.002024,.000891,.0072756,EU-SILC,2003-2023,2017,N
LUX,2013,FALSE,INC,.0063846,,0,.0008482,.002024,.000891,.0072756,EU-SILC,2003-2023,2021,N
LUX,2014,FALSE,INC,.0105721,,0,.0002088,.0013251,.0013992,.0119272,EU-SILC,2003-2023,2017,N
LUX,2014,FALSE,INC,.0105721,,0,.0002088,.0013251,.0016039,.0121318,EU-SILC,2003-2023,2021,N
LUX,2015,FALSE,INC,.0102807,,0,.0054082,.011021,.0030987,.0133794,EU-SILC,2003-2023,2021,N
LUX,2015,FALSE,INC,.0102807,,0,.0054082,.011021,.0030012,.0132819,EU-SILC,2003-2023,2017,N
LUX,2016,FALSE,INC,.0112466,,0,.0009541,.0047817,.0011722,.0124188,EU-SILC,2003-2023,2021,N
LUX,2016,FALSE,INC,.0112466,,0,.0009541,.0047817,.0011722,.0124188,EU-SILC,2003-2023,2017,N
LUX,2017,FALSE,INC,.0076488,,0,.0001452,.0017543,.0029104,.0103134,EU-SILC,2003-2023,2021,N
LUX,2017,FALSE,INC,.0076488,,0,.0001452,.0017543,.0028313,.0102343,EU-SILC,2003-2023,2017,N
LUX,2018,FALSE,INC,.0039036,,0,.0008958,.0030005,.00304,.0069436,EU-SILC,2003-2023,2021,N
LUX,2018,FALSE,INC,.0039036,,0,.0008958,.0030005,.0028482,.0067518,EU-SILC,2003-2023,2017,N
LUX,2019,FALSE,INC,.0051341,,0,.0005259,.0012679,.0010119,.006146,EU-SILC,2003-2023,2017,N
LUX,2019,FALSE,INC,.0051341,,0,.0005259,.0012679,.0010119,.006146,EU-SILC,2003-2023,2021,N
LUX,2021,FALSE,INC,.0260741,,0,,0,.0008239,.0268206,EU-SILC,2003-2023,2021,N
LUX,2021,FALSE,INC,.0260741,,0,,0,.0005,.0264966,EU-SILC,2003-2023,2017,N
LUX,2022,FALSE,INC,.0408915,,0,,0,.0007921,.0416835,EU-SILC,2003-2023,2017,N
LUX,2022,FALSE,INC,.0408915,,0,,0,.0010437,.0418807,EU-SILC,2003-2023,2021,N
LUX,2023,FALSE,INC,.0324218,,0,,0,.0004665,.0328883,EU-SILC,2003-2023,2017,N
LUX,2023,FALSE,INC,.0324218,,0,,0,.0008514,.0332732,EU-SILC,2003-2023,2021,N
LVA,2008,FALSE,INC,.002751,,0,,0,.0127874,.0155385,EU-SILC,2004-2023,2017,N
LVA,2008,FALSE,INC,.002751,,0,,0,.0158653,.018497,EU-SILC,2004-2023,2021,N
LVA,2009,FALSE,INC,.0024904,,0,,0,.0259858,.0284762,EU-SILC,2004-2023,2021,N
LVA,2009,FALSE,INC,.0024904,,0,,0,.0169678,.0194582,EU-SILC,2004-2023,2017,N
LVA,2010,FALSE,INC,.0024663,,0,.1635911,.1835278,.025963,.0284293,EU-SILC,2004-2023,2021,N
LVA,2010,FALSE,INC,.0024663,,0,.1635911,.1835278,.0173268,.0197931,EU-SILC,2004-2023,2017,N
LVA,2011,FALSE,INC,.0017834,,0,.160662,.1842439,.0165722,.0183556,EU-SILC,2004-2023,2021,N
LVA,2011,FALSE,INC,.0017834,,0,.160662,.1842439,.0102861,.0120695,EU-SILC,2004-2023,2017,N
LVA,2012,FALSE,INC,.0035521,,0,.1507864,.1699984,.010677,.0142291,EU-SILC,2004-2023,2017,N
LVA,2012,FALSE,INC,.0035521,,0,.1507864,.1699984,.0143886,.0179407,EU-SILC,2004-2023,2021,N
LVA,2013,FALSE,INC,.007718,,0,.146811,.1614159,.0116538,.0188788,EU-SILC,2004-2023,2017,N
LVA,2013,FALSE,INC,.007718,,0,.146811,.1614159,.01539,.0226149,EU-SILC,2004-2023,2021,N
LVA,2014,FALSE,INC,.0026642,,0,.1377562,.1541305,.0079136,.0105777,EU-SILC,2004-2023,2017,N
LVA,2014,FALSE,INC,.0026642,,0,.1377562,.1541305,.0111596,.0138238,EU-SILC,2004-2023,2021,N
LVA,2015,FALSE,INC,.0028733,,0,.128021,.1410982,.0065031,.0093764,EU-SILC,2004-2023,2017,N
LVA,2015,FALSE,INC,.0028733,,0,.128021,.1410982,.010333,.0132063,EU-SILC,2004-2023,2021,N
LVA,2016,FALSE,INC,.0019362,,0,.1079284,.1207291,.0096123,.0115485,EU-SILC,2004-2023,2021,N
LVA,2016,FALSE,INC,.0019362,,0,.1079284,.1207291,.0064695,.0084057,EU-SILC,2004-2023,2017,N
LVA,2017,FALSE,INC,.0012975,,0,.1004297,.1189647,.0079722,.0092697,EU-SILC,2004-2023,2017,N
LVA,2017,FALSE,INC,.0012975,,0,.1004297,.1189647,.0098263,.0111238,EU-SILC,2004-2023,2021,N
LVA,2018,FALSE,INC,.0022204,,0,.0877119,.1013077,.0036,.0058204,EU-SILC,2004-2023,2017,N
LVA,2018,FALSE,INC,.0022204,,0,.0877119,.1013077,.0055916,.007812,EU-SILC,2004-2023,2021,N
LVA,2019,FALSE,INC,.0010515,,0,.07887,.0887115,.002391,.0034425,EU-SILC,2004-2023,2017,N
LVA,2019,FALSE,INC,.0010515,,0,.07887,.0887115,.0033748,.0044263,EU-SILC,2004-2023,2021,N
LVA,2020,FALSE,INC,.0013786,,0,,0,.0045501,.0059287,EU-SILC,2004-2023,2017,N
LVA,2020,FALSE,INC,.0013786,,0,,0,.0051211,.0064997,EU-SILC,2004-2023,2021,N
LVA,2021,FALSE,INC,.0012836,,0,,0,.0049065,.0061901,EU-SILC,2004-2023,2021,N
LVA,2021,FALSE,INC,.0012836,,0,,0,.003973,.0052566,EU-SILC,2004-2023,2017,N
LVA,2022,FALSE,INC,.0083853,,0,.058784,.0677456,.0033818,.0117671,EU-SILC,2004-2023,2017,N
LVA,2022,FALSE,INC,.0083853,,0,.058784,.0677456,.0042414,.0126267,EU-SILC,2004-2023,2021,N
LVA,2023,FALSE,INC,.0026907,,0,,0,.004441,.0070779,EU-SILC,2004-2023,2021,N
LVA,2023,FALSE,INC,.0026907,,0,,0,.0039352,.0065721,EU-SILC,2004-2023,2017,N
MAR,2013,FALSE,CONS,.1261658,.0682234,.0237514,.1292128,.0868324,.0144311,.0584599,ENCDM,2000-2013,2017,N
MAR,2013,FALSE,CONS,.1261658,.0682234,.0237514,.1292128,.0868324,.0367587,.0762574,ENCDM,2000-2013,2021,N
MDA,2010,FALSE,CONS,.0045572,.0042958,.0007989,.4810457,.3651765,.0083515,.0129428,HBS,2006-2018,2021,N
MDA,2010,FALSE,CONS,.0045572,.0042958,.0007989,.4810457,.3651765,.004104,.0086954,HBS,2006-2018,2017,N
MDA,2017,FALSE,CONS,.0013131,.0035479,.0002006,.2959444,.1867646,0,.0027022,HBS,2006-2018,2017,N
MDA,2017,FALSE,CONS,.0013131,.0035479,.0002006,.2959444,.1867646,.0006124,.003114,HBS,2006-2018,2021,N
MDA,2018,FALSE,CONS,.0007129,.0038649,.0000972,.2666799,.1723158,0,.0024077,HBS,2006-2018,2017,N
MDA,2018,FALSE,CONS,.0007129,.0038649,.0000972,.2666799,.1723158,.0001824,.0025901,HBS,2006-2018,2021,N
MDA,2019,FALSE,CONS,.0007772,.0050197,.0000838,.2548083,.1685641,.0002865,.0017168,HBS,2019-2023,2021,N
MDA,2019,FALSE,CONS,.0007772,.0050197,.0000838,.2548083,.1685641,.0002865,.0017168,HBS,2019-2023,2017,N
MDA,2020,FALSE,CONS,.0002971,.0049057,.000124,.2238137,.1465813,.0001608,.0010855,HBS,2019-2023,2021,N
MDA,2020,FALSE,CONS,.0002971,.0049057,.000124,.2238137,.1465813,0,.0009247,HBS,2019-2023,2017,N
MDA,2021,FALSE,CONS,.001334,.004956,.0001366,.196064,.1358891,.0016465,.0031746,HBS,2019-2023,2021,N
MDA,2021,FALSE,CONS,.001334,.004956,.0001366,.196064,.1358891,0,.0023945,HBS,2019-2023,2017,N
MDA,2022,FALSE,CONS,.00061,,0,.1853552,.1147784,0,.00061,HBS,2019-2023,2017,N
MDA,2022,FALSE,CONS,.00061,,0,.1853552,.1147784,.0003955,.0010055,HBS,2019-2023,2021,N
MDA,2023,FALSE,CONS,.0004711,.0036088,.0023295,.1497961,.0927115,.0012922,.0015071,HBS,2019-2023,2021,N
MDA,2023,FALSE,CONS,.0004711,.0036088,.0023295,.1497961,.0927115,0,.0002149,HBS,2019-2023,2017,N
MDG,2012,FALSE,CONS,.6830332,.3465588,.1296065,.7694609,.5992805,.6543576,.7281223,ENSOMD,2001-2012,2017,N
MDG,2012,FALSE,CONS,.6830332,.3465588,.1296065,.7694609,.5992805,.6731981,.7390518,ENSOMD,2001-2012,2021,N
MDG,2021,FALSE,CONS,.4491146,.2257367,.6218213,.7998386,.5853815,.5231626,.7087793,EPM,2021,2017,N
MDG,2021,FALSE,CONS,.4491146,.2257367,.6218213,.7998386,.5853815,.6917264,.7931136,EPM,2021,2021,N
MDV,2009,FALSE,CONS,.0644491,.0186557,0,,,.1310832,.1312075,HIES,2009,2021,N
MDV,2009,FALSE,CONS,.0644491,.0186557,0,,,.037729,.0378533,HIES,2009,2017,N
MDV,2016,FALSE,CONS,.0224441,.0152003,0,.0015628,.3600322,0,.0003515,HIES,2016,2017,N
MDV,2016,FALSE,CONS,.0224441,.0152003,0,.0015628,.3600322,.0008725,.001224,HIES,2016,2021,N
MDV,2019,FALSE,CONS,0,.018714,.0190272,.0482038,.0003332,0,0,HIES,2019,2017,N
MDV,2019,FALSE,CONS,0,.018714,.0190272,.0482038,.0003332,0,0,HIES,2019,2021,N
MEX,2010,FALSE,INC,.0668067,.035747,.0077718,.1739682,.0544815,.0840908,.0925294,ENIGH,1984-2014,2021,N
MEX,2010,FALSE,INC,.0668067,.035747,.0077718,.1739682,.0544815,.0470436,.0573041,ENIGH,1984-2014,2017,N
MEX,2012,FALSE,INC,.0607282,.0275678,.008116,.1680176,.0740639,.041996,.0527146,ENIGH,1984-2014,2017,N
MEX,2012,FALSE,INC,.0607282,.0275678,.008116,.1680176,.0740639,.0729114,.0818065,ENIGH,1984-2014,2021,N
MEX,2014,FALSE,INC,.0545812,.0247958,.0071661,.150214,.0487963,.0398311,.0457002,ENIGH,1984-2014,2017,N
MEX,2014,FALSE,INC,.0545812,.0247958,.0071661,.150214,.0487963,.0719852,.0772083,ENIGH,1984-2014,2021,N
MEX,2016,FALSE,INC,.0450908,.0235816,.0040775,.1359979,.0465985,.0443689,.0499993,ENIGHNS,2016-2022,2021,N
MEX,2016,FALSE,INC,.0450908,.0235816,.0040775,.1359979,.0465985,.023164,.0293653,ENIGHNS,2016-2022,2017,N
MEX,2018,FALSE,INC,.0432277,.0246214,.0038953,.1331731,.0419555,.0389404,.0438331,ENIGHNS,2016-2022,2021,N
MEX,2018,FALSE,INC,.0432277,.0246214,.0038953,.1331731,.0419555,.0187597,.0245479,ENIGHNS,2016-2022,2017,N
MEX,2020,FALSE,INC,.0375666,.0250774,.0022176,.1127551,.0386746,.0425603,.0464831,ENIGHNS,2016-2022,2021,N
MEX,2020,FALSE,INC,.0375666,.0250774,.0022176,.1127551,.0386746,.0213194,.025811,ENIGHNS,2016-2022,2017,N
MEX,2022,FALSE,INC,.0372266,.0267205,.0032067,.1067658,.0435398,.023304,.0282705,ENIGHNS,2016-2022,2021,N
MEX,2022,FALSE,INC,.0372266,.0267205,.0032067,.1067658,.0435398,.0117968,.0174032,ENIGHNS,2016-2022,2017,N
MHL,2019,FALSE,CONS,.0021705,.0670192,.0109534,.2899758,.0173706,.0085434,.010064,HIES,2019,2017,N
MHL,2019,FALSE,CONS,.0021705,.0670192,.0109534,.2899758,.0173706,.0210096,.0225302,HIES,2019,2021,N
MKD,2009,FALSE,INC,.0075463,,0,.1310614,,.1212099,.1270068,SILC-C,2009-2019,2021,N
MKD,2009,FALSE,INC,.0075463,,0,.1310614,,.0976767,.1035133,SILC-C,2009-2019,2017,N
MKD,2010,FALSE,INC,.0081529,,0,,,.1044823,.1104939,SILC-C,2009-2019,2017,N
MKD,2010,FALSE,INC,.0081529,,0,,,.1281778,.1338318,SILC-C,2009-2019,2021,N
MKD,2011,FALSE,INC,.0071929,,0,,,.0908707,.095992,SILC-C,2009-2019,2017,N
MKD,2011,FALSE,INC,.0071929,,0,,,.1093292,.1144505,SILC-C,2009-2019,2021,N
MKD,2012,FALSE,INC,.0066825,,0,,,.0691279,.0738225,SILC-C,2009-2019,2017,N
MKD,2012,FALSE,INC,.0066825,,0,,,.0911005,.095795,SILC-C,2009-2019,2021,N
MKD,2013,FALSE,INC,.0053506,,0,,,.073809,.0773949,SILC-C,2009-2019,2021,N
MKD,2013,FALSE,INC,.0053506,,0,,,.052257,.0559074,SILC-C,2009-2019,2017,N
MKD,2014,FALSE,INC,.0034722,,0,.0640038,,.0451673,.0480837,SILC-C,2009-2019,2017,N
MKD,2014,FALSE,INC,.0034722,,0,.0640038,,.0644404,.0672119,SILC-C,2009-2019,2021,N
MKD,2015,FALSE,INC,.004548,,0,.0664853,,.0700449,.0741514,SILC-C,2009-2019,2021,N
MKD,2015,FALSE,INC,.004548,,0,.0664853,,.0550254,.0591568,SILC-C,2009-2019,2017,N
MKD,2016,FALSE,INC,.0043494,,0,.0522354,,.0423664,.0455004,SILC-C,2009-2019,2017,N
MKD,2016,FALSE,INC,.0043494,,0,.0522354,,.0568868,.0597245,SILC-C,2009-2019,2021,N
MKD,2017,FALSE,INC,.0032373,,0,.0530479,,.0563973,.0590572,SILC-C,2009-2019,2021,N
MKD,2017,FALSE,INC,.0032373,,0,.0530479,,.0449401,.0476,SILC-C,2009-2019,2017,N
MKD,2018,FALSE,INC,.0039417,,0,.0511061,,.0427997,.045981,SILC-C,2009-2019,2021,N
MKD,2018,FALSE,INC,.0039417,,0,.0511061,,.0339856,.0371668,SILC-C,2009-2019,2017,N
MKD,2019,FALSE,INC,.0041153,,0,.045417,,.0394035,.0433287,SILC-C,2009-2019,2021,N
MKD,2019,FALSE,INC,.0041153,,0,.045417,,.0266335,.0306022,SILC-C,2009-2019,2017,N
MLI,2018,FALSE,CONS,.6463027,.2817537,.2385211,.5194457,.2380715,.2938244,.4909525,EHCVM,2018-2021,2021,N
MLI,2018,FALSE,CONS,.6463027,.2817537,.2385211,.5194457,.2380715,.1521881,.42221,EHCVM,2018-2021,2017,N
MLI,2021,FALSE,CONS,.6219651,.4579253,.1631368,.4835782,.1894571,.3610308,.5608482,EHCVM,2018-2021,2021,N
MLI,2021,FALSE,CONS,.6219651,.4579253,.1631368,.4835782,.1894571,.2084925,.5045683,EHCVM,2018-2021,2017,N
MLT,2008,FALSE,INC,.0080665,,0,,0,.0017918,.0098583,EU-SILC,2006-2022,2021,N
MLT,2008,FALSE,INC,.0080665,,0,,0,.0010901,.0091567,EU-SILC,2006-2022,2017,N
MLT,2009,FALSE,INC,.0057091,,0,,0,.0043045,.0099555,EU-SILC,2006-2022,2017,N
MLT,2009,FALSE,INC,.0057091,,0,,0,.0047916,.0104427,EU-SILC,2006-2022,2021,N
MLT,2010,FALSE,INC,.0053387,,0,.0014089,.0026923,.0021927,.0075315,EU-SILC,2006-2022,2017,N
MLT,2010,FALSE,INC,.0053387,,0,.0014089,.0026923,.0025859,.0079246,EU-SILC,2006-2022,2021,N
MLT,2011,FALSE,INC,.0056585,,0,.000991,.0025918,.002096,.0076186,EU-SILC,2006-2022,2021,N
MLT,2011,FALSE,INC,.0056585,,0,.000991,.0025918,.0018571,.0075155,EU-SILC,2006-2022,2017,N
MLT,2012,FALSE,INC,.0052121,,0,.0016193,.0026815,.0018709,.007083,EU-SILC,2006-2022,2021,N
MLT,2012,FALSE,INC,.0052121,,0,.0016193,.0026815,.0011772,.0063893,EU-SILC,2006-2022,2017,N
MLT,2013,FALSE,INC,.0052448,,0,.0009319,.0025916,.0002967,.0055414,EU-SILC,2006-2022,2021,N
MLT,2013,FALSE,INC,.0052448,,0,.0009319,.0025916,.0002967,.0055414,EU-SILC,2006-2022,2017,N
MLT,2014,FALSE,INC,.0056197,,0,.0002833,.0016922,0,.0056197,EU-SILC,2006-2022,2017,N
MLT,2014,FALSE,INC,.0056197,,0,.0002833,.0016922,0,.0056197,EU-SILC,2006-2022,2021,N
MLT,2015,FALSE,INC,.0046884,,0,.0004438,.0014982,.0008438,.0055321,EU-SILC,2006-2022,2021,N
MLT,2015,FALSE,INC,.0046884,,0,.0004438,.0014982,.0008438,.0055321,EU-SILC,2006-2022,2017,N
MLT,2016,FALSE,INC,.0037818,,0,.0001384,.000618,.0009209,.0047027,EU-SILC,2006-2022,2017,N
MLT,2016,FALSE,INC,.0037818,,0,.0001384,.000618,.0011353,.0049171,EU-SILC,2006-2022,2021,N
MLT,2017,FALSE,INC,.0023936,,0,.0013299,.0007642,.0015989,.0039925,EU-SILC,2006-2022,2017,N
MLT,2017,FALSE,INC,.0023936,,0,.0013299,.0007642,.0016486,.0040422,EU-SILC,2006-2022,2021,N
MLT,2018,FALSE,INC,.0011929,,0,.0009452,.0005755,.0010338,.0022267,EU-SILC,2006-2022,2017,N
MLT,2018,FALSE,INC,.0011929,,0,.0009452,.0005755,.0015923,.0027852,EU-SILC,2006-2022,2021,N
MLT,2019,FALSE,INC,.0007343,,0,.0010015,.0003055,.0030468,.0037811,EU-SILC,2006-2022,2021,N
MLT,2019,FALSE,INC,.0007343,,0,.0010015,.0003055,.0030468,.0037811,EU-SILC,2006-2022,2017,N
MLT,2020,FALSE,INC,.0004596,,0,,0,.0039384,.004398,EU-SILC,2006-2022,2021,N
MLT,2020,FALSE,INC,.0004596,,0,,0,.0025567,.0030163,EU-SILC,2006-2022,2017,N
MLT,2021,FALSE,INC,.0004218,,0,,0,.0008616,.0012833,EU-SILC,2006-2022,2017,N
MLT,2021,FALSE,INC,.0004218,,0,,0,.0012168,.0016386,EU-SILC,2006-2022,2021,N
MLT,2022,FALSE,INC,.0005541,,0,0,.000182,.0007586,.0013127,EU-SILC,2006-2022,2017,N
MLT,2022,FALSE,INC,.0005541,,0,0,.000182,.0011005,.0016546,EU-SILC,2006-2022,2021,N
MMR,2015,FALSE,CONS,.1274835,.1370282,.3528785,.3774992,.2943327,.182407,.2823414,MPLCS,2015-2017,2021,N
MMR,2015,FALSE,CONS,.1274835,.1370282,.3528785,.3774992,.2943327,.06217,.1956483,MPLCS,2015-2017,2017,N
MMR,2017,FALSE,CONS,.1082575,.0680916,.2081536,.2768068,.2060402,.1026623,.1616564,MLCS,2015-2017,2021,N
MMR,2017,FALSE,CONS,.1082575,.0680916,.2081536,.2768068,.2060402,.0199116,.0971525,MLCS,2015-2017,2017,N
MNG,2010,FALSE,CONS,.0040485,.0378673,.019194,.4472009,.2361487,.0349406,.0595778,HSES,2010-2018,2021,N
MNG,2010,FALSE,CONS,.0040485,.0378673,.019194,.4472009,.2361487,.0114357,.0377024,HSES,2010-2018,2017,N
MNG,2011,FALSE,CONS,.0090612,.0368285,.0113253,.4760332,.2565771,.008568,.0341017,HSES,2010-2018,2017,N
MNG,2011,FALSE,CONS,.0090612,.0368285,.0113253,.4760332,.2565771,.0219136,.0467208,HSES,2010-2018,2021,N
MNG,2012,FALSE,CONS,.0081916,.0326462,.0066135,.2668424,.2127001,.0108268,.0261316,HSES,2010-2018,2021,N
MNG,2012,FALSE,CONS,.0081916,.0326462,.0066135,.2668424,.2127001,.0047311,.0205485,HSES,2010-2018,2017,N
MNG,2014,FALSE,CONS,.011201,.0311801,.0029575,.1620712,.1814024,.0032755,.0152366,HSES,2010-2018,2017,N
MNG,2014,FALSE,CONS,.011201,.0311801,.0029575,.1620712,.1814024,.007806,.0196734,HSES,2010-2018,2021,N
MNG,2016,FALSE,CONS,.0083235,.0315802,.0030119,.0955499,.1281518,.0193837,.0265875,HSES,2010-2018,2021,N
MNG,2016,FALSE,CONS,.0083235,.0315802,.0030119,.0955499,.1281518,.007065,.0144262,HSES,2010-2018,2017,N
MNG,2018,FALSE,CONS,.00883,.0320012,.0015325,.10399,.1304515,.0169113,.0231889,HSES,2010-2018,2021,N
MNG,2018,FALSE,CONS,.00883,.0320012,.0015325,.10399,.1304515,.0071159,.0135549,HSES,2010-2018,2017,N
MNG,2022,FALSE,CONS,.0114059,.0408868,.000701,.437127,.0893531,.0022341,.0112334,HSES,2022,2017,N
MNG,2022,FALSE,CONS,.0114059,.0408868,.000701,.437127,.0893531,.0043983,.0133975,HSES,2022,2021,N
MOZ,2014,FALSE,CONS,.547473,.3326088,.1459507,.712907,.4112416,.743878,.7951481,IOF,1996-2022,2021,N
MOZ,2014,FALSE,CONS,.547473,.3326088,.1459507,.712907,.4112416,.6464086,.7367616,IOF,1996-2022,2017,N
MOZ,2019,FALSE,CONS,.5379354,.0679813,.6784703,.7171718,.491495,.7363693,.8085877,IOF,1996-2022,2017,N
MOZ,2019,FALSE,CONS,.5379354,.0679813,.6784703,.7171718,.491495,.8163159,.8549333,IOF,1996-2022,2021,N
MOZ,2022,FALSE,CONS,.5106297,.0778609,.6417677,.7717828,.3874359,.7288814,.802558,IOF,1996-2022,2017,N
MOZ,2022,FALSE,CONS,.5106297,.0778609,.6417677,.7717828,.3874359,.8136108,.8496764,IOF,1996-2022,2021,N
MRT,2014,FALSE,CONS,.5426229,.0830651,.5407616,.4929575,.3864105,.117057,.4724424,EPCV,2000-2019,2021,N
MRT,2014,FALSE,CONS,.5426229,.0830651,.5407616,.4929575,.3864105,.0649084,.4565534,EPCV,2000-2019,2017,N
MRT,2019,FALSE,CONS,.5060262,.3390816,.1975605,.5583616,.3766908,.0535467,.4113628,EPCV,2000-2019,2017,N
MRT,2019,FALSE,CONS,.5060262,.3390816,.1975605,.5583616,.3766908,.102215,.4274226,EPCV,2000-2019,2021,N
MUS,2017,FALSE,CONS,.0710888,.0019484,.0023233,,,.0012531,.0035474,HBS,2006-2017,2017,N
MUS,2017,FALSE,CONS,.0710888,.0019484,.0023233,,,.0054019,.0073469,HBS,2006-2017,2021,N
MWI,2010,FALSE,CONS,.4769804,.0312256,.0513697,.2642619,.1940761,.7293074,.7636458,IHS-III,2004-2019,2021,N
MWI,2010,FALSE,CONS,.4769804,.0312256,.0513697,.2642619,.1940761,.6845871,.7284479,IHS-III,2004-2019,2017,N
MWI,2016,FALSE,CONS,.5598778,.030803,.0673104,.4813637,.1291214,.7165249,.7673331,IHS-IV,2004-2019,2021,N
MWI,2016,FALSE,CONS,.5598778,.030803,.0673104,.4813637,.1291214,.6573572,.7266409,IHS-IV,2004-2019,2017,N
MWI,2019,FALSE,CONS,.5227485,.0368635,.887574,.7513766,.114004,.7543822,.8095818,IHS-V,2004-2019,2021,N
MWI,2019,FALSE,CONS,.5227485,.0368635,.887574,.7513766,.114004,.700606,.7764934,IHS-V,2004-2019,2017,N
MYS,2011,FALSE,INC,.0270042,.5576345,.0020574,.0089769,.0267771,.0036817,.0130269,HIS,2003-2021,2021,N
MYS,2011,FALSE,INC,.0270042,.5576345,.0020574,.0089769,.0267771,.0013993,.0111963,HIS,2003-2021,2017,N
MYS,2015,FALSE,INC,.0341649,.0081725,.0007404,.004205,.0160678,.0005276,.0019409,HIS,2003-2021,2021,N
MYS,2015,FALSE,INC,.0341649,.0081725,.0007404,.004205,.0160678,.0001921,.0016337,HIS,2003-2021,2017,N
MYS,2018,FALSE,INC,.0121903,.0068865,.0004228,.0045811,.0143218,.0001103,.0007571,HIESBA,2003-2021,2017,N
MYS,2018,FALSE,INC,.0121903,.0068865,.0004228,.0045811,.0143218,.0003015,.0009337,HIESBA,2003-2021,2021,N
MYS,2021,FALSE,INC,.012745,.0062004,.0001231,,.0366321,0,.0030055,HIS,2003-2021,2017,N
MYS,2021,FALSE,INC,.012745,.0062004,.0001231,,.0366321,.0001308,.0031109,HIS,2003-2021,2021,N
NAM,2015,FALSE,CONS,.1072446,.0607521,.5384216,.6831442,.0923616,.1559039,.2729042,NHIES,2003-2015,2017,N
NAM,2015,FALSE,CONS,.1072446,.0607521,.5384216,.6831442,.0923616,.2283882,.3279335,NHIES,2003-2015,2021,N
NER,2018,FALSE,CONS,.7241871,.4264724,.7874317,.8519843,.3753252,.5090594,.7780039,EHCVM,2018-2021,2017,N
NER,2018,FALSE,CONS,.7241871,.4264724,.7874317,.8519843,.3753252,.590125,.7966034,EHCVM,2018-2021,2021,N
NER,2021,FALSE,CONS,.6764377,.4714823,.7431945,.8342799,.336848,.6048987,.7934942,EHCVM,2018-2021,2021,N
NER,2021,FALSE,CONS,.6764377,.4714823,.7431945,.8342799,.336848,.5061381,.757653,EHCVM,2018-2021,2017,N
NGA,2018,FALSE,CONS,.1758114,.0901891,.3944255,.4514206,.3261273,.308633,.3968692,LSS,2018-2022,2017,N
NGA,2018,FALSE,CONS,.1758114,.0901891,.3944255,.4514206,.3261273,.341929,.4205423,LSS,2018-2022,2021,N
NGA,2022,FALSE,CONS,.1942545,.0696176,.4150964,.339801,.2152426,.4181708,.4703219,LSS,2018-2022,2021,N
NGA,2022,FALSE,CONS,.1942545,.0696176,.4150964,.339801,.2152426,.3798156,.4399116,LSS,2018-2022,2017,N
NIC,2014,FALSE,INC,.1410742,.0805601,.1997528,.4274418,.1249099,.0657038,.1745192,EMNV,2005-2014,2021,N
NIC,2014,FALSE,INC,.1410742,.0805601,.1997528,.4274418,.1249099,.0394103,.1559035,EMNV,2005-2014,2017,N
NLD,2008,FALSE,INC,.0022651,,0,,0,.0017445,.0040096,EU-SILC,2004-2021,2021,N
NLD,2008,FALSE,INC,.0022651,,0,,0,.0013361,.0036012,EU-SILC,2004-2021,2017,N
NLD,2009,FALSE,INC,.0046323,,0,,0,.0022817,.006914,EU-SILC,2004-2021,2021,N
NLD,2009,FALSE,INC,.0046323,,0,,0,.0011077,.00574,EU-SILC,2004-2021,2017,N
NLD,2010,FALSE,INC,.0052454,,0,.0001048,.0001378,.0004744,.0057198,EU-SILC,2004-2021,2017,N
NLD,2010,FALSE,INC,.0052454,,0,.0001048,.0001378,.0004744,.0057198,EU-SILC,2004-2021,2021,N
NLD,2011,FALSE,INC,.0050589,,0,.0004488,.0006771,.0009605,.0060195,EU-SILC,2004-2021,2017,N
NLD,2011,FALSE,INC,.0050589,,0,.0004488,.0006771,.0013945,.0064534,EU-SILC,2004-2021,2021,N
NLD,2012,FALSE,INC,.0044893,,0,0,.0002576,.0007584,.0052477,EU-SILC,2004-2021,2017,N
NLD,2012,FALSE,INC,.0044893,,0,0,.0002576,.0007584,.0052477,EU-SILC,2004-2021,2021,N
NLD,2013,FALSE,INC,.0057531,,0,.0000679,.0001201,.0008688,.0066219,EU-SILC,2004-2021,2017,N
NLD,2013,FALSE,INC,.0057531,,0,.0000679,.0001201,.0009081,.0066612,EU-SILC,2004-2021,2021,N
NLD,2014,FALSE,INC,.004957,,0,.0004192,.0008986,.0005771,.0055341,EU-SILC,2004-2021,2017,N
NLD,2014,FALSE,INC,.004957,,0,.0004192,.0008986,.0014913,.0064483,EU-SILC,2004-2021,2021,N
NLD,2015,FALSE,INC,.0118624,,0,.0006242,.0011041,.0006166,.012479,EU-SILC,2004-2021,2017,N
NLD,2015,FALSE,INC,.0118624,,0,.0006242,.0011041,.0006826,.012545,EU-SILC,2004-2021,2021,N
NLD,2016,FALSE,INC,.0118801,,0,.0005864,.0013239,.0004592,.0123392,EU-SILC,2004-2021,2017,N
NLD,2016,FALSE,INC,.0118801,,0,.0005864,.0013239,.0005769,.012457,EU-SILC,2004-2021,2021,N
NLD,2017,FALSE,INC,.0107899,,0,.0001219,.000676,.0018877,.0126776,EU-SILC,2004-2021,2017,N
NLD,2017,FALSE,INC,.0107899,,0,.0001219,.000676,.0020609,.0128508,EU-SILC,2004-2021,2021,N
NLD,2018,FALSE,INC,.0122245,,0,.0004967,.0007723,.0011214,.0133459,EU-SILC,2004-2021,2021,N
NLD,2018,FALSE,INC,.0122245,,0,.0004967,.0007723,.0010092,.0132337,EU-SILC,2004-2021,2017,N
NLD,2019,FALSE,INC,.0156293,,0,.0002828,.0009718,.0009573,.0165866,EU-SILC,2004-2021,2021,N
NLD,2019,FALSE,INC,.0156293,,0,.0002828,.0009718,.0009573,.0165866,EU-SILC,2004-2021,2017,N
NLD,2020,FALSE,INC,.016515,,0,,0,.0002796,.0167946,EU-SILC,2004-2021,2017,N
NLD,2020,FALSE,INC,.016515,,0,,0,.000408,.016923,EU-SILC,2004-2021,2021,N
NLD,2021,FALSE,INC,.0154555,,0,,0,.0006972,.0161526,EU-SILC,2004-2021,2017,N
NLD,2021,FALSE,INC,.0154555,,0,,0,.0009726,.0164281,EU-SILC,2004-2021,2021,N
NOR,2008,FALSE,INC,.0197589,,0,.0008093,.0008823,.0022673,.0209659,EU-SILC,2003-2023,2017,N
NOR,2008,FALSE,INC,.0197589,,0,.0008093,.0008823,.0024015,.0211002,EU-SILC,2003-2023,2021,N
NOR,2009,FALSE,INC,.0132236,,0,.0019124,.0007733,.0008695,.0136801,EU-SILC,2003-2023,2017,N
NOR,2009,FALSE,INC,.0132236,,0,.0019124,.0007733,.0008695,.0136801,EU-SILC,2003-2023,2021,N
NOR,2010,FALSE,INC,.0063662,,0,.0025293,.0039646,.0015099,.0077098,EU-SILC,2003-2023,2021,N
NOR,2010,FALSE,INC,.0063662,,0,.0025293,.0039646,.0015099,.0077098,EU-SILC,2003-2023,2017,N
NOR,2011,FALSE,INC,.0062665,,0,0,.0023926,.001285,.0073386,EU-SILC,2003-2023,2021,N
NOR,2011,FALSE,INC,.0062665,,0,0,.0023926,.0009757,.0070293,EU-SILC,2003-2023,2017,N
NOR,2012,FALSE,INC,.0074731,,0,0,.0040388,.0011731,.0084464,EU-SILC,2003-2023,2017,N
NOR,2012,FALSE,INC,.0074731,,0,0,.0040388,.0012717,.0085451,EU-SILC,2003-2023,2021,N
NOR,2013,FALSE,INC,.0078487,,0,0,.0021561,.001649,.009279,EU-SILC,2003-2023,2021,N
NOR,2013,FALSE,INC,.0078487,,0,0,.0021561,.0013044,.0089344,EU-SILC,2003-2023,2017,N
NOR,2014,FALSE,INC,.0117392,,0,0,.0033572,.0011292,.0126844,EU-SILC,2003-2023,2017,N
NOR,2014,FALSE,INC,.0117392,,0,0,.0033572,.0011292,.0126844,EU-SILC,2003-2023,2021,N
NOR,2015,FALSE,INC,.0140334,,0,0,.0043778,.0017005,.015624,EU-SILC,2003-2023,2017,N
NOR,2015,FALSE,INC,.0140334,,0,0,.0043778,.0017005,.015624,EU-SILC,2003-2023,2021,N
NOR,2016,FALSE,INC,.0182743,,0,0,.0042193,.0028067,.020681,EU-SILC,2003-2023,2017,N
NOR,2016,FALSE,INC,.0182743,,0,0,.0042193,.0028067,.020681,EU-SILC,2003-2023,2021,N
NOR,2017,FALSE,INC,.0210596,,0,0,.0027652,.0029165,.0232861,EU-SILC,2003-2023,2021,N
NOR,2017,FALSE,INC,.0210596,,0,0,.0027652,.0029165,.0232861,EU-SILC,2003-2023,2017,N
NOR,2018,FALSE,INC,.0212587,,0,0,.0041452,.0025446,.0234712,EU-SILC,2003-2023,2017,N
NOR,2018,FALSE,INC,.0212587,,0,0,.0041452,.002818,.0237446,EU-SILC,2003-2023,2021,N
NOR,2019,FALSE,INC,.0167434,,0,0,.0047663,.0019043,.0183641,EU-SILC,2003-2023,2021,N
NOR,2019,FALSE,INC,.0167434,,0,0,.0047663,.0015653,.0180251,EU-SILC,2003-2023,2017,N
NOR,2020,FALSE,INC,.0005989,,0,,0,.0029496,.0035485,EU-SILC,2003-2023,2021,N
NOR,2020,FALSE,INC,.0005989,,0,,0,.002845,.0034439,EU-SILC,2003-2023,2017,N
NOR,2021,FALSE,INC,.0067995,,0,,0,.0014904,.0082899,EU-SILC,2003-2023,2017,N
NOR,2021,FALSE,INC,.0067995,,0,,0,.0017024,.0085019,EU-SILC,2003-2023,2021,N
NOR,2022,FALSE,INC,.0009698,,0,,0,.0029466,.0039164,EU-SILC,2003-2023,2021,N
NOR,2022,FALSE,INC,.0009698,,0,,0,.0029466,.0039164,EU-SILC,2003-2023,2017,N
NOR,2023,FALSE,INC,.0012803,,0,,0,.0016353,.0029156,EU-SILC,2003-2023,2017,N
NOR,2023,FALSE,INC,.0012803,,0,,0,.0019706,.0032509,EU-SILC,2003-2023,2021,N
NPL,2010,FALSE,CONS,.285602,.0950575,.3146772,.4671919,.1276939,.2150441,.3510183,LSS-III,2010,2021,N
NPL,2010,FALSE,CONS,.285602,.0950575,.3146772,.4671919,.1276939,.082405,.2698473,LSS-III,2010,2017,N
NPL,2022,FALSE,CONS,.1336445,.0329602,.0594978,.1407578,.0974181,.0243631,.0437831,LSS-IV,2022,2021,N
NPL,2022,FALSE,CONS,.1336445,.0329602,.0594978,.1407578,.0974181,.003666,.0269997,LSS-IV,2022,2017,N
NRU,2012,FALSE,CONS,.0155424,.057133,.0023798,.2173172,.0270223,.0212244,.0247144,HIES,2012,2017,N
NRU,2012,FALSE,CONS,.0155424,.057133,.0023798,.2173172,.0270223,.0971857,.1006758,HIES,2012,2021,N
PAK,2010,FALSE,CONS,.2166396,.3067139,.0836127,.4950083,.1157608,.266556,.3538118,HIES,2001-2018,2021,N
PAK,2010,FALSE,CONS,.2166396,.3067139,.0836127,.4950083,.1157608,.0938186,.2335161,HIES,2001-2018,2017,N
PAK,2011,FALSE,CONS,.2174312,.3086407,.0893332,.3434588,.0941683,.2593352,.3308102,HIES,2001-2018,2021,N
PAK,2011,FALSE,CONS,.2174312,.3086407,.0893332,.3434588,.0941683,.0958788,.2112023,HIES,2001-2018,2017,N
PAK,2013,FALSE,CONS,.2276655,.3164812,.0812617,.3511046,.0789923,.2124638,.295245,HIES,2001-2018,2021,N
PAK,2013,FALSE,CONS,.2276655,.3164812,.0812617,.3511046,.0789923,.0736264,.2051193,HIES,2001-2018,2017,N
PAK,2015,FALSE,CONS,.2229415,.3073666,.1009624,.2799529,.0768477,.0511019,.1851994,HIES,2001-2018,2017,N
PAK,2015,FALSE,CONS,.2229415,.3073666,.1009624,.2799529,.0768477,.1691146,.2596917,HIES,2001-2018,2021,N
PAK,2018,FALSE,CONS,.2109263,.2882376,.0932173,.2479985,.0651788,.1651617,.2436602,HIES,2001-2018,2021,N
PAK,2018,FALSE,CONS,.2109263,.2882376,.0932173,.2479985,.0651788,.0493245,.1666799,HIES,2001-2018,2017,N
PAN,2021,FALSE,INC,.0240938,.0161971,.0476483,.0617666,.0448464,.033005,.0427482,EH,2008-2024,2021,N
PAN,2021,FALSE,INC,.0240938,.0161971,.0476483,.0617666,.0448464,.0110826,.0244559,EH,2008-2024,2017,N
PER,2010,FALSE,INC,.0592199,.0163946,.1216305,.1187825,.1770647,.0682377,.1043225,ENAHO,2004-2024,2017,N
PER,2010,FALSE,INC,.0592199,.0163946,.1216305,.1187825,.1770647,.1120056,.1412656,ENAHO,2004-2024,2021,N
PER,2011,FALSE,INC,.0587822,.0148113,.1043564,.1073451,.1776152,.1033993,.1305547,ENAHO,2004-2024,2021,N
PER,2011,FALSE,INC,.0587822,.0148113,.1043564,.1073451,.1776152,.0650402,.0987124,ENAHO,2004-2024,2017,N
PER,2012,FALSE,INC,.0581585,.012648,.0881706,.1498771,.1346551,.0952724,.1212437,ENAHO,2004-2024,2021,N
PER,2012,FALSE,INC,.0581585,.012648,.0881706,.1498771,.1346551,.0607855,.092245,ENAHO,2004-2024,2017,N
PER,2013,FALSE,INC,.056348,.0126596,.077099,.1451427,.1227228,.0539633,.0808221,ENAHO,2004-2024,2017,N
PER,2013,FALSE,INC,.056348,.0126596,.077099,.1451427,.1227228,.0861656,.1087234,ENAHO,2004-2024,2021,N
PER,2014,FALSE,INC,.0578487,.0112111,.0675908,.1509225,.0998602,.0799331,.0998003,ENAHO,2004-2024,2021,N
PER,2014,FALSE,INC,.0578487,.0112111,.0675908,.1509225,.0998602,.0482481,.0719579,ENAHO,2004-2024,2017,N
PER,2015,FALSE,INC,.0588381,.0109672,.0583715,.143163,.0975551,.0471855,.0680991,ENAHO,2004-2024,2017,N
PER,2015,FALSE,INC,.0588381,.0109672,.0583715,.143163,.0975551,.0795806,.0969944,ENAHO,2004-2024,2021,N
PER,2016,FALSE,INC,.0571505,.0096991,.0554983,.1434911,.0823335,.0459618,.0656025,ENAHO,2004-2024,2017,N
PER,2016,FALSE,INC,.0571505,.0096991,.0554983,.1434911,.0823335,.0746933,.090974,ENAHO,2004-2024,2021,N
PER,2017,FALSE,INC,.0568966,.0066669,.0489248,.1398012,.0798152,.0449706,.0634518,ENAHO,2004-2024,2017,N
PER,2017,FALSE,INC,.0568966,.0066669,.0489248,.1398012,.0798152,.0731406,.0886556,ENAHO,2004-2024,2021,N
PER,2018,FALSE,INC,.0565598,.0057338,.0448399,.121195,.0679741,.0356699,.0512128,ENAHO,2004-2024,2017,N
PER,2018,FALSE,INC,.0565598,.0057338,.0448399,.121195,.0679741,.0607525,.0741053,ENAHO,2004-2024,2021,N
PER,2019,FALSE,INC,.0540014,.0079354,.0412701,.120668,.0624999,.0541925,.0675566,ENAHO,2004-2024,2021,N
PER,2019,FALSE,INC,.0540014,.0079354,.0412701,.120668,.0624999,.0297708,.0455146,ENAHO,2004-2024,2017,N
PER,2020,FALSE,INC,.0476551,.0119162,.0365894,.1147658,.0549806,.0582176,.0698518,ENAHO,2004-2024,2017,N
PER,2020,FALSE,INC,.0476551,.0119162,.0365894,.1147658,.0549806,.1030816,.1132659,ENAHO,2004-2024,2021,N
PER,2021,FALSE,INC,.0536016,.0121012,.0414481,.1215935,.0525649,.0518984,.0635391,ENAHO,2004-2024,2021,N
PER,2021,FALSE,INC,.0536016,.0121012,.0414481,.1215935,.0525649,.0277309,.0412015,ENAHO,2004-2024,2017,N
PER,2022,FALSE,INC,.0505781,.0070348,.0378886,.1299137,.0547198,.0484082,.0602238,ENAHO,2004-2024,2021,N
PER,2022,FALSE,INC,.0505781,.0070348,.0378886,.1299137,.0547198,.0265655,.0399544,ENAHO,2004-2024,2017,N
PER,2023,FALSE,INC,.0486495,.004665,.0379812,.1338322,.0540164,.0587874,.0691274,ENAHO,2004-2024,2021,N
PER,2023,FALSE,INC,.0486495,.004665,.0379812,.1338322,.0540164,.032249,.0441124,ENAHO,2004-2024,2017,N
PER,2024,FALSE,INC,.0473292,.00634,.0349804,.1420714,.0527265,.0283896,.0389406,ENAHO,2004-2024,2017,N
PER,2024,FALSE,INC,.0473292,.00634,.0349804,.1420714,.0527265,.0514056,.0606471,ENAHO,2004-2024,2021,N
PHL,2012,FALSE,INC,.0503364,.0598504,.1142825,.1872547,.113038,.2134617,.2291342,FIES,2003-2023,2021,N
PHL,2012,FALSE,INC,.0503364,.0598504,.1142825,.1872547,.113038,.1093892,.1356776,FIES,2003-2023,2017,N
PHL,2015,FALSE,INC,.0447078,.0434865,.090887,.1729696,.0966778,.1463308,.1616392,FIES,2003-2023,2021,N
PHL,2015,FALSE,INC,.0447078,.0434865,.090887,.1729696,.0966778,.0649045,.0880015,FIES,2003-2023,2017,N
PHL,2018,FALSE,INC,.0376198,.0432466,.0667635,.079736,.0623045,.0299569,.0442643,FIES,2003-2023,2017,N
PHL,2018,FALSE,INC,.0376198,.0432466,.0667635,.079736,.0623045,.0828137,.0928135,FIES,2003-2023,2021,N
PHL,2021,FALSE,INC,.0325957,.0365788,.0377658,.1441139,.0410462,.0299391,.0411231,FIES,2003-2023,2017,N
PHL,2021,FALSE,INC,.0325957,.0365788,.0377658,.1441139,.0410462,.0805682,.0890816,FIES,2003-2023,2021,N
PHL,2023,FALSE,INC,.0321569,.0283583,.0308889,.108112,.0438385,.053249,.0618957,FIES,2003-2023,2021,N
PHL,2023,FALSE,INC,.0321569,.0283583,.0308889,.108112,.0438385,.0164194,.02697,FIES,2003-2023,2017,N
PNG,2009,FALSE,CONS,.1320662,.0900362,.8210981,.7977661,.5741265,.3968331,.6972542,HIES,2009,2017,N
PNG,2009,FALSE,CONS,.1320662,.0900362,.8210981,.7977661,.5741265,.5221029,.753658,HIES,2009,2021,N
PRT,2008,FALSE,INC,.0414081,,0,,0,.0013725,.042761,EU-SILC,2003-2023,2017,N
PRT,2008,FALSE,INC,.0414081,,0,,0,.0034788,.0448673,EU-SILC,2003-2023,2021,N
PRT,2009,FALSE,INC,.038186,,0,,0,.001659,.039845,EU-SILC,2003-2023,2017,N
PRT,2009,FALSE,INC,.038186,,0,,0,.0017034,.0398894,EU-SILC,2003-2023,2021,N
PRT,2010,FALSE,INC,.0393496,,0,.0121863,.0133302,.0013646,.0406711,EU-SILC,2003-2023,2017,N
PRT,2010,FALSE,INC,.0393496,,0,.0121863,.0133302,.0021967,.0415033,EU-SILC,2003-2023,2021,N
PRT,2011,FALSE,INC,.0421302,,0,.0094404,.0114735,.0050804,.0472106,EU-SILC,2003-2023,2017,N
PRT,2011,FALSE,INC,.0421302,,0,.0094404,.0114735,.0062358,.048366,EU-SILC,2003-2023,2021,N
PRT,2012,FALSE,INC,.0362575,,0,.0088957,.0113019,.0070321,.0431584,EU-SILC,2003-2023,2017,N
PRT,2012,FALSE,INC,.0362575,,0,.0088957,.0113019,.0088239,.0449503,EU-SILC,2003-2023,2021,N
PRT,2013,FALSE,INC,.0357423,,0,.0095461,.0133796,.0085519,.0442505,EU-SILC,2003-2023,2017,N
PRT,2013,FALSE,INC,.0357423,,0,.0095461,.0133796,.010437,.0461057,EU-SILC,2003-2023,2021,N
PRT,2014,FALSE,INC,.0328164,,0,.0101415,.0149289,.007767,.0404507,EU-SILC,2003-2023,2021,N
PRT,2014,FALSE,INC,.0328164,,0,.0101415,.0149289,.0054567,.0382731,EU-SILC,2003-2023,2017,N
PRT,2015,FALSE,INC,.0272755,,0,.0110114,.0132215,.0048239,.0320695,EU-SILC,2003-2023,2017,N
PRT,2015,FALSE,INC,.0272755,,0,.0110114,.0132215,.0073026,.0345481,EU-SILC,2003-2023,2021,N
PRT,2016,FALSE,INC,.0259225,,0,.0104337,.0118959,.0041006,.0300105,EU-SILC,2003-2023,2021,N
PRT,2016,FALSE,INC,.0259225,,0,.0104337,.0118959,.0037464,.0296562,EU-SILC,2003-2023,2017,N
PRT,2017,FALSE,INC,.0244185,,0,.0076998,.0090506,.004105,.0285156,EU-SILC,2003-2023,2017,N
PRT,2017,FALSE,INC,.0244185,,0,.0076998,.0090506,.0044083,.0288189,EU-SILC,2003-2023,2021,N
PRT,2018,FALSE,INC,.0226513,,0,.0065558,.0075508,.0029025,.0255539,EU-SILC,2003-2023,2017,N
PRT,2018,FALSE,INC,.0226513,,0,.0065558,.0075508,.0038239,.0264752,EU-SILC,2003-2023,2021,N
PRT,2019,FALSE,INC,.0152526,,0,.0056454,.0059012,.0014872,.0167351,EU-SILC,2003-2023,2017,N
PRT,2019,FALSE,INC,.0152526,,0,.0056454,.0059012,.0018491,.017097,EU-SILC,2003-2023,2021,N
PRT,2020,FALSE,INC,.0146455,,0,,0,.0047229,.0181365,EU-SILC,2003-2023,2017,N
PRT,2020,FALSE,INC,.0146455,,0,,0,.0063678,.0197814,EU-SILC,2003-2023,2021,N
PRT,2021,FALSE,INC,.0134252,,0,,0,.002265,.0156362,EU-SILC,2003-2023,2017,N
PRT,2021,FALSE,INC,.0134252,,0,,0,.0032743,.0163914,EU-SILC,2003-2023,2021,N
PRT,2022,FALSE,INC,.0138141,,0,.0040363,.0042956,.0017447,.0155261,EU-SILC,2003-2023,2017,N
PRT,2022,FALSE,INC,.0138141,,0,.0040363,.0042956,.0022475,.0160144,EU-SILC,2003-2023,2021,N
PRT,2023,FALSE,INC,.0152412,,0,,0,.0041326,.0193617,EU-SILC,2003-2023,2021,N
PRT,2023,FALSE,INC,.0152412,,0,,0,.003322,.0185632,EU-SILC,2003-2023,2017,N
PRY,2010,FALSE,INC,.0909253,.046214,.0254716,.2938625,.0647796,.0545974,.07996,EPH,2002-2021,2017,N
PRY,2010,FALSE,INC,.0909253,.046214,.0254716,.2938625,.0647796,.0938218,.1173485,EPH,2002-2021,2021,N
PRY,2011,FALSE,INC,.079379,.0439519,.0170123,.2183573,.0447675,.0894333,.1026771,EPH,2002-2021,2021,N
PRY,2011,FALSE,INC,.079379,.0439519,.0170123,.2183573,.0447675,.0504801,.0644986,EPH,2002-2021,2017,N
PRY,2012,FALSE,INC,.0809282,.0344893,.0159704,.2396289,.0559344,.0333131,.0542374,EPH,2002-2021,2017,N
PRY,2012,FALSE,INC,.0809282,.0344893,.0159704,.2396289,.0559344,.0643784,.0836467,EPH,2002-2021,2021,N
PRY,2013,FALSE,INC,.0676126,.027694,.0063736,.2042402,.0375785,.0411285,.0542313,EPH,2002-2021,2021,N
PRY,2013,FALSE,INC,.0676126,.027694,.0063736,.2042402,.0375785,.0178757,.0327621,EPH,2002-2021,2017,N
PRY,2014,FALSE,INC,.0774762,.0313869,.0092243,.2006717,.040229,.0241389,.0430835,EPH,2002-2021,2017,N
PRY,2014,FALSE,INC,.0774762,.0313869,.0092243,.2006717,.040229,.0426679,.060498,EPH,2002-2021,2021,N
PRY,2015,FALSE,INC,.0602937,.0266661,.0048855,.1864276,.0317164,.0421116,.052189,EPH,2002-2021,2021,N
PRY,2015,FALSE,INC,.0602937,.0266661,.0048855,.1864276,.0317164,.0189134,.0310934,EPH,2002-2021,2017,N
PRY,2016,FALSE,INC,.0677242,.0301673,.0070867,.1937707,.0290142,.0169429,.030597,EPH,2002-2021,2017,N
PRY,2016,FALSE,INC,.0677242,.0301673,.0070867,.1937707,.0290142,.0416923,.0540529,EPH,2002-2021,2021,N
PRY,2017,FALSE,INC,.0595485,.0230841,.0046368,.1552446,.0240172,.0237507,.0326055,EPH,2002-2021,2021,N
PRY,2017,FALSE,INC,.0595485,.0230841,.0046368,.1552446,.0240172,.0098144,.019239,EPH,2002-2021,2017,N
PRY,2018,FALSE,INC,.0631457,.0274569,.0028032,.1604064,.028261,.0140669,.0260835,EPH,2002-2021,2017,N
PRY,2018,FALSE,INC,.0631457,.0274569,.0028032,.1604064,.028261,.0307291,.0404964,EPH,2002-2021,2021,N
PRY,2019,FALSE,INC,.0623107,.0193157,.0028786,.133244,.0211373,.024439,.031979,EPH,2002-2021,2021,N
PRY,2019,FALSE,INC,.0623107,.0193157,.0028786,.133244,.0211373,.0101151,.0180418,EPH,2002-2021,2017,N
PRY,2020,FALSE,INC,.0488716,.0199527,.0028892,.1153538,.0164813,.0081328,.0142141,EPH,2002-2021,2017,N
PRY,2020,FALSE,INC,.0488716,.0199527,.0028892,.1153538,.0164813,.0255512,.0315541,EPH,2002-2021,2021,N
PRY,2021,FALSE,INC,.0442698,.0199593,.0013481,.097704,.0110749,.0068918,.0132132,EPH,2002-2021,2017,N
PRY,2021,FALSE,INC,.0442698,.0199593,.0013481,.097704,.0110749,.018595,.0246429,EPH,2002-2021,2021,N
PRY,2022,FALSE,INC,.0540209,.0161026,.0018346,.099035,.0132211,.0323226,.0369492,EPHC,2022-2024,2021,N
PRY,2022,FALSE,INC,.0540209,.0161026,.0018346,.099035,.0132211,.0152809,.0202087,EPHC,2022-2024,2017,N
PRY,2023,FALSE,INC,.0506578,.0111187,.0012352,.0836654,.009024,.0111368,.0147674,EPHC,2022-2024,2017,N
PRY,2023,FALSE,INC,.0506578,.0111187,.0012352,.0836654,.009024,.0239293,.0275036,EPHC,2022-2024,2021,N
PRY,2024,FALSE,INC,.0470833,.012777,.0011645,.0715577,.0086817,.0086171,.0113421,EPHC,2022-2024,2017,N
PRY,2024,FALSE,INC,.0470833,.012777,.0011645,.0715577,.0086817,.0210533,.023358,EPHC,2022-2024,2021,N
PSE,2010,FALSE,CONS,.0376379,.0512407,.0044647,,,.000436,.0070814,PECS,2010-2023,2017,N
PSE,2010,FALSE,CONS,.0376379,.0512407,.0044647,,,.0064767,.0131221,PECS,2010-2023,2021,N
PSE,2011,FALSE,CONS,.0322559,.0549165,.0032177,.0137638,.0195455,.0018904,.0047838,PECS,2010-2023,2017,N
PSE,2011,FALSE,CONS,.0322559,.0549165,.0032177,.0137638,.0195455,.0037439,.0065471,PECS,2010-2023,2021,N
PSE,2016,FALSE,CONS,.0117705,.0578972,0,.0011705,.0322433,.0137765,.0149826,PECS,2010-2023,2021,N
PSE,2016,FALSE,CONS,.0117705,.0578972,0,.0011705,.0322433,.0050272,.0062332,PECS,2010-2023,2017,N
PSE,2023,FALSE,CONS,.0149151,.0633087,.0055435,.0054472,.0895915,.0040725,.0054844,PECS,2010-2023,2017,N
PSE,2023,FALSE,CONS,.0149151,.0633087,.0055435,.0054472,.0895915,.0189886,.0204005,PECS,2010-2023,2021,N
RWA,2013,FALSE,CONS,.37543,.0433512,.8054634,.1502555,.2557774,.65241,.6829658,EICV-IV,2000-2016,2021,N
RWA,2013,FALSE,CONS,.37543,.0433512,.8054634,.1502555,.2557774,.5374719,.5877445,EICV-IV,2000-2016,2017,N
RWA,2016,FALSE,CONS,.3694741,.0425897,.6395106,.2812703,.2452093,.520068,.5737091,EICV-V,2000-2016,2017,N
RWA,2016,FALSE,CONS,.3694741,.0425897,.6395106,.2812703,.2452093,.6384556,.6719409,EICV-V,2000-2016,2021,N
RWA,2023,FALSE,CONS,.2942775,.0512201,.2509668,.2132878,.145553,.2419387,.2842686,EICV7,2023,2017,N
RWA,2023,FALSE,CONS,.2942775,.0512201,.2509668,.2132878,.145553,.3855049,.4139884,EICV7,2023,2021,N
SDN,2014,FALSE,CONS,.259554,.227185,.4853111,.9287606,.4490198,.1526306,.5032348,NBHS,2014,2017,N
SDN,2014,FALSE,CONS,.259554,.227185,.4853111,.9287606,.4490198,.1009996,.4842753,NBHS,2014,2021,N
SEN,2011,FALSE,CONS,.4115338,.5417682,.4704736,.2870005,.1820792,.4098437,.5658334,ESPS-II,2005-2011,2017,N
SEN,2011,FALSE,CONS,.4115338,.5417682,.4704736,.2870005,.1820792,.5328752,.6252822,ESPS-II,2005-2011,2021,N
SEN,2018,FALSE,CONS,.3833646,.3194275,.2656381,.3735124,.1521519,.0922257,.3105516,EHCVM,2018-2021,2017,N
SEN,2018,FALSE,CONS,.3833646,.3194275,.2656381,.3735124,.1521519,.191497,.3626131,EHCVM,2018-2021,2021,N
SEN,2021,FALSE,CONS,.3605966,.3278945,.2938013,.2965851,.1326644,.0992682,.2938415,EHCVM,2018-2021,2017,N
SEN,2021,FALSE,CONS,.3605966,.3278945,.2938013,.2965851,.1326644,.1788747,.3330526,EHCVM,2018-2021,2021,N
SLB,2012,FALSE,CONS,.0755288,.1353753,.5383372,.6596932,.3489007,.4030149,.5218393,HIES,2012,2021,N
SLB,2012,FALSE,CONS,.0755288,.1353753,.5383372,.6596932,.3489007,.2656488,.4187779,HIES,2012,2017,N
SLE,2011,FALSE,CONS,.4242562,.0099372,.8769052,.5103362,.3034509,.3869813,.5758594,SLIHS,2003-2018,2017,N
SLE,2011,FALSE,CONS,.4242562,.0099372,.8769052,.5103362,.3034509,.5369758,.661263,SLIHS,2003-2018,2021,N
SLE,2018,FALSE,CONS,.1001886,.1865088,.6872665,.8716725,.3379612,.2603524,.497869,SLIHS,2003-2018,2017,N
SLE,2018,FALSE,CONS,.1001886,.1865088,.6872665,.8716725,.3379612,.4146447,.5795605,SLIHS,2003-2018,2021,N
SLV,2010,FALSE,INC,.3523713,.0748307,.0848849,.0886207,.077741,.0634563,.1296314,EHPM,2000-2023,2017,N
SLV,2010,FALSE,INC,.3523713,.0748307,.0848849,.0886207,.077741,.1136052,.1679654,EHPM,2000-2023,2021,N
SLV,2011,FALSE,INC,.3346376,.0655623,.0776749,.0873122,.0697346,.1009327,.151149,EHPM,2000-2023,2021,N
SLV,2011,FALSE,INC,.3346376,.0655623,.0776749,.0873122,.0697346,.0534093,.1123226,EHPM,2000-2023,2017,N
SLV,2012,FALSE,INC,.3139559,.0630857,.0658104,.0794253,.0613497,.0854431,.1309627,EHPM,2000-2023,2021,N
SLV,2012,FALSE,INC,.3139559,.0630857,.0658104,.0794253,.0613497,.0463715,.1003469,EHPM,2000-2023,2017,N
SLV,2013,FALSE,INC,.3003026,.059746,.0484259,.0925062,.0475044,.0714139,.113746,EHPM,2000-2023,2021,N
SLV,2013,FALSE,INC,.3003026,.059746,.0484259,.0925062,.0475044,.0362473,.0842868,EHPM,2000-2023,2017,N
SLV,2014,FALSE,INC,.2865897,.0554192,.0448767,.0888711,.0495513,.0344148,.0795701,EHPM,2000-2023,2017,N
SLV,2014,FALSE,INC,.2865897,.0554192,.0448767,.0888711,.0495513,.0695333,.1084768,EHPM,2000-2023,2021,N
SLV,2015,FALSE,INC,.2867357,.0548466,.0424665,.088394,.0478134,.0230885,.0672486,EHPM,2000-2023,2017,N
SLV,2015,FALSE,INC,.2867357,.0548466,.0424665,.088394,.0478134,.0530144,.0930557,EHPM,2000-2023,2021,N
SLV,2016,FALSE,INC,.272265,.0506962,.038358,.0818964,.0444181,.0577486,.0919791,EHPM,2000-2023,2021,N
SLV,2016,FALSE,INC,.272265,.0506962,.038358,.0818964,.0444181,.0263298,.0663875,EHPM,2000-2023,2017,N
SLV,2017,FALSE,INC,.2712943,.0485112,.0322137,.0825541,.0398724,.021555,.0611907,EHPM,2000-2023,2017,N
SLV,2017,FALSE,INC,.2712943,.0485112,.0322137,.0825541,.0398724,.0454965,.0811343,EHPM,2000-2023,2021,N
SLV,2018,FALSE,INC,.2471616,.0402134,.0260581,.0773882,.0375284,.0406711,.0696309,EHPM,2000-2023,2021,N
SLV,2018,FALSE,INC,.2471616,.0402134,.0260581,.0773882,.0375284,.0184277,.0506216,EHPM,2000-2023,2017,N
SLV,2019,FALSE,INC,.2483403,.0389364,.0207446,.0796085,.0311124,.0298403,.0576345,EHPM,2000-2023,2021,N
SLV,2019,FALSE,INC,.2483403,.0389364,.0207446,.0796085,.0311124,.0140192,.0439375,EHPM,2000-2023,2017,N
SLV,2021,FALSE,INC,.2515095,.0417239,.0167459,.0810398,.0295247,.0358619,.0625319,EHPM,2000-2023,2017,N
SLV,2021,FALSE,INC,.2515095,.0417239,.0167459,.0810398,.0295247,.0513091,.0766072,EHPM,2000-2023,2021,N
SLV,2022,FALSE,INC,.2426744,.0299776,.014629,.1102594,.0262804,.033634,.0554999,EHPM,2000-2023,2017,N
SLV,2022,FALSE,INC,.2426744,.0299776,.014629,.1102594,.0262804,.0520679,.0723312,EHPM,2000-2023,2021,N
SLV,2023,FALSE,INC,.2427422,.022863,.0147344,.0945147,.0254516,.0463684,.0624843,EHPM,2000-2023,2021,N
SLV,2023,FALSE,INC,.2427422,.022863,.0147344,.0945147,.0254516,.0309644,.0478218,EHPM,2000-2023,2017,N
SSD,2016,FALSE,CONS,.3932687,.6219994,,.8811926,.1388889,.6732727,.848859,HFS-W3,2016,2017,N
SSD,2016,FALSE,CONS,.3932687,.6219994,,.8811926,.1388889,.7650265,.8748117,HFS-W3,2016,2021,N
STP,2017,FALSE,CONS,.1082267,.0430486,.3126609,.6198848,.8825763,.1572355,.3967812,IOF,2017,2017,N
STP,2017,FALSE,CONS,.1082267,.0430486,.3126609,.6198848,.8825763,.1300612,.3794591,IOF,2017,2021,N
SUR,2022,FALSE,CONS,.0700176,.0087406,.0031552,.0559906,.0242107,.0110431,.0212999,SSLC,2022,2017,N
SUR,2022,FALSE,CONS,.0700176,.0087406,.0031552,.0559906,.0242107,.0217804,.030246,SSLC,2022,2021,N
SVK,2008,FALSE,INC,.000584,,0,,0,.004077,.004661,EU-SILC,2004-2023,2017,N
SVK,2008,FALSE,INC,.000584,,0,,0,.0051686,.0057526,EU-SILC,2004-2023,2021,N
SVK,2009,FALSE,INC,.000304,,0,,0,.0044678,.0047718,EU-SILC,2004-2023,2017,N
SVK,2009,FALSE,INC,.000304,,0,,0,.0060936,.0063977,EU-SILC,2004-2023,2021,N
SVK,2010,FALSE,INC,.0011058,,0,.0141208,.0034066,.0049511,.0060568,EU-SILC,2004-2023,2017,N
SVK,2010,FALSE,INC,.0011058,,0,.0141208,.0034066,.0059634,.0070692,EU-SILC,2004-2023,2021,N
SVK,2011,FALSE,INC,.0016249,,0,.0105467,.0030314,.0042386,.0058635,EU-SILC,2004-2023,2017,N
SVK,2011,FALSE,INC,.0016249,,0,.0105467,.0030314,.0060573,.0076822,EU-SILC,2004-2023,2021,N
SVK,2012,FALSE,INC,.0011734,,0,.0061395,.0026937,.0050459,.0062193,EU-SILC,2004-2023,2021,N
SVK,2012,FALSE,INC,.0011734,,0,.0061395,.0026937,.0040093,.0051827,EU-SILC,2004-2023,2017,N
SVK,2013,FALSE,INC,.000063,,0,.0128831,.0065357,.004397,.00446,EU-SILC,2004-2023,2021,N
SVK,2013,FALSE,INC,.000063,,0,.0128831,.0065357,.002815,.002878,EU-SILC,2004-2023,2017,N
SVK,2014,FALSE,INC,0,,0,.0142398,.0075806,.0067545,.0067545,EU-SILC,2004-2023,2017,N
SVK,2014,FALSE,INC,0,,0,.0142398,.0075806,.008894,.008894,EU-SILC,2004-2023,2021,N
SVK,2015,FALSE,INC,0,,0,.0141479,.0078312,.0079788,.0079788,EU-SILC,2004-2023,2021,N
SVK,2015,FALSE,INC,0,,0,.0141479,.0078312,.0066176,.0066176,EU-SILC,2004-2023,2017,N
SVK,2016,FALSE,INC,0,,0,.0151591,.0092077,.013807,.013807,EU-SILC,2004-2023,2017,N
SVK,2016,FALSE,INC,0,,0,.0151591,.0092077,.0154381,.0154381,EU-SILC,2004-2023,2021,N
SVK,2017,FALSE,INC,0,,0,.016271,.0107663,.0022537,.0022537,EU-SILC,2004-2023,2017,N
SVK,2017,FALSE,INC,0,,0,.016271,.0107663,.0057616,.0057616,EU-SILC,2004-2023,2021,N
SVK,2018,FALSE,INC,0,,0,.0176853,.0136519,.0050822,.0050822,EU-SILC,2004-2023,2021,N
SVK,2018,FALSE,INC,0,,0,.0176853,.0136519,.0016946,.0016946,EU-SILC,2004-2023,2017,N
SVK,2019,FALSE,INC,.0000294,,0,.0095744,.0073585,.0011812,.0012106,EU-SILC,2004-2023,2017,N
SVK,2019,FALSE,INC,.0000294,,0,.0095744,.0073585,.0023159,.0023453,EU-SILC,2004-2023,2021,N
SVK,2020,FALSE,INC,.0000827,,0,,0,.0021231,.0022057,EU-SILC,2004-2023,2017,N
SVK,2020,FALSE,INC,.0000827,,0,,0,.0029503,.0030329,EU-SILC,2004-2023,2021,N
SVK,2021,FALSE,INC,.0000235,,0,,0,.0010148,.0010383,EU-SILC,2004-2023,2017,N
SVK,2021,FALSE,INC,.0000235,,0,,0,.0034403,.0034637,EU-SILC,2004-2023,2021,N
SVK,2022,FALSE,INC,0,,0,,0,.0051532,.0051532,EU-SILC,2004-2023,2017,N
SVK,2022,FALSE,INC,0,,0,,0,.0069565,.0069565,EU-SILC,2004-2023,2021,N
SVK,2023,FALSE,INC,0,,0,,0,.0045214,.0045214,EU-SILC,2004-2023,2021,N
SVK,2023,FALSE,INC,0,,0,,0,.0027068,.0027068,EU-SILC,2004-2023,2017,N
SVN,2008,FALSE,INC,.0016497,,0,,0,0,.0016497,EU-SILC,2004-2023,2017,N
SVN,2008,FALSE,INC,.0016497,,0,,0,0,.0016497,EU-SILC,2004-2023,2021,N
SVN,2009,FALSE,INC,.0013685,,0,,0,.0001604,.0015289,EU-SILC,2004-2023,2021,N
SVN,2009,FALSE,INC,.0013685,,0,,0,0,.0013685,EU-SILC,2004-2023,2017,N
SVN,2010,FALSE,INC,.0008587,,0,.0046218,.0061255,.0000916,.0009503,EU-SILC,2004-2023,2021,N
SVN,2010,FALSE,INC,.0008587,,0,.0046218,.0061255,.0000916,.0009503,EU-SILC,2004-2023,2017,N
SVN,2011,FALSE,INC,.0009715,,0,.0042052,.0054666,0,.0009715,EU-SILC,2004-2023,2017,N
SVN,2011,FALSE,INC,.0009715,,0,.0042052,.0054666,0,.0009715,EU-SILC,2004-2023,2021,N
SVN,2012,FALSE,INC,.0008175,,0,.0045602,.0061241,.0002625,.00108,EU-SILC,2004-2023,2021,N
SVN,2012,FALSE,INC,.0008175,,0,.0045602,.0061241,.0002625,.00108,EU-SILC,2004-2023,2017,N
SVN,2013,FALSE,INC,0,,0,.0055644,.0069614,.0002176,.0002176,EU-SILC,2004-2023,2017,N
SVN,2013,FALSE,INC,0,,0,.0055644,.0069614,.0002176,.0002176,EU-SILC,2004-2023,2021,N
SVN,2014,FALSE,INC,0,,0,.0032617,.0048844,0,0,EU-SILC,2004-2023,2021,N
SVN,2014,FALSE,INC,0,,0,.0032617,.0048844,0,0,EU-SILC,2004-2023,2017,N
SVN,2015,FALSE,INC,0,,0,.0034851,.0039539,.0000485,.0000485,EU-SILC,2004-2023,2017,N
SVN,2015,FALSE,INC,0,,0,.0034851,.0039539,.0000485,.0000485,EU-SILC,2004-2023,2021,N
SVN,2016,FALSE,INC,0,,0,.0021021,.0025854,0,0,EU-SILC,2004-2023,2021,N
SVN,2016,FALSE,INC,0,,0,.0021021,.0025854,0,0,EU-SILC,2004-2023,2017,N
SVN,2017,FALSE,INC,0,,0,.0015771,.0018724,0,0,EU-SILC,2004-2023,2017,N
SVN,2017,FALSE,INC,0,,0,.0015771,.0018724,0,0,EU-SILC,2004-2023,2021,N
SVN,2018,FALSE,INC,0,,0,.0008533,.0011689,0,0,EU-SILC,2004-2023,2017,N
SVN,2018,FALSE,INC,0,,0,.0008533,.0011689,0,0,EU-SILC,2004-2023,2021,N
SVN,2019,FALSE,INC,0,,0,.0014461,.0014585,0,0,EU-SILC,2004-2023,2017,N
SVN,2019,FALSE,INC,0,,0,.0014461,.0014585,0,0,EU-SILC,2004-2023,2021,N
SVN,2020,FALSE,INC,0,,0,,0,0,0,EU-SILC,2004-2023,2017,N
SVN,2020,FALSE,INC,0,,0,,0,0,0,EU-SILC,2004-2023,2021,N
SVN,2021,FALSE,INC,0,,0,,0,0,0,EU-SILC,2004-2023,2017,N
SVN,2021,FALSE,INC,0,,0,,0,0,0,EU-SILC,2004-2023,2021,N
SVN,2022,FALSE,INC,0,,0,.0012515,.0010794,0,0,EU-SILC,2004-2023,2021,N
SVN,2022,FALSE,INC,0,,0,.0012515,.0010794,0,0,EU-SILC,2004-2023,2017,N
SVN,2023,FALSE,INC,0,,0,,0,0,0,EU-SILC,2004-2023,2017,N
SVN,2023,FALSE,INC,0,,0,,0,0,0,EU-SILC,2004-2023,2021,N
SWE,2008,FALSE,INC,.0057359,,0,0,.0061263,.0065907,.0113572,EU-SILC,2003-2023,2021,N
SWE,2008,FALSE,INC,.0057359,,0,0,.0061263,.005764,.0107323,EU-SILC,2003-2023,2017,N
SWE,2009,FALSE,INC,.005567,,0,0,.0064553,.0045802,.0101471,EU-SILC,2003-2023,2017,N
SWE,2009,FALSE,INC,.005567,,0,0,.0064553,.0052706,.0108375,EU-SILC,2003-2023,2021,N
SWE,2010,FALSE,INC,.0044573,,0,0,.0057486,.0054741,.0099314,EU-SILC,2003-2023,2017,N
SWE,2010,FALSE,INC,.0044573,,0,0,.0057486,.0063873,.0108446,EU-SILC,2003-2023,2021,N
SWE,2011,FALSE,INC,.0046173,,0,0,.0051151,.0065806,.0105301,EU-SILC,2003-2023,2021,N
SWE,2011,FALSE,INC,.0046173,,0,0,.0051151,.0061565,.010106,EU-SILC,2003-2023,2017,N
SWE,2012,FALSE,INC,.0078635,,0,0,.0060127,.0047475,.0115765,EU-SILC,2003-2023,2021,N
SWE,2012,FALSE,INC,.0078635,,0,0,.0060127,.00457,.011399,EU-SILC,2003-2023,2017,N
SWE,2013,FALSE,INC,.0089276,,0,0,.0052085,.0065087,.0144791,EU-SILC,2003-2023,2021,N
SWE,2013,FALSE,INC,.0089276,,0,0,.0052085,.0065087,.0144791,EU-SILC,2003-2023,2017,N
SWE,2014,FALSE,INC,.0062185,,0,0,.0069663,.0047433,.0109618,EU-SILC,2003-2023,2017,N
SWE,2014,FALSE,INC,.0062185,,0,0,.0069663,.0052631,.0111883,EU-SILC,2003-2023,2021,N
SWE,2015,FALSE,INC,.0067714,,0,0,.0011815,.0064919,.0127237,EU-SILC,2003-2023,2021,N
SWE,2015,FALSE,INC,.0067714,,0,0,.0011815,.0056916,.0119233,EU-SILC,2003-2023,2017,N
SWE,2016,FALSE,INC,.0101799,,0,.000128,.0003483,.0042261,.0141003,EU-SILC,2003-2023,2021,N
SWE,2016,FALSE,INC,.0101799,,0,.000128,.0003483,.0026145,.0124888,EU-SILC,2003-2023,2017,N
SWE,2017,FALSE,INC,.0087167,,0,0,.0007134,.0024835,.0101745,EU-SILC,2003-2023,2017,N
SWE,2017,FALSE,INC,.0087167,,0,0,.0007134,.002655,.010346,EU-SILC,2003-2023,2021,N
SWE,2018,FALSE,INC,.0103897,,0,0,.00084,.0085839,.0173442,EU-SILC,2003-2023,2021,N
SWE,2018,FALSE,INC,.0103897,,0,0,.00084,.0072551,.0167392,EU-SILC,2003-2023,2017,N
SWE,2019,FALSE,INC,.0192481,,0,0,.0007233,.0031652,.0222393,EU-SILC,2003-2023,2017,N
SWE,2019,FALSE,INC,.0192481,,0,0,.0007233,.0036009,.022675,EU-SILC,2003-2023,2021,N
SWE,2020,FALSE,INC,.0187378,,0,,0,.0038909,.0217046,EU-SILC,2003-2023,2017,N
SWE,2020,FALSE,INC,.0187378,,0,,0,.0045125,.0221705,EU-SILC,2003-2023,2021,N
SWE,2021,FALSE,INC,.0107363,,0,,0,.0062928,.0149189,EU-SILC,2003-2023,2017,N
SWE,2021,FALSE,INC,.0107363,,0,,0,.0064347,.0150608,EU-SILC,2003-2023,2021,N
SWE,2022,FALSE,INC,.0124035,,0,,0,.012715,.0241982,EU-SILC,2003-2023,2021,N
SWE,2022,FALSE,INC,.0124035,,0,,0,.0116063,.0230895,EU-SILC,2003-2023,2017,N
SWE,2023,FALSE,INC,.0090885,,0,,0,.0071151,.0157067,EU-SILC,2003-2023,2017,N
SWE,2023,FALSE,INC,.0090885,,0,,0,.0083795,.0163426,EU-SILC,2003-2023,2021,N
SWZ,2016,FALSE,CONS,.0993241,.0033145,.3571736,.4645199,.2793961,.3605918,.406855,HIES,2000-2016,2017,N
SWZ,2016,FALSE,CONS,.0993241,.0033145,.3571736,.4645199,.2793961,.44513,.4773335,HIES,2000-2016,2021,N
SYC,2013,FALSE,INC,.0056388,,.0135411,,.2505514,.0123606,.0205677,HBS,2013-2018,2017,N
SYC,2013,FALSE,INC,.0056388,,.0135411,,.2505514,.0157646,.0239717,HBS,2013-2018,2021,N
SYC,2018,FALSE,INC,.0037025,,0,.0018694,.0547239,.0067363,.0104389,HBS,2013-2018,2021,N
SYC,2018,FALSE,INC,.0037025,,0,.0018694,.0547239,.00511,.0088126,HBS,2013-2018,2017,N
TCD,2011,FALSE,CONS,.6779991,.058661,.9725084,.9268437,.5604858,.4519765,.8653315,ECOSIT-III,2003-2011,2021,N
TCD,2011,FALSE,CONS,.6779991,.058661,.9725084,.9268437,.5604858,.3661673,.855643,ECOSIT-III,2003-2011,2017,N
TCD,2018,FALSE,CONS,.6293085,.3491346,.8997619,.8695077,.3481618,.3088294,.7392874,EHCVM,2018-2022,2017,N
TCD,2018,FALSE,CONS,.6293085,.3491346,.8997619,.8695077,.3481618,.4186145,.7582245,EHCVM,2018-2022,2021,N
TCD,2022,FALSE,CONS,.4941665,.5270059,.943971,.9567723,.433304,.3084523,.8089621,EHCVM,2018-2022,2017,N
TCD,2022,FALSE,CONS,.4941665,.5270059,.943971,.9567723,.433304,.3947538,.8195379,EHCVM,2018-2022,2021,N
TGO,2015,FALSE,CONS,.265658,.160005,,.6041561,.406291,.5469216,.6683564,QUIBB,2006-2015,2017,N
TGO,2015,FALSE,CONS,.265658,.160005,,.6041561,.406291,.6146559,.7060831,QUIBB,2006-2015,2021,N
TGO,2018,FALSE,CONS,.3223418,.1401685,.4741578,.8362909,.2530978,.284348,.4640294,EHCVM,2018-2021,2017,N
TGO,2018,FALSE,CONS,.3223418,.1401685,.4741578,.8362909,.2530978,.351256,.5009668,EHCVM,2018-2021,2021,N
TGO,2021,FALSE,CONS,.2925905,.1237493,.3210323,.7756074,.2368209,.265426,.3934829,EHCVM,2018-2021,2017,N
TGO,2021,FALSE,CONS,.2925905,.1237493,.3210323,.7756074,.2368209,.34418,.4434499,EHCVM,2018-2021,2021,N
THA,2009,FALSE,CONS,.1489432,.0098597,.0104461,,,.0077391,.0202527,SES,2000-2013,2021,N
THA,2009,FALSE,CONS,.1489432,.0098597,.0104461,,,.0024473,.0151499,SES,2000-2013,2017,N
THA,2010,FALSE,CONS,.1478629,.0101921,.0020965,.0053825,.0088167,.0026524,.0055195,SES,2000-2013,2017,N
THA,2010,FALSE,CONS,.1478629,.0101921,.0020965,.0053825,.0088167,.0070862,.0098576,SES,2000-2013,2021,N
THA,2011,FALSE,CONS,.1501972,.0088667,.0181375,.0035798,.0054344,.0007156,.0027713,SES,2000-2013,2017,N
THA,2011,FALSE,CONS,.1501972,.0088667,.0181375,.0035798,.0054344,.0030311,.0049598,SES,2000-2013,2021,N
THA,2012,FALSE,CONS,.1431231,.0072493,.0145459,.0034041,.0071087,.0038783,.006085,SES,2000-2013,2021,N
THA,2012,FALSE,CONS,.1431231,.0072493,.0145459,.0034041,.0071087,.0011532,.0036755,SES,2000-2013,2017,N
THA,2014,FALSE,CONS,.1532499,.0069692,.0014006,.0020854,.0060094,.0022882,.0042334,SES,2014-2023,2021,N
THA,2014,FALSE,CONS,.1532499,.0069692,.0014006,.0020854,.0060094,.0009026,.0029236,SES,2014-2023,2017,N
THA,2015,FALSE,CONS,.1527275,.0064882,.0012183,.0014208,.0086291,.0004654,.0020748,SES,2014-2023,2017,N
THA,2015,FALSE,CONS,.1527275,.0064882,.0012183,.0014208,.0086291,.0013188,.0026576,SES,2014-2023,2021,N
THA,2016,FALSE,CONS,.1442666,.0063122,.0011948,.0035039,.0106516,.000362,.0018743,SES,2014-2023,2017,N
THA,2016,FALSE,CONS,.1442666,.0063122,.0011948,.0035039,.0106516,.0013784,.0028543,SES,2014-2023,2021,N
THA,2017,FALSE,CONS,.1464523,.0059656,.0008342,.0023244,.0094344,.0010011,.001913,SES,2014-2023,2021,N
THA,2017,FALSE,CONS,.1464523,.0059656,.0008342,.0023244,.0094344,.0003713,.0014304,SES,2014-2023,2017,N
THA,2018,FALSE,CONS,.1455794,.0055734,.0013113,.002151,.0082002,.0003213,.0018297,SES,2014-2023,2017,N
THA,2018,FALSE,CONS,.1455794,.0055734,.0013113,.002151,.0082002,.0010644,.0025292,SES,2014-2023,2021,N
THA,2019,FALSE,CONS,.148553,.0050669,.000987,.0016627,.0094047,.0009504,.0022028,SES,2014-2023,2017,N
THA,2019,FALSE,CONS,.148553,.0050669,.000987,.0016627,.0094047,.0013463,.0025233,SES,2014-2023,2021,N
THA,2020,FALSE,CONS,.1327627,.0050333,.0008894,.0021513,.0046889,.0004667,.0016103,SES,2014-2023,2017,N
THA,2020,FALSE,CONS,.1327627,.0050333,.0008894,.0021513,.0046889,.0006304,.001755,SES,2014-2023,2021,N
THA,2021,FALSE,CONS,.1248719,.0049132,.0008667,.0018765,.0042912,.0001397,.0011249,SES,2014-2023,2017,N
THA,2021,FALSE,CONS,.1248719,.0049132,.0008667,.0018765,.0042912,.000286,.0012712,SES,2014-2023,2021,N
THA,2022,FALSE,CONS,.1140255,.0046954,.0004666,.0017075,.0034988,.0000579,.0011581,SES,2014-2023,2017,N
THA,2022,FALSE,CONS,.1140255,.0046954,.0004666,.0017075,.0034988,.0002027,.0013029,SES,2014-2023,2021,N
THA,2023,FALSE,CONS,.1100777,.0058664,.0005132,.0015169,.0056942,.0000484,.0012118,SES,2014-2023,2021,N
THA,2023,FALSE,CONS,.1100777,.0058664,.0005132,.0015169,.0056942,0,.0011633,SES,2014-2023,2017,N
TJK,2015,FALSE,CONS,.0030958,.2681427,.0202712,.0351227,.3942177,.0611453,.0702416,HSITAFIEN,1999-2015,2017,N
TJK,2015,FALSE,CONS,.0030958,.2681427,.0202712,.0351227,.3942177,.1333025,.1410613,HSITAFIEN,1999-2015,2021,N
TLS,2014,FALSE,CONS,.221851,.1836517,.2822636,.3957135,.2209706,.2434298,.3665377,TLSLS,2001-2014,2017,N
TLS,2014,FALSE,CONS,.221851,.1836517,.2822636,.3957135,.2209706,.4393561,.5174602,TLSLS,2001-2014,2021,N
TON,2009,FALSE,CONS,.0053892,.0644755,.0532969,.1120105,.0053492,.0364009,.0374479,HIES,2009-2015,2021,N
TON,2009,FALSE,CONS,.0053892,.0644755,.0532969,.1120105,.0053492,.0126161,.0145167,HIES,2009-2015,2017,N
TON,2015,FALSE,CONS,.0066372,.0130036,.0305436,.062788,.0009386,.0399016,.0402776,HIES,2009-2015,2021,N
TON,2015,FALSE,CONS,.0066372,.0130036,.0305436,.062788,.0009386,.0179102,.0182862,HIES,2009-2015,2017,N
TON,2021,FALSE,CONS,.0012135,.0176319,.000254,.0610089,.0005194,.0040882,.0040882,HIES,2021,2021,N
TON,2021,FALSE,CONS,.0012135,.0176319,.000254,.0610089,.0005194,.0001922,.0001922,HIES,2021,2017,N
TUN,2010,FALSE,CONS,.225361,.0304779,.0052868,.1133576,.0547682,.0136666,.0402683,NSHBCSL,2005-2021,2017,N
TUN,2010,FALSE,CONS,.225361,.0304779,.0052868,.1133576,.0547682,.0312893,.0539551,NSHBCSL,2005-2021,2021,N
TUN,2015,FALSE,CONS,.1693369,.0213831,.0015149,.0653503,.0213049,.0065774,.0180999,NSHBCSL,2005-2021,2021,N
TUN,2015,FALSE,CONS,.1693369,.0213831,.0015149,.0653503,.0213049,.0014007,.0136304,NSHBCSL,2005-2021,2017,N
TUN,2021,FALSE,CONS,.0647125,.0130657,.0018785,.0061278,.0160536,.0065404,.0079149,NSHBCSL,2005-2021,2021,N
TUN,2021,FALSE,CONS,.0647125,.0130657,.0018785,.0061278,.0160536,.002319,.0038542,NSHBCSL,2005-2021,2017,N
TUR,2017,FALSE,INC,.0374217,0,0,.0512421,.0076873,.0030056,.0041395,SILC-C,2017-2022,2017,N
TUR,2017,FALSE,INC,.0374217,0,0,.0512421,.0076873,.0112536,.0123875,SILC-C,2017-2022,2021,N
TUR,2018,FALSE,INC,.0359699,0,0,.0453419,.0064025,.0035439,.0042516,SILC-C,2017-2022,2017,N
TUR,2018,FALSE,INC,.0359699,0,0,.0453419,.0064025,.0099604,.010668,SILC-C,2017-2022,2021,N
TUR,2019,FALSE,INC,.0352013,0,0,.0413213,.0051091,.0045154,.0053787,SILC-C,2017-2022,2017,N
TUR,2019,FALSE,INC,.0352013,0,0,.0413213,.0051091,.0127728,.0135586,SILC-C,2017-2022,2021,N
TUR,2020,FALSE,INC,.0356286,0,0,.036564,.0041028,.0114109,.0119142,SILC-C,2017-2022,2021,N
TUR,2020,FALSE,INC,.0356286,0,0,.036564,.0041028,.004709,.0052242,SILC-C,2017-2022,2017,N
TUR,2021,FALSE,INC,.0328578,0,0,.0301959,.0031049,.0044286,.0047308,SILC-C,2017-2022,2017,N
TUR,2021,FALSE,INC,.0328578,0,0,.0301959,.0031049,.0094497,.0097356,SILC-C,2017-2022,2021,N
TUR,2022,FALSE,INC,.0304928,0,0,.0279484,.0024409,.0052958,.0055495,SILC-C,2017-2022,2021,N
TUR,2022,FALSE,INC,.0304928,0,0,.0279484,.0024409,.0015513,.001805,SILC-C,2017-2022,2017,N
TUV,2010,FALSE,CONS,.0441182,.0609304,.0919866,.1154173,.0235672,.0362535,.0427752,HIES,2010,2017,N
TUV,2010,FALSE,CONS,.0441182,.0609304,.0919866,.1154173,.0235672,.0899079,.0964295,HIES,2010,2021,N
TWN,2010,FALSE,INC,.0130223,.0161619,0,0,,.0018732,.0008111,FIDES-LIS,1981-2021,2021,N
TWN,2010,FALSE,INC,.0130223,.0161619,0,0,,.0010469,.0010469,FIDES-LIS,1981-2021,2017,N
TWN,2013,FALSE,INC,.0105017,.014559,0,0,,.0013199,.0007362,FIDES-LIS,1981-2021,2021,N
TWN,2013,FALSE,INC,.0105017,.014559,0,0,,.0011127,.0011127,FIDES-LIS,1981-2021,2017,N
TWN,2016,FALSE,INC,.0091845,.011605,0,0,,.0005323,.0005323,FIDES-LIS,1981-2021,2017,N
TWN,2016,FALSE,INC,.0091845,.011605,0,0,,.0006129,.0004266,FIDES-LIS,1981-2021,2021,N
TWN,2017,FALSE,INC,.0079499,.0127788,0,0,,.0002504,.0002504,FIDES-LIS,1981-2021,2017,N
TWN,2017,FALSE,INC,.0079499,.0127788,0,0,,.0004232,.0002504,FIDES-LIS,1981-2021,2021,N
TWN,2018,FALSE,INC,.0084593,.0161636,0,0,,.0004818,.0004818,FIDES-LIS,1981-2021,2017,N
TWN,2018,FALSE,INC,.0084593,.0161636,0,0,,.0006838,.0003037,FIDES-LIS,1981-2021,2021,N
TWN,2019,FALSE,INC,.0082328,.0106628,0,0,,.0006576,.0006576,FIDES-LIS,1981-2021,2017,N
TWN,2019,FALSE,INC,.0082328,.0106628,0,0,,.0009656,.0003161,FIDES-LIS,1981-2021,2021,N
TWN,2020,FALSE,INC,.0088364,.0138717,0,0,,.0009303,.0009303,FIDES-LIS,1981-2021,2017,N
TWN,2020,FALSE,INC,.0088364,.0138717,0,0,,.0011013,.0007902,FIDES-LIS,1981-2021,2021,N
TWN,2021,FALSE,INC,.0077066,.01157,0,0,,.0004932,.0002926,FIDES-LIS,1981-2021,2021,N
TWN,2021,FALSE,INC,.0077066,.01157,0,0,,.0003475,.0003475,FIDES-LIS,1981-2021,2017,N
TZA,2011,FALSE,CONS,.6060054,.2646731,.8427652,.4078855,.3177025,.4465546,.6533679,HBS,2000-2018,2017,N
TZA,2011,FALSE,CONS,.6060054,.2646731,.8427652,.4078855,.3177025,.5153245,.6819232,HBS,2000-2018,2021,N
TZA,2018,FALSE,CONS,.1323248,.1946337,.4430355,.7154741,.2924406,.449422,.5457981,HBS,2000-2018,2017,N
TZA,2018,FALSE,CONS,.1323248,.1946337,.4430355,.7154741,.2924406,.5134057,.5920391,HBS,2000-2018,2021,N
UGA,2012,FALSE,CONS,.4771123,.1847681,.9111989,.7205899,.2597275,.5616211,.7277803,UNHS,2002-2019,2021,N
UGA,2012,FALSE,CONS,.4771123,.1847681,.9111989,.7205899,.2597275,.3754404,.6563514,UNHS,2002-2019,2017,N
UGA,2016,FALSE,CONS,.3479295,.1400962,.6123356,.7756765,.2291242,.4286157,.5799206,UNHS,2002-2019,2017,N
UGA,2016,FALSE,CONS,.3479295,.1400962,.6123356,.7756765,.2291242,.6010532,.6875756,UNHS,2002-2019,2021,N
UGA,2019,FALSE,CONS,.3132123,.1176077,.4134578,.7114756,.2365418,.4211563,.5218017,UNHS,2002-2019,2017,N
UGA,2019,FALSE,CONS,.3132123,.1176077,.4134578,.7114756,.2365418,.5978438,.6482011,UNHS,2002-2019,2021,N
UKR,2019,FALSE,CONS,.0136013,,0,.1527665,0,0,.0136013,HLCS,2002-2020,2017,N
UKR,2019,FALSE,CONS,.0136013,,0,.1527665,0,.0018008,.015402,HLCS,2002-2020,2021,N
UKR,2020,FALSE,CONS,.0164555,,0,.1241394,0,.0003377,.0167931,HLCS,2002-2020,2021,N
UKR,2020,FALSE,CONS,.0164555,,0,.1241394,0,.0002883,.0167437,HLCS,2002-2020,2017,N
URY,2010,FALSE,INC,.0438679,.0189224,.0068243,.0405926,.0083774,.002916,.0047515,ECH,2006-2019,2021,N
URY,2010,FALSE,INC,.0438679,.0189224,.0068243,.0405926,.0083774,.0016912,.0035267,ECH,2006-2019,2017,N
URY,2011,FALSE,INC,.0346392,.0179031,.0075115,.0411549,.0105134,.0013942,.0034329,ECH,2006-2019,2017,N
URY,2011,FALSE,INC,.0346392,.0179031,.0075115,.0411549,.0105134,.0024554,.0044941,ECH,2006-2019,2021,N
URY,2012,FALSE,INC,.0309091,.0136764,.0035515,.0334144,.0075012,.0016939,.0028068,ECH,2006-2019,2017,N
URY,2012,FALSE,INC,.0309091,.0136764,.0035515,.0334144,.0075012,.0026949,.0038079,ECH,2006-2019,2021,N
URY,2013,FALSE,INC,.0298518,.0135647,.0026825,.0337158,.0050124,.0030631,.0041444,ECH,2006-2019,2021,N
URY,2013,FALSE,INC,.0298518,.0135647,.0026825,.0337158,.0050124,.0017425,.0028942,ECH,2006-2019,2017,N
URY,2014,FALSE,INC,.0301325,.012477,.0025072,.0328426,.0049846,.0015346,.0023069,ECH,2006-2019,2017,N
URY,2014,FALSE,INC,.0301325,.012477,.0025072,.0328426,.0049846,.0021154,.0028648,ECH,2006-2019,2021,N
URY,2015,FALSE,INC,.0271944,.010835,.002047,.0307394,.004926,.0021638,.0028427,ECH,2006-2019,2021,N
URY,2015,FALSE,INC,.0271944,.010835,.002047,.0307394,.004926,.0014977,.0021765,ECH,2006-2019,2017,N
URY,2016,FALSE,INC,.024926,.0099069,.002152,.0265403,.0047712,.0009227,.0013949,ECH,2006-2019,2017,N
URY,2016,FALSE,INC,.024926,.0099069,.002152,.0265403,.0047712,.001254,.0017227,ECH,2006-2019,2021,N
URY,2017,FALSE,INC,.0236725,.0082161,.0017066,.0253449,.0048613,.0006635,.001164,ECH,2006-2019,2017,N
URY,2017,FALSE,INC,.0236725,.0082161,.0017066,.0253449,.0048613,.0011754,.001676,ECH,2006-2019,2021,N
URY,2018,FALSE,INC,.0216312,.0071498,.0013791,.022407,.0039095,.0005585,.0009316,ECH,2006-2019,2017,N
URY,2018,FALSE,INC,.0216312,.0071498,.0013791,.022407,.0039095,.0009022,.0012753,ECH,2006-2019,2021,N
URY,2019,FALSE,INC,.0197567,.007126,.0013579,.0240182,.0047442,.0010207,.0011956,ECH,2006-2019,2017,N
URY,2019,FALSE,INC,.0197567,.007126,.0013579,.0240182,.0047442,.0013173,.0014921,ECH,2006-2019,2021,N
URY,2021,FALSE,INC,.0185263,.0048204,.0002871,.0195398,.0059386,.0015433,.0019032,ECH-S2,2021,2021,N
URY,2021,FALSE,INC,.0185263,.0048204,.0002871,.0195398,.0059386,.0011215,.0014815,ECH-S2,2021,2017,N
URY,2022,FALSE,INC,.0150233,.0025793,.0004271,.0177517,.0034884,.0015518,.0016137,ECH,2022-2024,2017,N
URY,2022,FALSE,INC,.0150233,.0025793,.0004271,.0177517,.0034884,.0024023,.0024642,ECH,2022-2024,2021,N
URY,2023,FALSE,INC,.0149933,.003433,.0002589,.0203834,.0092296,.0016939,.0018827,ECH,2022-2024,2021,N
URY,2023,FALSE,INC,.0149933,.003433,.0002589,.0203834,.0092296,.0010849,.0012737,ECH,2022-2024,2017,N
URY,2024,FALSE,INC,.0153758,.0019949,.0003529,.0189917,.0051493,.0010602,.0011385,ECH,2022-2024,2017,N
URY,2024,FALSE,INC,.0153758,.0019949,.0003529,.0189917,.0051493,.0016716,.0017499,ECH,2022-2024,2021,N
USA,2010,FALSE,INC,.0032352,,0,0,,.0113882,.0131301,CPS-ASEC-LIS,2002-2023,2021,N
USA,2010,FALSE,INC,.0032352,,0,0,,.0106053,.0137145,CPS-ASEC-LIS,2002-2023,2017,N
USA,2011,FALSE,INC,.0027743,,0,0,,.0108695,.0119759,CPS-ASEC-LIS,2002-2023,2021,N
USA,2011,FALSE,INC,.0027743,,0,0,,.0099489,.0125877,CPS-ASEC-LIS,2002-2023,2017,N
USA,2012,FALSE,INC,.0029832,,0,0,,.011011,.0126207,CPS-ASEC-LIS,2002-2023,2021,N
USA,2012,FALSE,INC,.0029832,,0,0,,.0103676,.0131793,CPS-ASEC-LIS,2002-2023,2017,N
USA,2013,FALSE,INC,.0030226,,0,0,,.0098458,.0126875,CPS-ASEC-LIS,2002-2023,2017,N
USA,2013,FALSE,INC,.0030226,,0,0,,.0107829,.0122345,CPS-ASEC-LIS,2002-2023,2021,N
USA,2014,FALSE,INC,.0029401,,0,0,,.0131133,.0145623,CPS-ASEC-LIS,2002-2023,2021,N
USA,2014,FALSE,INC,.0029401,,0,0,,.0123843,.015158,CPS-ASEC-LIS,2002-2023,2017,N
USA,2015,FALSE,INC,.0025651,,0,0,,.0122302,.0133018,CPS-ASEC-LIS,2002-2023,2021,N
USA,2015,FALSE,INC,.0025651,,0,0,,.0112714,.0137766,CPS-ASEC-LIS,2002-2023,2017,N
USA,2016,FALSE,INC,.0022216,,0,0,,.011602,.0126619,CPS-ASEC-LIS,2002-2023,2021,N
USA,2016,FALSE,INC,.0022216,,0,0,,.0109452,.0130927,CPS-ASEC-LIS,2002-2023,2017,N
USA,2017,FALSE,INC,.002043,,0,0,,.0120735,.0139805,CPS-ASEC-LIS,2002-2023,2017,N
USA,2017,FALSE,INC,.002043,,0,0,,.0126503,.0134722,CPS-ASEC-LIS,2002-2023,2021,N
USA,2018,FALSE,INC,.0019445,,0,0,,.0111457,.0118837,CPS-ASEC-LIS,2002-2023,2021,N
USA,2018,FALSE,INC,.0019445,,0,0,,.0104363,.0123344,CPS-ASEC-LIS,2002-2023,2017,N
USA,2019,FALSE,INC,.0019081,,0,0,,.009505,.0113325,CPS-ASEC-LIS,2002-2023,2017,N
USA,2019,FALSE,INC,.0019081,,0,0,,.0100639,.0109691,CPS-ASEC-LIS,2002-2023,2021,N
USA,2020,FALSE,INC,.001758,,0,0,,.0032698,.0049918,CPS-ASEC-LIS,2002-2023,2017,N
USA,2020,FALSE,INC,.001758,,0,0,,.0035819,.004932,CPS-ASEC-LIS,2002-2023,2021,N
USA,2021,FALSE,INC,.0025631,,0,0,,.0031445,.0056553,CPS-ASEC-LIS,2002-2023,2017,N
USA,2021,FALSE,INC,.0025631,,0,0,,.0032332,.0055755,CPS-ASEC-LIS,2002-2023,2021,N
USA,2022,FALSE,INC,.0020751,,0,0,,.0136307,.0139562,CPS-ASEC-LIS,2002-2023,2021,N
USA,2022,FALSE,INC,.0020751,,0,0,,.0126543,.014505,CPS-ASEC-LIS,2002-2023,2017,N
USA,2023,FALSE,INC,.0018182,,0,0,,.0116299,.0132445,CPS-ASEC-LIS,2002-2023,2017,N
USA,2023,FALSE,INC,.0018182,,0,0,,.0122597,.0127592,CPS-ASEC-LIS,2002-2023,2021,N
UZB,2021,FALSE,INC,.0003386,,.0010094,.4958926,.1513549,.0437362,.0440748,HBS,2021-2024,2021,N
UZB,2021,FALSE,INC,.0003386,,.0010094,.4958926,.1513549,.0186451,.0189837,HBS,2021-2024,2017,N
UZB,2022,FALSE,INC,0,,.0012747,.2178688,.1069369,.0439294,.0439294,HBS,2021-2024,2021,N
UZB,2022,FALSE,INC,0,,.0012747,.2178688,.1069369,.0225309,.0225309,HBS,2021-2024,2017,N
UZB,2023,FALSE,INC,.0000673,,.0012172,.0383908,.1061517,.0212828,.0213501,HBS,2021-2024,2017,N
UZB,2023,FALSE,INC,.0000673,,.0012172,.0383908,.1061517,.0406628,.0407301,HBS,2021-2024,2021,N
UZB,2024,FALSE,INC,0,.0138379,0,.0529332,.054556,.027183,.027183,HBS,2021-2024,2021,N
UZB,2024,FALSE,INC,0,.0138379,0,.0529332,.054556,.0121888,.0121888,HBS,2021-2024,2017,N
VNM,2010,FALSE,CONS,.0700752,.0363612,.0186713,.3081959,.0997115,.0287048,.0534468,VHLSS,2010-2022,2017,N
VNM,2010,FALSE,CONS,.0700752,.0363612,.0186713,.3081959,.0997115,.0521689,.0730245,VHLSS,2010-2022,2021,N
VNM,2012,FALSE,CONS,.0532707,.0204301,.0160264,.2758043,.087349,.0372191,.0532891,VHLSS,2010-2022,2021,N
VNM,2012,FALSE,CONS,.0532707,.0204301,.0160264,.2758043,.087349,.0166016,.0363019,VHLSS,2010-2022,2017,N
VNM,2014,FALSE,CONS,.0585041,.0210205,.0089311,.196291,.0708649,.0341361,.0453663,VHLSS,2010-2022,2021,N
VNM,2014,FALSE,CONS,.0585041,.0210205,.0089311,.196291,.0708649,.0191205,.0334555,VHLSS,2010-2022,2017,N
VNM,2016,FALSE,CONS,.0527621,.0174362,.0080436,.1724385,.0735484,.0250731,.0351876,VHLSS,2010-2022,2021,N
VNM,2016,FALSE,CONS,.0527621,.0174362,.0080436,.1724385,.0735484,.0126345,.025359,VHLSS,2010-2022,2017,N
VNM,2018,FALSE,CONS,.0470187,.0174344,.0040388,.1108118,.0472368,.0123144,.0199689,VHLSS,2010-2022,2017,N
VNM,2018,FALSE,CONS,.0470187,.0174344,.0040388,.1108118,.0472368,.0224357,.0293638,VHLSS,2010-2022,2021,N
VNM,2020,FALSE,CONS,.0387766,.016538,.0027499,.0691395,.0265078,.0065378,.0116467,VHLSS,2010-2022,2017,N
VNM,2020,FALSE,CONS,.0387766,.016538,.0027499,.0691395,.0265078,.0130275,.0176018,VHLSS,2010-2022,2021,N
VNM,2022,FALSE,CONS,.0341691,.0184141,.0007973,.041329,.0196813,.0160336,.018967,VHLSS,2010-2022,2021,N
VNM,2022,FALSE,CONS,.0341691,.0184141,.0007973,.041329,.0196813,.0096379,.0127002,VHLSS,2010-2022,2017,N
VUT,2010,FALSE,CONS,.1358514,.1464146,.5479159,.2136546,.1267042,.1465042,.2391627,HIES,2010,2017,N
VUT,2010,FALSE,CONS,.1358514,.1464146,.5479159,.2136546,.1267042,.2571127,.3338609,HIES,2010,2021,N
VUT,2019,FALSE,CONS,.247733,.1340428,.2699417,.4297009,.1181361,.0996333,.1972384,NSDP,2019,2017,N
VUT,2019,FALSE,CONS,.247733,.1340428,.2699417,.4297009,.1181361,.194956,.2730828,NSDP,2019,2021,N
WSM,2013,FALSE,CONS,.0063237,.1283967,.0201574,.0088305,.0046082,.0445856,.0469107,HIES,2002-2013,2021,N
WSM,2013,FALSE,CONS,.0063237,.1283967,.0201574,.0088305,.0046082,.0115023,.0138273,HIES,2002-2013,2017,N
XKX,2017,FALSE,INC,.0079443,0,0,.0201351,0,.1076117,.1076117,SILC-C,2017-2022,2017,N
XKX,2017,FALSE,INC,.0079443,0,0,.0201351,0,.1521564,.1521564,SILC-C,2017-2022,2021,N
XKX,2018,FALSE,INC,.0095633,0,0,.0205813,0,.1547837,.1547837,SILC-C,2017-2022,2017,N
XKX,2018,FALSE,INC,.0095633,0,0,.0205813,0,.2071017,.2071017,SILC-C,2017-2022,2021,N
XKX,2019,FALSE,INC,.0074866,0,0,.0083625,0,.0680125,.0680125,SILC-C,2017-2022,2017,N
XKX,2019,FALSE,INC,.0074866,0,0,.0083625,0,.1131482,.1131482,SILC-C,2017-2022,2021,N
XKX,2020,FALSE,INC,.0270725,0,0,,0,.1678081,.1678081,SILC-C,2017-2022,2021,N
XKX,2020,FALSE,INC,.0270725,0,0,,0,.1287302,.1287302,SILC-C,2017-2022,2017,N
XKX,2021,FALSE,INC,.0002367,0,0,,0,.2003712,.2003712,SILC-C,2017-2022,2017,N
XKX,2021,FALSE,INC,.0002367,0,0,,0,.2498083,.2498083,SILC-C,2017-2022,2021,N
XKX,2022,FALSE,INC,0,0,0,.0064414,0,.0677528,.0677528,SILC-C,2017-2022,2017,N
XKX,2022,FALSE,INC,0,0,0,.0064414,0,.0997881,.0997881,SILC-C,2017-2022,2021,N
YEM,2014,FALSE,CONS,.1594169,.4450046,.338913,.4120591,.1401668,.1980276,.3541183,HBS,2005-2014,2017,N
YEM,2014,FALSE,CONS,.1594169,.4450046,.338913,.4120591,.1401668,.333005,.4450573,HBS,2005-2014,2021,N
ZAF,2014,FALSE,CONS,.0220896,.0233865,.0409385,.3517148,.1036116,.2048691,.2168232,LCS,2005-2014,2017,N
ZAF,2014,FALSE,CONS,.0220896,.0233865,.0409385,.3517148,.1036116,.3122781,.3200449,LCS,2005-2014,2021,N
ZMB,2015,FALSE,CONS,.2357116,.303689,.6921385,.5997659,.343688,.607931,.6629137,LCMS-VII,2010-2022,2017,N
ZMB,2015,FALSE,CONS,.2357116,.303689,.6921385,.5997659,.343688,.6789284,.7137262,LCMS-VII,2010-2022,2021,N
ZMB,2022,FALSE,CONS,.097445,.2339835,.4513515,.5350513,.2684925,.6434197,.6630037,LCMS-VIII,2010-2022,2017,N
ZMB,2022,FALSE,CONS,.097445,.2339835,.4513515,.5350513,.2684925,.7164997,.7273195,LCMS-VIII,2010-2022,2021,N
ZWE,2017,FALSE,CONS,.0492175,.0660552,.3706506,.6763566,.2240156,.4465687,.4834125,PICES,2011-2019,2021,N
ZWE,2017,FALSE,CONS,.0492175,.0660552,.3706506,.6763566,.2240156,.3420604,.3964244,PICES,2011-2019,2017,N
ZWE,2019,FALSE,CONS,.0092701,.0598423,.3799479,.4759774,.1940846,.3975453,.4195529,PICES,2011-2019,2017,N
ZWE,2019,FALSE,CONS,.0092701,.0598423,.3799479,.4759774,.1940846,.4921989,.507534,PICES,2011-2019,2021,N
