xyzdmxyzcountry,xyzdmxyzyearrange,xyzdmxyzinterpolation,xyzdcxyzwelfaretype,xyzdcxyzdistribution,xyzdpxyzsi_spr_pcap_zg,xyzdcxyzpppyear,xyzdmxyzcoverage,survey_coverage
ALB,2008-2012,FALSE,CONS,m50,-.479059,2021,N,N
ALB,2008-2012,FALSE,CONS,b40,-1.229653,2017,N,N
ALB,2008-2012,FALSE,CONS,premium,.0937831,2017,N,N
ALB,2008-2012,FALSE,CONS,b40,-1.229657,2021,N,N
ALB,2008-2012,FALSE,CONS,m50,-.4790601,2017,N,N
ALB,2008-2012,FALSE,CONS,premium,.0937679,2021,N,N
ALB,2008-2012,FALSE,CONS,tot,-1.323425,2021,N,N
ALB,2008-2012,FALSE,CONS,tot,-1.323437,2017,N,N
ALB,2014-2017,FALSE,CONS,premium,1.844645,2021,N,N
ALB,2014-2017,FALSE,CONS,tot,6.964616,2017,N,N
ALB,2014-2017,FALSE,CONS,m50,7.089343,2021,N,N
ALB,2014-2017,FALSE,CONS,premium,1.844635,2017,N,N
ALB,2014-2017,FALSE,CONS,tot,6.964604,2021,N,N
ALB,2014-2017,FALSE,CONS,b40,8.809249,2021,N,N
ALB,2014-2017,FALSE,CONS,m50,7.08935,2017,N,N
ALB,2014-2017,FALSE,CONS,b40,8.809251,2017,N,N
ALB,2018-2020,FALSE,CONS,premium,1.599523,2021,N,N
ALB,2018-2020,FALSE,CONS,tot,2.359002,2021,N,N
ALB,2018-2020,FALSE,CONS,premium,1.599543,2017,N,N
ALB,2018-2020,FALSE,CONS,m50,1.808099,2017,N,N
ALB,2018-2020,FALSE,CONS,b40,3.958531,2017,N,N
ALB,2018-2020,FALSE,CONS,m50,1.808081,2021,N,N
ALB,2018-2020,FALSE,CONS,b40,3.958525,2021,N,N
ALB,2018-2020,FALSE,CONS,tot,2.358987,2017,N,N
ARG,2006-2011,FALSE,INC,b40,6.459659,2021,U,U
ARG,2006-2011,FALSE,INC,m50,4.839062,2017,U,U
ARG,2006-2011,FALSE,INC,m50,4.839076,2021,U,U
ARG,2006-2011,FALSE,INC,premium,2.784274,2021,U,U
ARG,2006-2011,FALSE,INC,tot,3.675384,2021,U,U
ARG,2006-2011,FALSE,INC,premium,2.784141,2017,U,U
ARG,2006-2011,FALSE,INC,b40,6.459514,2017,U,U
ARG,2006-2011,FALSE,INC,tot,3.675374,2017,U,U
ARG,2007-2012,FALSE,INC,m50,4.439955,2021,U,U
ARG,2007-2012,FALSE,INC,tot,2.848908,2017,U,U
ARG,2007-2012,FALSE,INC,tot,2.848942,2021,U,U
ARG,2007-2012,FALSE,INC,premium,3.30848,2017,U,U
ARG,2007-2012,FALSE,INC,premium,3.30875,2021,U,U
ARG,2007-2012,FALSE,INC,b40,6.157692,2021,U,U
ARG,2007-2012,FALSE,INC,b40,6.157388,2017,U,U
ARG,2007-2012,FALSE,INC,m50,4.43995,2017,U,U
ARG,2009-2014,FALSE,INC,m50,.4564439,2017,U,U
ARG,2009-2014,FALSE,INC,tot,.2798629,2021,U,U
ARG,2009-2014,FALSE,INC,tot,.2798547,2017,U,U
ARG,2009-2014,FALSE,INC,premium,1.496454,2021,U,U
ARG,2009-2014,FALSE,INC,m50,.4564454,2021,U,U
ARG,2009-2014,FALSE,INC,premium,1.496377,2017,U,U
ARG,2009-2014,FALSE,INC,b40,1.776317,2021,U,U
ARG,2009-2014,FALSE,INC,b40,1.776232,2017,U,U
ARG,2011-2016,FALSE,INC,m50,-.6157848,2017,U,U
ARG,2011-2016,FALSE,INC,b40,-.5388717,2017,U,U
ARG,2011-2016,FALSE,INC,b40,-.538894,2021,U,U
ARG,2011-2016,FALSE,INC,tot,-.815757,2017,U,U
ARG,2011-2016,FALSE,INC,premium,.2768853,2017,U,U
ARG,2011-2016,FALSE,INC,m50,-.615783,2021,U,U
ARG,2011-2016,FALSE,INC,premium,.2768661,2021,U,U
ARG,2011-2016,FALSE,INC,tot,-.8157601,2021,U,U
ARG,2012-2017,FALSE,INC,premium,.1380714,2017,U,U
ARG,2012-2017,FALSE,INC,b40,.4172134,2021,U,U
ARG,2012-2017,FALSE,INC,tot,.2791885,2017,U,U
ARG,2012-2017,FALSE,INC,m50,.1342349,2017,U,U
ARG,2012-2017,FALSE,INC,m50,.1342314,2021,U,U
ARG,2012-2017,FALSE,INC,premium,.1380321,2021,U,U
ARG,2012-2017,FALSE,INC,tot,.2791812,2021,U,U
ARG,2012-2017,FALSE,INC,b40,.4172599,2017,U,U
ARG,2013-2018,FALSE,INC,tot,-1.800482,2021,U,U
ARG,2013-2018,FALSE,INC,premium,-.2037888,2021,U,U
ARG,2013-2018,FALSE,INC,premium,-.2038304,2017,U,U
ARG,2013-2018,FALSE,INC,b40,-2.004321,2017,U,U
ARG,2013-2018,FALSE,INC,tot,-1.80049,2017,U,U
ARG,2013-2018,FALSE,INC,b40,-2.004271,2021,U,U
ARG,2013-2018,FALSE,INC,m50,-2.020406,2017,U,U
ARG,2013-2018,FALSE,INC,m50,-2.020411,2021,U,U
ARG,2014-2019,FALSE,INC,b40,-1.84134,2021,U,U
ARG,2014-2019,FALSE,INC,tot,-.9484478,2017,U,U
ARG,2014-2019,FALSE,INC,m50,-1.208368,2021,U,U
ARG,2014-2019,FALSE,INC,premium,-.8928829,2017,U,U
ARG,2014-2019,FALSE,INC,premium,-.8928943,2021,U,U
ARG,2014-2019,FALSE,INC,tot,-.9484455,2021,U,U
ARG,2014-2019,FALSE,INC,m50,-1.208362,2017,U,U
ARG,2014-2019,FALSE,INC,b40,-1.841331,2017,U,U
ARG,2016-2020,FALSE,INC,premium,-.6564908,2017,U,U
ARG,2016-2021,FALSE,INC,tot,-2.725535,2017,U,U
ARG,2016-2020,FALSE,INC,b40,-6.035225,2017,U,U
ARG,2016-2021,FALSE,INC,b40,-2.441378,2017,U,U
ARG,2016-2020,FALSE,INC,m50,-5.550457,2021,U,U
ARG,2016-2021,FALSE,INC,tot,-2.725528,2021,U,U
ARG,2016-2020,FALSE,INC,tot,-5.378734,2017,U,U
ARG,2016-2021,FALSE,INC,m50,-3.037913,2021,U,U
ARG,2016-2020,FALSE,INC,tot,-5.378757,2021,U,U
ARG,2016-2021,FALSE,INC,b40,-2.441344,2021,U,U
ARG,2016-2021,FALSE,INC,premium,.284184,2021,U,U
ARG,2016-2020,FALSE,INC,premium,-.6566215,2021,U,U
ARG,2016-2021,FALSE,INC,premium,.2841578,2017,U,U
ARG,2016-2020,FALSE,INC,b40,-6.035379,2021,U,U
ARG,2016-2020,FALSE,INC,m50,-5.550451,2017,U,U
ARG,2016-2021,FALSE,INC,m50,-3.037911,2017,U,U
ARG,2017-2022,FALSE,INC,tot,-4.709382,2017,U,U
ARG,2017-2022,FALSE,INC,b40,-3.980882,2017,U,U
ARG,2017-2022,FALSE,INC,tot,-4.709376,2021,U,U
ARG,2017-2022,FALSE,INC,m50,-4.700186,2021,U,U
ARG,2017-2022,FALSE,INC,b40,-3.980855,2021,U,U
ARG,2017-2022,FALSE,INC,m50,-4.700187,2017,U,U
ARG,2017-2022,FALSE,INC,premium,.7284997,2017,U,U
ARG,2017-2022,FALSE,INC,premium,.7285211,2021,U,U
ARG,2018-2023,FALSE,INC,premium,-.2158034,2021,U,U
ARG,2018-2023,FALSE,INC,m50,-3.175542,2017,U,U
ARG,2018-2023,FALSE,INC,premium,-.2157075,2017,U,U
ARG,2018-2023,FALSE,INC,b40,-2.902682,2021,U,U
ARG,2018-2023,FALSE,INC,m50,-3.175543,2021,U,U
ARG,2018-2023,FALSE,INC,b40,-2.902578,2017,U,U
ARG,2018-2023,FALSE,INC,tot,-2.68687,2017,U,U
ARG,2018-2023,FALSE,INC,tot,-2.686878,2021,U,U
ARM,2006-2011,FALSE,CONS,tot,1.069484,2017,N,N
ARM,2006-2011,FALSE,CONS,m50,1.151832,2017,N,N
ARM,2006-2011,FALSE,CONS,b40,1.222107,2017,N,N
ARM,2006-2011,FALSE,CONS,premium,.1526237,2017,N,N
ARM,2006-2011,FALSE,CONS,b40,1.222109,2021,N,N
ARM,2006-2011,FALSE,CONS,tot,1.069485,2021,N,N
ARM,2006-2011,FALSE,CONS,premium,.1526242,2021,N,N
ARM,2006-2011,FALSE,CONS,m50,1.151834,2021,N,N
ARM,2008-2013,FALSE,CONS,b40,-.7092541,2017,N,N
ARM,2008-2013,FALSE,CONS,m50,-.1866181,2017,N,N
ARM,2008-2013,FALSE,CONS,b40,-.7092556,2021,N,N
ARM,2008-2013,FALSE,CONS,premium,-.6228106,2017,N,N
ARM,2008-2013,FALSE,CONS,tot,-.086444,2021,N,N
ARM,2008-2013,FALSE,CONS,tot,-.0864435,2017,N,N
ARM,2008-2013,FALSE,CONS,premium,-.6228116,2021,N,N
ARM,2008-2013,FALSE,CONS,m50,-.1866172,2021,N,N
ARM,2009-2014,FALSE,CONS,premium,-1.637337,2021,N,N
ARM,2009-2014,FALSE,CONS,m50,2.479814,2017,N,N
ARM,2009-2014,FALSE,CONS,m50,2.479818,2021,N,N
ARM,2009-2014,FALSE,CONS,b40,1.179435,2021,N,N
ARM,2009-2014,FALSE,CONS,tot,2.816773,2021,N,N
ARM,2009-2014,FALSE,CONS,premium,-1.637334,2017,N,N
ARM,2009-2014,FALSE,CONS,b40,1.179437,2017,N,N
ARM,2009-2014,FALSE,CONS,tot,2.816771,2017,N,N
ARM,2010-2015,FALSE,CONS,tot,3.825467,2021,N,N
ARM,2010-2015,FALSE,CONS,b40,2.511826,2021,N,N
ARM,2010-2015,FALSE,CONS,b40,2.511827,2017,N,N
ARM,2010-2015,FALSE,CONS,tot,3.825469,2017,N,N
ARM,2010-2015,FALSE,CONS,m50,3.719655,2017,N,N
ARM,2010-2015,FALSE,CONS,premium,-1.313642,2021,N,N
ARM,2010-2015,FALSE,CONS,premium,-1.313641,2017,N,N
ARM,2010-2015,FALSE,CONS,m50,3.719653,2021,N,N
ARM,2011-2016,FALSE,CONS,tot,4.466609,2017,N,N
ARM,2011-2016,FALSE,CONS,tot,4.466616,2021,N,N
ARM,2011-2016,FALSE,CONS,b40,2.238401,2017,N,N
ARM,2011-2016,FALSE,CONS,b40,2.238402,2021,N,N
ARM,2011-2016,FALSE,CONS,premium,-2.228214,2021,N,N
ARM,2011-2016,FALSE,CONS,m50,4.52126,2017,N,N
ARM,2011-2016,FALSE,CONS,m50,4.521261,2021,N,N
ARM,2011-2016,FALSE,CONS,premium,-2.228209,2017,N,N
ARM,2012-2017,FALSE,CONS,premium,-1.368734,2017,N,N
ARM,2012-2017,FALSE,CONS,b40,1.795044,2017,N,N
ARM,2012-2017,FALSE,CONS,b40,1.795041,2021,N,N
ARM,2012-2017,FALSE,CONS,m50,1.806711,2017,N,N
ARM,2012-2017,FALSE,CONS,m50,1.806714,2021,N,N
ARM,2012-2017,FALSE,CONS,premium,-1.368734,2021,N,N
ARM,2012-2017,FALSE,CONS,tot,3.163778,2017,N,N
ARM,2012-2017,FALSE,CONS,tot,3.163775,2021,N,N
ARM,2013-2018,FALSE,CONS,premium,-1.137003,2021,N,N
ARM,2013-2018,FALSE,CONS,tot,2.399785,2017,N,N
ARM,2013-2018,FALSE,CONS,b40,1.262774,2017,N,N
ARM,2013-2018,FALSE,CONS,premium,-1.13701,2017,N,N
ARM,2013-2018,FALSE,CONS,m50,1.004837,2017,N,N
ARM,2013-2018,FALSE,CONS,tot,2.399782,2021,N,N
ARM,2013-2018,FALSE,CONS,m50,1.00484,2021,N,N
ARM,2013-2018,FALSE,CONS,b40,1.262779,2021,N,N
ARM,2019-2023,FALSE,CONS,b40,.8477931,2017,N,N
ARM,2019-2023,FALSE,CONS,b40,.8477954,2021,N,N
ARM,2019-2023,FALSE,CONS,m50,.0284694,2017,N,N
ARM,2019-2023,FALSE,CONS,tot,-.6646807,2021,N,N
ARM,2019-2023,FALSE,CONS,m50,.0284728,2021,N,N
ARM,2019-2023,FALSE,CONS,premium,1.512476,2021,N,N
ARM,2019-2023,FALSE,CONS,tot,-.6646793,2017,N,N
ARM,2019-2023,FALSE,CONS,premium,1.512472,2017,N,N
AUS,2014-2018,FALSE,INC,tot,-.2622036,2021,N,N
AUS,2014-2018,FALSE,INC,b40,-.4902986,2021,N,N
AUS,2014-2018,FALSE,INC,b40,-.4902923,2017,N,N
AUS,2014-2018,FALSE,INC,m50,.3690296,2021,N,N
AUS,2014-2018,FALSE,INC,premium,-.2280878,2017,N,N
AUS,2014-2018,FALSE,INC,premium,-.228095,2021,N,N
AUS,2014-2018,FALSE,INC,m50,.3690265,2017,N,N
AUS,2014-2018,FALSE,INC,tot,-.2622045,2017,N,N
AUT,2007-2012,FALSE,INC,m50,.6250962,2017,N,N
AUT,2007-2012,FALSE,INC,m50,.625096,2021,N,N
AUT,2007-2012,FALSE,INC,b40,.3807876,2017,N,N
AUT,2007-2012,FALSE,INC,b40,.3807343,2021,N,N
AUT,2007-2012,FALSE,INC,tot,.3912365,2017,N,N
AUT,2007-2012,FALSE,INC,premium,-.0104918,2021,N,N
AUT,2007-2012,FALSE,INC,tot,.391226,2021,N,N
AUT,2007-2012,FALSE,INC,premium,-.0104488,2017,N,N
AUT,2009-2014,FALSE,INC,m50,.1767232,2021,N,N
AUT,2009-2014,FALSE,INC,premium,.4671077,2017,N,N
AUT,2009-2014,FALSE,INC,b40,.473082,2021,N,N
AUT,2009-2014,FALSE,INC,tot,.0058335,2021,N,N
AUT,2009-2014,FALSE,INC,m50,.1767246,2017,N,N
AUT,2009-2014,FALSE,INC,tot,.0057981,2017,N,N
AUT,2009-2014,FALSE,INC,b40,.4729058,2017,N,N
AUT,2009-2014,FALSE,INC,premium,.4672486,2021,N,N
AUT,2010-2015,FALSE,INC,m50,.0068543,2017,N,N
AUT,2010-2015,FALSE,INC,tot,-.2697039,2021,N,N
AUT,2010-2015,FALSE,INC,premium,-.1649012,2017,N,N
AUT,2010-2015,FALSE,INC,b40,-.4345562,2017,N,N
AUT,2010-2015,FALSE,INC,m50,.0068553,2021,N,N
AUT,2010-2015,FALSE,INC,premium,-.1650714,2021,N,N
AUT,2010-2015,FALSE,INC,b40,-.4347753,2021,N,N
AUT,2010-2015,FALSE,INC,tot,-.269655,2017,N,N
AUT,2012-2017,FALSE,INC,tot,1.194576,2017,N,N
AUT,2012-2017,FALSE,INC,tot,1.194596,2021,N,N
AUT,2012-2017,FALSE,INC,b40,1.430964,2021,N,N
AUT,2012-2017,FALSE,INC,m50,1.592152,2017,N,N
AUT,2012-2017,FALSE,INC,b40,1.430879,2017,N,N
AUT,2012-2017,FALSE,INC,m50,1.592152,2021,N,N
AUT,2012-2017,FALSE,INC,premium,.2363032,2017,N,N
AUT,2012-2017,FALSE,INC,premium,.2363687,2021,N,N
AUT,2013-2018,FALSE,INC,tot,.4404487,2021,N,N
AUT,2013-2018,FALSE,INC,m50,.7437051,2021,N,N
AUT,2013-2018,FALSE,INC,premium,-.2952752,2021,N,N
AUT,2013-2018,FALSE,INC,b40,.145396,2017,N,N
AUT,2013-2018,FALSE,INC,m50,.7437062,2017,N,N
AUT,2013-2018,FALSE,INC,premium,-.2950967,2017,N,N
AUT,2013-2018,FALSE,INC,tot,.4404927,2017,N,N
AUT,2013-2018,FALSE,INC,b40,.1451735,2021,N,N
AUT,2014-2019,FALSE,INC,premium,-.0192516,2017,N,N
AUT,2014-2019,FALSE,INC,m50,1.142062,2017,N,N
AUT,2014-2019,FALSE,INC,tot,1.153902,2017,N,N
AUT,2014-2019,FALSE,INC,m50,1.142062,2021,N,N
AUT,2014-2019,FALSE,INC,premium,-.0193603,2021,N,N
AUT,2014-2019,FALSE,INC,b40,1.134513,2021,N,N
AUT,2014-2019,FALSE,INC,tot,1.153874,2021,N,N
AUT,2014-2019,FALSE,INC,b40,1.13465,2017,N,N
AUT,2015-2020,FALSE,INC,tot,1.282069,2017,N,N
AUT,2015-2020,FALSE,INC,premium,.3001529,2017,N,N
AUT,2015-2020,FALSE,INC,tot,1.282097,2021,N,N
AUT,2015-2020,FALSE,INC,b40,1.582348,2021,N,N
AUT,2015-2020,FALSE,INC,premium,.3002518,2021,N,N
AUT,2015-2020,FALSE,INC,m50,1.455381,2021,N,N
AUT,2015-2020,FALSE,INC,b40,1.582222,2017,N,N
AUT,2015-2020,FALSE,INC,m50,1.455381,2017,N,N
AUT,2016-2021,FALSE,INC,b40,.4093632,2017,N,N
AUT,2016-2021,FALSE,INC,premium,.0580174,2021,N,N
AUT,2016-2021,FALSE,INC,tot,.3514186,2017,N,N
AUT,2016-2021,FALSE,INC,tot,.3514378,2021,N,N
AUT,2016-2021,FALSE,INC,premium,.0579446,2017,N,N
AUT,2016-2021,FALSE,INC,b40,.4094552,2021,N,N
AUT,2016-2021,FALSE,INC,m50,.4399784,2017,N,N
AUT,2016-2021,FALSE,INC,m50,.4399772,2021,N,N
AUT,2017-2022,FALSE,INC,premium,-.1847379,2017,N,N
AUT,2017-2022,FALSE,INC,b40,1.359093,2017,N,N
AUT,2017-2022,FALSE,INC,tot,1.543856,2021,N,N
AUT,2017-2022,FALSE,INC,b40,1.359209,2021,N,N
AUT,2017-2022,FALSE,INC,m50,1.391477,2021,N,N
AUT,2017-2022,FALSE,INC,tot,1.543831,2017,N,N
AUT,2017-2022,FALSE,INC,premium,-.1846467,2021,N,N
AUT,2017-2022,FALSE,INC,m50,1.391475,2017,N,N
BEL,2007-2012,FALSE,INC,tot,.3922797,2017,N,N
BEL,2007-2012,FALSE,INC,premium,.5677316,2017,N,N
BEL,2007-2012,FALSE,INC,b40,.9599828,2021,N,N
BEL,2007-2012,FALSE,INC,m50,1.077417,2021,N,N
BEL,2007-2012,FALSE,INC,b40,.9600113,2017,N,N
BEL,2007-2012,FALSE,INC,tot,.3922742,2021,N,N
BEL,2007-2012,FALSE,INC,m50,1.077417,2017,N,N
BEL,2007-2012,FALSE,INC,premium,.5677086,2021,N,N
BEL,2009-2014,FALSE,INC,b40,.2018242,2021,N,N
BEL,2009-2014,FALSE,INC,b40,.2018256,2017,N,N
BEL,2009-2014,FALSE,INC,premium,.08613,2017,N,N
BEL,2009-2014,FALSE,INC,m50,.4565224,2021,N,N
BEL,2009-2014,FALSE,INC,tot,.1156962,2021,N,N
BEL,2009-2014,FALSE,INC,premium,.086128,2021,N,N
BEL,2009-2014,FALSE,INC,tot,.1156956,2017,N,N
BEL,2009-2014,FALSE,INC,m50,.4565237,2017,N,N
BEL,2010-2015,FALSE,INC,tot,.5003331,2017,N,N
BEL,2010-2015,FALSE,INC,b40,.630771,2017,N,N
BEL,2010-2015,FALSE,INC,m50,.929238,2021,N,N
BEL,2010-2015,FALSE,INC,m50,.9292374,2017,N,N
BEL,2010-2015,FALSE,INC,premium,.130438,2017,N,N
BEL,2010-2015,FALSE,INC,b40,.6307977,2021,N,N
BEL,2010-2015,FALSE,INC,premium,.130456,2021,N,N
BEL,2010-2015,FALSE,INC,tot,.5003417,2021,N,N
BEL,2012-2017,FALSE,INC,premium,.0501549,2017,N,N
BEL,2012-2017,FALSE,INC,tot,.4356104,2017,N,N
BEL,2012-2017,FALSE,INC,premium,.0501754,2021,N,N
BEL,2012-2017,FALSE,INC,m50,.4800703,2021,N,N
BEL,2012-2017,FALSE,INC,b40,.4857972,2021,N,N
BEL,2012-2017,FALSE,INC,m50,.4800738,2017,N,N
BEL,2012-2017,FALSE,INC,tot,.4356219,2021,N,N
BEL,2012-2017,FALSE,INC,b40,.4857653,2017,N,N
BEL,2013-2018,FALSE,INC,premium,.5150416,2017,N,N
BEL,2013-2018,FALSE,INC,m50,.9204942,2017,N,N
BEL,2013-2018,FALSE,INC,b40,1.459386,2017,N,N
BEL,2013-2018,FALSE,INC,tot,.9443467,2021,N,N
BEL,2013-2018,FALSE,INC,b40,1.459396,2021,N,N
BEL,2013-2018,FALSE,INC,m50,.9204948,2021,N,N
BEL,2013-2018,FALSE,INC,premium,.5150498,2021,N,N
BEL,2013-2018,FALSE,INC,tot,.9443446,2017,N,N
BEL,2014-2019,FALSE,INC,b40,2.079024,2017,N,N
BEL,2014-2019,FALSE,INC,tot,1.393513,2017,N,N
BEL,2014-2019,FALSE,INC,m50,1.41247,2021,N,N
BEL,2014-2019,FALSE,INC,premium,.6855106,2017,N,N
BEL,2014-2019,FALSE,INC,premium,.6855004,2021,N,N
BEL,2014-2019,FALSE,INC,b40,2.079012,2021,N,N
BEL,2014-2019,FALSE,INC,tot,1.393511,2021,N,N
BEL,2014-2019,FALSE,INC,m50,1.412471,2017,N,N
BEL,2015-2020,FALSE,INC,premium,1.06922,2021,N,N
BEL,2015-2020,FALSE,INC,b40,2.142378,2021,N,N
BEL,2015-2020,FALSE,INC,m50,.9909757,2017,N,N
BEL,2015-2020,FALSE,INC,b40,2.142363,2017,N,N
BEL,2015-2020,FALSE,INC,premium,1.069207,2017,N,N
BEL,2015-2020,FALSE,INC,tot,1.073158,2021,N,N
BEL,2015-2020,FALSE,INC,m50,.9909789,2021,N,N
BEL,2015-2020,FALSE,INC,tot,1.073156,2017,N,N
BEL,2016-2021,FALSE,INC,tot,2.082364,2017,N,N
BEL,2016-2021,FALSE,INC,tot,2.082372,2021,N,N
BEL,2016-2021,FALSE,INC,b40,2.834492,2021,N,N
BEL,2016-2021,FALSE,INC,b40,2.834461,2017,N,N
BEL,2016-2021,FALSE,INC,m50,1.750344,2017,N,N
BEL,2016-2021,FALSE,INC,premium,.75212,2021,N,N
BEL,2016-2021,FALSE,INC,m50,1.750344,2021,N,N
BEL,2016-2021,FALSE,INC,premium,.7520971,2017,N,N
BEL,2017-2022,FALSE,INC,m50,.9846972,2017,N,N
BEL,2017-2022,FALSE,INC,premium,.9024694,2021,N,N
BEL,2017-2022,FALSE,INC,b40,2.04688,2017,N,N
BEL,2017-2022,FALSE,INC,b40,2.046907,2021,N,N
BEL,2017-2022,FALSE,INC,premium,.9024446,2017,N,N
BEL,2017-2022,FALSE,INC,tot,1.144438,2021,N,N
BEL,2017-2022,FALSE,INC,m50,.9846978,2021,N,N
BEL,2017-2022,FALSE,INC,tot,1.144435,2017,N,N
BEN,2011-2015,FALSE,CONS,premium,-5.045778,2017,N,N
BEN,2011-2015,FALSE,CONS,m50,1.791317,2017,N,N
BEN,2011-2015,FALSE,CONS,b40,-4.93807,2017,N,N
BEN,2011-2015,FALSE,CONS,tot,.1077085,2017,N,N
BEN,2011-2015,FALSE,CONS,b40,-4.98102,2021,N,N
BEN,2011-2015,FALSE,CONS,tot,.1018444,2021,N,N
BEN,2011-2015,FALSE,CONS,premium,-5.082864,2021,N,N
BEN,2011-2015,FALSE,CONS,m50,1.791314,2021,N,N
BEN,2018-2021,FALSE,CONS,tot,2.312301,2021,N,N
BEN,2018-2021,FALSE,CONS,tot,2.312297,2017,N,N
BEN,2018-2021,FALSE,CONS,b40,4.836177,2021,N,N
BEN,2018-2021,FALSE,CONS,m50,4.372966,2017,N,N
BEN,2018-2021,FALSE,CONS,m50,4.37297,2021,N,N
BEN,2018-2021,FALSE,CONS,premium,2.523886,2017,N,N
BEN,2018-2021,FALSE,CONS,b40,4.836183,2017,N,N
BEN,2018-2021,FALSE,CONS,premium,2.523876,2021,N,N
BFA,2018-2021,FALSE,CONS,premium,4.274328,2017,N,N
BFA,2018-2021,FALSE,CONS,premium,4.274321,2021,N,N
BFA,2018-2021,FALSE,CONS,m50,2.5203,2017,N,N
BFA,2018-2021,FALSE,CONS,b40,3.173819,2021,N,N
BFA,2018-2021,FALSE,CONS,tot,-1.100502,2021,N,N
BFA,2018-2021,FALSE,CONS,b40,3.173823,2017,N,N
BFA,2018-2021,FALSE,CONS,m50,2.520297,2021,N,N
BFA,2018-2021,FALSE,CONS,tot,-1.100506,2017,N,N
BGD,2005-2010,FALSE,CONS,tot,1.368939,2017,N,N
BGD,2005-2010,FALSE,CONS,tot,1.368923,2021,N,N
BGD,2005-2010,FALSE,CONS,b40,1.730699,2017,N,N
BGD,2005-2010,FALSE,CONS,m50,1.849886,2017,N,N
BGD,2005-2010,FALSE,CONS,m50,1.849889,2021,N,N
BGD,2005-2010,FALSE,CONS,b40,1.730609,2021,N,N
BGD,2005-2010,FALSE,CONS,premium,.3617603,2017,N,N
BGD,2005-2010,FALSE,CONS,premium,.3616862,2021,N,N
BGD,2010-2016,FALSE,CONS,premium,-.1901671,2017,N,N
BGD,2010-2016,FALSE,CONS,m50,1.652215,2017,N,N
BGD,2010-2016,FALSE,CONS,m50,1.652211,2021,N,N
BGD,2010-2016,FALSE,CONS,tot,1.539152,2021,N,N
BGD,2010-2016,FALSE,CONS,premium,-.1901151,2021,N,N
BGD,2010-2016,FALSE,CONS,b40,1.349037,2021,N,N
BGD,2010-2016,FALSE,CONS,tot,1.539138,2017,N,N
BGD,2010-2016,FALSE,CONS,b40,1.348971,2017,N,N
BGR,2007-2012,FALSE,INC,premium,-.0782223,2017,N,N
BGR,2007-2011,FALSE,INC,b40,1.394235,2017,N,N
BGR,2007-2012,FALSE,INC,tot,1.367394,2021,N,N
BGR,2007-2012,FALSE,INC,tot,1.36744,2017,N,N
BGR,2007-2011,FALSE,INC,m50,1.740247,2017,N,N
BGR,2007-2012,FALSE,INC,m50,1.781839,2021,N,N
BGR,2007-2011,FALSE,INC,tot,.4488999,2017,N,N
BGR,2007-2011,FALSE,INC,b40,1.393948,2021,N,N
BGR,2007-2011,FALSE,INC,premium,.9451004,2021,N,N
BGR,2007-2012,FALSE,INC,b40,1.288961,2021,N,N
BGR,2007-2011,FALSE,INC,m50,1.740252,2021,N,N
BGR,2007-2011,FALSE,INC,tot,.4488476,2021,N,N
BGR,2007-2012,FALSE,INC,m50,1.781829,2017,N,N
BGR,2007-2012,FALSE,INC,premium,-.0784335,2021,N,N
BGR,2007-2012,FALSE,INC,b40,1.289218,2017,N,N
BGR,2007-2011,FALSE,INC,premium,.9453348,2017,N,N
BGR,2009-2014,FALSE,INC,premium,-1.675937,2021,N,N
BGR,2009-2014,FALSE,INC,premium,-1.675632,2017,N,N
BGR,2009-2014,FALSE,INC,b40,.437106,2021,N,N
BGR,2009-2014,FALSE,INC,m50,1.037212,2017,N,N
BGR,2009-2014,FALSE,INC,tot,2.113043,2021,N,N
BGR,2009-2014,FALSE,INC,m50,1.037212,2021,N,N
BGR,2009-2014,FALSE,INC,tot,2.113106,2017,N,N
BGR,2009-2014,FALSE,INC,b40,.4374741,2017,N,N
BGR,2015-2018,FALSE,INC,m50,8.242574,2017,N,N
BGR,2015-2019,FALSE,INC,b40,8.954756,2017,N,N
BGR,2015-2018,FALSE,INC,premium,-.940115,2021,N,N
BGR,2015-2019,FALSE,INC,premium,-.2955666,2017,N,N
BGR,2015-2019,FALSE,INC,tot,9.250322,2017,N,N
BGR,2015-2020,FALSE,INC,m50,8.092165,2017,N,N
BGR,2015-2020,FALSE,INC,b40,10.1274,2017,N,N
BGR,2015-2018,FALSE,INC,b40,10.36386,2021,N,N
BGR,2015-2019,FALSE,INC,tot,9.250384,2021,N,N
BGR,2015-2018,FALSE,INC,m50,8.242602,2021,N,N
BGR,2015-2018,FALSE,INC,b40,10.36324,2017,N,N
BGR,2015-2019,FALSE,INC,b40,8.955177,2021,N,N
BGR,2015-2018,FALSE,INC,premium,-.9406328,2017,N,N
BGR,2015-2020,FALSE,INC,tot,9.908008,2021,N,N
BGR,2015-2018,FALSE,INC,tot,11.30398,2021,N,N
BGR,2015-2020,FALSE,INC,premium,.219451,2017,N,N
BGR,2015-2020,FALSE,INC,premium,.2197685,2021,N,N
BGR,2015-2019,FALSE,INC,m50,7.768677,2017,N,N
BGR,2015-2019,FALSE,INC,m50,7.768692,2021,N,N
BGR,2015-2019,FALSE,INC,premium,-.295207,2021,N,N
BGR,2015-2020,FALSE,INC,b40,10.12778,2021,N,N
BGR,2015-2020,FALSE,INC,m50,8.092175,2021,N,N
BGR,2015-2018,FALSE,INC,tot,11.30387,2017,N,N
BGR,2015-2020,FALSE,INC,tot,9.90795,2017,N,N
BGR,2016-2021,FALSE,INC,premium,.857655,2017,N,N
BGR,2016-2021,FALSE,INC,tot,5.773295,2021,N,N
BGR,2016-2021,FALSE,INC,b40,6.631061,2021,N,N
BGR,2016-2021,FALSE,INC,b40,6.630919,2017,N,N
BGR,2016-2021,FALSE,INC,m50,5.747152,2017,N,N
BGR,2016-2021,FALSE,INC,m50,5.747152,2021,N,N
BGR,2016-2021,FALSE,INC,premium,.8577662,2021,N,N
BGR,2016-2021,FALSE,INC,tot,5.773264,2017,N,N
BGR,2017-2022,FALSE,INC,premium,1.349576,2021,N,N
BGR,2017-2022,FALSE,INC,premium,1.349563,2017,N,N
BGR,2017-2022,FALSE,INC,m50,7.544828,2021,N,N
BGR,2017-2022,FALSE,INC,b40,8.41836,2017,N,N
BGR,2017-2022,FALSE,INC,m50,7.54483,2017,N,N
BGR,2017-2022,FALSE,INC,tot,7.068793,2021,N,N
BGR,2017-2022,FALSE,INC,tot,7.068797,2017,N,N
BGR,2017-2022,FALSE,INC,b40,8.418369,2021,N,N
BLR,2006-2011,FALSE,CONS,tot,6.866446,2017,N,N
BLR,2006-2011,FALSE,CONS,tot,6.866443,2021,N,N
BLR,2006-2011,FALSE,CONS,m50,7.016417,2017,N,N
BLR,2006-2011,FALSE,CONS,m50,7.016422,2021,N,N
BLR,2006-2011,FALSE,CONS,b40,7.531763,2021,N,N
BLR,2006-2011,FALSE,CONS,b40,7.531762,2017,N,N
BLR,2006-2011,FALSE,CONS,premium,.6653199,2021,N,N
BLR,2006-2011,FALSE,CONS,premium,.6653161,2017,N,N
BLR,2009-2014,FALSE,CONS,m50,8.319114,2017,N,N
BLR,2009-2014,FALSE,CONS,b40,8.869241,2021,N,N
BLR,2009-2014,FALSE,CONS,m50,8.319111,2021,N,N
BLR,2009-2014,FALSE,CONS,premium,.3847551,2017,N,N
BLR,2009-2014,FALSE,CONS,tot,8.484476,2017,N,N
BLR,2009-2014,FALSE,CONS,b40,8.869231,2017,N,N
BLR,2009-2014,FALSE,CONS,tot,8.484468,2021,N,N
BLR,2009-2014,FALSE,CONS,premium,.3847733,2021,N,N
BLR,2011-2016,FALSE,CONS,premium,1.143327,2017,N,N
BLR,2011-2016,FALSE,CONS,tot,2.27219,2021,N,N
BLR,2011-2016,FALSE,CONS,b40,3.415511,2017,N,N
BLR,2011-2016,FALSE,CONS,premium,1.143321,2021,N,N
BLR,2011-2016,FALSE,CONS,m50,2.394773,2021,N,N
BLR,2011-2016,FALSE,CONS,m50,2.394776,2017,N,N
BLR,2011-2016,FALSE,CONS,tot,2.272184,2017,N,N
BLR,2011-2016,FALSE,CONS,b40,3.415511,2021,N,N
BLR,2012-2017,FALSE,CONS,m50,.5580843,2017,N,N
BLR,2012-2017,FALSE,CONS,premium,.5768613,2017,N,N
BLR,2012-2017,FALSE,CONS,b40,1.092353,2021,N,N
BLR,2012-2017,FALSE,CONS,b40,1.092341,2017,N,N
BLR,2012-2017,FALSE,CONS,m50,.5580842,2021,N,N
BLR,2012-2017,FALSE,CONS,tot,.515478,2021,N,N
BLR,2012-2017,FALSE,CONS,premium,.5768752,2021,N,N
BLR,2012-2017,FALSE,CONS,tot,.5154794,2017,N,N
BLR,2013-2018,FALSE,CONS,tot,-.015099,2017,N,N
BLR,2013-2018,FALSE,CONS,b40,.7061158,2021,N,N
BLR,2013-2018,FALSE,CONS,tot,-.0150964,2021,N,N
BLR,2013-2018,FALSE,CONS,m50,-.0169139,2017,N,N
BLR,2013-2018,FALSE,CONS,m50,-.0169095,2021,N,N
BLR,2013-2018,FALSE,CONS,premium,.7212088,2017,N,N
BLR,2013-2018,FALSE,CONS,premium,.7212122,2021,N,N
BLR,2013-2018,FALSE,CONS,b40,.7061098,2017,N,N
BLR,2014-2019,FALSE,CONS,premium,.887171,2017,N,N
BLR,2014-2019,FALSE,CONS,m50,.5878388,2017,N,N
BLR,2014-2019,FALSE,CONS,m50,.5878446,2021,N,N
BLR,2014-2019,FALSE,CONS,premium,.8871738,2021,N,N
BLR,2014-2019,FALSE,CONS,tot,.2254429,2021,N,N
BLR,2014-2019,FALSE,CONS,b40,1.112617,2021,N,N
BLR,2014-2019,FALSE,CONS,tot,.2254398,2017,N,N
BLR,2014-2019,FALSE,CONS,b40,1.112611,2017,N,N
BLR,2015-2020,FALSE,CONS,m50,2.508377,2017,N,N
BLR,2015-2020,FALSE,CONS,premium,.7193763,2017,N,N
BLR,2015-2020,FALSE,CONS,tot,2.597894,2017,N,N
BLR,2015-2020,FALSE,CONS,tot,2.597888,2021,N,N
BLR,2015-2020,FALSE,CONS,premium,.7193944,2021,N,N
BLR,2015-2020,FALSE,CONS,b40,3.317282,2021,N,N
BLR,2015-2020,FALSE,CONS,b40,3.317271,2017,N,N
BLR,2015-2020,FALSE,CONS,m50,2.508382,2021,N,N
BOL,2006-2011,FALSE,INC,premium,8.556055,2021,N,N
BOL,2006-2011,FALSE,INC,premium,8.551463,2017,N,N
BOL,2006-2011,FALSE,INC,tot,3.93927,2021,N,N
BOL,2006-2011,FALSE,INC,m50,9.219893,2021,N,N
BOL,2006-2011,FALSE,INC,b40,12.49533,2021,N,N
BOL,2006-2011,FALSE,INC,b40,12.49034,2017,N,N
BOL,2006-2011,FALSE,INC,tot,3.938879,2017,N,N
BOL,2006-2011,FALSE,INC,m50,9.219893,2017,N,N
BOL,2007-2012,FALSE,INC,b40,9.863935,2017,N,N
BOL,2007-2012,FALSE,INC,m50,8.841722,2017,N,N
BOL,2007-2012,FALSE,INC,b40,9.865475,2021,N,N
BOL,2007-2012,FALSE,INC,tot,4.504111,2021,N,N
BOL,2007-2012,FALSE,INC,m50,8.841712,2021,N,N
BOL,2007-2012,FALSE,INC,premium,5.361363,2021,N,N
BOL,2007-2012,FALSE,INC,tot,4.503977,2017,N,N
BOL,2007-2012,FALSE,INC,premium,5.359958,2017,N,N
BOL,2009-2014,FALSE,INC,m50,4.489393,2017,N,N
BOL,2009-2014,FALSE,INC,tot,4.502931,2021,N,N
BOL,2009-2014,FALSE,INC,m50,4.489391,2021,N,N
BOL,2009-2014,FALSE,INC,b40,6.022848,2021,N,N
BOL,2009-2014,FALSE,INC,tot,4.502895,2017,N,N
BOL,2009-2014,FALSE,INC,premium,1.519917,2021,N,N
BOL,2009-2014,FALSE,INC,b40,6.022526,2017,N,N
BOL,2009-2014,FALSE,INC,premium,1.519631,2017,N,N
BOL,2011-2016,FALSE,INC,tot,.8279176,2017,N,N
BOL,2011-2016,FALSE,INC,premium,.114642,2017,N,N
BOL,2011-2016,FALSE,INC,b40,.9425595,2017,N,N
BOL,2011-2016,FALSE,INC,b40,.9419613,2021,N,N
BOL,2011-2016,FALSE,INC,tot,.8278348,2021,N,N
BOL,2011-2016,FALSE,INC,premium,.1141266,2021,N,N
BOL,2011-2016,FALSE,INC,m50,1.419242,2017,N,N
BOL,2011-2016,FALSE,INC,m50,1.419252,2021,N,N
BOL,2012-2017,FALSE,INC,b40,1.921264,2017,N,N
BOL,2012-2017,FALSE,INC,b40,1.921399,2021,N,N
BOL,2012-2017,FALSE,INC,tot,.5672198,2021,N,N
BOL,2012-2017,FALSE,INC,premium,1.354062,2017,N,N
BOL,2012-2017,FALSE,INC,m50,1.126821,2017,N,N
BOL,2012-2017,FALSE,INC,tot,.5672016,2017,N,N
BOL,2012-2017,FALSE,INC,premium,1.354179,2021,N,N
BOL,2012-2017,FALSE,INC,m50,1.126832,2021,N,N
BOL,2013-2018,FALSE,INC,premium,3.135936,2017,N,N
BOL,2013-2018,FALSE,INC,m50,-.2244897,2021,N,N
BOL,2013-2018,FALSE,INC,tot,-1.721664,2017,N,N
BOL,2013-2018,FALSE,INC,m50,-.2244857,2017,N,N
BOL,2013-2018,FALSE,INC,premium,3.135918,2021,N,N
BOL,2013-2018,FALSE,INC,b40,1.414273,2017,N,N
BOL,2013-2018,FALSE,INC,b40,1.414258,2021,N,N
BOL,2013-2018,FALSE,INC,tot,-1.72166,2021,N,N
BOL,2014-2019,FALSE,INC,premium,4.033135,2017,N,N
BOL,2014-2019,FALSE,INC,premium,4.033347,2021,N,N
BOL,2014-2019,FALSE,INC,m50,.7124262,2021,N,N
BOL,2014-2019,FALSE,INC,m50,.7124159,2017,N,N
BOL,2014-2019,FALSE,INC,b40,3.088827,2021,N,N
BOL,2014-2019,FALSE,INC,tot,-.9445192,2021,N,N
BOL,2014-2019,FALSE,INC,tot,-.9445555,2017,N,N
BOL,2014-2019,FALSE,INC,b40,3.08858,2017,N,N
BOL,2015-2020,FALSE,INC,m50,.0496646,2017,N,N
BOL,2015-2020,FALSE,INC,premium,2.369642,2017,N,N
BOL,2015-2020,FALSE,INC,b40,2.139922,2017,N,N
BOL,2015-2020,FALSE,INC,m50,.0496624,2021,N,N
BOL,2015-2020,FALSE,INC,b40,2.140461,2021,N,N
BOL,2015-2020,FALSE,INC,tot,-.2297203,2017,N,N
BOL,2015-2020,FALSE,INC,tot,-.2296491,2021,N,N
BOL,2015-2020,FALSE,INC,premium,2.37011,2021,N,N
BOL,2016-2021,FALSE,INC,m50,1.556715,2017,N,N
BOL,2016-2021,FALSE,INC,premium,3.724352,2017,N,N
BOL,2016-2021,FALSE,INC,tot,.6941468,2021,N,N
BOL,2016-2021,FALSE,INC,m50,1.556708,2021,N,N
BOL,2016-2021,FALSE,INC,tot,.6940469,2017,N,N
BOL,2016-2021,FALSE,INC,b40,4.419225,2021,N,N
BOL,2016-2021,FALSE,INC,b40,4.418399,2017,N,N
BOL,2016-2021,FALSE,INC,premium,3.725078,2021,N,N
BOL,2018-2023,FALSE,INC,b40,2.628942,2021,N,N
BOL,2018-2023,FALSE,INC,premium,1.031763,2017,N,N
BOL,2018-2023,FALSE,INC,tot,1.597029,2021,N,N
BOL,2018-2023,FALSE,INC,m50,1.084991,2017,N,N
BOL,2018-2023,FALSE,INC,tot,1.597012,2017,N,N
BOL,2018-2023,FALSE,INC,premium,1.031913,2021,N,N
BOL,2018-2023,FALSE,INC,m50,1.084988,2021,N,N
BOL,2018-2023,FALSE,INC,b40,2.628775,2017,N,N
BRA,2006-2011,FALSE,INC,m50,5.678403,2021,N,N
BRA,2006-2011,FALSE,INC,m50,5.678412,2017,N,N
BRA,2006-2011,FALSE,INC,b40,5.993296,2017,N,N
BRA,2006-2011,FALSE,INC,b40,5.993472,2021,N,N
BRA,2006-2011,FALSE,INC,tot,3.866816,2017,N,N
BRA,2006-2011,FALSE,INC,tot,3.866822,2021,N,N
BRA,2006-2011,FALSE,INC,premium,2.12648,2017,N,N
BRA,2006-2011,FALSE,INC,premium,2.12665,2021,N,N
BRA,2012-2015,FALSE,INC,b40,2.797052,2021,N,N
BRA,2012-2015,FALSE,INC,premium,1.725698,2017,N,N
BRA,2012-2015,FALSE,INC,premium,1.725885,2021,N,N
BRA,2012-2015,FALSE,INC,m50,1.986534,2021,N,N
BRA,2012-2015,FALSE,INC,b40,2.796841,2017,N,N
BRA,2012-2015,FALSE,INC,m50,1.986529,2017,N,N
BRA,2012-2015,FALSE,INC,tot,1.071167,2021,N,N
BRA,2012-2015,FALSE,INC,tot,1.071142,2017,N,N
BRA,2013-2018,FALSE,INC,premium,-1.19329,2017,N,N
BRA,2013-2018,FALSE,INC,m50,.1466525,2017,N,N
BRA,2013-2018,FALSE,INC,b40,-.7432665,2017,N,N
BRA,2013-2018,FALSE,INC,tot,.4500241,2017,N,N
BRA,2013-2018,FALSE,INC,premium,-1.193495,2021,N,N
BRA,2013-2018,FALSE,INC,b40,-.7434969,2021,N,N
BRA,2013-2018,FALSE,INC,m50,.1466655,2021,N,N
BRA,2013-2018,FALSE,INC,tot,.4499985,2021,N,N
BRA,2014-2019,FALSE,INC,tot,.1313254,2021,N,N
BRA,2014-2019,FALSE,INC,tot,.1313426,2017,N,N
BRA,2014-2019,FALSE,INC,premium,-1.547438,2021,N,N
BRA,2014-2019,FALSE,INC,b40,-1.415844,2017,N,N
BRA,2014-2019,FALSE,INC,b40,-1.416112,2021,N,N
BRA,2014-2019,FALSE,INC,premium,-1.547186,2017,N,N
BRA,2014-2019,FALSE,INC,m50,.0967021,2021,N,N
BRA,2014-2019,FALSE,INC,m50,.096705,2017,N,N
BRA,2016-2021,FALSE,INC,b40,-.8294491,2021,N,N
BRA,2016-2021,FALSE,INC,m50,-.9178155,2017,N,N
BRA,2016-2021,FALSE,INC,premium,.3390397,2021,N,N
BRA,2016-2021,FALSE,INC,tot,-1.168481,2017,N,N
BRA,2016-2021,FALSE,INC,b40,-.8294763,2017,N,N
BRA,2016-2021,FALSE,INC,m50,-.9178165,2021,N,N
BRA,2016-2021,FALSE,INC,tot,-1.168489,2021,N,N
BRA,2016-2021,FALSE,INC,premium,.3390047,2017,N,N
BRA,2017-2022,FALSE,INC,tot,.993275,2017,N,N
BRA,2017-2022,FALSE,INC,m50,1.268764,2021,N,N
BRA,2017-2022,FALSE,INC,premium,1.306473,2021,N,N
BRA,2017-2022,FALSE,INC,b40,2.299769,2021,N,N
BRA,2017-2022,FALSE,INC,m50,1.268768,2017,N,N
BRA,2017-2022,FALSE,INC,b40,2.299592,2017,N,N
BRA,2017-2022,FALSE,INC,tot,.9932966,2021,N,N
BRA,2017-2022,FALSE,INC,premium,1.306317,2017,N,N
BRA,2018-2023,FALSE,INC,tot,1.251666,2017,N,N
BRA,2018-2023,FALSE,INC,premium,2.032396,2017,N,N
BRA,2018-2023,FALSE,INC,b40,3.28423,2021,N,N
BRA,2018-2023,FALSE,INC,m50,2.006144,2021,N,N
BRA,2018-2023,FALSE,INC,premium,2.032546,2021,N,N
BRA,2018-2023,FALSE,INC,b40,3.284062,2017,N,N
BRA,2018-2023,FALSE,INC,tot,1.251684,2021,N,N
BRA,2018-2023,FALSE,INC,m50,2.006144,2017,N,N
BTN,2007-2012,FALSE,CONS,b40,6.528518,2017,N,N
BTN,2007-2012,FALSE,CONS,tot,6.468043,2017,N,N
BTN,2007-2012,FALSE,CONS,premium,.0604744,2017,N,N
BTN,2007-2012,FALSE,CONS,m50,6.027015,2017,N,N
BTN,2007-2012,FALSE,CONS,premium,.0604744,2021,N,N
BTN,2007-2012,FALSE,CONS,m50,6.027018,2021,N,N
BTN,2007-2012,FALSE,CONS,b40,6.528522,2021,N,N
BTN,2007-2012,FALSE,CONS,tot,6.468048,2021,N,N
BTN,2012-2017,FALSE,CONS,b40,1.626327,2017,N,N
BTN,2012-2017,FALSE,CONS,premium,-.0480794,2017,N,N
BTN,2012-2017,FALSE,CONS,b40,1.626322,2021,N,N
BTN,2012-2017,FALSE,CONS,m50,2.266376,2017,N,N
BTN,2012-2017,FALSE,CONS,premium,-.0480924,2021,N,N
BTN,2012-2017,FALSE,CONS,m50,2.266374,2021,N,N
BTN,2012-2017,FALSE,CONS,tot,1.674406,2017,N,N
BTN,2012-2017,FALSE,CONS,tot,1.674414,2021,N,N
BWA,2002-2009,FALSE,CONS,tot,2.279601,2017,N,N
BWA,2002-2009,FALSE,CONS,m50,5.35924,2017,N,N
BWA,2002-2009,FALSE,CONS,b40,5.559735,2017,N,N
BWA,2002-2009,FALSE,CONS,b40,5.561456,2021,N,N
BWA,2002-2009,FALSE,CONS,premium,3.281737,2021,N,N
BWA,2002-2009,FALSE,CONS,m50,5.359242,2021,N,N
BWA,2002-2009,FALSE,CONS,tot,2.279719,2021,N,N
BWA,2002-2009,FALSE,CONS,premium,3.280135,2017,N,N
BWA,2009-2015,FALSE,CONS,m50,-.6826524,2017,N,N
BWA,2009-2015,FALSE,CONS,m50,-.6826527,2021,N,N
BWA,2009-2015,FALSE,CONS,tot,-.7864109,2017,N,N
BWA,2009-2015,FALSE,CONS,premium,.5945933,2017,N,N
BWA,2009-2015,FALSE,CONS,b40,-.191546,2021,N,N
BWA,2009-2015,FALSE,CONS,tot,-.7863703,2021,N,N
BWA,2009-2015,FALSE,CONS,b40,-.1918176,2017,N,N
BWA,2009-2015,FALSE,CONS,premium,.5948243,2021,N,N
CAN,2012-2017,FALSE,INC,b40,1.434731,2017,N,N
CAN,2012-2017,FALSE,INC,m50,1.061641,2017,N,N
CAN,2012-2017,FALSE,INC,m50,1.061642,2021,N,N
CAN,2012-2017,FALSE,INC,premium,.260475,2017,N,N
CAN,2012-2017,FALSE,INC,b40,1.434733,2021,N,N
CAN,2012-2017,FALSE,INC,tot,1.174256,2021,N,N
CAN,2012-2017,FALSE,INC,premium,.2604774,2021,N,N
CAN,2012-2017,FALSE,INC,tot,1.174256,2017,N,N
CAN,2013-2018,FALSE,INC,tot,.8639896,2021,N,N
CAN,2013-2018,FALSE,INC,premium,.9765453,2021,N,N
CAN,2013-2018,FALSE,INC,tot,.8639861,2017,N,N
CAN,2013-2018,FALSE,INC,m50,.7882427,2021,N,N
CAN,2013-2018,FALSE,INC,m50,.7882457,2017,N,N
CAN,2013-2018,FALSE,INC,b40,1.840535,2021,N,N
CAN,2013-2018,FALSE,INC,premium,.9765496,2017,N,N
CAN,2013-2018,FALSE,INC,b40,1.840536,2017,N,N
CAN,2014-2019,FALSE,INC,premium,.8342576,2017,N,N
CAN,2014-2019,FALSE,INC,b40,1.609607,2021,N,N
CAN,2014-2019,FALSE,INC,m50,.9120428,2021,N,N
CAN,2014-2019,FALSE,INC,premium,.8342581,2021,N,N
CAN,2014-2019,FALSE,INC,tot,.7753492,2021,N,N
CAN,2014-2019,FALSE,INC,m50,.9120439,2017,N,N
CAN,2014-2019,FALSE,INC,b40,1.609606,2017,N,N
CAN,2014-2019,FALSE,INC,tot,.7753482,2017,N,N
CAN,2015-2020,FALSE,INC,m50,2.242705,2017,N,N
CAN,2015-2020,FALSE,INC,premium,2.42736,2017,N,N
CAN,2015-2020,FALSE,INC,premium,2.427361,2021,N,N
CAN,2015-2020,FALSE,INC,b40,4.175348,2021,N,N
CAN,2015-2020,FALSE,INC,m50,2.242706,2021,N,N
CAN,2015-2020,FALSE,INC,tot,1.747986,2021,N,N
CAN,2015-2020,FALSE,INC,b40,4.175346,2017,N,N
CAN,2015-2020,FALSE,INC,tot,1.747986,2017,N,N
CHE,2007-2012,FALSE,INC,b40,2.305634,2017,N,N
CHE,2007-2012,FALSE,INC,m50,1.344214,2017,N,N
CHE,2007-2012,FALSE,INC,b40,2.305633,2021,N,N
CHE,2007-2012,FALSE,INC,m50,1.344213,2021,N,N
CHE,2007-2012,FALSE,INC,tot,.9054842,2017,N,N
CHE,2007-2012,FALSE,INC,premium,1.40015,2017,N,N
CHE,2007-2012,FALSE,INC,tot,.9054849,2021,N,N
CHE,2007-2012,FALSE,INC,premium,1.400148,2021,N,N
CHE,2008-2013,FALSE,INC,b40,1.499679,2021,N,N
CHE,2008-2013,FALSE,INC,tot,.6697699,2021,N,N
CHE,2008-2013,FALSE,INC,tot,.6697702,2017,N,N
CHE,2008-2013,FALSE,INC,m50,.8594158,2017,N,N
CHE,2008-2013,FALSE,INC,m50,.8594158,2021,N,N
CHE,2008-2013,FALSE,INC,b40,1.499678,2017,N,N
CHE,2008-2013,FALSE,INC,premium,.8299082,2017,N,N
CHE,2008-2013,FALSE,INC,premium,.829909,2021,N,N
CHE,2009-2014,FALSE,INC,premium,.2411811,2021,N,N
CHE,2009-2014,FALSE,INC,m50,1.018332,2021,N,N
CHE,2009-2014,FALSE,INC,premium,.2411812,2017,N,N
CHE,2009-2014,FALSE,INC,tot,.9969288,2021,N,N
CHE,2009-2014,FALSE,INC,b40,1.238106,2017,N,N
CHE,2009-2014,FALSE,INC,m50,1.018329,2017,N,N
CHE,2009-2014,FALSE,INC,b40,1.23811,2021,N,N
CHE,2009-2014,FALSE,INC,tot,.9969251,2017,N,N
CHE,2010-2015,FALSE,INC,b40,.9345358,2017,N,N
CHE,2010-2015,FALSE,INC,premium,.1065911,2021,N,N
CHE,2010-2015,FALSE,INC,premium,.1065823,2017,N,N
CHE,2010-2015,FALSE,INC,m50,.8164467,2021,N,N
CHE,2010-2015,FALSE,INC,m50,.8164465,2017,N,N
CHE,2010-2015,FALSE,INC,tot,.8279529,2021,N,N
CHE,2010-2015,FALSE,INC,b40,.934544,2021,N,N
CHE,2010-2015,FALSE,INC,tot,.8279535,2017,N,N
CHE,2012-2017,FALSE,INC,premium,-.5665398,2017,N,N
CHE,2012-2017,FALSE,INC,m50,.3174614,2017,N,N
CHE,2012-2017,FALSE,INC,b40,-.2179337,2017,N,N
CHE,2012-2017,FALSE,INC,tot,.3486061,2017,N,N
CHE,2012-2017,FALSE,INC,m50,.3174642,2021,N,N
CHE,2012-2017,FALSE,INC,premium,-.5665404,2021,N,N
CHE,2012-2017,FALSE,INC,tot,.3486051,2021,N,N
CHE,2012-2017,FALSE,INC,b40,-.2179352,2021,N,N
CHE,2013-2018,FALSE,INC,tot,.0819829,2017,N,N
CHE,2013-2018,FALSE,INC,m50,.2004456,2017,N,N
CHE,2013-2018,FALSE,INC,premium,-.4209879,2017,N,N
CHE,2013-2018,FALSE,INC,b40,-.339005,2017,N,N
CHE,2013-2018,FALSE,INC,m50,.2004477,2021,N,N
CHE,2013-2018,FALSE,INC,tot,.0819838,2021,N,N
CHE,2013-2018,FALSE,INC,premium,-.4209882,2021,N,N
CHE,2013-2018,FALSE,INC,b40,-.3390043,2021,N,N
CHE,2015-2020,FALSE,INC,b40,.135483,2017,N,N
CHE,2015-2020,FALSE,INC,tot,.7093947,2021,N,N
CHE,2015-2020,FALSE,INC,tot,.7093941,2017,N,N
CHE,2015-2020,FALSE,INC,b40,.1354808,2021,N,N
CHE,2015-2020,FALSE,INC,premium,-.5739111,2017,N,N
CHE,2015-2020,FALSE,INC,m50,.3176247,2021,N,N
CHE,2015-2020,FALSE,INC,premium,-.5739139,2021,N,N
CHE,2015-2020,FALSE,INC,m50,.3176239,2017,N,N
CHE,2016-2021,FALSE,INC,m50,.2760195,2021,N,N
CHE,2016-2021,FALSE,INC,tot,.5966693,2017,N,N
CHE,2016-2021,FALSE,INC,m50,.2760192,2017,N,N
CHE,2016-2021,FALSE,INC,b40,.2826433,2021,N,N
CHE,2016-2021,FALSE,INC,b40,.2826431,2017,N,N
CHE,2016-2021,FALSE,INC,premium,-.3140262,2017,N,N
CHE,2016-2021,FALSE,INC,tot,.5966694,2021,N,N
CHE,2016-2021,FALSE,INC,premium,-.3140261,2021,N,N
CHL,2006-2011,FALSE,INC,m50,2.959723,2017,N,N
CHL,2006-2011,FALSE,INC,premium,.8923488,2021,N,N
CHL,2006-2011,FALSE,INC,b40,3.854892,2021,N,N
CHL,2006-2011,FALSE,INC,tot,2.9625,2017,N,N
CHL,2006-2011,FALSE,INC,tot,2.962544,2021,N,N
CHL,2006-2011,FALSE,INC,m50,2.959712,2021,N,N
CHL,2006-2011,FALSE,INC,premium,.8920462,2017,N,N
CHL,2006-2011,FALSE,INC,b40,3.854546,2017,N,N
CHL,2009-2015,FALSE,INC,premium,1.202851,2021,N,N
CHL,2009-2015,FALSE,INC,b40,6.647281,2021,N,N
CHL,2009-2015,FALSE,INC,premium,1.202594,2017,N,N
CHL,2009-2013,FALSE,INC,m50,6.955795,2017,N,N
CHL,2009-2013,FALSE,INC,b40,7.724699,2017,N,N
CHL,2009-2013,FALSE,INC,tot,6.986206,2017,N,N
CHL,2009-2013,FALSE,INC,premium,.7388587,2021,N,N
CHL,2009-2013,FALSE,INC,premium,.7384934,2017,N,N
CHL,2009-2015,FALSE,INC,m50,5.992887,2021,N,N
CHL,2009-2013,FALSE,INC,m50,6.955819,2021,N,N
CHL,2009-2015,FALSE,INC,tot,5.44443,2021,N,N
CHL,2009-2015,FALSE,INC,tot,5.444388,2017,N,N
CHL,2009-2015,FALSE,INC,b40,6.646982,2017,N,N
CHL,2009-2015,FALSE,INC,m50,5.992875,2017,N,N
CHL,2009-2013,FALSE,INC,b40,7.725141,2021,N,N
CHL,2009-2013,FALSE,INC,tot,6.986282,2021,N,N
CHL,2013-2017,FALSE,INC,m50,4.39841,2021,N,N
CHL,2013-2017,FALSE,INC,tot,3.464945,2021,N,N
CHL,2013-2017,FALSE,INC,tot,3.464965,2017,N,N
CHL,2013-2017,FALSE,INC,b40,4.624456,2021,N,N
CHL,2013-2017,FALSE,INC,b40,4.624537,2017,N,N
CHL,2013-2017,FALSE,INC,premium,1.159512,2021,N,N
CHL,2013-2017,FALSE,INC,m50,4.398421,2017,N,N
CHL,2013-2017,FALSE,INC,premium,1.159572,2017,N,N
CHL,2015-2020,FALSE,INC,m50,1.435258,2017,N,N
CHL,2015-2020,FALSE,INC,b40,.4378201,2017,N,N
CHL,2015-2020,FALSE,INC,premium,-1.41522,2021,N,N
CHL,2015-2020,FALSE,INC,tot,1.85226,2017,N,N
CHL,2015-2020,FALSE,INC,tot,1.852132,2021,N,N
CHL,2015-2020,FALSE,INC,premium,-1.41444,2017,N,N
CHL,2015-2020,FALSE,INC,b40,.4369116,2021,N,N
CHL,2015-2020,FALSE,INC,m50,1.435267,2021,N,N
CHL,2017-2022,FALSE,INC,premium,.9758806,2021,N,N
CHL,2017-2022,FALSE,INC,b40,3.144156,2017,N,N
CHL,2017-2022,FALSE,INC,tot,2.168248,2017,N,N
CHL,2017-2022,FALSE,INC,m50,3.197375,2017,N,N
CHL,2017-2022,FALSE,INC,premium,.9759078,2017,N,N
CHL,2017-2022,FALSE,INC,m50,3.197385,2021,N,N
CHL,2017-2022,FALSE,INC,tot,2.168239,2021,N,N
CHL,2017-2022,FALSE,INC,b40,3.14412,2021,N,N
CHN,2013-2015,FALSE,CONS,m50,8.513206,2017,N,N
CHN,2013-2016,FALSE,CONS,tot,7.121429,2021,N,N
CHN,2013-2015,FALSE,CONS,b40,9.045794,2021,N,N
CHN,2013-2016,FALSE,CONS,premium,1.255672,2021,N,N
CHN,2013-2015,FALSE,CONS,premium,1.657795,2021,N,N
CHN,2013-2016,FALSE,CONS,m50,7.856292,2017,N,N
CHN,2013-2016,FALSE,CONS,premium,1.255672,2017,N,N
CHN,2013-2016,FALSE,CONS,b40,8.377101,2017,N,N
CHN,2013-2015,FALSE,CONS,b40,9.045794,2017,N,N
CHN,2013-2015,FALSE,CONS,tot,7.387998,2021,N,N
CHN,2013-2016,FALSE,CONS,tot,7.121429,2017,N,N
CHN,2013-2015,FALSE,CONS,tot,7.387998,2017,N,N
CHN,2013-2015,FALSE,CONS,premium,1.657795,2017,N,N
CHN,2013-2016,FALSE,CONS,m50,7.856292,2021,N,N
CHN,2013-2016,FALSE,CONS,b40,8.377101,2021,N,N
CHN,2013-2015,FALSE,CONS,m50,8.513206,2021,N,N
CHN,2014-2019,FALSE,CONS,tot,6.277578,2017,N,N
CHN,2014-2019,FALSE,CONS,premium,.9177542,2017,N,N
CHN,2014-2019,FALSE,CONS,b40,7.195332,2021,N,N
CHN,2014-2019,FALSE,CONS,premium,.9177542,2021,N,N
CHN,2014-2019,FALSE,CONS,m50,6.330536,2021,N,N
CHN,2014-2019,FALSE,CONS,tot,6.277578,2021,N,N
CHN,2014-2019,FALSE,CONS,b40,7.195332,2017,N,N
CHN,2014-2019,FALSE,CONS,m50,6.330536,2017,N,N
CHN,2015-2020,FALSE,CONS,m50,4.094995,2017,N,N
CHN,2015-2020,FALSE,CONS,premium,1.413311,2021,N,N
CHN,2015-2020,FALSE,CONS,b40,5.423417,2017,N,N
CHN,2015-2020,FALSE,CONS,tot,4.010106,2021,N,N
CHN,2015-2020,FALSE,CONS,m50,4.094995,2021,N,N
CHN,2015-2020,FALSE,CONS,premium,1.413311,2017,N,N
CHN,2015-2020,FALSE,CONS,tot,4.010106,2017,N,N
CHN,2015-2020,FALSE,CONS,b40,5.423417,2021,N,N
CHN,2016-2021,FALSE,CONS,tot,5.189105,2017,N,N
CHN,2016-2021,FALSE,CONS,b40,7.210474,2021,N,N
CHN,2016-2021,FALSE,CONS,tot,5.189105,2021,N,N
CHN,2016-2021,FALSE,CONS,premium,2.021369,2017,N,N
CHN,2016-2021,FALSE,CONS,premium,2.021369,2021,N,N
CHN,2016-2021,FALSE,CONS,m50,5.792821,2017,N,N
CHN,2016-2021,FALSE,CONS,b40,7.210474,2017,N,N
CHN,2016-2021,FALSE,CONS,m50,5.792821,2021,N,N
CIV,2008-2015,FALSE,CONS,premium,.9638929,2017,N,N
CIV,2008-2015,FALSE,CONS,premium,.9638664,2021,N,N
CIV,2008-2015,FALSE,CONS,b40,.7398303,2017,N,N
CIV,2008-2015,FALSE,CONS,tot,-.22409,2021,N,N
CIV,2008-2015,FALSE,CONS,b40,.7397764,2021,N,N
CIV,2008-2015,FALSE,CONS,m50,.0452318,2021,N,N
CIV,2008-2015,FALSE,CONS,m50,.0452321,2017,N,N
CIV,2008-2015,FALSE,CONS,tot,-.2240626,2017,N,N
CIV,2018-2021,FALSE,CONS,premium,1.873512,2021,N,N
CIV,2018-2021,FALSE,CONS,b40,1.208247,2017,N,N
CIV,2018-2021,FALSE,CONS,tot,-.6652796,2021,N,N
CIV,2018-2021,FALSE,CONS,m50,-.089266,2017,N,N
CIV,2018-2021,FALSE,CONS,m50,-.0892625,2021,N,N
CIV,2018-2021,FALSE,CONS,tot,-.6652838,2017,N,N
CIV,2018-2021,FALSE,CONS,premium,1.873531,2017,N,N
CIV,2018-2021,FALSE,CONS,b40,1.208232,2021,N,N
CMR,2007-2014,FALSE,CONS,b40,1.410624,2021,N,N
CMR,2007-2014,FALSE,CONS,premium,-2.426619,2017,N,N
CMR,2007-2014,FALSE,CONS,tot,3.837257,2017,N,N
CMR,2007-2014,FALSE,CONS,tot,3.837254,2021,N,N
CMR,2007-2014,FALSE,CONS,premium,-2.42663,2021,N,N
CMR,2007-2014,FALSE,CONS,b40,1.410638,2017,N,N
CMR,2007-2014,FALSE,CONS,m50,3.511092,2021,N,N
CMR,2007-2014,FALSE,CONS,m50,3.51109,2017,N,N
COD,2004-2012,FALSE,CONS,tot,9.778616,2021,N,N
COD,2004-2012,FALSE,CONS,premium,-.3371048,2021,N,N
COD,2004-2012,FALSE,CONS,m50,10.02955,2017,N,N
COD,2004-2012,FALSE,CONS,tot,9.749413,2017,N,N
COD,2004-2012,FALSE,CONS,b40,9.441511,2021,N,N
COD,2004-2012,FALSE,CONS,premium,-.4895582,2017,N,N
COD,2004-2012,FALSE,CONS,b40,9.259855,2017,N,N
COD,2004-2012,FALSE,CONS,m50,10.02956,2021,N,N
COG,2005-2011,FALSE,CONS,m50,4.918139,2021,N,N
COG,2005-2011,FALSE,CONS,tot,4.653719,2017,N,N
COG,2005-2011,FALSE,CONS,b40,3.347366,2017,N,N
COG,2005-2011,FALSE,CONS,m50,4.91814,2017,N,N
COG,2005-2011,FALSE,CONS,premium,-1.306353,2017,N,N
COG,2005-2011,FALSE,CONS,b40,3.347448,2021,N,N
COG,2005-2011,FALSE,CONS,tot,4.653743,2021,N,N
COG,2005-2011,FALSE,CONS,premium,-1.306295,2021,N,N
COL,2008-2012,FALSE,INC,m50,4.906457,2021,N,N
COL,2008-2012,FALSE,INC,m50,4.906456,2017,N,N
COL,2008-2012,FALSE,INC,premium,2.748558,2021,N,N
COL,2008-2011,FALSE,INC,b40,7.267595,2021,N,N
COL,2008-2011,FALSE,INC,premium,3.100795,2021,N,N
COL,2008-2012,FALSE,INC,premium,2.747076,2017,N,N
COL,2008-2011,FALSE,INC,premium,3.098577,2017,N,N
COL,2008-2011,FALSE,INC,m50,5.064331,2017,N,N
COL,2008-2012,FALSE,INC,b40,6.214498,2017,N,N
COL,2008-2012,FALSE,INC,b40,6.216136,2021,N,N
COL,2008-2011,FALSE,INC,b40,7.265173,2017,N,N
COL,2008-2011,FALSE,INC,m50,5.064334,2021,N,N
COL,2008-2011,FALSE,INC,tot,4.1668,2021,N,N
COL,2008-2012,FALSE,INC,tot,3.467578,2021,N,N
COL,2008-2011,FALSE,INC,tot,4.166596,2017,N,N
COL,2008-2012,FALSE,INC,tot,3.467422,2017,N,N
COL,2009-2014,FALSE,INC,b40,5.942183,2017,N,N
COL,2009-2014,FALSE,INC,premium,1.390597,2021,N,N
COL,2009-2014,FALSE,INC,m50,5.473212,2017,N,N
COL,2009-2014,FALSE,INC,m50,5.473216,2021,N,N
COL,2009-2014,FALSE,INC,premium,1.389699,2017,N,N
COL,2009-2014,FALSE,INC,b40,5.943173,2021,N,N
COL,2009-2014,FALSE,INC,tot,4.552577,2021,N,N
COL,2009-2014,FALSE,INC,tot,4.552484,2017,N,N
COL,2010-2015,FALSE,INC,tot,2.520994,2017,N,N
COL,2010-2015,FALSE,INC,m50,4.460821,2017,N,N
COL,2010-2015,FALSE,INC,premium,2.519497,2017,N,N
COL,2010-2015,FALSE,INC,tot,2.521026,2021,N,N
COL,2010-2015,FALSE,INC,m50,4.460827,2021,N,N
COL,2010-2015,FALSE,INC,b40,5.040814,2021,N,N
COL,2010-2015,FALSE,INC,premium,2.519788,2021,N,N
COL,2010-2015,FALSE,INC,b40,5.040491,2017,N,N
COL,2011-2016,FALSE,INC,m50,3.102681,2017,N,N
COL,2011-2016,FALSE,INC,tot,1.467964,2017,N,N
COL,2011-2016,FALSE,INC,b40,3.536383,2017,N,N
COL,2011-2016,FALSE,INC,premium,2.068419,2017,N,N
COL,2011-2016,FALSE,INC,tot,1.467966,2021,N,N
COL,2011-2016,FALSE,INC,b40,3.536428,2021,N,N
COL,2011-2016,FALSE,INC,m50,3.102685,2021,N,N
COL,2011-2016,FALSE,INC,premium,2.068462,2021,N,N
COL,2012-2017,FALSE,INC,premium,2.333305,2021,N,N
COL,2012-2017,FALSE,INC,m50,2.347019,2017,N,N
COL,2012-2017,FALSE,INC,premium,2.333136,2017,N,N
COL,2012-2017,FALSE,INC,b40,3.368078,2021,N,N
COL,2012-2017,FALSE,INC,tot,1.034773,2021,N,N
COL,2012-2017,FALSE,INC,b40,3.367914,2017,N,N
COL,2012-2017,FALSE,INC,m50,2.347026,2021,N,N
COL,2012-2017,FALSE,INC,tot,1.034778,2017,N,N
COL,2013-2018,FALSE,INC,premium,1.795969,2017,N,N
COL,2013-2018,FALSE,INC,tot,.3910269,2017,N,N
COL,2013-2018,FALSE,INC,premium,1.796082,2021,N,N
COL,2013-2018,FALSE,INC,m50,1.326423,2017,N,N
COL,2013-2018,FALSE,INC,b40,2.186996,2017,N,N
COL,2013-2018,FALSE,INC,m50,1.326417,2021,N,N
COL,2013-2018,FALSE,INC,b40,2.187108,2021,N,N
COL,2013-2018,FALSE,INC,tot,.3910255,2021,N,N
COL,2014-2019,FALSE,INC,tot,-.4813069,2021,N,N
COL,2014-2019,FALSE,INC,premium,.8501871,2017,N,N
COL,2014-2019,FALSE,INC,tot,-.4812921,2017,N,N
COL,2014-2019,FALSE,INC,premium,.8501245,2021,N,N
COL,2014-2019,FALSE,INC,b40,.3688949,2017,N,N
COL,2014-2019,FALSE,INC,b40,.3688176,2021,N,N
COL,2014-2019,FALSE,INC,m50,.1927299,2021,N,N
COL,2014-2019,FALSE,INC,m50,.1927286,2017,N,N
COL,2015-2020,FALSE,INC,tot,-2.651171,2017,N,N
COL,2015-2020,FALSE,INC,premium,-1.949546,2017,N,N
COL,2015-2020,FALSE,INC,m50,-3.403962,2017,N,N
COL,2015-2020,FALSE,INC,m50,-3.403968,2021,N,N
COL,2015-2020,FALSE,INC,premium,-1.952496,2021,N,N
COL,2015-2020,FALSE,INC,tot,-2.651515,2021,N,N
COL,2015-2020,FALSE,INC,b40,-4.600717,2017,N,N
COL,2015-2020,FALSE,INC,b40,-4.604011,2021,N,N
CRI,2004-2009,FALSE,INC,m50,4.634628,2017,N,N
CRI,2004-2009,FALSE,INC,tot,5.804698,2017,N,N
CRI,2004-2009,FALSE,INC,b40,4.889879,2021,N,N
CRI,2004-2009,FALSE,INC,tot,5.804739,2021,N,N
CRI,2004-2009,FALSE,INC,m50,4.634627,2021,N,N
CRI,2004-2009,FALSE,INC,b40,4.889552,2017,N,N
CRI,2004-2009,FALSE,INC,premium,-.9151454,2017,N,N
CRI,2004-2009,FALSE,INC,premium,-.9148598,2021,N,N
CRI,2010-2015,FALSE,INC,tot,1.435013,2017,N,N
CRI,2010-2014,FALSE,INC,m50,1.610403,2017,N,N
CRI,2010-2015,FALSE,INC,tot,1.435024,2021,N,N
CRI,2010-2013,FALSE,INC,b40,1.171993,2017,N,N
CRI,2010-2015,FALSE,INC,premium,-.4037464,2021,N,N
CRI,2010-2015,FALSE,INC,b40,1.031278,2021,N,N
CRI,2010-2015,FALSE,INC,m50,1.188526,2021,N,N
CRI,2010-2013,FALSE,INC,b40,1.172374,2021,N,N
CRI,2010-2014,FALSE,INC,m50,1.610397,2021,N,N
CRI,2010-2014,FALSE,INC,premium,-.95662,2021,N,N
CRI,2010-2014,FALSE,INC,premium,-.9566887,2017,N,N
CRI,2010-2014,FALSE,INC,b40,.8235142,2021,N,N
CRI,2010-2015,FALSE,INC,premium,-.4037648,2017,N,N
CRI,2010-2014,FALSE,INC,b40,.8234313,2017,N,N
CRI,2010-2013,FALSE,INC,m50,1.967309,2021,N,N
CRI,2010-2015,FALSE,INC,m50,1.188519,2017,N,N
CRI,2010-2014,FALSE,INC,tot,1.78012,2017,N,N
CRI,2010-2013,FALSE,INC,premium,-1.998292,2021,N,N
CRI,2010-2013,FALSE,INC,tot,3.170666,2021,N,N
CRI,2010-2013,FALSE,INC,m50,1.967317,2017,N,N
CRI,2010-2013,FALSE,INC,tot,3.170611,2017,N,N
CRI,2010-2014,FALSE,INC,tot,1.780134,2021,N,N
CRI,2010-2013,FALSE,INC,premium,-1.998617,2017,N,N
CRI,2010-2015,FALSE,INC,b40,1.031248,2017,N,N
CRI,2011-2016,FALSE,INC,tot,1.566796,2017,N,N
CRI,2011-2016,FALSE,INC,b40,1.750112,2017,N,N
CRI,2011-2016,FALSE,INC,m50,1.374723,2017,N,N
CRI,2011-2016,FALSE,INC,b40,1.750277,2021,N,N
CRI,2011-2016,FALSE,INC,premium,.1834517,2021,N,N
CRI,2011-2016,FALSE,INC,m50,1.374723,2021,N,N
CRI,2011-2016,FALSE,INC,tot,1.566826,2021,N,N
CRI,2011-2016,FALSE,INC,premium,.1833162,2017,N,N
CRI,2012-2017,FALSE,INC,m50,.8922499,2017,N,N
CRI,2012-2017,FALSE,INC,premium,.3762369,2021,N,N
CRI,2012-2017,FALSE,INC,b40,1.607067,2017,N,N
CRI,2012-2017,FALSE,INC,b40,1.607074,2021,N,N
CRI,2012-2017,FALSE,INC,premium,.3762302,2017,N,N
CRI,2012-2017,FALSE,INC,tot,1.230837,2021,N,N
CRI,2012-2017,FALSE,INC,tot,1.230837,2017,N,N
CRI,2012-2017,FALSE,INC,m50,.8922513,2021,N,N
CRI,2013-2018,FALSE,INC,tot,.146919,2017,N,N
CRI,2013-2018,FALSE,INC,b40,1.069042,2017,N,N
CRI,2013-2018,FALSE,INC,tot,.1468972,2021,N,N
CRI,2013-2018,FALSE,INC,premium,.9219674,2021,N,N
CRI,2013-2018,FALSE,INC,b40,1.068865,2021,N,N
CRI,2013-2018,FALSE,INC,m50,1.056278,2021,N,N
CRI,2013-2018,FALSE,INC,premium,.9221231,2017,N,N
CRI,2013-2018,FALSE,INC,m50,1.05628,2017,N,N
CRI,2014-2019,FALSE,INC,tot,.5203803,2021,N,N
CRI,2014-2019,FALSE,INC,m50,.4979975,2017,N,N
CRI,2014-2019,FALSE,INC,tot,.5203648,2017,N,N
CRI,2014-2019,FALSE,INC,premium,.4814681,2017,N,N
CRI,2014-2019,FALSE,INC,b40,1.001833,2017,N,N
CRI,2014-2019,FALSE,INC,b40,1.001935,2021,N,N
CRI,2014-2019,FALSE,INC,m50,.4980044,2021,N,N
CRI,2014-2019,FALSE,INC,premium,.4815549,2021,N,N
CRI,2015-2020,FALSE,INC,m50,-2.501528,2017,N,N
CRI,2015-2020,FALSE,INC,b40,-3.228137,2021,N,N
CRI,2015-2020,FALSE,INC,tot,-2.310222,2017,N,N
CRI,2015-2020,FALSE,INC,premium,-.9177003,2017,N,N
CRI,2015-2020,FALSE,INC,b40,-3.227922,2017,N,N
CRI,2015-2020,FALSE,INC,m50,-2.501527,2021,N,N
CRI,2015-2020,FALSE,INC,tot,-2.310252,2021,N,N
CRI,2015-2020,FALSE,INC,premium,-.9178843,2021,N,N
CRI,2016-2021,FALSE,INC,b40,-.477451,2021,N,N
CRI,2016-2021,FALSE,INC,b40,-.4775374,2017,N,N
CRI,2016-2021,FALSE,INC,m50,-.5964444,2017,N,N
CRI,2016-2021,FALSE,INC,m50,-.5964407,2021,N,N
CRI,2016-2021,FALSE,INC,tot,-.5172415,2021,N,N
CRI,2016-2021,FALSE,INC,premium,.0397188,2017,N,N
CRI,2016-2021,FALSE,INC,tot,-.5172563,2017,N,N
CRI,2016-2021,FALSE,INC,premium,.0397905,2021,N,N
CRI,2017-2022,FALSE,INC,m50,-.8688286,2017,N,N
CRI,2017-2022,FALSE,INC,premium,.5587355,2017,N,N
CRI,2017-2022,FALSE,INC,premium,.558786,2021,N,N
CRI,2017-2022,FALSE,INC,tot,-1.40459,2021,N,N
CRI,2017-2022,FALSE,INC,b40,-.8458633,2017,N,N
CRI,2017-2022,FALSE,INC,tot,-1.404599,2017,N,N
CRI,2017-2022,FALSE,INC,m50,-.8688307,2021,N,N
CRI,2017-2022,FALSE,INC,b40,-.8458036,2021,N,N
CRI,2018-2023,FALSE,INC,m50,.7898257,2021,N,N
CRI,2018-2023,FALSE,INC,premium,.6112489,2017,N,N
CRI,2018-2023,FALSE,INC,tot,.3354211,2017,N,N
CRI,2018-2023,FALSE,INC,m50,.7898185,2017,N,N
CRI,2018-2023,FALSE,INC,b40,.9468592,2021,N,N
CRI,2018-2023,FALSE,INC,tot,.3354432,2021,N,N
CRI,2018-2023,FALSE,INC,premium,.611416,2021,N,N
CRI,2018-2023,FALSE,INC,b40,.94667,2017,N,N
CRI,2019-2024,FALSE,INC,tot,1.896488,2017,N,N
CRI,2019-2024,FALSE,INC,b40,2.89177,2017,N,N
CRI,2019-2024,FALSE,INC,premium,.9953529,2021,N,N
CRI,2019-2024,FALSE,INC,premium,.9952824,2017,N,N
CRI,2019-2024,FALSE,INC,b40,2.891847,2021,N,N
CRI,2019-2024,FALSE,INC,tot,1.896495,2021,N,N
CRI,2019-2024,FALSE,INC,m50,3.300991,2017,N,N
CRI,2019-2024,FALSE,INC,m50,3.300996,2021,N,N
CYP,2007-2012,FALSE,INC,b40,-2.469069,2017,N,N
CYP,2007-2012,FALSE,INC,premium,-1.179456,2017,N,N
CYP,2007-2012,FALSE,INC,tot,-1.289612,2021,N,N
CYP,2007-2012,FALSE,INC,m50,-2.36669,2021,N,N
CYP,2007-2012,FALSE,INC,premium,-1.179465,2021,N,N
CYP,2007-2012,FALSE,INC,m50,-2.36669,2017,N,N
CYP,2007-2012,FALSE,INC,b40,-2.469077,2021,N,N
CYP,2007-2012,FALSE,INC,tot,-1.289614,2017,N,N
CYP,2009-2014,FALSE,INC,m50,-3.865087,2017,N,N
CYP,2009-2014,FALSE,INC,tot,-3.104686,2017,N,N
CYP,2009-2014,FALSE,INC,premium,-1.552094,2021,N,N
CYP,2009-2014,FALSE,INC,m50,-3.865085,2021,N,N
CYP,2009-2014,FALSE,INC,b40,-4.6568,2017,N,N
CYP,2009-2014,FALSE,INC,tot,-3.104684,2021,N,N
CYP,2009-2014,FALSE,INC,b40,-4.656779,2021,N,N
CYP,2009-2014,FALSE,INC,premium,-1.552114,2017,N,N
CYP,2010-2015,FALSE,INC,premium,-1.298735,2021,N,N
CYP,2010-2015,FALSE,INC,m50,-3.467895,2021,N,N
CYP,2010-2015,FALSE,INC,b40,-4.342301,2017,N,N
CYP,2010-2015,FALSE,INC,tot,-3.043556,2021,N,N
CYP,2010-2015,FALSE,INC,b40,-4.34229,2021,N,N
CYP,2010-2015,FALSE,INC,m50,-3.467896,2017,N,N
CYP,2010-2015,FALSE,INC,premium,-1.298747,2017,N,N
CYP,2010-2015,FALSE,INC,tot,-3.043554,2017,N,N
CYP,2012-2017,FALSE,INC,m50,.2835916,2021,N,N
CYP,2012-2017,FALSE,INC,b40,.2911029,2021,N,N
CYP,2012-2017,FALSE,INC,tot,-.7832628,2017,N,N
CYP,2012-2017,FALSE,INC,premium,1.07437,2021,N,N
CYP,2012-2017,FALSE,INC,b40,.2911004,2017,N,N
CYP,2012-2017,FALSE,INC,m50,.2835903,2017,N,N
CYP,2012-2017,FALSE,INC,premium,1.074363,2017,N,N
CYP,2012-2017,FALSE,INC,tot,-.7832671,2021,N,N
CYP,2013-2018,FALSE,INC,tot,1.524279,2021,N,N
CYP,2013-2018,FALSE,INC,b40,3.376042,2021,N,N
CYP,2013-2018,FALSE,INC,m50,2.901341,2017,N,N
CYP,2013-2018,FALSE,INC,b40,3.376044,2017,N,N
CYP,2013-2018,FALSE,INC,m50,2.901344,2021,N,N
CYP,2013-2018,FALSE,INC,premium,1.851768,2017,N,N
CYP,2013-2018,FALSE,INC,premium,1.851763,2021,N,N
CYP,2013-2018,FALSE,INC,tot,1.524276,2017,N,N
CYP,2014-2019,FALSE,INC,m50,4.402519,2017,N,N
CYP,2014-2019,FALSE,INC,tot,3.109771,2021,N,N
CYP,2014-2019,FALSE,INC,b40,5.170948,2021,N,N
CYP,2014-2019,FALSE,INC,b40,5.171001,2017,N,N
CYP,2014-2019,FALSE,INC,m50,4.402518,2021,N,N
CYP,2014-2019,FALSE,INC,premium,2.061222,2017,N,N
CYP,2014-2019,FALSE,INC,tot,3.109779,2017,N,N
CYP,2014-2019,FALSE,INC,premium,2.061177,2021,N,N
CYP,2015-2020,FALSE,INC,b40,4.637362,2017,N,N
CYP,2015-2020,FALSE,INC,premium,1.379548,2017,N,N
CYP,2015-2020,FALSE,INC,b40,4.637362,2021,N,N
CYP,2015-2020,FALSE,INC,m50,3.713305,2017,N,N
CYP,2015-2020,FALSE,INC,m50,3.713302,2021,N,N
CYP,2015-2020,FALSE,INC,premium,1.379549,2021,N,N
CYP,2015-2020,FALSE,INC,tot,3.257813,2021,N,N
CYP,2015-2020,FALSE,INC,tot,3.257813,2017,N,N
CYP,2016-2021,FALSE,INC,tot,3.110038,2021,N,N
CYP,2016-2021,FALSE,INC,premium,.7290592,2017,N,N
CYP,2016-2021,FALSE,INC,tot,3.110035,2017,N,N
CYP,2016-2021,FALSE,INC,m50,3.878047,2021,N,N
CYP,2016-2021,FALSE,INC,b40,3.839094,2017,N,N
CYP,2016-2021,FALSE,INC,m50,3.878046,2017,N,N
CYP,2016-2021,FALSE,INC,premium,.7290664,2021,N,N
CYP,2016-2021,FALSE,INC,b40,3.839105,2021,N,N
CYP,2017-2022,FALSE,INC,premium,.1680713,2021,N,N
CYP,2017-2022,FALSE,INC,tot,2.426192,2017,N,N
CYP,2017-2022,FALSE,INC,m50,2.293234,2021,N,N
CYP,2017-2022,FALSE,INC,tot,2.426196,2021,N,N
CYP,2017-2022,FALSE,INC,b40,2.594267,2021,N,N
CYP,2017-2022,FALSE,INC,premium,.1680698,2017,N,N
CYP,2017-2022,FALSE,INC,m50,2.293236,2017,N,N
CYP,2017-2022,FALSE,INC,b40,2.594261,2017,N,N
CZE,2006-2011,FALSE,INC,b40,1.865612,2017,N,N
CZE,2006-2011,FALSE,INC,premium,.1033781,2017,N,N
CZE,2006-2011,FALSE,INC,b40,1.865601,2021,N,N
CZE,2006-2011,FALSE,INC,m50,2.012782,2021,N,N
CZE,2006-2011,FALSE,INC,m50,2.012783,2017,N,N
CZE,2006-2011,FALSE,INC,tot,1.762234,2017,N,N
CZE,2006-2011,FALSE,INC,premium,.1033736,2021,N,N
CZE,2006-2011,FALSE,INC,tot,1.762228,2021,N,N
CZE,2007-2012,FALSE,INC,tot,.3773929,2017,N,N
CZE,2007-2012,FALSE,INC,m50,.6489059,2017,N,N
CZE,2007-2012,FALSE,INC,premium,-.210738,2021,N,N
CZE,2007-2012,FALSE,INC,b40,.166653,2021,N,N
CZE,2007-2012,FALSE,INC,m50,.648909,2021,N,N
CZE,2007-2012,FALSE,INC,tot,.377391,2021,N,N
CZE,2007-2012,FALSE,INC,premium,-.2107322,2017,N,N
CZE,2007-2012,FALSE,INC,b40,.1666607,2017,N,N
CZE,2009-2014,FALSE,INC,m50,.2129244,2017,N,N
CZE,2009-2014,FALSE,INC,b40,.2585933,2017,N,N
CZE,2009-2014,FALSE,INC,tot,.1968574,2021,N,N
CZE,2009-2014,FALSE,INC,premium,.0617319,2017,N,N
CZE,2009-2014,FALSE,INC,premium,.0617386,2021,N,N
CZE,2009-2014,FALSE,INC,b40,.2585959,2021,N,N
CZE,2009-2014,FALSE,INC,m50,.2129245,2021,N,N
CZE,2009-2014,FALSE,INC,tot,.1968614,2017,N,N
CZE,2010-2015,FALSE,INC,premium,.4034331,2017,N,N
CZE,2010-2015,FALSE,INC,b40,1.449915,2017,N,N
CZE,2010-2015,FALSE,INC,b40,1.449903,2021,N,N
CZE,2010-2015,FALSE,INC,m50,1.09484,2017,N,N
CZE,2010-2015,FALSE,INC,tot,1.046482,2017,N,N
CZE,2010-2015,FALSE,INC,tot,1.046482,2021,N,N
CZE,2010-2015,FALSE,INC,premium,.4034218,2021,N,N
CZE,2010-2015,FALSE,INC,m50,1.09484,2021,N,N
CZE,2012-2017,FALSE,INC,tot,2.831269,2017,N,N
CZE,2012-2017,FALSE,INC,b40,3.559286,2017,N,N
CZE,2012-2017,FALSE,INC,premium,.7280171,2017,N,N
CZE,2012-2017,FALSE,INC,m50,2.551914,2017,N,N
CZE,2012-2017,FALSE,INC,m50,2.551909,2021,N,N
CZE,2012-2017,FALSE,INC,tot,2.831273,2021,N,N
CZE,2012-2017,FALSE,INC,premium,.7280204,2021,N,N
CZE,2012-2017,FALSE,INC,b40,3.559294,2021,N,N
CZE,2013-2018,FALSE,INC,premium,.7440884,2017,N,N
CZE,2013-2018,FALSE,INC,tot,3.649643,2021,N,N
CZE,2013-2018,FALSE,INC,b40,4.393726,2021,N,N
CZE,2013-2018,FALSE,INC,premium,.7440834,2021,N,N
CZE,2013-2018,FALSE,INC,b40,4.393729,2017,N,N
CZE,2013-2018,FALSE,INC,m50,3.379135,2017,N,N
CZE,2013-2018,FALSE,INC,tot,3.649641,2017,N,N
CZE,2013-2018,FALSE,INC,m50,3.37913,2021,N,N
CZE,2014-2019,FALSE,INC,premium,.2493191,2021,N,N
CZE,2014-2019,FALSE,INC,tot,4.11362,2021,N,N
CZE,2014-2019,FALSE,INC,m50,3.947146,2021,N,N
CZE,2014-2019,FALSE,INC,tot,4.113617,2017,N,N
CZE,2014-2019,FALSE,INC,b40,4.362944,2017,N,N
CZE,2014-2019,FALSE,INC,m50,3.947142,2017,N,N
CZE,2014-2019,FALSE,INC,premium,.2493267,2017,N,N
CZE,2014-2019,FALSE,INC,b40,4.362939,2021,N,N
CZE,2015-2020,FALSE,INC,premium,-.118916,2017,N,N
CZE,2015-2020,FALSE,INC,tot,3.624355,2017,N,N
CZE,2015-2020,FALSE,INC,m50,3.414775,2021,N,N
CZE,2015-2020,FALSE,INC,tot,3.624355,2021,N,N
CZE,2015-2020,FALSE,INC,premium,-.1189084,2021,N,N
CZE,2015-2020,FALSE,INC,b40,3.505447,2021,N,N
CZE,2015-2020,FALSE,INC,b40,3.505439,2017,N,N
CZE,2015-2020,FALSE,INC,m50,3.414774,2017,N,N
CZE,2016-2021,FALSE,INC,premium,-.4447584,2017,N,N
CZE,2016-2021,FALSE,INC,tot,3.974691,2017,N,N
CZE,2016-2021,FALSE,INC,m50,3.691826,2017,N,N
CZE,2016-2021,FALSE,INC,b40,3.529941,2021,N,N
CZE,2016-2021,FALSE,INC,b40,3.529932,2017,N,N
CZE,2016-2021,FALSE,INC,premium,-.4447567,2021,N,N
CZE,2016-2021,FALSE,INC,tot,3.974698,2021,N,N
CZE,2016-2021,FALSE,INC,m50,3.69182,2021,N,N
CZE,2017-2022,FALSE,INC,premium,-.5548198,2017,N,N
CZE,2017-2022,FALSE,INC,b40,1.391569,2017,N,N
CZE,2017-2022,FALSE,INC,m50,1.956699,2021,N,N
CZE,2017-2022,FALSE,INC,b40,1.391573,2021,N,N
CZE,2017-2022,FALSE,INC,tot,1.946388,2021,N,N
CZE,2017-2022,FALSE,INC,m50,1.956698,2017,N,N
CZE,2017-2022,FALSE,INC,tot,1.946389,2017,N,N
CZE,2017-2022,FALSE,INC,premium,-.5548152,2021,N,N
DEU,2006-2011,FALSE,INC,b40,.6455076,2021,N,N
DEU,2006-2011,FALSE,INC,tot,.4332709,2021,N,N
DEU,2006-2011,FALSE,INC,b40,.6455166,2017,N,N
DEU,2006-2011,FALSE,INC,m50,.5482364,2017,N,N
DEU,2006-2011,FALSE,INC,premium,.2122463,2017,N,N
DEU,2006-2011,FALSE,INC,premium,.2122366,2021,N,N
DEU,2006-2011,FALSE,INC,m50,.5482377,2021,N,N
DEU,2006-2011,FALSE,INC,tot,.4332703,2017,N,N
DEU,2007-2011,FALSE,INC,premium,.2245573,2017,N,N
DEU,2007-2011,FALSE,INC,m50,.455663,2017,N,N
DEU,2007-2011,FALSE,INC,b40,.505614,2017,N,N
DEU,2007-2011,FALSE,INC,b40,.5056083,2021,N,N
DEU,2007-2011,FALSE,INC,m50,.4556671,2021,N,N
DEU,2007-2011,FALSE,INC,premium,.2245457,2021,N,N
DEU,2007-2011,FALSE,INC,tot,.2810625,2021,N,N
DEU,2007-2011,FALSE,INC,tot,.2810567,2017,N,N
DEU,2010-2015,FALSE,INC,tot,1.005986,2021,N,N
DEU,2010-2015,FALSE,INC,m50,.797828,2017,N,N
DEU,2010-2015,FALSE,INC,b40,.3099076,2021,N,N
DEU,2010-2015,FALSE,INC,premium,-.6960781,2017,N,N
DEU,2010-2015,FALSE,INC,premium,-.6960781,2021,N,N
DEU,2010-2015,FALSE,INC,m50,.7978299,2021,N,N
DEU,2010-2015,FALSE,INC,b40,.3099064,2017,N,N
DEU,2010-2015,FALSE,INC,tot,1.005985,2017,N,N
DEU,2011-2016,FALSE,INC,premium,-.6437398,2017,N,N
DEU,2011-2016,FALSE,INC,tot,1.279313,2017,N,N
DEU,2011-2016,FALSE,INC,tot,1.279311,2021,N,N
DEU,2011-2016,FALSE,INC,b40,.6355733,2017,N,N
DEU,2011-2016,FALSE,INC,b40,.6355761,2021,N,N
DEU,2011-2016,FALSE,INC,m50,1.577338,2021,N,N
DEU,2011-2016,FALSE,INC,premium,-.6437348,2021,N,N
DEU,2011-2016,FALSE,INC,m50,1.577342,2017,N,N
DEU,2013-2018,FALSE,INC,b40,1.699124,2017,N,N
DEU,2013-2018,FALSE,INC,b40,1.699127,2021,N,N
DEU,2013-2018,FALSE,INC,m50,2.093904,2021,N,N
DEU,2013-2018,FALSE,INC,premium,-.2154197,2017,N,N
DEU,2013-2018,FALSE,INC,tot,1.914545,2021,N,N
DEU,2013-2018,FALSE,INC,premium,-.2154185,2021,N,N
DEU,2013-2018,FALSE,INC,m50,2.093904,2017,N,N
DEU,2013-2018,FALSE,INC,tot,1.914544,2017,N,N
DEU,2014-2019,FALSE,INC,b40,2.013745,2017,N,N
DEU,2014-2019,FALSE,INC,premium,-.2617218,2017,N,N
DEU,2014-2019,FALSE,INC,m50,2.114705,2021,N,N
DEU,2014-2019,FALSE,INC,premium,-.2617295,2021,N,N
DEU,2014-2019,FALSE,INC,b40,2.01374,2021,N,N
DEU,2014-2019,FALSE,INC,tot,2.27547,2021,N,N
DEU,2014-2019,FALSE,INC,tot,2.275467,2017,N,N
DEU,2014-2019,FALSE,INC,m50,2.114705,2017,N,N
DEU,2015-2020,FALSE,INC,premium,-.4295781,2021,N,N
DEU,2015-2019,FALSE,INC,tot,1.880518,2017,N,N
DEU,2015-2020,FALSE,INC,tot,2.864005,2017,N,N
DEU,2015-2020,FALSE,INC,premium,-.4295728,2017,N,N
DEU,2015-2020,FALSE,INC,b40,2.434426,2021,N,N
DEU,2015-2020,FALSE,INC,b40,2.434432,2017,N,N
DEU,2015-2019,FALSE,INC,premium,-.0615383,2021,N,N
DEU,2015-2019,FALSE,INC,m50,1.991836,2021,N,N
DEU,2015-2020,FALSE,INC,m50,2.874679,2021,N,N
DEU,2015-2020,FALSE,INC,m50,2.87468,2017,N,N
DEU,2015-2019,FALSE,INC,premium,-.0615293,2017,N,N
DEU,2015-2020,FALSE,INC,tot,2.864004,2021,N,N
DEU,2015-2019,FALSE,INC,m50,1.991838,2017,N,N
DEU,2015-2019,FALSE,INC,b40,1.818982,2021,N,N
DEU,2015-2019,FALSE,INC,b40,1.818988,2017,N,N
DEU,2015-2019,FALSE,INC,tot,1.88052,2021,N,N
DNK,2007-2012,FALSE,INC,m50,.32449,2017,N,N
DNK,2007-2012,FALSE,INC,tot,.6081042,2021,N,N
DNK,2007-2012,FALSE,INC,b40,-.1309924,2017,N,N
DNK,2007-2012,FALSE,INC,m50,.3244951,2021,N,N
DNK,2007-2012,FALSE,INC,tot,.6081057,2017,N,N
DNK,2007-2012,FALSE,INC,b40,-.1309912,2021,N,N
DNK,2007-2012,FALSE,INC,premium,-.7390981,2017,N,N
DNK,2007-2012,FALSE,INC,premium,-.7390953,2021,N,N
DNK,2009-2014,FALSE,INC,b40,.7222841,2017,N,N
DNK,2009-2014,FALSE,INC,premium,-.4297814,2021,N,N
DNK,2009-2014,FALSE,INC,tot,1.152095,2017,N,N
DNK,2009-2014,FALSE,INC,m50,.4573134,2017,N,N
DNK,2009-2014,FALSE,INC,m50,.4573129,2021,N,N
DNK,2009-2014,FALSE,INC,b40,.7223217,2021,N,N
DNK,2009-2014,FALSE,INC,premium,-.4298111,2017,N,N
DNK,2009-2014,FALSE,INC,tot,1.152103,2021,N,N
DNK,2010-2015,FALSE,INC,premium,-.1257738,2017,N,N
DNK,2010-2015,FALSE,INC,m50,-.1271967,2021,N,N
DNK,2010-2015,FALSE,INC,tot,.3709089,2017,N,N
DNK,2010-2015,FALSE,INC,premium,-.1258097,2021,N,N
DNK,2010-2015,FALSE,INC,tot,.3708974,2021,N,N
DNK,2010-2015,FALSE,INC,m50,-.1271981,2017,N,N
DNK,2010-2015,FALSE,INC,b40,.2450877,2021,N,N
DNK,2010-2015,FALSE,INC,b40,.2451351,2017,N,N
DNK,2012-2017,FALSE,INC,premium,-.3935035,2017,N,N
DNK,2012-2017,FALSE,INC,b40,1.243034,2017,N,N
DNK,2012-2017,FALSE,INC,m50,1.40271,2021,N,N
DNK,2012-2017,FALSE,INC,b40,1.243029,2021,N,N
DNK,2012-2017,FALSE,INC,tot,1.636537,2017,N,N
DNK,2012-2017,FALSE,INC,tot,1.636539,2021,N,N
DNK,2012-2017,FALSE,INC,premium,-.3935101,2021,N,N
DNK,2012-2017,FALSE,INC,m50,1.402713,2017,N,N
DNK,2013-2018,FALSE,INC,premium,.1594609,2021,N,N
DNK,2013-2018,FALSE,INC,b40,1.503532,2017,N,N
DNK,2013-2018,FALSE,INC,tot,1.34411,2017,N,N
DNK,2013-2018,FALSE,INC,premium,.1594223,2017,N,N
DNK,2013-2018,FALSE,INC,m50,1.492979,2017,N,N
DNK,2013-2018,FALSE,INC,m50,1.492979,2021,N,N
DNK,2013-2018,FALSE,INC,b40,1.503586,2021,N,N
DNK,2013-2018,FALSE,INC,tot,1.344125,2021,N,N
DNK,2014-2019,FALSE,INC,m50,1.174782,2017,N,N
DNK,2014-2019,FALSE,INC,b40,1.572664,2017,N,N
DNK,2014-2019,FALSE,INC,tot,1.204052,2017,N,N
DNK,2014-2019,FALSE,INC,premium,.368551,2021,N,N
DNK,2014-2019,FALSE,INC,premium,.3686122,2017,N,N
DNK,2014-2019,FALSE,INC,m50,1.174781,2021,N,N
DNK,2014-2019,FALSE,INC,tot,1.204041,2021,N,N
DNK,2014-2019,FALSE,INC,b40,1.572592,2021,N,N
DNK,2015-2020,FALSE,INC,tot,1.576859,2021,N,N
DNK,2015-2020,FALSE,INC,b40,1.615849,2021,N,N
DNK,2015-2020,FALSE,INC,b40,1.615838,2017,N,N
DNK,2015-2020,FALSE,INC,m50,1.987251,2017,N,N
DNK,2015-2020,FALSE,INC,tot,1.576858,2017,N,N
DNK,2015-2020,FALSE,INC,premium,.0389901,2021,N,N
DNK,2015-2020,FALSE,INC,m50,1.987251,2021,N,N
DNK,2015-2020,FALSE,INC,premium,.0389798,2017,N,N
DNK,2016-2021,FALSE,INC,m50,1.64694,2017,N,N
DNK,2016-2021,FALSE,INC,b40,1.703296,2017,N,N
DNK,2016-2021,FALSE,INC,tot,1.745916,2017,N,N
DNK,2016-2021,FALSE,INC,tot,1.745906,2021,N,N
DNK,2016-2021,FALSE,INC,premium,-.0426193,2017,N,N
DNK,2016-2021,FALSE,INC,premium,-.0426624,2021,N,N
DNK,2016-2021,FALSE,INC,m50,1.646941,2021,N,N
DNK,2016-2021,FALSE,INC,b40,1.703244,2021,N,N
DNK,2017-2022,FALSE,INC,premium,-.1260699,2017,N,N
DNK,2017-2022,FALSE,INC,m50,.2059189,2017,N,N
DNK,2017-2022,FALSE,INC,tot,.4239138,2017,N,N
DNK,2017-2022,FALSE,INC,premium,-.1261232,2021,N,N
DNK,2017-2022,FALSE,INC,b40,.297779,2021,N,N
DNK,2017-2022,FALSE,INC,tot,.4239022,2021,N,N
DNK,2017-2022,FALSE,INC,b40,.2978439,2017,N,N
DNK,2017-2022,FALSE,INC,m50,.2059203,2021,N,N
DOM,2006-2011,FALSE,INC,b40,2.267874,2017,N,N
DOM,2006-2011,FALSE,INC,m50,1.051675,2017,N,N
DOM,2006-2011,FALSE,INC,premium,2.745476,2017,N,N
DOM,2006-2011,FALSE,INC,m50,1.051674,2021,N,N
DOM,2006-2011,FALSE,INC,premium,2.745945,2021,N,N
DOM,2006-2011,FALSE,INC,tot,-.477602,2017,N,N
DOM,2006-2011,FALSE,INC,tot,-.4775435,2021,N,N
DOM,2006-2011,FALSE,INC,b40,2.268402,2021,N,N
DOM,2007-2012,FALSE,INC,tot,.3958597,2017,N,N
DOM,2007-2012,FALSE,INC,b40,2.093381,2017,N,N
DOM,2007-2012,FALSE,INC,premium,1.69848,2021,N,N
DOM,2007-2012,FALSE,INC,b40,2.094473,2021,N,N
DOM,2007-2012,FALSE,INC,tot,.3959927,2021,N,N
DOM,2007-2012,FALSE,INC,m50,1.151479,2017,N,N
DOM,2007-2012,FALSE,INC,m50,1.151474,2021,N,N
DOM,2007-2012,FALSE,INC,premium,1.697521,2017,N,N
DOM,2009-2013,FALSE,INC,tot,.8198881,2017,N,N
DOM,2009-2013,FALSE,INC,m50,1.219835,2017,N,N
DOM,2009-2013,FALSE,INC,b40,2.021752,2017,N,N
DOM,2009-2013,FALSE,INC,premium,1.201925,2021,N,N
DOM,2009-2013,FALSE,INC,tot,.8198841,2021,N,N
DOM,2009-2013,FALSE,INC,premium,1.201864,2017,N,N
DOM,2009-2013,FALSE,INC,b40,2.021809,2021,N,N
DOM,2009-2013,FALSE,INC,m50,1.219841,2021,N,N
DOM,2010-2015,FALSE,INC,premium,1.697584,2017,N,N
DOM,2010-2015,FALSE,INC,b40,5.28752,2017,N,N
DOM,2010-2015,FALSE,INC,tot,3.589942,2021,N,N
DOM,2010-2015,FALSE,INC,b40,5.287619,2021,N,N
DOM,2010-2015,FALSE,INC,premium,1.697677,2021,N,N
DOM,2010-2015,FALSE,INC,tot,3.589936,2017,N,N
DOM,2010-2015,FALSE,INC,m50,4.447685,2021,N,N
DOM,2010-2015,FALSE,INC,m50,4.447667,2017,N,N
DOM,2011-2016,FALSE,INC,m50,5.564354,2021,N,N
DOM,2011-2016,FALSE,INC,m50,5.564363,2017,N,N
DOM,2011-2016,FALSE,INC,premium,.9414067,2017,N,N
DOM,2011-2016,FALSE,INC,tot,4.252004,2021,N,N
DOM,2011-2016,FALSE,INC,b40,5.193425,2017,N,N
DOM,2011-2016,FALSE,INC,premium,.9411926,2021,N,N
DOM,2011-2016,FALSE,INC,b40,5.193197,2021,N,N
DOM,2011-2016,FALSE,INC,tot,4.252018,2017,N,N
DOM,2017-2021,FALSE,INC,b40,.9398556,2017,N,N
DOM,2017-2022,FALSE,INC,m50,1.493452,2021,N,N
DOM,2017-2021,FALSE,INC,tot,-1.283676,2017,N,N
DOM,2017-2022,FALSE,INC,b40,1.630243,2021,N,N
DOM,2017-2021,FALSE,INC,premium,2.224055,2021,N,N
DOM,2017-2022,FALSE,INC,tot,-.5682216,2017,N,N
DOM,2017-2022,FALSE,INC,tot,-.5681214,2021,N,N
DOM,2017-2021,FALSE,INC,m50,.0943538,2021,N,N
DOM,2017-2022,FALSE,INC,m50,1.493468,2017,N,N
DOM,2017-2021,FALSE,INC,b40,.9404924,2021,N,N
DOM,2017-2021,FALSE,INC,tot,-1.283563,2021,N,N
DOM,2017-2022,FALSE,INC,b40,1.62967,2017,N,N
DOM,2017-2021,FALSE,INC,premium,2.223531,2017,N,N
DOM,2017-2022,FALSE,INC,premium,2.197892,2017,N,N
DOM,2017-2022,FALSE,INC,premium,2.198364,2021,N,N
DOM,2017-2021,FALSE,INC,m50,.094365,2017,N,N
DOM,2018-2023,FALSE,INC,tot,-.0089014,2021,N,N
DOM,2018-2023,FALSE,INC,tot,-.0088725,2017,N,N
DOM,2018-2023,FALSE,INC,b40,1.93577,2017,N,N
DOM,2018-2023,FALSE,INC,premium,1.944484,2021,N,N
DOM,2018-2023,FALSE,INC,premium,1.944642,2017,N,N
DOM,2018-2023,FALSE,INC,m50,2.266228,2017,N,N
DOM,2018-2023,FALSE,INC,m50,2.266229,2021,N,N
DOM,2018-2023,FALSE,INC,b40,1.935583,2021,N,N
ECU,2007-2012,FALSE,INC,b40,6.499071,2017,N,N
ECU,2007-2011,FALSE,INC,m50,5.704354,2017,N,N
ECU,2007-2012,FALSE,INC,premium,4.174791,2017,N,N
ECU,2007-2012,FALSE,INC,b40,6.501409,2021,N,N
ECU,2007-2011,FALSE,INC,premium,5.364333,2021,N,N
ECU,2007-2011,FALSE,INC,tot,1.296681,2017,N,N
ECU,2007-2011,FALSE,INC,premium,5.362655,2017,N,N
ECU,2007-2011,FALSE,INC,tot,1.29683,2021,N,N
ECU,2007-2011,FALSE,INC,m50,5.704351,2021,N,N
ECU,2007-2011,FALSE,INC,b40,6.661163,2021,N,N
ECU,2007-2011,FALSE,INC,b40,6.659336,2017,N,N
ECU,2007-2012,FALSE,INC,tot,2.324279,2017,N,N
ECU,2007-2012,FALSE,INC,m50,6.175817,2017,N,N
ECU,2007-2012,FALSE,INC,m50,6.17581,2021,N,N
ECU,2007-2012,FALSE,INC,premium,4.176898,2021,N,N
ECU,2007-2012,FALSE,INC,tot,2.324511,2021,N,N
ECU,2009-2014,FALSE,INC,m50,6.478455,2017,N,N
ECU,2009-2014,FALSE,INC,tot,4.973345,2021,N,N
ECU,2009-2014,FALSE,INC,premium,2.470769,2017,N,N
ECU,2009-2014,FALSE,INC,m50,6.478447,2021,N,N
ECU,2009-2014,FALSE,INC,premium,2.471979,2021,N,N
ECU,2009-2014,FALSE,INC,b40,7.445324,2021,N,N
ECU,2009-2014,FALSE,INC,tot,4.973189,2017,N,N
ECU,2009-2014,FALSE,INC,b40,7.443959,2017,N,N
ECU,2010-2015,FALSE,INC,premium,1.770764,2021,N,N
ECU,2010-2015,FALSE,INC,m50,4.264894,2017,N,N
ECU,2010-2015,FALSE,INC,tot,3.009967,2017,N,N
ECU,2010-2015,FALSE,INC,b40,4.780397,2017,N,N
ECU,2010-2015,FALSE,INC,tot,3.010026,2021,N,N
ECU,2010-2015,FALSE,INC,m50,4.264908,2021,N,N
ECU,2010-2015,FALSE,INC,premium,1.77043,2017,N,N
ECU,2010-2015,FALSE,INC,b40,4.780791,2021,N,N
ECU,2011-2016,FALSE,INC,premium,1.03099,2021,N,N
ECU,2011-2016,FALSE,INC,b40,2.949463,2021,N,N
ECU,2011-2016,FALSE,INC,tot,1.918473,2021,N,N
ECU,2011-2016,FALSE,INC,b40,2.948772,2017,N,N
ECU,2011-2016,FALSE,INC,m50,2.37246,2017,N,N
ECU,2011-2016,FALSE,INC,premium,1.030387,2017,N,N
ECU,2011-2016,FALSE,INC,m50,2.372465,2021,N,N
ECU,2011-2016,FALSE,INC,tot,1.918385,2017,N,N
ECU,2012-2017,FALSE,INC,tot,1.20368,2017,N,N
ECU,2012-2017,FALSE,INC,b40,2.408921,2021,N,N
ECU,2012-2017,FALSE,INC,m50,1.623552,2017,N,N
ECU,2012-2017,FALSE,INC,premium,1.205246,2021,N,N
ECU,2012-2017,FALSE,INC,premium,1.205272,2017,N,N
ECU,2012-2017,FALSE,INC,tot,1.203675,2021,N,N
ECU,2012-2017,FALSE,INC,m50,1.623569,2021,N,N
ECU,2012-2017,FALSE,INC,b40,2.408951,2017,N,N
ECU,2013-2018,FALSE,INC,m50,1.331233,2021,N,N
ECU,2013-2018,FALSE,INC,premium,.789523,2017,N,N
ECU,2013-2018,FALSE,INC,tot,.465683,2017,N,N
ECU,2013-2018,FALSE,INC,b40,1.255206,2017,N,N
ECU,2013-2018,FALSE,INC,tot,.4656834,2021,N,N
ECU,2013-2018,FALSE,INC,premium,.7895839,2021,N,N
ECU,2013-2018,FALSE,INC,b40,1.255267,2021,N,N
ECU,2013-2018,FALSE,INC,m50,1.331248,2017,N,N
ECU,2014-2019,FALSE,INC,m50,-.1712757,2017,N,N
ECU,2014-2019,FALSE,INC,m50,-.1712848,2021,N,N
ECU,2014-2019,FALSE,INC,premium,-.7859247,2021,N,N
ECU,2014-2019,FALSE,INC,b40,-.9038402,2017,N,N
ECU,2014-2019,FALSE,INC,premium,-.7860165,2017,N,N
ECU,2014-2019,FALSE,INC,tot,-.1178238,2017,N,N
ECU,2014-2019,FALSE,INC,tot,-.1178084,2021,N,N
ECU,2014-2019,FALSE,INC,b40,-.9037331,2021,N,N
ECU,2015-2020,FALSE,INC,tot,-2.572162,2017,N,N
ECU,2015-2020,FALSE,INC,tot,-2.572124,2021,N,N
ECU,2015-2020,FALSE,INC,b40,-3.493173,2021,N,N
ECU,2015-2020,FALSE,INC,premium,-.9212809,2017,N,N
ECU,2015-2020,FALSE,INC,m50,-2.994077,2017,N,N
ECU,2015-2020,FALSE,INC,m50,-2.994077,2021,N,N
ECU,2015-2020,FALSE,INC,premium,-.9210494,2021,N,N
ECU,2015-2020,FALSE,INC,b40,-3.493443,2017,N,N
ECU,2016-2021,FALSE,INC,b40,-1.363756,2021,N,N
ECU,2016-2021,FALSE,INC,premium,-.5976011,2021,N,N
ECU,2016-2021,FALSE,INC,m50,-1.192945,2017,N,N
ECU,2016-2021,FALSE,INC,b40,-1.36402,2017,N,N
ECU,2016-2021,FALSE,INC,tot,-.7661977,2017,N,N
ECU,2016-2021,FALSE,INC,tot,-.7661549,2021,N,N
ECU,2016-2021,FALSE,INC,m50,-1.192933,2021,N,N
ECU,2016-2021,FALSE,INC,premium,-.5978222,2017,N,N
ECU,2017-2022,FALSE,INC,b40,-1.137292,2017,N,N
ECU,2017-2022,FALSE,INC,premium,-.5022283,2017,N,N
ECU,2017-2022,FALSE,INC,premium,-.5019084,2021,N,N
ECU,2017-2022,FALSE,INC,m50,-.9473661,2017,N,N
ECU,2017-2022,FALSE,INC,b40,-1.136922,2021,N,N
ECU,2017-2022,FALSE,INC,tot,-.6350639,2017,N,N
ECU,2017-2022,FALSE,INC,tot,-.6350139,2021,N,N
ECU,2017-2022,FALSE,INC,m50,-.9473755,2021,N,N
ECU,2018-2023,FALSE,INC,premium,.1591931,2021,N,N
ECU,2018-2023,FALSE,INC,tot,-.9620404,2017,N,N
ECU,2018-2023,FALSE,INC,b40,-.8030621,2017,N,N
ECU,2018-2023,FALSE,INC,m50,-.8149914,2017,N,N
ECU,2018-2023,FALSE,INC,b40,-.8028041,2021,N,N
ECU,2018-2023,FALSE,INC,tot,-.9619972,2021,N,N
ECU,2018-2023,FALSE,INC,m50,-.8149925,2021,N,N
ECU,2018-2023,FALSE,INC,premium,.1589783,2017,N,N
EGY,2010-2012,FALSE,CONS,premium,2.113452,2021,N,N
EGY,2010-2012,FALSE,CONS,m50,2.273494,2017,N,N
EGY,2010-2012,FALSE,CONS,tot,1.083195,2021,N,N
EGY,2010-2012,FALSE,CONS,m50,2.273495,2021,N,N
EGY,2010-2012,FALSE,CONS,b40,3.196644,2017,N,N
EGY,2010-2012,FALSE,CONS,b40,3.196647,2021,N,N
EGY,2010-2012,FALSE,CONS,premium,2.113448,2017,N,N
EGY,2010-2012,FALSE,CONS,tot,1.083196,2017,N,N
EGY,2012-2017,FALSE,CONS,b40,-2.50441,2017,N,N
EGY,2012-2015,FALSE,CONS,premium,-2.757027,2021,N,N
EGY,2012-2017,FALSE,CONS,premium,-1.373436,2021,N,N
EGY,2012-2015,FALSE,CONS,b40,.4967186,2021,N,N
EGY,2012-2015,FALSE,CONS,m50,1.542467,2017,N,N
EGY,2012-2015,FALSE,CONS,premium,-2.757023,2017,N,N
EGY,2012-2015,FALSE,CONS,m50,1.542467,2021,N,N
EGY,2012-2017,FALSE,CONS,tot,-1.130973,2021,N,N
EGY,2012-2015,FALSE,CONS,tot,3.253746,2021,N,N
EGY,2012-2017,FALSE,CONS,premium,-1.373436,2017,N,N
EGY,2012-2015,FALSE,CONS,tot,3.253741,2017,N,N
EGY,2012-2015,FALSE,CONS,b40,.4967184,2017,N,N
EGY,2012-2017,FALSE,CONS,b40,-2.504409,2021,N,N
EGY,2012-2017,FALSE,CONS,m50,-1.845326,2017,N,N
EGY,2012-2017,FALSE,CONS,m50,-1.845328,2021,N,N
EGY,2012-2017,FALSE,CONS,tot,-1.130973,2017,N,N
EGY,2017-2021,FALSE,CONS,m50,3.163098,2017,N,N
EGY,2017-2021,FALSE,CONS,premium,1.623361,2021,N,N
EGY,2017-2021,FALSE,CONS,b40,3.575449,2017,N,N
EGY,2017-2021,FALSE,CONS,premium,1.623358,2017,N,N
EGY,2017-2021,FALSE,CONS,tot,1.952089,2021,N,N
EGY,2017-2021,FALSE,CONS,m50,3.163097,2021,N,N
EGY,2017-2021,FALSE,CONS,b40,3.57545,2021,N,N
EGY,2017-2021,FALSE,CONS,tot,1.95209,2017,N,N
ESP,2007-2012,FALSE,INC,tot,-2.506438,2021,N,N
ESP,2007-2012,FALSE,INC,premium,-.9931111,2017,N,N
ESP,2007-2012,FALSE,INC,b40,-3.499676,2021,N,N
ESP,2007-2012,FALSE,INC,premium,-.993238,2021,N,N
ESP,2007-2012,FALSE,INC,tot,-2.506406,2017,N,N
ESP,2007-2012,FALSE,INC,b40,-3.499517,2017,N,N
ESP,2007-2012,FALSE,INC,m50,-2.397321,2017,N,N
ESP,2007-2012,FALSE,INC,m50,-2.397321,2021,N,N
ESP,2008-2014,FALSE,INC,premium,-1.18814,2021,N,N
ESP,2008-2014,FALSE,INC,tot,-2.732965,2017,N,N
ESP,2008-2014,FALSE,INC,b40,-3.921054,2017,N,N
ESP,2008-2014,FALSE,INC,m50,-2.779678,2017,N,N
ESP,2008-2014,FALSE,INC,b40,-3.921115,2021,N,N
ESP,2008-2014,FALSE,INC,m50,-2.779677,2021,N,N
ESP,2008-2014,FALSE,INC,tot,-2.732975,2021,N,N
ESP,2008-2014,FALSE,INC,premium,-1.188089,2017,N,N
ESP,2010-2015,FALSE,INC,tot,-1.603114,2021,N,N
ESP,2010-2015,FALSE,INC,tot,-1.603094,2017,N,N
ESP,2010-2015,FALSE,INC,b40,-2.481624,2017,N,N
ESP,2010-2015,FALSE,INC,b40,-2.481741,2021,N,N
ESP,2010-2015,FALSE,INC,m50,-1.351321,2017,N,N
ESP,2010-2015,FALSE,INC,m50,-1.351322,2021,N,N
ESP,2010-2015,FALSE,INC,premium,-.8786275,2021,N,N
ESP,2010-2015,FALSE,INC,premium,-.8785301,2017,N,N
ESP,2012-2017,FALSE,INC,m50,1.182359,2017,N,N
ESP,2012-2017,FALSE,INC,b40,1.493665,2021,N,N
ESP,2012-2017,FALSE,INC,b40,1.493699,2017,N,N
ESP,2012-2017,FALSE,INC,premium,.4404308,2021,N,N
ESP,2012-2017,FALSE,INC,m50,1.182357,2021,N,N
ESP,2012-2017,FALSE,INC,premium,.4404632,2017,N,N
ESP,2012-2017,FALSE,INC,tot,1.053236,2017,N,N
ESP,2012-2017,FALSE,INC,tot,1.053235,2021,N,N
ESP,2013-2018,FALSE,INC,b40,2.900135,2017,N,N
ESP,2013-2018,FALSE,INC,tot,1.729179,2021,N,N
ESP,2013-2018,FALSE,INC,premium,1.170962,2017,N,N
ESP,2013-2018,FALSE,INC,m50,1.616464,2021,N,N
ESP,2013-2018,FALSE,INC,premium,1.171022,2021,N,N
ESP,2013-2018,FALSE,INC,b40,2.900201,2021,N,N
ESP,2013-2018,FALSE,INC,tot,1.729173,2017,N,N
ESP,2013-2018,FALSE,INC,m50,1.616459,2017,N,N
ESP,2014-2019,FALSE,INC,b40,3.638123,2017,N,N
ESP,2014-2019,FALSE,INC,tot,2.522761,2021,N,N
ESP,2014-2019,FALSE,INC,premium,1.115355,2017,N,N
ESP,2014-2019,FALSE,INC,m50,2.832654,2017,N,N
ESP,2014-2019,FALSE,INC,b40,3.638098,2021,N,N
ESP,2014-2019,FALSE,INC,m50,2.832654,2021,N,N
ESP,2014-2019,FALSE,INC,premium,1.115337,2021,N,N
ESP,2014-2019,FALSE,INC,tot,2.522768,2017,N,N
ESP,2015-2020,FALSE,INC,premium,.7195821,2017,N,N
ESP,2015-2020,FALSE,INC,m50,2.286958,2017,N,N
ESP,2015-2020,FALSE,INC,tot,2.000466,2021,N,N
ESP,2015-2020,FALSE,INC,premium,.7197082,2021,N,N
ESP,2015-2020,FALSE,INC,m50,2.286958,2021,N,N
ESP,2015-2020,FALSE,INC,b40,2.720174,2021,N,N
ESP,2015-2020,FALSE,INC,tot,2.000441,2017,N,N
ESP,2015-2020,FALSE,INC,b40,2.720023,2017,N,N
ESP,2016-2021,FALSE,INC,premium,1.19197,2017,N,N
ESP,2016-2021,FALSE,INC,tot,1.820126,2017,N,N
ESP,2016-2021,FALSE,INC,tot,1.82015,2021,N,N
ESP,2016-2021,FALSE,INC,b40,3.012096,2017,N,N
ESP,2016-2021,FALSE,INC,b40,3.012238,2021,N,N
ESP,2016-2021,FALSE,INC,m50,1.968602,2017,N,N
ESP,2016-2021,FALSE,INC,premium,1.192088,2021,N,N
ESP,2016-2021,FALSE,INC,m50,1.968606,2021,N,N
ESP,2017-2022,FALSE,INC,tot,1.596808,2017,N,N
ESP,2017-2022,FALSE,INC,premium,.7568842,2017,N,N
ESP,2017-2022,FALSE,INC,m50,1.708008,2021,N,N
ESP,2017-2022,FALSE,INC,premium,.7569668,2021,N,N
ESP,2017-2022,FALSE,INC,b40,2.353785,2021,N,N
ESP,2017-2022,FALSE,INC,tot,1.596818,2021,N,N
ESP,2017-2022,FALSE,INC,m50,1.708012,2017,N,N
ESP,2017-2022,FALSE,INC,b40,2.353692,2017,N,N
EST,2005-2010,FALSE,INC,b40,4.057952,2017,N,N
EST,2005-2010,FALSE,INC,m50,4.746819,2017,N,N
EST,2005-2010,FALSE,INC,m50,4.746808,2021,N,N
EST,2005-2010,FALSE,INC,b40,4.057995,2021,N,N
EST,2005-2010,FALSE,INC,premium,.3520052,2021,N,N
EST,2005-2010,FALSE,INC,tot,3.705977,2017,N,N
EST,2005-2010,FALSE,INC,tot,3.70599,2021,N,N
EST,2005-2010,FALSE,INC,premium,.3519757,2017,N,N
EST,2007-2012,FALSE,INC,m50,-.3293415,2017,N,N
EST,2007-2012,FALSE,INC,premium,-.7653408,2017,N,N
EST,2007-2012,FALSE,INC,tot,.0705042,2021,N,N
EST,2007-2012,FALSE,INC,premium,-.7653796,2021,N,N
EST,2007-2012,FALSE,INC,b40,-.6948316,2017,N,N
EST,2007-2012,FALSE,INC,tot,.0705092,2017,N,N
EST,2007-2012,FALSE,INC,m50,-.3293421,2021,N,N
EST,2007-2012,FALSE,INC,b40,-.6948754,2021,N,N
EST,2009-2014,FALSE,INC,premium,-1.707939,2017,N,N
EST,2009-2014,FALSE,INC,tot,3.929106,2017,N,N
EST,2009-2014,FALSE,INC,m50,2.864071,2017,N,N
EST,2009-2014,FALSE,INC,m50,2.864067,2021,N,N
EST,2009-2014,FALSE,INC,b40,2.221167,2017,N,N
EST,2009-2014,FALSE,INC,tot,3.929077,2021,N,N
EST,2009-2014,FALSE,INC,b40,2.220995,2021,N,N
EST,2009-2014,FALSE,INC,premium,-1.708082,2021,N,N
EST,2010-2015,FALSE,INC,b40,6.191366,2017,N,N
EST,2010-2015,FALSE,INC,m50,5.838542,2017,N,N
EST,2010-2015,FALSE,INC,premium,-.4497023,2021,N,N
EST,2010-2015,FALSE,INC,premium,-.4496489,2017,N,N
EST,2010-2015,FALSE,INC,tot,6.640998,2021,N,N
EST,2010-2015,FALSE,INC,b40,6.191296,2021,N,N
EST,2010-2015,FALSE,INC,m50,5.838548,2021,N,N
EST,2010-2015,FALSE,INC,tot,6.641015,2017,N,N
EST,2012-2017,FALSE,INC,premium,.7551455,2017,N,N
EST,2012-2017,FALSE,INC,premium,.7552505,2021,N,N
EST,2012-2017,FALSE,INC,b40,7.940382,2017,N,N
EST,2012-2017,FALSE,INC,b40,7.940504,2021,N,N
EST,2012-2017,FALSE,INC,m50,8.000105,2021,N,N
EST,2012-2017,FALSE,INC,tot,7.185254,2021,N,N
EST,2012-2017,FALSE,INC,m50,8.000102,2017,N,N
EST,2012-2017,FALSE,INC,tot,7.185236,2017,N,N
EST,2013-2018,FALSE,INC,b40,8.569076,2021,N,N
EST,2013-2018,FALSE,INC,tot,6.601766,2017,N,N
EST,2013-2018,FALSE,INC,m50,8.283635,2017,N,N
EST,2013-2018,FALSE,INC,premium,1.967278,2021,N,N
EST,2013-2018,FALSE,INC,premium,1.967126,2017,N,N
EST,2013-2018,FALSE,INC,m50,8.283646,2021,N,N
EST,2013-2018,FALSE,INC,tot,6.601798,2021,N,N
EST,2013-2018,FALSE,INC,b40,8.568892,2017,N,N
EST,2014-2019,FALSE,INC,tot,6.054286,2017,N,N
EST,2014-2019,FALSE,INC,premium,1.758316,2017,N,N
EST,2014-2019,FALSE,INC,tot,6.054311,2021,N,N
EST,2014-2019,FALSE,INC,m50,7.284653,2017,N,N
EST,2014-2019,FALSE,INC,b40,7.812719,2021,N,N
EST,2014-2019,FALSE,INC,m50,7.284661,2021,N,N
EST,2014-2019,FALSE,INC,premium,1.758408,2021,N,N
EST,2014-2019,FALSE,INC,b40,7.812603,2017,N,N
EST,2015-2020,FALSE,INC,tot,5.564495,2021,N,N
EST,2015-2020,FALSE,INC,m50,6.190459,2017,N,N
EST,2015-2020,FALSE,INC,premium,1.101625,2021,N,N
EST,2015-2020,FALSE,INC,premium,1.101535,2017,N,N
EST,2015-2020,FALSE,INC,b40,6.666121,2021,N,N
EST,2015-2020,FALSE,INC,m50,6.190461,2021,N,N
EST,2015-2020,FALSE,INC,b40,6.666012,2017,N,N
EST,2015-2020,FALSE,INC,tot,5.564477,2017,N,N
EST,2016-2021,FALSE,INC,tot,6.904513,2017,N,N
EST,2016-2021,FALSE,INC,premium,-.2124572,2017,N,N
EST,2016-2021,FALSE,INC,m50,6.62167,2021,N,N
EST,2016-2021,FALSE,INC,b40,6.692129,2021,N,N
EST,2016-2021,FALSE,INC,b40,6.692056,2017,N,N
EST,2016-2021,FALSE,INC,tot,6.904533,2021,N,N
EST,2016-2021,FALSE,INC,m50,6.621669,2017,N,N
EST,2016-2021,FALSE,INC,premium,-.2124047,2021,N,N
EST,2017-2022,FALSE,INC,m50,1.965221,2021,N,N
EST,2017-2022,FALSE,INC,b40,1.530457,2017,N,N
EST,2017-2022,FALSE,INC,tot,2.339121,2017,N,N
EST,2017-2022,FALSE,INC,tot,2.339113,2021,N,N
EST,2017-2022,FALSE,INC,b40,1.530424,2021,N,N
EST,2017-2022,FALSE,INC,premium,-.8086635,2017,N,N
EST,2017-2022,FALSE,INC,premium,-.8086896,2021,N,N
EST,2017-2022,FALSE,INC,m50,1.965219,2017,N,N
ETH,2004-2010,FALSE,CONS,b40,-.0450621,2021,N,N
ETH,2004-2010,FALSE,CONS,m50,.7803346,2017,N,N
ETH,2004-2010,FALSE,CONS,premium,-1.389169,2017,N,N
ETH,2004-2010,FALSE,CONS,tot,1.344103,2021,N,N
ETH,2004-2010,FALSE,CONS,premium,-1.389165,2021,N,N
ETH,2004-2010,FALSE,CONS,tot,1.344104,2017,N,N
ETH,2004-2010,FALSE,CONS,m50,.7803308,2021,N,N
ETH,2004-2010,FALSE,CONS,b40,-.045065,2017,N,N
ETH,2010-2015,FALSE,CONS,tot,2.018437,2021,N,N
ETH,2010-2015,FALSE,CONS,b40,.8024693,2017,N,N
ETH,2010-2015,FALSE,CONS,premium,-1.216013,2021,N,N
ETH,2010-2015,FALSE,CONS,m50,2.09466,2017,N,N
ETH,2010-2015,FALSE,CONS,tot,2.018441,2017,N,N
ETH,2010-2015,FALSE,CONS,premium,-1.215972,2017,N,N
ETH,2010-2015,FALSE,CONS,b40,.8024239,2021,N,N
ETH,2010-2015,FALSE,CONS,m50,2.094663,2021,N,N
ETH,2015-2021,FALSE,CONS,premium,1.455976,2017,N,N
ETH,2015-2021,FALSE,CONS,m50,-1.999294,2021,N,N
ETH,2015-2021,FALSE,CONS,tot,-2.398954,2017,N,N
ETH,2015-2021,FALSE,CONS,b40,-.9429398,2021,N,N
ETH,2015-2021,FALSE,CONS,b40,-.9429773,2017,N,N
ETH,2015-2021,FALSE,CONS,m50,-1.999296,2017,N,N
ETH,2015-2021,FALSE,CONS,premium,1.45601,2021,N,N
ETH,2015-2021,FALSE,CONS,tot,-2.39895,2021,N,N
FIN,2007-2012,FALSE,INC,tot,1.082057,2021,N,N
FIN,2007-2012,FALSE,INC,tot,1.082064,2017,N,N
FIN,2007-2012,FALSE,INC,m50,1.358986,2021,N,N
FIN,2007-2012,FALSE,INC,m50,1.358991,2017,N,N
FIN,2007-2012,FALSE,INC,premium,.4885821,2017,N,N
FIN,2007-2012,FALSE,INC,b40,1.570623,2021,N,N
FIN,2007-2012,FALSE,INC,b40,1.570646,2017,N,N
FIN,2007-2012,FALSE,INC,premium,.4885658,2021,N,N
FIN,2009-2014,FALSE,INC,premium,.2953441,2017,N,N
FIN,2009-2014,FALSE,INC,tot,.2790278,2017,N,N
FIN,2009-2014,FALSE,INC,premium,.2953466,2021,N,N
FIN,2009-2014,FALSE,INC,m50,.3709863,2021,N,N
FIN,2009-2014,FALSE,INC,m50,.3709853,2017,N,N
FIN,2009-2014,FALSE,INC,b40,.5743719,2017,N,N
FIN,2009-2014,FALSE,INC,tot,.2790248,2021,N,N
FIN,2009-2014,FALSE,INC,b40,.5743715,2021,N,N
FIN,2010-2015,FALSE,INC,premium,.3485688,2017,N,N
FIN,2010-2015,FALSE,INC,b40,.5101433,2017,N,N
FIN,2010-2015,FALSE,INC,tot,.1615745,2017,N,N
FIN,2010-2015,FALSE,INC,m50,.2712798,2017,N,N
FIN,2010-2015,FALSE,INC,m50,.2712815,2021,N,N
FIN,2010-2015,FALSE,INC,tot,.1615705,2021,N,N
FIN,2010-2015,FALSE,INC,b40,.5101327,2021,N,N
FIN,2010-2015,FALSE,INC,premium,.3485622,2021,N,N
FIN,2012-2017,FALSE,INC,b40,.5672354,2017,N,N
FIN,2012-2017,FALSE,INC,b40,.5672214,2021,N,N
FIN,2012-2017,FALSE,INC,premium,-.0737417,2017,N,N
FIN,2012-2017,FALSE,INC,premium,-.0737549,2021,N,N
FIN,2012-2017,FALSE,INC,tot,.6409771,2017,N,N
FIN,2012-2017,FALSE,INC,m50,.671473,2017,N,N
FIN,2012-2017,FALSE,INC,m50,.6714778,2021,N,N
FIN,2012-2017,FALSE,INC,tot,.6409763,2021,N,N
FIN,2013-2018,FALSE,INC,b40,1.087024,2017,N,N
FIN,2013-2018,FALSE,INC,m50,1.019433,2021,N,N
FIN,2013-2018,FALSE,INC,tot,1.035022,2017,N,N
FIN,2013-2018,FALSE,INC,premium,.0520022,2017,N,N
FIN,2013-2018,FALSE,INC,tot,1.035022,2021,N,N
FIN,2013-2018,FALSE,INC,b40,1.087036,2021,N,N
FIN,2013-2018,FALSE,INC,premium,.0520144,2021,N,N
FIN,2013-2018,FALSE,INC,m50,1.019433,2017,N,N
FIN,2014-2019,FALSE,INC,tot,1.492065,2017,N,N
FIN,2014-2019,FALSE,INC,m50,1.394317,2017,N,N
FIN,2014-2019,FALSE,INC,tot,1.492067,2021,N,N
FIN,2014-2019,FALSE,INC,premium,-.3622093,2017,N,N
FIN,2014-2019,FALSE,INC,premium,-.362215,2021,N,N
FIN,2014-2019,FALSE,INC,b40,1.129856,2017,N,N
FIN,2014-2019,FALSE,INC,m50,1.394317,2021,N,N
FIN,2014-2019,FALSE,INC,b40,1.129851,2021,N,N
FIN,2015-2020,FALSE,INC,tot,1.298932,2021,N,N
FIN,2015-2020,FALSE,INC,b40,1.389627,2017,N,N
FIN,2015-2020,FALSE,INC,b40,1.389639,2021,N,N
FIN,2015-2020,FALSE,INC,tot,1.298927,2017,N,N
FIN,2015-2020,FALSE,INC,m50,1.283133,2017,N,N
FIN,2015-2020,FALSE,INC,m50,1.283133,2021,N,N
FIN,2015-2020,FALSE,INC,premium,.0907077,2021,N,N
FIN,2015-2020,FALSE,INC,premium,.0907001,2017,N,N
FIN,2016-2021,FALSE,INC,premium,-.2381513,2017,N,N
FIN,2016-2021,FALSE,INC,m50,1.298697,2017,N,N
FIN,2016-2021,FALSE,INC,b40,1.244588,2017,N,N
FIN,2016-2021,FALSE,INC,tot,1.482742,2021,N,N
FIN,2016-2021,FALSE,INC,b40,1.244587,2021,N,N
FIN,2016-2021,FALSE,INC,m50,1.298698,2021,N,N
FIN,2016-2021,FALSE,INC,tot,1.48274,2017,N,N
FIN,2016-2021,FALSE,INC,premium,-.2381556,2021,N,N
FIN,2017-2022,FALSE,INC,premium,-.211349,2017,N,N
FIN,2017-2022,FALSE,INC,m50,.2445941,2021,N,N
FIN,2017-2022,FALSE,INC,m50,.2445952,2017,N,N
FIN,2017-2022,FALSE,INC,tot,.5333605,2017,N,N
FIN,2017-2022,FALSE,INC,premium,-.2113297,2021,N,N
FIN,2017-2022,FALSE,INC,tot,.5333682,2021,N,N
FIN,2017-2022,FALSE,INC,b40,.3220385,2021,N,N
FIN,2017-2022,FALSE,INC,b40,.3220116,2017,N,N
FJI,2008-2013,FALSE,CONS,premium,1.684574,2021,N,N
FJI,2008-2013,FALSE,CONS,tot,-.5076993,2017,N,N
FJI,2008-2013,FALSE,CONS,b40,1.176863,2017,N,N
FJI,2008-2013,FALSE,CONS,b40,1.176865,2021,N,N
FJI,2008-2013,FALSE,CONS,m50,.732103,2021,N,N
FJI,2008-2013,FALSE,CONS,m50,.7321037,2017,N,N
FJI,2008-2013,FALSE,CONS,premium,1.684563,2017,N,N
FJI,2008-2013,FALSE,CONS,tot,-.5077091,2021,N,N
FRA,2007-2012,FALSE,INC,premium,-.3050218,2017,N,N
FRA,2007-2012,FALSE,INC,m50,.4795628,2017,N,N
FRA,2007-2012,FALSE,INC,tot,.3619039,2017,N,N
FRA,2007-2012,FALSE,INC,tot,.3619034,2021,N,N
FRA,2007-2012,FALSE,INC,m50,.4795592,2021,N,N
FRA,2007-2012,FALSE,INC,b40,.0568902,2021,N,N
FRA,2007-2012,FALSE,INC,b40,.0568822,2017,N,N
FRA,2007-2012,FALSE,INC,premium,-.3050132,2021,N,N
FRA,2009-2014,FALSE,INC,b40,.3132173,2021,N,N
FRA,2009-2014,FALSE,INC,premium,.2666042,2017,N,N
FRA,2009-2014,FALSE,INC,tot,.046611,2017,N,N
FRA,2009-2014,FALSE,INC,m50,.1345585,2017,N,N
FRA,2009-2014,FALSE,INC,m50,.1345562,2021,N,N
FRA,2009-2014,FALSE,INC,premium,.2666079,2021,N,N
FRA,2009-2014,FALSE,INC,b40,.3132152,2017,N,N
FRA,2009-2014,FALSE,INC,tot,.0466094,2021,N,N
FRA,2010-2015,FALSE,INC,tot,.2171302,2017,N,N
FRA,2010-2015,FALSE,INC,b40,.7714175,2017,N,N
FRA,2010-2015,FALSE,INC,b40,.7714252,2021,N,N
FRA,2010-2015,FALSE,INC,tot,.2171313,2021,N,N
FRA,2010-2015,FALSE,INC,m50,.7321098,2017,N,N
FRA,2010-2015,FALSE,INC,premium,.5542939,2021,N,N
FRA,2010-2015,FALSE,INC,m50,.7321105,2021,N,N
FRA,2010-2015,FALSE,INC,premium,.5542873,2017,N,N
FRA,2012-2017,FALSE,INC,tot,.2449818,2021,N,N
FRA,2012-2017,FALSE,INC,premium,.6295243,2021,N,N
FRA,2012-2017,FALSE,INC,m50,.7986955,2017,N,N
FRA,2012-2017,FALSE,INC,tot,.2449825,2017,N,N
FRA,2012-2017,FALSE,INC,m50,.7986975,2021,N,N
FRA,2012-2017,FALSE,INC,premium,.6295314,2017,N,N
FRA,2012-2017,FALSE,INC,b40,.8745139,2017,N,N
FRA,2012-2017,FALSE,INC,b40,.8745061,2021,N,N
FRA,2013-2018,FALSE,INC,premium,.1982892,2021,N,N
FRA,2013-2018,FALSE,INC,m50,.9054609,2017,N,N
FRA,2013-2018,FALSE,INC,b40,.9686388,2021,N,N
FRA,2013-2018,FALSE,INC,b40,.9686288,2017,N,N
FRA,2013-2018,FALSE,INC,premium,.1982802,2017,N,N
FRA,2013-2018,FALSE,INC,tot,.7703486,2017,N,N
FRA,2013-2018,FALSE,INC,m50,.9054579,2021,N,N
FRA,2013-2018,FALSE,INC,tot,.7703496,2021,N,N
FRA,2015-2020,FALSE,INC,premium,.577758,2021,N,N
FRA,2015-2020,FALSE,INC,m50,.4198778,2017,N,N
FRA,2015-2020,FALSE,INC,tot,-.4609575,2021,N,N
FRA,2015-2020,FALSE,INC,b40,.1168005,2021,N,N
FRA,2015-2020,FALSE,INC,b40,.1167833,2017,N,N
FRA,2015-2020,FALSE,INC,tot,-.4609576,2017,N,N
FRA,2015-2020,FALSE,INC,m50,.4198781,2021,N,N
FRA,2015-2020,FALSE,INC,premium,.577741,2017,N,N
FRA,2016-2021,FALSE,INC,b40,-.6214065,2021,N,N
FRA,2016-2021,FALSE,INC,b40,-.6214275,2017,N,N
FRA,2016-2021,FALSE,INC,tot,-.4773856,2017,N,N
FRA,2016-2021,FALSE,INC,tot,-.4773827,2021,N,N
FRA,2016-2021,FALSE,INC,m50,.0065823,2017,N,N
FRA,2016-2021,FALSE,INC,m50,.006584,2021,N,N
FRA,2016-2021,FALSE,INC,premium,-.1440238,2021,N,N
FRA,2016-2021,FALSE,INC,premium,-.1440419,2017,N,N
FRA,2017-2022,FALSE,INC,b40,-.5548108,2021,N,N
FRA,2017-2022,FALSE,INC,m50,.1228389,2021,N,N
FRA,2017-2022,FALSE,INC,tot,-.3306913,2021,N,N
FRA,2017-2022,FALSE,INC,premium,-.2241141,2017,N,N
FRA,2017-2022,FALSE,INC,premium,-.2241195,2021,N,N
FRA,2017-2022,FALSE,INC,b40,-.5548041,2017,N,N
FRA,2017-2022,FALSE,INC,tot,-.33069,2017,N,N
FRA,2017-2022,FALSE,INC,m50,.1228369,2017,N,N
GBR,2007-2012,FALSE,INC,tot,-.8539091,2017,N,N
GBR,2007-2012,FALSE,INC,m50,-.7026743,2017,N,N
GBR,2007-2012,FALSE,INC,b40,-.0806641,2017,N,N
GBR,2007-2012,FALSE,INC,m50,-.702674,2021,N,N
GBR,2007-2012,FALSE,INC,tot,-.8539059,2021,N,N
GBR,2007-2012,FALSE,INC,premium,.7732403,2021,N,N
GBR,2007-2012,FALSE,INC,b40,-.0806656,2021,N,N
GBR,2007-2012,FALSE,INC,premium,.7732451,2017,N,N
GBR,2009-2014,FALSE,INC,m50,.3582515,2021,N,N
GBR,2009-2014,FALSE,INC,premium,.7571745,2017,N,N
GBR,2009-2014,FALSE,INC,tot,-.3389388,2017,N,N
GBR,2009-2014,FALSE,INC,b40,.4182306,2021,N,N
GBR,2009-2014,FALSE,INC,tot,-.3389443,2021,N,N
GBR,2009-2014,FALSE,INC,m50,.3582526,2017,N,N
GBR,2009-2014,FALSE,INC,premium,.7571748,2021,N,N
GBR,2009-2014,FALSE,INC,b40,.4182357,2017,N,N
GBR,2010-2015,FALSE,INC,m50,.6715633,2021,N,N
GBR,2010-2015,FALSE,INC,b40,.4472871,2017,N,N
GBR,2010-2015,FALSE,INC,m50,.6715668,2017,N,N
GBR,2010-2015,FALSE,INC,b40,.4472902,2021,N,N
GBR,2010-2015,FALSE,INC,tot,.4848148,2021,N,N
GBR,2010-2015,FALSE,INC,tot,.4848174,2017,N,N
GBR,2010-2015,FALSE,INC,premium,-.0375246,2021,N,N
GBR,2010-2015,FALSE,INC,premium,-.0375303,2017,N,N
GBR,2011-2016,FALSE,INC,premium,-.1259948,2017,N,N
GBR,2011-2016,FALSE,INC,tot,1.054739,2017,N,N
GBR,2011-2016,FALSE,INC,tot,1.054705,2021,N,N
GBR,2011-2016,FALSE,INC,b40,.9287446,2017,N,N
GBR,2011-2016,FALSE,INC,m50,1.274221,2017,N,N
GBR,2011-2016,FALSE,INC,b40,.928566,2021,N,N
GBR,2011-2016,FALSE,INC,premium,-.1261387,2021,N,N
GBR,2011-2016,FALSE,INC,m50,1.274219,2021,N,N
GBR,2012-2017,FALSE,INC,b40,.9937453,2021,N,N
GBR,2012-2017,FALSE,INC,premium,-.0080207,2021,N,N
GBR,2012-2017,FALSE,INC,m50,1.474692,2021,N,N
GBR,2012-2017,FALSE,INC,tot,1.001807,2017,N,N
GBR,2012-2017,FALSE,INC,premium,-.0078759,2017,N,N
GBR,2012-2017,FALSE,INC,b40,.9939315,2017,N,N
GBR,2012-2017,FALSE,INC,m50,1.474694,2017,N,N
GBR,2012-2017,FALSE,INC,tot,1.001766,2021,N,N
GBR,2015-2020,FALSE,INC,b40,.8405927,2017,N,N
GBR,2015-2020,FALSE,INC,tot,.5700913,2021,N,N
GBR,2015-2020,FALSE,INC,tot,.5701256,2017,N,N
GBR,2015-2020,FALSE,INC,m50,.8368323,2017,N,N
GBR,2015-2020,FALSE,INC,m50,.8368357,2021,N,N
GBR,2015-2020,FALSE,INC,premium,.2704672,2017,N,N
GBR,2015-2020,FALSE,INC,premium,.2703161,2021,N,N
GBR,2015-2020,FALSE,INC,b40,.8404074,2021,N,N
GBR,2016-2021,FALSE,INC,tot,.5559238,2021,N,N
GBR,2016-2021,FALSE,INC,b40,.8497199,2021,N,N
GBR,2016-2021,FALSE,INC,premium,.2937969,2017,N,N
GBR,2016-2021,FALSE,INC,b40,.8497258,2017,N,N
GBR,2016-2021,FALSE,INC,m50,.7220396,2017,N,N
GBR,2016-2021,FALSE,INC,m50,.7220395,2021,N,N
GBR,2016-2021,FALSE,INC,tot,.5559289,2017,N,N
GBR,2016-2021,FALSE,INC,premium,.2937961,2021,N,N
GEO,2007-2012,FALSE,CONS,premium,-.6618788,2017,N,N
GEO,2007-2012,FALSE,CONS,tot,3.444788,2021,N,N
GEO,2007-2012,FALSE,CONS,b40,2.783549,2021,N,N
GEO,2007-2012,FALSE,CONS,tot,3.444648,2017,N,N
GEO,2007-2012,FALSE,CONS,m50,3.41794,2021,N,N
GEO,2007-2012,FALSE,CONS,b40,2.782769,2017,N,N
GEO,2007-2012,FALSE,CONS,premium,-.6612396,2021,N,N
GEO,2007-2012,FALSE,CONS,m50,3.417941,2017,N,N
GEO,2008-2013,FALSE,CONS,b40,3.698445,2017,N,N
GEO,2008-2013,FALSE,CONS,m50,3.495968,2017,N,N
GEO,2008-2013,FALSE,CONS,b40,3.698825,2021,N,N
GEO,2008-2013,FALSE,CONS,m50,3.495966,2021,N,N
GEO,2008-2013,FALSE,CONS,tot,3.766618,2017,N,N
GEO,2008-2013,FALSE,CONS,premium,-.0678596,2021,N,N
GEO,2008-2013,FALSE,CONS,premium,-.0681729,2017,N,N
GEO,2008-2013,FALSE,CONS,tot,3.766685,2021,N,N
GEO,2009-2014,FALSE,CONS,premium,.4447641,2017,N,N
GEO,2009-2014,FALSE,CONS,premium,.4451184,2021,N,N
GEO,2009-2014,FALSE,CONS,b40,5.304444,2017,N,N
GEO,2009-2014,FALSE,CONS,tot,4.85968,2017,N,N
GEO,2009-2014,FALSE,CONS,tot,4.859756,2021,N,N
GEO,2009-2014,FALSE,CONS,m50,5.123577,2017,N,N
GEO,2009-2014,FALSE,CONS,m50,5.123576,2021,N,N
GEO,2009-2014,FALSE,CONS,b40,5.304874,2021,N,N
GEO,2011-2016,FALSE,CONS,m50,5.07878,2017,N,N
GEO,2011-2016,FALSE,CONS,tot,4.596043,2017,N,N
GEO,2011-2016,FALSE,CONS,b40,6.627449,2021,N,N
GEO,2011-2016,FALSE,CONS,tot,4.59615,2021,N,N
GEO,2011-2016,FALSE,CONS,premium,2.031299,2021,N,N
GEO,2011-2016,FALSE,CONS,b40,6.626778,2017,N,N
GEO,2011-2016,FALSE,CONS,m50,5.078783,2021,N,N
GEO,2011-2016,FALSE,CONS,premium,2.030735,2017,N,N
GEO,2012-2017,FALSE,CONS,m50,3.83378,2017,N,N
GEO,2012-2017,FALSE,CONS,tot,3.757048,2017,N,N
GEO,2012-2017,FALSE,CONS,premium,.7227113,2017,N,N
GEO,2012-2017,FALSE,CONS,b40,4.47976,2017,N,N
GEO,2012-2017,FALSE,CONS,premium,.7227757,2021,N,N
GEO,2012-2017,FALSE,CONS,b40,4.479834,2021,N,N
GEO,2012-2017,FALSE,CONS,m50,3.83378,2021,N,N
GEO,2012-2017,FALSE,CONS,tot,3.757058,2021,N,N
GEO,2013-2018,FALSE,CONS,m50,2.34897,2021,N,N
GEO,2013-2018,FALSE,CONS,premium,1.228153,2017,N,N
GEO,2013-2018,FALSE,CONS,b40,2.647513,2021,N,N
GEO,2013-2018,FALSE,CONS,b40,2.647485,2017,N,N
GEO,2013-2018,FALSE,CONS,m50,2.348969,2017,N,N
GEO,2013-2018,FALSE,CONS,tot,1.419334,2021,N,N
GEO,2013-2018,FALSE,CONS,premium,1.228179,2021,N,N
GEO,2013-2018,FALSE,CONS,tot,1.419332,2017,N,N
GEO,2014-2019,FALSE,CONS,m50,.9950919,2017,N,N
GEO,2014-2019,FALSE,CONS,m50,.9950913,2021,N,N
GEO,2014-2019,FALSE,CONS,b40,1.590013,2017,N,N
GEO,2014-2019,FALSE,CONS,tot,.5562958,2017,N,N
GEO,2014-2019,FALSE,CONS,b40,1.59002,2021,N,N
GEO,2014-2019,FALSE,CONS,premium,1.033723,2021,N,N
GEO,2014-2019,FALSE,CONS,tot,.5562969,2021,N,N
GEO,2014-2019,FALSE,CONS,premium,1.033717,2017,N,N
GEO,2015-2020,FALSE,CONS,tot,-1.502535,2017,N,N
GEO,2015-2020,FALSE,CONS,premium,.9268485,2021,N,N
GEO,2015-2020,FALSE,CONS,premium,.9268625,2017,N,N
GEO,2015-2020,FALSE,CONS,tot,-1.502539,2021,N,N
GEO,2015-2020,FALSE,CONS,m50,-.4942692,2017,N,N
GEO,2015-2020,FALSE,CONS,m50,-.4942691,2021,N,N
GEO,2015-2020,FALSE,CONS,b40,-.5756903,2021,N,N
GEO,2015-2020,FALSE,CONS,b40,-.5756724,2017,N,N
GEO,2016-2021,FALSE,CONS,m50,.3312669,2021,N,N
GEO,2016-2021,FALSE,CONS,m50,.3312689,2017,N,N
GEO,2016-2021,FALSE,CONS,tot,-.8875794,2017,N,N
GEO,2016-2021,FALSE,CONS,b40,.1963627,2021,N,N
GEO,2016-2021,FALSE,CONS,tot,-.8875899,2021,N,N
GEO,2016-2021,FALSE,CONS,b40,.1964197,2017,N,N
GEO,2016-2021,FALSE,CONS,premium,1.083999,2017,N,N
GEO,2016-2021,FALSE,CONS,premium,1.083953,2021,N,N
GEO,2017-2022,FALSE,CONS,b40,2.753122,2021,N,N
GEO,2017-2022,FALSE,CONS,tot,.5728953,2017,N,N
GEO,2017-2022,FALSE,CONS,m50,2.063857,2021,N,N
GEO,2017-2022,FALSE,CONS,b40,2.75317,2017,N,N
GEO,2017-2022,FALSE,CONS,premium,2.180274,2017,N,N
GEO,2017-2022,FALSE,CONS,premium,2.180236,2021,N,N
GEO,2017-2022,FALSE,CONS,tot,.5728858,2021,N,N
GEO,2017-2022,FALSE,CONS,m50,2.063857,2017,N,N
GEO,2018-2023,FALSE,CONS,tot,3.658167,2017,N,N
GEO,2018-2023,FALSE,CONS,m50,4.134061,2017,N,N
GEO,2018-2023,FALSE,CONS,tot,3.658174,2021,N,N
GEO,2018-2023,FALSE,CONS,b40,4.781715,2017,N,N
GEO,2018-2023,FALSE,CONS,m50,4.13406,2021,N,N
GEO,2018-2023,FALSE,CONS,premium,1.123549,2017,N,N
GEO,2018-2023,FALSE,CONS,premium,1.123538,2021,N,N
GEO,2018-2023,FALSE,CONS,b40,4.781712,2021,N,N
GHA,2012-2016,FALSE,CONS,m50,1.483665,2017,N,N
GHA,2012-2016,FALSE,CONS,premium,-1.459855,2017,N,N
GHA,2012-2016,FALSE,CONS,b40,-.191178,2017,N,N
GHA,2012-2016,FALSE,CONS,tot,1.268699,2021,N,N
GHA,2012-2016,FALSE,CONS,tot,1.268677,2017,N,N
GHA,2012-2016,FALSE,CONS,premium,-1.459687,2021,N,N
GHA,2012-2016,FALSE,CONS,m50,1.483667,2021,N,N
GHA,2012-2016,FALSE,CONS,b40,-.1909885,2021,N,N
GIN,2007-2012,FALSE,CONS,m50,7.221594,2021,N,N
GIN,2007-2012,FALSE,CONS,b40,8.21549,2021,N,N
GIN,2007-2012,FALSE,CONS,premium,3.198577,2021,N,N
GIN,2007-2012,FALSE,CONS,m50,7.221597,2017,N,N
GIN,2007-2012,FALSE,CONS,tot,5.016913,2021,N,N
GIN,2007-2012,FALSE,CONS,tot,5.016932,2017,N,N
GIN,2007-2012,FALSE,CONS,b40,8.215565,2017,N,N
GIN,2007-2012,FALSE,CONS,premium,3.198633,2017,N,N
GMB,2015-2020,FALSE,CONS,b40,-1.766155,2021,N,N
GMB,2015-2020,FALSE,CONS,m50,-.713592,2021,N,N
GMB,2015-2020,FALSE,CONS,m50,-.7135923,2017,N,N
GMB,2015-2020,FALSE,CONS,b40,-1.766153,2017,N,N
GMB,2015-2020,FALSE,CONS,premium,-1.703053,2017,N,N
GMB,2015-2020,FALSE,CONS,tot,-.0631003,2017,N,N
GMB,2015-2020,FALSE,CONS,tot,-.0631016,2021,N,N
GMB,2015-2020,FALSE,CONS,premium,-1.703053,2021,N,N
GNB,2018-2021,FALSE,CONS,m50,-1.87238,2017,N,N
GNB,2018-2021,FALSE,CONS,tot,-2.347083,2017,N,N
GNB,2018-2021,FALSE,CONS,m50,-1.872382,2021,N,N
GNB,2018-2021,FALSE,CONS,premium,.5737273,2021,N,N
GNB,2018-2021,FALSE,CONS,b40,-1.773353,2021,N,N
GNB,2018-2021,FALSE,CONS,b40,-1.773361,2017,N,N
GNB,2018-2021,FALSE,CONS,premium,.5737216,2017,N,N
GNB,2018-2021,FALSE,CONS,tot,-2.34708,2021,N,N
GRC,2007-2012,FALSE,INC,premium,-1.707335,2017,N,N
GRC,2007-2012,FALSE,INC,tot,-8.420869,2017,N,N
GRC,2007-2012,FALSE,INC,m50,-8.217702,2017,N,N
GRC,2007-2012,FALSE,INC,b40,-10.1282,2017,N,N
GRC,2007-2012,FALSE,INC,premium,-1.70726,2021,N,N
GRC,2007-2012,FALSE,INC,m50,-8.217705,2021,N,N
GRC,2007-2012,FALSE,INC,tot,-8.420854,2021,N,N
GRC,2007-2012,FALSE,INC,b40,-10.12811,2021,N,N
GRC,2009-2014,FALSE,INC,tot,-9.882588,2017,N,N
GRC,2009-2014,FALSE,INC,b40,-11.47785,2021,N,N
GRC,2009-2014,FALSE,INC,m50,-9.951581,2017,N,N
GRC,2009-2014,FALSE,INC,tot,-9.882605,2021,N,N
GRC,2009-2014,FALSE,INC,b40,-11.47773,2017,N,N
GRC,2009-2014,FALSE,INC,m50,-9.951586,2021,N,N
GRC,2009-2014,FALSE,INC,premium,-1.595137,2017,N,N
GRC,2009-2014,FALSE,INC,premium,-1.595249,2021,N,N
GRC,2010-2015,FALSE,INC,premium,-1.342669,2017,N,N
GRC,2010-2015,FALSE,INC,b40,-8.314354,2017,N,N
GRC,2010-2015,FALSE,INC,premium,-1.342616,2021,N,N
GRC,2010-2015,FALSE,INC,m50,-7.151353,2021,N,N
GRC,2010-2015,FALSE,INC,b40,-8.314281,2021,N,N
GRC,2010-2015,FALSE,INC,tot,-6.971664,2021,N,N
GRC,2010-2015,FALSE,INC,m50,-7.151359,2017,N,N
GRC,2010-2015,FALSE,INC,tot,-6.971685,2017,N,N
GRC,2012-2017,FALSE,INC,tot,.049571,2017,N,N
GRC,2012-2017,FALSE,INC,b40,1.566363,2017,N,N
GRC,2012-2017,FALSE,INC,b40,1.566305,2021,N,N
GRC,2012-2017,FALSE,INC,m50,-.0625631,2017,N,N
GRC,2012-2017,FALSE,INC,m50,-.0625667,2021,N,N
GRC,2012-2017,FALSE,INC,premium,1.516746,2021,N,N
GRC,2012-2017,FALSE,INC,tot,.0495589,2021,N,N
GRC,2012-2017,FALSE,INC,premium,1.516792,2017,N,N
GRC,2013-2018,FALSE,INC,premium,2.143932,2021,N,N
GRC,2013-2018,FALSE,INC,b40,3.807494,2017,N,N
GRC,2013-2018,FALSE,INC,premium,2.143986,2017,N,N
GRC,2013-2018,FALSE,INC,b40,3.807426,2021,N,N
GRC,2013-2018,FALSE,INC,m50,1.935984,2021,N,N
GRC,2013-2018,FALSE,INC,tot,1.663494,2021,N,N
GRC,2013-2018,FALSE,INC,m50,1.935982,2017,N,N
GRC,2013-2018,FALSE,INC,tot,1.663508,2017,N,N
GRC,2014-2019,FALSE,INC,premium,1.875551,2017,N,N
GRC,2014-2019,FALSE,INC,premium,1.875733,2021,N,N
GRC,2014-2019,FALSE,INC,b40,4.863271,2017,N,N
GRC,2014-2019,FALSE,INC,tot,2.98772,2017,N,N
GRC,2014-2019,FALSE,INC,tot,2.987756,2021,N,N
GRC,2014-2019,FALSE,INC,b40,4.863488,2021,N,N
GRC,2014-2019,FALSE,INC,m50,3.37877,2021,N,N
GRC,2014-2019,FALSE,INC,m50,3.378768,2017,N,N
GRC,2015-2020,FALSE,INC,premium,1.81268,2017,N,N
GRC,2015-2020,FALSE,INC,tot,2.889817,2017,N,N
GRC,2015-2020,FALSE,INC,premium,1.812784,2021,N,N
GRC,2015-2020,FALSE,INC,b40,4.702616,2021,N,N
GRC,2015-2020,FALSE,INC,m50,3.281038,2017,N,N
GRC,2015-2020,FALSE,INC,b40,4.702497,2017,N,N
GRC,2015-2020,FALSE,INC,tot,2.889832,2021,N,N
GRC,2015-2020,FALSE,INC,m50,3.281027,2021,N,N
GRC,2016-2021,FALSE,INC,tot,3.794986,2021,N,N
GRC,2016-2021,FALSE,INC,b40,5.100052,2021,N,N
GRC,2016-2021,FALSE,INC,tot,3.794983,2017,N,N
GRC,2016-2021,FALSE,INC,m50,4.046453,2017,N,N
GRC,2016-2021,FALSE,INC,b40,5.100022,2017,N,N
GRC,2016-2021,FALSE,INC,m50,4.046466,2021,N,N
GRC,2016-2021,FALSE,INC,premium,1.305066,2021,N,N
GRC,2016-2021,FALSE,INC,premium,1.305039,2017,N,N
GRC,2017-2022,FALSE,INC,b40,4.245753,2017,N,N
GRC,2017-2022,FALSE,INC,b40,4.245836,2021,N,N
GRC,2017-2022,FALSE,INC,m50,3.063725,2017,N,N
GRC,2017-2022,FALSE,INC,premium,.9085264,2017,N,N
GRC,2017-2022,FALSE,INC,m50,3.063729,2021,N,N
GRC,2017-2022,FALSE,INC,tot,3.337239,2021,N,N
GRC,2017-2022,FALSE,INC,premium,.908597,2021,N,N
GRC,2017-2022,FALSE,INC,tot,3.337227,2017,N,N
HND,2011-2016,FALSE,INC,tot,-1.019901,2017,N,N
HND,2011-2016,FALSE,INC,b40,.0311516,2017,N,N
HND,2011-2016,FALSE,INC,premium,1.05228,2021,N,N
HND,2011-2016,FALSE,INC,m50,.4321486,2017,N,N
HND,2011-2016,FALSE,INC,b40,.0325225,2021,N,N
HND,2011-2016,FALSE,INC,m50,.4321483,2021,N,N
HND,2011-2016,FALSE,INC,tot,-1.019757,2021,N,N
HND,2011-2016,FALSE,INC,premium,1.051052,2017,N,N
HND,2012-2017,FALSE,INC,b40,3.604304,2017,N,N
HND,2012-2017,FALSE,INC,m50,2.8643,2017,N,N
HND,2012-2017,FALSE,INC,tot,.9107075,2021,N,N
HND,2012-2017,FALSE,INC,m50,2.8643,2021,N,N
HND,2012-2017,FALSE,INC,b40,3.605804,2021,N,N
HND,2012-2017,FALSE,INC,tot,.9105797,2017,N,N
HND,2012-2017,FALSE,INC,premium,2.693724,2017,N,N
HND,2012-2017,FALSE,INC,premium,2.695097,2021,N,N
HND,2013-2018,FALSE,INC,tot,.8965226,2017,N,N
HND,2013-2018,FALSE,INC,b40,1.130191,2017,N,N
HND,2013-2018,FALSE,INC,premium,.2336682,2017,N,N
HND,2013-2018,FALSE,INC,tot,.8965753,2021,N,N
HND,2013-2018,FALSE,INC,premium,.234096,2021,N,N
HND,2013-2018,FALSE,INC,b40,1.130671,2021,N,N
HND,2013-2018,FALSE,INC,m50,1.519788,2017,N,N
HND,2013-2018,FALSE,INC,m50,1.519785,2021,N,N
HND,2014-2019,FALSE,INC,premium,.3467698,2017,N,N
HND,2014-2019,FALSE,INC,tot,.6389956,2021,N,N
HND,2014-2019,FALSE,INC,m50,1.75961,2017,N,N
HND,2014-2019,FALSE,INC,premium,.3463576,2021,N,N
HND,2014-2019,FALSE,INC,m50,1.759609,2021,N,N
HND,2014-2019,FALSE,INC,b40,.9853532,2021,N,N
HND,2014-2019,FALSE,INC,b40,.9858204,2017,N,N
HND,2014-2019,FALSE,INC,tot,.6390507,2017,N,N
HND,2018-2023,FALSE,INC,tot,.1666685,2017,N,N
HND,2018-2023,FALSE,INC,m50,.7901173,2017,N,N
HND,2018-2023,FALSE,INC,b40,1.477567,2021,N,N
HND,2018-2023,FALSE,INC,m50,.7901182,2021,N,N
HND,2018-2023,FALSE,INC,b40,1.47854,2017,N,N
HND,2018-2023,FALSE,INC,premium,1.311017,2021,N,N
HND,2018-2023,FALSE,INC,premium,1.311871,2017,N,N
HND,2018-2023,FALSE,INC,tot,.1665508,2021,N,N
HRV,2004-2010,FALSE,CONS,b40,-2.393829,2021,N,N
HRV,2004-2010,FALSE,CONS,m50,-2.798857,2017,N,N
HRV,2004-2010,FALSE,CONS,tot,-3.367073,2017,N,N
HRV,2004-2010,FALSE,CONS,premium,.9732385,2017,N,N
HRV,2004-2010,FALSE,CONS,tot,-3.36707,2021,N,N
HRV,2004-2010,FALSE,CONS,m50,-2.798856,2021,N,N
HRV,2004-2010,FALSE,CONS,premium,.9732411,2021,N,N
HRV,2004-2010,FALSE,CONS,b40,-2.393834,2017,N,N
HRV,2009-2014,FALSE,INC,m50,-2.248641,2017,N,N
HRV,2009-2014,FALSE,INC,tot,-2.48928,2017,N,N
HRV,2009-2012,FALSE,INC,premium,-.1091962,2017,N,N
HRV,2009-2012,FALSE,INC,tot,-5.342646,2017,N,N
HRV,2009-2014,FALSE,INC,b40,-2.308296,2017,N,N
HRV,2009-2012,FALSE,INC,b40,-5.451842,2017,N,N
HRV,2009-2014,FALSE,INC,b40,-2.308201,2021,N,N
HRV,2009-2012,FALSE,INC,m50,-5.527669,2021,N,N
HRV,2009-2014,FALSE,INC,tot,-2.489271,2021,N,N
HRV,2009-2014,FALSE,INC,m50,-2.248644,2021,N,N
HRV,2009-2012,FALSE,INC,premium,-.1089892,2021,N,N
HRV,2009-2012,FALSE,INC,b40,-5.451593,2021,N,N
HRV,2009-2014,FALSE,INC,premium,.1810701,2021,N,N
HRV,2009-2012,FALSE,INC,tot,-5.342604,2021,N,N
HRV,2009-2014,FALSE,INC,premium,.1809845,2017,N,N
HRV,2009-2012,FALSE,INC,m50,-5.527669,2017,N,N
HRV,2010-2015,FALSE,INC,premium,.5900788,2017,N,N
HRV,2010-2015,FALSE,INC,tot,-.1152534,2017,N,N
HRV,2010-2015,FALSE,INC,m50,.6544098,2017,N,N
HRV,2010-2015,FALSE,INC,b40,.4748255,2017,N,N
HRV,2010-2015,FALSE,INC,m50,.65441,2021,N,N
HRV,2010-2015,FALSE,INC,tot,-.1151851,2021,N,N
HRV,2010-2015,FALSE,INC,premium,.5903818,2021,N,N
HRV,2010-2015,FALSE,INC,b40,.4751967,2021,N,N
HRV,2012-2017,FALSE,INC,b40,5.459364,2017,N,N
HRV,2012-2017,FALSE,INC,premium,1.185666,2017,N,N
HRV,2012-2017,FALSE,INC,tot,4.273719,2021,N,N
HRV,2012-2017,FALSE,INC,premium,1.185749,2021,N,N
HRV,2012-2017,FALSE,INC,b40,5.459468,2021,N,N
HRV,2012-2017,FALSE,INC,m50,5.248132,2017,N,N
HRV,2012-2017,FALSE,INC,m50,5.248128,2021,N,N
HRV,2012-2017,FALSE,INC,tot,4.273698,2017,N,N
HRV,2013-2018,FALSE,INC,tot,6.09195,2017,N,N
HRV,2013-2018,FALSE,INC,premium,1.540659,2017,N,N
HRV,2013-2018,FALSE,INC,m50,6.369223,2021,N,N
HRV,2013-2018,FALSE,INC,b40,7.632802,2021,N,N
HRV,2013-2018,FALSE,INC,b40,7.63261,2017,N,N
HRV,2013-2018,FALSE,INC,premium,1.540821,2021,N,N
HRV,2013-2018,FALSE,INC,tot,6.091981,2021,N,N
HRV,2013-2018,FALSE,INC,m50,6.369226,2017,N,N
HRV,2014-2019,FALSE,INC,premium,1.89021,2021,N,N
HRV,2014-2019,FALSE,INC,b40,8.107038,2021,N,N
HRV,2014-2019,FALSE,INC,m50,6.809337,2017,N,N
HRV,2014-2019,FALSE,INC,tot,6.216762,2017,N,N
HRV,2014-2019,FALSE,INC,b40,8.106721,2017,N,N
HRV,2014-2019,FALSE,INC,premium,1.889959,2017,N,N
HRV,2014-2019,FALSE,INC,m50,6.809349,2021,N,N
HRV,2014-2019,FALSE,INC,tot,6.216828,2021,N,N
HRV,2015-2020,FALSE,INC,b40,7.131462,2021,N,N
HRV,2015-2020,FALSE,INC,tot,6.176729,2017,N,N
HRV,2015-2020,FALSE,INC,m50,6.103769,2017,N,N
HRV,2015-2020,FALSE,INC,m50,6.103768,2021,N,N
HRV,2015-2020,FALSE,INC,b40,7.131377,2017,N,N
HRV,2015-2020,FALSE,INC,tot,6.176754,2021,N,N
HRV,2015-2020,FALSE,INC,premium,.9547086,2021,N,N
HRV,2015-2020,FALSE,INC,premium,.9546475,2017,N,N
HRV,2016-2021,FALSE,INC,premium,1.306358,2017,N,N
HRV,2016-2021,FALSE,INC,tot,5.813105,2017,N,N
HRV,2016-2021,FALSE,INC,b40,7.119556,2021,N,N
HRV,2016-2021,FALSE,INC,tot,5.813126,2021,N,N
HRV,2016-2021,FALSE,INC,m50,5.838167,2017,N,N
HRV,2016-2021,FALSE,INC,b40,7.119463,2017,N,N
HRV,2016-2021,FALSE,INC,premium,1.306431,2021,N,N
HRV,2016-2021,FALSE,INC,m50,5.838162,2021,N,N
HRV,2017-2022,FALSE,INC,b40,5.651737,2017,N,N
HRV,2017-2022,FALSE,INC,m50,4.587086,2017,N,N
HRV,2017-2022,FALSE,INC,tot,5.140459,2021,N,N
HRV,2017-2022,FALSE,INC,premium,.5112972,2017,N,N
HRV,2017-2022,FALSE,INC,premium,.5113697,2021,N,N
HRV,2017-2022,FALSE,INC,tot,5.14044,2017,N,N
HRV,2017-2022,FALSE,INC,b40,5.651829,2021,N,N
HRV,2017-2022,FALSE,INC,m50,4.587086,2021,N,N
HUN,2006-2011,FALSE,INC,premium,-.5137479,2017,N,N
HUN,2006-2011,FALSE,INC,m50,.1064172,2021,N,N
HUN,2006-2011,FALSE,INC,b40,-.5161492,2017,N,N
HUN,2006-2011,FALSE,INC,tot,-.0023979,2021,N,N
HUN,2006-2011,FALSE,INC,b40,-.5161359,2021,N,N
HUN,2006-2011,FALSE,INC,tot,-.0024012,2017,N,N
HUN,2006-2011,FALSE,INC,m50,.1064152,2017,N,N
HUN,2006-2011,FALSE,INC,premium,-.513738,2021,N,N
HUN,2007-2012,FALSE,INC,m50,-.8322442,2017,N,N
HUN,2007-2012,FALSE,INC,premium,-1.52871,2021,N,N
HUN,2007-2012,FALSE,INC,premium,-1.528682,2017,N,N
HUN,2007-2012,FALSE,INC,b40,-2.13404,2017,N,N
HUN,2007-2012,FALSE,INC,m50,-.8322409,2021,N,N
HUN,2007-2012,FALSE,INC,b40,-2.134073,2021,N,N
HUN,2007-2012,FALSE,INC,tot,-.6053628,2021,N,N
HUN,2007-2012,FALSE,INC,tot,-.6053585,2017,N,N
HUN,2009-2014,FALSE,INC,premium,-1.954566,2021,N,N
HUN,2009-2014,FALSE,INC,b40,-.3458216,2017,N,N
HUN,2009-2014,FALSE,INC,m50,.829625,2017,N,N
HUN,2009-2014,FALSE,INC,m50,.8296271,2021,N,N
HUN,2009-2014,FALSE,INC,b40,-.3459146,2021,N,N
HUN,2009-2014,FALSE,INC,tot,1.608652,2021,N,N
HUN,2009-2014,FALSE,INC,tot,1.608676,2017,N,N
HUN,2009-2014,FALSE,INC,premium,-1.954497,2017,N,N
HUN,2010-2015,FALSE,INC,premium,-.4377552,2021,N,N
HUN,2010-2015,FALSE,INC,m50,1.651743,2021,N,N
HUN,2010-2015,FALSE,INC,m50,1.651747,2017,N,N
HUN,2010-2015,FALSE,INC,b40,1.342899,2017,N,N
HUN,2010-2015,FALSE,INC,b40,1.342838,2021,N,N
HUN,2010-2015,FALSE,INC,tot,1.780593,2021,N,N
HUN,2010-2015,FALSE,INC,premium,-.4377065,2017,N,N
HUN,2010-2015,FALSE,INC,tot,1.780605,2017,N,N
HUN,2012-2017,FALSE,INC,b40,4.83902,2021,N,N
HUN,2012-2017,FALSE,INC,premium,.2328887,2017,N,N
HUN,2012-2017,FALSE,INC,b40,4.83901,2017,N,N
HUN,2012-2017,FALSE,INC,m50,4.849432,2021,N,N
HUN,2012-2017,FALSE,INC,premium,.2328963,2021,N,N
HUN,2012-2017,FALSE,INC,tot,4.606122,2017,N,N
HUN,2012-2017,FALSE,INC,tot,4.606123,2021,N,N
HUN,2012-2017,FALSE,INC,m50,4.849442,2017,N,N
IDN,2011-2014,FALSE,CONS,premium,-.8526895,2021,N,N
IDN,2011-2014,FALSE,CONS,tot,3.762518,2017,N,N
IDN,2011-2014,FALSE,CONS,b40,2.909824,2021,N,N
IDN,2011-2014,FALSE,CONS,b40,2.909826,2017,N,N
IDN,2011-2014,FALSE,CONS,m50,3.204041,2017,N,N
IDN,2011-2014,FALSE,CONS,m50,3.204038,2021,N,N
IDN,2011-2014,FALSE,CONS,premium,-.8526924,2017,N,N
IDN,2011-2014,FALSE,CONS,tot,3.762514,2021,N,N
IDN,2015-2019,FALSE,CONS,premium,1.03092,2021,N,N
IDN,2015-2019,FALSE,CONS,tot,4.676462,2017,N,N
IDN,2015-2017,FALSE,CONS,m50,10.50823,2017,N,N
IDN,2015-2017,FALSE,CONS,b40,9.238422,2017,N,N
IDN,2015-2017,FALSE,CONS,b40,6.729356,2021,N,N
IDN,2015-2017,FALSE,CONS,tot,6.096696,2021,N,N
IDN,2015-2019,FALSE,CONS,m50,5.978755,2017,N,N
IDN,2015-2019,FALSE,CONS,tot,4.67646,2021,N,N
IDN,2015-2017,FALSE,CONS,m50,7.969988,2021,N,N
IDN,2015-2019,FALSE,CONS,m50,5.978755,2021,N,N
IDN,2015-2019,FALSE,CONS,b40,5.707379,2017,N,N
IDN,2015-2017,FALSE,CONS,premium,.6326599,2021,N,N
IDN,2015-2019,FALSE,CONS,premium,1.030918,2017,N,N
IDN,2015-2019,FALSE,CONS,b40,5.70738,2021,N,N
IDN,2015-2017,FALSE,CONS,premium,.6475325,2017,N,N
IDN,2015-2017,FALSE,CONS,tot,8.59089,2017,N,N
IDN,2017-2022,FALSE,CONS,b40,3.340962,2021,N,N
IDN,2017-2022,FALSE,CONS,m50,1.49416,2017,N,N
IDN,2017-2022,FALSE,CONS,m50,2.441909,2021,N,N
IDN,2017-2022,FALSE,CONS,tot,1.421041,2017,N,N
IDN,2017-2022,FALSE,CONS,premium,.9638507,2017,N,N
IDN,2017-2022,FALSE,CONS,b40,2.384892,2017,N,N
IDN,2017-2022,FALSE,CONS,tot,2.368106,2021,N,N
IDN,2017-2022,FALSE,CONS,premium,.9728558,2021,N,N
IDN,2018-2023,FALSE,CONS,tot,1.896651,2017,N,N
IDN,2018-2023,FALSE,CONS,b40,2.776801,2017,N,N
IDN,2018-2023,FALSE,CONS,b40,2.776806,2021,N,N
IDN,2018-2023,FALSE,CONS,tot,1.89665,2021,N,N
IDN,2018-2023,FALSE,CONS,m50,1.659632,2017,N,N
IDN,2018-2023,FALSE,CONS,premium,.8801557,2021,N,N
IDN,2018-2023,FALSE,CONS,premium,.88015,2017,N,N
IDN,2018-2023,FALSE,CONS,m50,1.659631,2021,N,N
IDN,2019-2024,FALSE,CONS,b40,2.715741,2021,N,N
IDN,2019-2024,FALSE,CONS,tot,1.865428,2021,N,N
IDN,2019-2024,FALSE,CONS,m50,1.682158,2017,N,N
IDN,2019-2024,FALSE,CONS,m50,1.682157,2021,N,N
IDN,2019-2024,FALSE,CONS,tot,1.865428,2017,N,N
IDN,2019-2024,FALSE,CONS,premium,.8503128,2021,N,N
IDN,2019-2024,FALSE,CONS,premium,.8503149,2017,N,N
IDN,2019-2024,FALSE,CONS,b40,2.715743,2017,N,N
IRL,2007-2012,FALSE,INC,tot,-3.042702,2017,N,N
IRL,2007-2012,FALSE,INC,b40,-3.920367,2017,N,N
IRL,2007-2012,FALSE,INC,m50,-2.816322,2021,N,N
IRL,2007-2012,FALSE,INC,premium,-.8776648,2017,N,N
IRL,2007-2012,FALSE,INC,premium,-.8776739,2021,N,N
IRL,2007-2012,FALSE,INC,m50,-2.816321,2017,N,N
IRL,2007-2012,FALSE,INC,tot,-3.042708,2021,N,N
IRL,2007-2012,FALSE,INC,b40,-3.920382,2021,N,N
IRL,2009-2014,FALSE,INC,premium,.3878641,2017,N,N
IRL,2009-2014,FALSE,INC,b40,.1213956,2021,N,N
IRL,2009-2014,FALSE,INC,m50,-.3690453,2021,N,N
IRL,2009-2014,FALSE,INC,b40,.121388,2017,N,N
IRL,2009-2014,FALSE,INC,tot,-.2664761,2017,N,N
IRL,2009-2014,FALSE,INC,premium,.3878718,2021,N,N
IRL,2009-2014,FALSE,INC,m50,-.369047,2017,N,N
IRL,2009-2014,FALSE,INC,tot,-.2664762,2021,N,N
IRL,2010-2015,FALSE,INC,tot,1.153939,2021,N,N
IRL,2010-2015,FALSE,INC,premium,.5456175,2017,N,N
IRL,2010-2015,FALSE,INC,tot,1.153938,2017,N,N
IRL,2010-2015,FALSE,INC,m50,1.127095,2021,N,N
IRL,2010-2015,FALSE,INC,b40,1.699573,2021,N,N
IRL,2010-2015,FALSE,INC,premium,.5456339,2021,N,N
IRL,2010-2015,FALSE,INC,m50,1.127094,2017,N,N
IRL,2010-2015,FALSE,INC,b40,1.699555,2017,N,N
IRL,2011-2016,FALSE,INC,premium,.3789411,2021,N,N
IRL,2011-2016,FALSE,INC,tot,3.05579,2017,N,N
IRL,2011-2016,FALSE,INC,m50,2.429121,2021,N,N
IRL,2011-2016,FALSE,INC,premium,.3789151,2017,N,N
IRL,2011-2016,FALSE,INC,tot,3.0558,2021,N,N
IRL,2011-2016,FALSE,INC,b40,3.434741,2021,N,N
IRL,2011-2016,FALSE,INC,m50,2.429121,2017,N,N
IRL,2011-2016,FALSE,INC,b40,3.434705,2017,N,N
IRL,2012-2017,FALSE,INC,b40,5.513897,2017,N,N
IRL,2012-2017,FALSE,INC,tot,4.154246,2017,N,N
IRL,2012-2017,FALSE,INC,m50,4.191632,2021,N,N
IRL,2012-2017,FALSE,INC,b40,5.513898,2021,N,N
IRL,2012-2017,FALSE,INC,m50,4.191634,2017,N,N
IRL,2012-2017,FALSE,INC,premium,1.359654,2021,N,N
IRL,2012-2017,FALSE,INC,tot,4.154244,2021,N,N
IRL,2012-2017,FALSE,INC,premium,1.359652,2017,N,N
IRL,2013-2018,FALSE,INC,m50,4.604593,2021,N,N
IRL,2013-2018,FALSE,INC,premium,2.0423,2021,N,N
IRL,2013-2018,FALSE,INC,b40,6.737431,2021,N,N
IRL,2013-2018,FALSE,INC,b40,6.737365,2017,N,N
IRL,2013-2018,FALSE,INC,m50,4.604593,2017,N,N
IRL,2013-2018,FALSE,INC,premium,2.042244,2017,N,N
IRL,2013-2018,FALSE,INC,tot,4.695131,2021,N,N
IRL,2013-2018,FALSE,INC,tot,4.695121,2017,N,N
IRL,2015-2020,FALSE,INC,b40,5.926228,2017,N,N
IRL,2015-2020,FALSE,INC,m50,4.631629,2017,N,N
IRL,2015-2020,FALSE,INC,tot,4.519521,2021,N,N
IRL,2015-2020,FALSE,INC,m50,4.631629,2021,N,N
IRL,2015-2020,FALSE,INC,premium,1.406721,2021,N,N
IRL,2015-2020,FALSE,INC,tot,4.519518,2017,N,N
IRL,2015-2020,FALSE,INC,premium,1.40671,2017,N,N
IRL,2015-2020,FALSE,INC,b40,5.926242,2021,N,N
IRL,2016-2021,FALSE,INC,m50,4.734651,2021,N,N
IRL,2016-2021,FALSE,INC,b40,5.258131,2017,N,N
IRL,2016-2021,FALSE,INC,premium,1.690128,2017,N,N
IRL,2016-2021,FALSE,INC,premium,1.690126,2021,N,N
IRL,2016-2021,FALSE,INC,m50,4.734652,2017,N,N
IRL,2016-2021,FALSE,INC,tot,3.568005,2021,N,N
IRL,2016-2021,FALSE,INC,b40,5.258132,2021,N,N
IRL,2016-2021,FALSE,INC,tot,3.568002,2017,N,N
IRL,2017-2022,FALSE,INC,m50,2.24314,2017,N,N
IRL,2017-2022,FALSE,INC,premium,.7159826,2021,N,N
IRL,2017-2022,FALSE,INC,b40,2.632859,2021,N,N
IRL,2017-2022,FALSE,INC,tot,1.916876,2021,N,N
IRL,2017-2022,FALSE,INC,b40,2.632857,2017,N,N
IRL,2017-2022,FALSE,INC,tot,1.916875,2017,N,N
IRL,2017-2022,FALSE,INC,m50,2.243142,2021,N,N
IRL,2017-2022,FALSE,INC,premium,.7159816,2017,N,N
IRN,2009-2013,FALSE,CONS,m50,-2.852846,2017,N,N
IRN,2009-2013,FALSE,CONS,premium,6.40776,2017,N,N
IRN,2009-2014,FALSE,CONS,b40,-.137561,2017,N,N
IRN,2009-2013,FALSE,CONS,tot,-5.164397,2021,N,N
IRN,2009-2014,FALSE,CONS,tot,-4.753927,2017,N,N
IRN,2009-2013,FALSE,CONS,b40,1.243377,2017,N,N
IRN,2009-2014,FALSE,CONS,b40,-.1375528,2021,N,N
IRN,2009-2013,FALSE,CONS,m50,-2.852849,2021,N,N
IRN,2009-2014,FALSE,CONS,m50,-2.966244,2021,N,N
IRN,2009-2014,FALSE,CONS,tot,-4.753936,2021,N,N
IRN,2009-2013,FALSE,CONS,tot,-5.164382,2017,N,N
IRN,2009-2014,FALSE,CONS,premium,4.616383,2021,N,N
IRN,2009-2013,FALSE,CONS,b40,1.243389,2021,N,N
IRN,2009-2013,FALSE,CONS,premium,6.407786,2021,N,N
IRN,2009-2014,FALSE,CONS,premium,4.616366,2017,N,N
IRN,2009-2014,FALSE,CONS,m50,-2.966235,2017,N,N
IRN,2013-2016,FALSE,CONS,premium,-1.604964,2017,N,N
IRN,2013-2018,FALSE,CONS,tot,.4948999,2017,N,N
IRN,2013-2016,FALSE,CONS,tot,.0501418,2017,N,N
IRN,2013-2016,FALSE,CONS,b40,-1.554822,2017,N,N
IRN,2013-2018,FALSE,CONS,m50,-.4833333,2021,N,N
IRN,2013-2016,FALSE,CONS,m50,-.8035379,2017,N,N
IRN,2013-2018,FALSE,CONS,b40,-1.288643,2017,N,N
IRN,2013-2016,FALSE,CONS,premium,-1.604981,2021,N,N
IRN,2013-2018,FALSE,CONS,premium,-1.783543,2017,N,N
IRN,2013-2018,FALSE,CONS,m50,-.4833379,2017,N,N
IRN,2013-2016,FALSE,CONS,b40,-1.554833,2021,N,N
IRN,2013-2018,FALSE,CONS,premium,-1.783555,2021,N,N
IRN,2013-2016,FALSE,CONS,m50,-.8035461,2021,N,N
IRN,2013-2018,FALSE,CONS,tot,.4949027,2021,N,N
IRN,2013-2016,FALSE,CONS,tot,.050148,2021,N,N
IRN,2013-2018,FALSE,CONS,b40,-1.288652,2021,N,N
IRN,2014-2019,FALSE,CONS,premium,-.9161451,2017,N,N
IRN,2014-2019,FALSE,CONS,b40,-1.919311,2021,N,N
IRN,2014-2017,FALSE,CONS,b40,1.44277,2021,N,N
IRN,2014-2017,FALSE,CONS,b40,1.442777,2017,N,N
IRN,2014-2019,FALSE,CONS,m50,-1.373285,2021,N,N
IRN,2014-2019,FALSE,CONS,m50,-1.373291,2017,N,N
IRN,2014-2019,FALSE,CONS,b40,-1.919311,2017,N,N
IRN,2014-2019,FALSE,CONS,premium,-.9161515,2021,N,N
IRN,2014-2017,FALSE,CONS,m50,2.058946,2017,N,N
IRN,2014-2017,FALSE,CONS,premium,-1.775101,2021,N,N
IRN,2014-2017,FALSE,CONS,m50,2.058959,2021,N,N
IRN,2014-2017,FALSE,CONS,premium,-1.775094,2017,N,N
IRN,2014-2017,FALSE,CONS,tot,3.217871,2021,N,N
IRN,2014-2019,FALSE,CONS,tot,-1.003166,2017,N,N
IRN,2014-2019,FALSE,CONS,tot,-1.003159,2021,N,N
IRN,2014-2017,FALSE,CONS,tot,3.217871,2017,N,N
IRN,2017-2022,FALSE,CONS,b40,-.1193188,2021,N,N
IRN,2017-2022,FALSE,CONS,m50,-.1759834,2017,N,N
IRN,2017-2022,FALSE,CONS,b40,-.1193152,2017,N,N
IRN,2017-2022,FALSE,CONS,premium,.8585706,2017,N,N
IRN,2017-2022,FALSE,CONS,m50,-.1759869,2021,N,N
IRN,2017-2022,FALSE,CONS,tot,-.9778858,2017,N,N
IRN,2017-2022,FALSE,CONS,tot,-.9778911,2021,N,N
IRN,2017-2022,FALSE,CONS,premium,.8585723,2021,N,N
IRN,2018-2023,FALSE,CONS,b40,1.72484,2017,N,N
IRN,2018-2023,FALSE,CONS,tot,.8995486,2017,N,N
IRN,2018-2023,FALSE,CONS,b40,1.724843,2021,N,N
IRN,2018-2023,FALSE,CONS,premium,.8252911,2017,N,N
IRN,2018-2023,FALSE,CONS,premium,.8252893,2021,N,N
IRN,2018-2023,FALSE,CONS,m50,1.626125,2017,N,N
IRN,2018-2023,FALSE,CONS,m50,1.62611,2021,N,N
IRN,2018-2023,FALSE,CONS,tot,.8995532,2021,N,N
IRQ,2006-2012,FALSE,CONS,tot,1.111049,2021,N,N
IRQ,2006-2012,FALSE,CONS,tot,1.111054,2017,N,N
IRQ,2006-2012,FALSE,CONS,premium,-.6529257,2017,N,N
IRQ,2006-2012,FALSE,CONS,m50,1.061796,2017,N,N
IRQ,2006-2012,FALSE,CONS,premium,-.6529194,2021,N,N
IRQ,2006-2012,FALSE,CONS,m50,1.061801,2021,N,N
IRQ,2006-2012,FALSE,CONS,b40,.4581293,2021,N,N
IRQ,2006-2012,FALSE,CONS,b40,.4581285,2017,N,N
ISL,2007-2012,FALSE,INC,tot,-4.551589,2021,N,N
ISL,2007-2012,FALSE,INC,m50,-3.491431,2017,N,N
ISL,2007-2012,FALSE,INC,tot,-4.551591,2017,N,N
ISL,2007-2012,FALSE,INC,premium,.7370853,2021,N,N
ISL,2007-2012,FALSE,INC,b40,-3.814504,2021,N,N
ISL,2007-2012,FALSE,INC,m50,-3.491429,2021,N,N
ISL,2007-2012,FALSE,INC,premium,.7370813,2017,N,N
ISL,2007-2012,FALSE,INC,b40,-3.81451,2017,N,N
ISL,2009-2014,FALSE,INC,premium,.3387042,2021,N,N
ISL,2009-2014,FALSE,INC,premium,.3386973,2017,N,N
ISL,2009-2014,FALSE,INC,b40,-.1376518,2021,N,N
ISL,2009-2014,FALSE,INC,m50,-.1677903,2021,N,N
ISL,2009-2014,FALSE,INC,b40,-.1376651,2017,N,N
ISL,2009-2014,FALSE,INC,tot,-.4763624,2017,N,N
ISL,2009-2014,FALSE,INC,tot,-.4763561,2021,N,N
ISL,2009-2014,FALSE,INC,m50,-.167789,2017,N,N
ISL,2010-2015,FALSE,INC,tot,3.267568,2021,N,N
ISL,2010-2015,FALSE,INC,premium,-.2585561,2017,N,N
ISL,2010-2015,FALSE,INC,b40,3.009004,2017,N,N
ISL,2010-2015,FALSE,INC,premium,-.2585335,2021,N,N
ISL,2010-2015,FALSE,INC,tot,3.26756,2017,N,N
ISL,2010-2015,FALSE,INC,b40,3.009035,2021,N,N
ISL,2010-2015,FALSE,INC,m50,2.929886,2017,N,N
ISL,2010-2015,FALSE,INC,m50,2.929889,2021,N,N
ISL,2012-2017,FALSE,INC,b40,5.625031,2017,N,N
ISL,2012-2017,FALSE,INC,b40,5.625036,2021,N,N
ISL,2012-2017,FALSE,INC,m50,5.497439,2021,N,N
ISL,2012-2017,FALSE,INC,tot,5.262751,2021,N,N
ISL,2012-2017,FALSE,INC,premium,.3622856,2021,N,N
ISL,2012-2017,FALSE,INC,m50,5.497439,2017,N,N
ISL,2012-2017,FALSE,INC,premium,.3622789,2017,N,N
ISL,2012-2017,FALSE,INC,tot,5.262752,2017,N,N
ISR,2010-2016,FALSE,INC,m50,3.541703,2017,N,N
ISR,2010-2016,FALSE,INC,b40,4.192273,2017,N,N
ISR,2010-2016,FALSE,INC,tot,2.553902,2021,N,N
ISR,2010-2016,FALSE,INC,premium,1.638376,2017,N,N
ISR,2010-2016,FALSE,INC,premium,1.638376,2021,N,N
ISR,2010-2016,FALSE,INC,m50,3.541702,2021,N,N
ISR,2010-2016,FALSE,INC,b40,4.192277,2021,N,N
ISR,2010-2016,FALSE,INC,tot,2.553897,2017,N,N
ISR,2012-2016,FALSE,INC,tot,2.560208,2017,N,N
ISR,2012-2016,FALSE,INC,m50,3.509202,2017,N,N
ISR,2012-2016,FALSE,INC,b40,4.350223,2021,N,N
ISR,2012-2016,FALSE,INC,premium,1.790008,2021,N,N
ISR,2012-2016,FALSE,INC,premium,1.790022,2017,N,N
ISR,2012-2016,FALSE,INC,b40,4.350231,2017,N,N
ISR,2012-2016,FALSE,INC,tot,2.560215,2021,N,N
ISR,2012-2016,FALSE,INC,m50,3.509198,2021,N,N
ISR,2013-2018,FALSE,INC,premium,.6532941,2017,N,N
ISR,2013-2018,FALSE,INC,b40,3.559821,2017,N,N
ISR,2013-2018,FALSE,INC,m50,3.508646,2021,N,N
ISR,2013-2018,FALSE,INC,m50,3.508649,2017,N,N
ISR,2013-2018,FALSE,INC,premium,.6532922,2021,N,N
ISR,2013-2018,FALSE,INC,tot,2.906527,2017,N,N
ISR,2013-2018,FALSE,INC,b40,3.559816,2021,N,N
ISR,2013-2018,FALSE,INC,tot,2.906524,2021,N,N
ISR,2016-2021,FALSE,INC,m50,1.233995,2021,N,N
ISR,2016-2021,FALSE,INC,b40,1.836531,2017,N,N
ISR,2016-2021,FALSE,INC,premium,.8148078,2017,N,N
ISR,2016-2021,FALSE,INC,tot,1.021719,2021,N,N
ISR,2016-2021,FALSE,INC,b40,1.836526,2021,N,N
ISR,2016-2021,FALSE,INC,m50,1.233994,2017,N,N
ISR,2016-2021,FALSE,INC,premium,.8148067,2021,N,N
ISR,2016-2021,FALSE,INC,tot,1.021723,2017,N,N
ITA,2007-2012,FALSE,INC,premium,-1.15506,2021,N,N
ITA,2007-2012,FALSE,INC,b40,-2.804502,2017,N,N
ITA,2007-2012,FALSE,INC,b40,-2.804702,2021,N,N
ITA,2007-2012,FALSE,INC,tot,-1.64961,2017,N,N
ITA,2007-2012,FALSE,INC,m50,-2.058027,2021,N,N
ITA,2007-2012,FALSE,INC,tot,-1.649642,2021,N,N
ITA,2007-2012,FALSE,INC,premium,-1.154893,2017,N,N
ITA,2007-2012,FALSE,INC,m50,-2.058028,2017,N,N
ITA,2009-2014,FALSE,INC,premium,-.6547827,2021,N,N
ITA,2009-2014,FALSE,INC,premium,-.6545607,2017,N,N
ITA,2009-2014,FALSE,INC,m50,-1.799114,2017,N,N
ITA,2009-2014,FALSE,INC,b40,-2.540762,2017,N,N
ITA,2009-2014,FALSE,INC,b40,-2.541029,2021,N,N
ITA,2009-2014,FALSE,INC,tot,-1.886246,2021,N,N
ITA,2009-2014,FALSE,INC,m50,-1.799117,2021,N,N
ITA,2009-2014,FALSE,INC,tot,-1.886201,2017,N,N
ITA,2010-2015,FALSE,INC,tot,-1.03906,2017,N,N
ITA,2010-2015,FALSE,INC,tot,-1.039124,2021,N,N
ITA,2010-2015,FALSE,INC,m50,-.7883279,2021,N,N
ITA,2010-2015,FALSE,INC,premium,-.9154513,2017,N,N
ITA,2010-2015,FALSE,INC,m50,-.7883287,2017,N,N
ITA,2010-2015,FALSE,INC,b40,-1.954512,2017,N,N
ITA,2010-2015,FALSE,INC,premium,-.9157578,2021,N,N
ITA,2010-2015,FALSE,INC,b40,-1.954882,2021,N,N
ITA,2012-2017,FALSE,INC,b40,.3325804,2021,N,N
ITA,2012-2017,FALSE,INC,tot,1.003534,2017,N,N
ITA,2012-2017,FALSE,INC,tot,1.003486,2021,N,N
ITA,2012-2017,FALSE,INC,m50,1.072418,2017,N,N
ITA,2012-2017,FALSE,INC,premium,-.6706932,2017,N,N
ITA,2012-2017,FALSE,INC,b40,.3328405,2017,N,N
ITA,2012-2017,FALSE,INC,premium,-.6709054,2021,N,N
ITA,2012-2017,FALSE,INC,m50,1.072414,2021,N,N
ITA,2013-2018,FALSE,INC,premium,-.3041034,2017,N,N
ITA,2013-2018,FALSE,INC,premium,-.3040601,2021,N,N
ITA,2013-2018,FALSE,INC,m50,1.27977,2021,N,N
ITA,2013-2018,FALSE,INC,tot,1.320853,2021,N,N
ITA,2013-2018,FALSE,INC,b40,1.016793,2021,N,N
ITA,2013-2018,FALSE,INC,m50,1.27977,2017,N,N
ITA,2013-2018,FALSE,INC,b40,1.016738,2017,N,N
ITA,2013-2018,FALSE,INC,tot,1.320841,2017,N,N
ITA,2015-2020,FALSE,INC,m50,1.179536,2021,N,N
ITA,2015-2020,FALSE,INC,b40,2.013132,2017,N,N
ITA,2015-2020,FALSE,INC,m50,1.17954,2017,N,N
ITA,2015-2020,FALSE,INC,b40,2.013637,2021,N,N
ITA,2015-2020,FALSE,INC,tot,1.616117,2017,N,N
ITA,2015-2020,FALSE,INC,premium,.3970155,2017,N,N
ITA,2015-2020,FALSE,INC,tot,1.616205,2021,N,N
ITA,2015-2020,FALSE,INC,premium,.3974321,2021,N,N
ITA,2016-2021,FALSE,INC,b40,2.375998,2021,N,N
ITA,2016-2021,FALSE,INC,premium,.5137728,2017,N,N
ITA,2016-2021,FALSE,INC,b40,2.375502,2017,N,N
ITA,2016-2021,FALSE,INC,m50,1.473899,2017,N,N
ITA,2016-2021,FALSE,INC,premium,.5141838,2021,N,N
ITA,2016-2021,FALSE,INC,m50,1.473906,2021,N,N
ITA,2016-2021,FALSE,INC,tot,1.861814,2021,N,N
ITA,2016-2021,FALSE,INC,tot,1.861729,2017,N,N
ITA,2017-2022,FALSE,INC,b40,2.555226,2021,N,N
ITA,2017-2022,FALSE,INC,tot,1.224926,2017,N,N
ITA,2017-2022,FALSE,INC,b40,2.554792,2017,N,N
ITA,2017-2022,FALSE,INC,premium,1.330223,2021,N,N
ITA,2017-2022,FALSE,INC,m50,1.464095,2021,N,N
ITA,2017-2022,FALSE,INC,premium,1.329866,2017,N,N
ITA,2017-2022,FALSE,INC,tot,1.225003,2021,N,N
ITA,2017-2022,FALSE,INC,m50,1.464092,2017,N,N
JAM,2018-2021,FALSE,CONS,b40,-3.199427,2021,N,N
JAM,2018-2021,FALSE,CONS,b40,-3.199426,2017,N,N
JAM,2018-2021,FALSE,CONS,tot,2.271421,2021,N,N
JAM,2018-2021,FALSE,CONS,m50,.5947431,2021,N,N
JAM,2018-2021,FALSE,CONS,m50,.5947232,2017,N,N
JAM,2018-2021,FALSE,CONS,tot,2.271437,2017,N,N
JAM,2018-2021,FALSE,CONS,premium,-5.470849,2021,N,N
JAM,2018-2021,FALSE,CONS,premium,-5.470862,2017,N,N
JOR,2008-2010,FALSE,CONS,m50,5.115337,2017,N,N
JOR,2008-2010,FALSE,CONS,b40,4.563437,2021,N,N
JOR,2008-2010,FALSE,CONS,tot,5.770057,2017,N,N
JOR,2008-2010,FALSE,CONS,premium,-1.206618,2017,N,N
JOR,2008-2010,FALSE,CONS,premium,-1.206657,2021,N,N
JOR,2008-2010,FALSE,CONS,m50,5.115304,2021,N,N
JOR,2008-2010,FALSE,CONS,b40,4.563439,2017,N,N
JOR,2008-2010,FALSE,CONS,tot,5.770095,2021,N,N
JPN,2015-2020,FALSE,INC,tot,.3566041,2017,N,N
JPN,2015-2020,FALSE,INC,tot,.3566045,2021,N,N
JPN,2015-2020,FALSE,INC,b40,-.7146188,2017,N,N
JPN,2015-2020,FALSE,INC,premium,-1.071223,2017,N,N
JPN,2015-2020,FALSE,INC,m50,.4428281,2017,N,N
JPN,2015-2020,FALSE,INC,b40,-.7146189,2021,N,N
JPN,2015-2020,FALSE,INC,premium,-1.071223,2021,N,N
JPN,2015-2020,FALSE,INC,m50,.4428304,2021,N,N
KAZ,2006-2010,FALSE,CONS,tot,4.859417,2021,N,N
KAZ,2006-2010,FALSE,CONS,tot,4.859411,2017,N,N
KAZ,2006-2010,FALSE,CONS,b40,6.028023,2021,N,N
KAZ,2006-2010,FALSE,CONS,m50,5.544863,2021,N,N
KAZ,2006-2010,FALSE,CONS,m50,5.544863,2017,N,N
KAZ,2006-2010,FALSE,CONS,premium,1.168605,2021,N,N
KAZ,2006-2010,FALSE,CONS,b40,6.028026,2017,N,N
KAZ,2006-2010,FALSE,CONS,premium,1.168615,2017,N,N
KAZ,2008-2013,FALSE,CONS,tot,5.806606,2021,N,N
KAZ,2008-2013,FALSE,CONS,m50,6.310934,2021,N,N
KAZ,2008-2013,FALSE,CONS,tot,5.806604,2017,N,N
KAZ,2008-2013,FALSE,CONS,premium,.5491915,2021,N,N
KAZ,2008-2013,FALSE,CONS,b40,6.355798,2021,N,N
KAZ,2008-2013,FALSE,CONS,premium,.5491953,2017,N,N
KAZ,2008-2013,FALSE,CONS,b40,6.355799,2017,N,N
KAZ,2008-2013,FALSE,CONS,m50,6.310918,2017,N,N
KAZ,2009-2013,FALSE,CONS,premium,.7001705,2017,N,N
KAZ,2009-2013,FALSE,CONS,tot,7.664182,2017,N,N
KAZ,2009-2013,FALSE,CONS,premium,.7001824,2021,N,N
KAZ,2009-2013,FALSE,CONS,b40,8.364352,2017,N,N
KAZ,2009-2013,FALSE,CONS,m50,7.951691,2017,N,N
KAZ,2009-2013,FALSE,CONS,b40,8.364353,2021,N,N
KAZ,2009-2013,FALSE,CONS,m50,7.95171,2021,N,N
KAZ,2009-2013,FALSE,CONS,tot,7.664171,2021,N,N
KAZ,2010-2015,FALSE,CONS,tot,3.307883,2021,N,N
KAZ,2010-2015,FALSE,CONS,m50,3.526522,2021,N,N
KAZ,2010-2015,FALSE,CONS,m50,3.526525,2017,N,N
KAZ,2010-2015,FALSE,CONS,premium,.6150849,2021,N,N
KAZ,2010-2015,FALSE,CONS,b40,3.922967,2021,N,N
KAZ,2010-2015,FALSE,CONS,premium,.6150856,2017,N,N
KAZ,2010-2015,FALSE,CONS,tot,3.307881,2017,N,N
KAZ,2010-2015,FALSE,CONS,b40,3.922966,2017,N,N
KAZ,2012-2017,FALSE,CONS,premium,.5487392,2021,N,N
KAZ,2012-2017,FALSE,CONS,tot,-.5646168,2017,N,N
KAZ,2012-2017,FALSE,CONS,premium,.5487259,2017,N,N
KAZ,2012-2017,FALSE,CONS,b40,-.0158923,2021,N,N
KAZ,2012-2017,FALSE,CONS,m50,-.6666008,2021,N,N
KAZ,2012-2017,FALSE,CONS,m50,-.6665883,2017,N,N
KAZ,2012-2017,FALSE,CONS,tot,-.5646315,2021,N,N
KAZ,2012-2017,FALSE,CONS,b40,-.0158909,2017,N,N
KAZ,2013-2018,FALSE,CONS,m50,-.7829053,2017,N,N
KAZ,2013-2018,FALSE,CONS,b40,-.3228428,2017,N,N
KAZ,2013-2018,FALSE,CONS,premium,-.0680313,2017,N,N
KAZ,2013-2018,FALSE,CONS,b40,-.3228436,2021,N,N
KAZ,2013-2018,FALSE,CONS,tot,-.2548115,2017,N,N
KAZ,2013-2018,FALSE,CONS,m50,-.7829131,2021,N,N
KAZ,2013-2018,FALSE,CONS,tot,-.2548137,2021,N,N
KAZ,2013-2018,FALSE,CONS,premium,-.0680299,2021,N,N
KAZ,2016-2021,FALSE,CONS,tot,4.180332,2017,N,N
KAZ,2016-2021,FALSE,CONS,b40,3.679956,2017,N,N
KAZ,2016-2021,FALSE,CONS,premium,-.5003772,2021,N,N
KAZ,2016-2021,FALSE,CONS,m50,3.040595,2017,N,N
KAZ,2016-2021,FALSE,CONS,tot,4.180334,2021,N,N
KAZ,2016-2021,FALSE,CONS,premium,-.5003755,2017,N,N
KAZ,2016-2021,FALSE,CONS,m50,3.040601,2021,N,N
KAZ,2016-2021,FALSE,CONS,b40,3.679956,2021,N,N
KEN,2015-2021,FALSE,CONS,tot,-3.090394,2021,N,N
KEN,2015-2021,FALSE,CONS,m50,-3.145556,2021,N,N
KEN,2015-2020,FALSE,CONS,tot,-4.333636,2021,N,N
KEN,2015-2021,FALSE,CONS,m50,-3.146284,2017,N,N
KEN,2015-2020,FALSE,CONS,premium,2.935345,2017,N,N
KEN,2015-2020,FALSE,CONS,tot,-4.334713,2017,N,N
KEN,2015-2021,FALSE,CONS,b40,-1.185085,2017,N,N
KEN,2015-2021,FALSE,CONS,tot,-3.091103,2017,N,N
KEN,2015-2021,FALSE,CONS,premium,1.906019,2017,N,N
KEN,2015-2020,FALSE,CONS,m50,-3.253408,2021,N,N
KEN,2015-2021,FALSE,CONS,b40,-1.184414,2021,N,N
KEN,2015-2020,FALSE,CONS,m50,-3.254307,2017,N,N
KEN,2015-2020,FALSE,CONS,b40,-1.397278,2021,N,N
KEN,2015-2020,FALSE,CONS,premium,2.936358,2021,N,N
KEN,2015-2021,FALSE,CONS,premium,1.90598,2021,N,N
KEN,2015-2020,FALSE,CONS,b40,-1.399368,2017,N,N
KGZ,2006-2011,FALSE,CONS,b40,5.679839,2017,N,N
KGZ,2006-2011,FALSE,CONS,m50,3.495917,2017,N,N
KGZ,2006-2011,FALSE,CONS,tot,.6897429,2021,N,N
KGZ,2006-2011,FALSE,CONS,premium,4.990103,2021,N,N
KGZ,2006-2011,FALSE,CONS,premium,4.990097,2017,N,N
KGZ,2006-2011,FALSE,CONS,tot,.6897421,2017,N,N
KGZ,2006-2011,FALSE,CONS,m50,3.495919,2021,N,N
KGZ,2006-2011,FALSE,CONS,b40,5.679846,2021,N,N
KGZ,2008-2012,FALSE,CONS,tot,-1.627115,2017,N,N
KGZ,2008-2012,FALSE,CONS,m50,-.9858745,2021,N,N
KGZ,2008-2012,FALSE,CONS,premium,2.796381,2021,N,N
KGZ,2008-2012,FALSE,CONS,premium,2.796356,2017,N,N
KGZ,2008-2012,FALSE,CONS,m50,-.9858759,2017,N,N
KGZ,2008-2012,FALSE,CONS,tot,-1.627105,2021,N,N
KGZ,2008-2012,FALSE,CONS,b40,1.169277,2021,N,N
KGZ,2008-2012,FALSE,CONS,b40,1.169241,2017,N,N
KGZ,2009-2014,FALSE,CONS,m50,-.5896086,2017,N,N
KGZ,2009-2014,FALSE,CONS,premium,1.494207,2017,N,N
KGZ,2009-2014,FALSE,CONS,premium,1.494185,2021,N,N
KGZ,2009-2014,FALSE,CONS,tot,-1.128091,2021,N,N
KGZ,2009-2014,FALSE,CONS,b40,.3660932,2021,N,N
KGZ,2009-2014,FALSE,CONS,tot,-1.128084,2017,N,N
KGZ,2009-2014,FALSE,CONS,b40,.3661234,2017,N,N
KGZ,2009-2014,FALSE,CONS,m50,-.5896118,2021,N,N
KGZ,2010-2015,FALSE,CONS,b40,.3893271,2021,N,N
KGZ,2010-2015,FALSE,CONS,b40,.3893519,2017,N,N
KGZ,2010-2015,FALSE,CONS,premium,.8848698,2017,N,N
KGZ,2010-2015,FALSE,CONS,tot,-.4955242,2021,N,N
KGZ,2010-2015,FALSE,CONS,m50,-.6707132,2017,N,N
KGZ,2010-2015,FALSE,CONS,premium,.8848513,2021,N,N
KGZ,2010-2015,FALSE,CONS,m50,-.6707132,2021,N,N
KGZ,2010-2015,FALSE,CONS,tot,-.4955179,2017,N,N
KGZ,2011-2016,FALSE,CONS,b40,.578222,2017,N,N
KGZ,2011-2016,FALSE,CONS,tot,-.0455079,2021,N,N
KGZ,2011-2016,FALSE,CONS,m50,-.1198642,2017,N,N
KGZ,2011-2016,FALSE,CONS,premium,.6237302,2021,N,N
KGZ,2011-2016,FALSE,CONS,premium,.6237271,2017,N,N
KGZ,2011-2016,FALSE,CONS,tot,-.045505,2017,N,N
KGZ,2011-2016,FALSE,CONS,b40,.5782223,2021,N,N
KGZ,2011-2016,FALSE,CONS,m50,-.1198656,2021,N,N
KGZ,2012-2017,FALSE,CONS,tot,.7941281,2021,N,N
KGZ,2012-2017,FALSE,CONS,m50,.5202475,2017,N,N
KGZ,2012-2017,FALSE,CONS,premium,.0647073,2017,N,N
KGZ,2012-2017,FALSE,CONS,b40,.8588114,2021,N,N
KGZ,2012-2017,FALSE,CONS,b40,.8588415,2017,N,N
KGZ,2012-2017,FALSE,CONS,m50,.5202445,2021,N,N
KGZ,2012-2017,FALSE,CONS,premium,.0646833,2021,N,N
KGZ,2012-2017,FALSE,CONS,tot,.7941343,2017,N,N
KGZ,2013-2018,FALSE,CONS,b40,3.153154,2021,N,N
KGZ,2013-2018,FALSE,CONS,m50,2.523468,2017,N,N
KGZ,2013-2018,FALSE,CONS,premium,.7140462,2017,N,N
KGZ,2013-2018,FALSE,CONS,m50,2.523468,2021,N,N
KGZ,2013-2018,FALSE,CONS,premium,.7140341,2021,N,N
KGZ,2013-2018,FALSE,CONS,b40,3.153169,2017,N,N
KGZ,2013-2018,FALSE,CONS,tot,2.43912,2021,N,N
KGZ,2013-2018,FALSE,CONS,tot,2.439123,2017,N,N
KGZ,2014-2019,FALSE,CONS,m50,1.955207,2021,N,N
KGZ,2014-2019,FALSE,CONS,b40,1.796605,2017,N,N
KGZ,2014-2019,FALSE,CONS,m50,1.955203,2017,N,N
KGZ,2014-2019,FALSE,CONS,b40,1.796638,2021,N,N
KGZ,2014-2019,FALSE,CONS,tot,2.719093,2021,N,N
KGZ,2014-2019,FALSE,CONS,premium,-.9224771,2017,N,N
KGZ,2014-2019,FALSE,CONS,tot,2.719082,2017,N,N
KGZ,2014-2019,FALSE,CONS,premium,-.9224546,2021,N,N
KGZ,2015-2020,FALSE,CONS,tot,1.13528,2021,N,N
KGZ,2015-2020,FALSE,CONS,b40,.7640724,2017,N,N
KGZ,2015-2020,FALSE,CONS,premium,-.371208,2017,N,N
KGZ,2015-2020,FALSE,CONS,b40,.7640681,2021,N,N
KGZ,2015-2020,FALSE,CONS,m50,1.297354,2017,N,N
KGZ,2015-2020,FALSE,CONS,m50,1.297356,2021,N,N
KGZ,2015-2020,FALSE,CONS,premium,-.3712115,2021,N,N
KGZ,2015-2020,FALSE,CONS,tot,1.13528,2017,N,N
KGZ,2016-2021,FALSE,CONS,tot,2.499072,2021,N,N
KGZ,2016-2021,FALSE,CONS,b40,1.556443,2021,N,N
KGZ,2016-2021,FALSE,CONS,m50,2.127644,2017,N,N
KGZ,2016-2021,FALSE,CONS,premium,-.9426326,2017,N,N
KGZ,2016-2021,FALSE,CONS,m50,2.127644,2021,N,N
KGZ,2016-2021,FALSE,CONS,tot,2.499068,2017,N,N
KGZ,2016-2021,FALSE,CONS,b40,1.556435,2017,N,N
KGZ,2016-2021,FALSE,CONS,premium,-.9426295,2021,N,N
KGZ,2017-2022,FALSE,CONS,b40,2.230155,2017,N,N
KGZ,2017-2022,FALSE,CONS,tot,2.090588,2017,N,N
KGZ,2017-2022,FALSE,CONS,m50,2.495058,2017,N,N
KGZ,2017-2022,FALSE,CONS,tot,2.090585,2021,N,N
KGZ,2017-2022,FALSE,CONS,b40,2.230161,2021,N,N
KGZ,2017-2022,FALSE,CONS,premium,.1395676,2017,N,N
KGZ,2017-2022,FALSE,CONS,premium,.1395757,2021,N,N
KGZ,2017-2022,FALSE,CONS,m50,2.495062,2021,N,N
KOR,2016-2021,FALSE,INC,m50,3.914372,2021,N,N
KOR,2016-2021,FALSE,INC,b40,5.111863,2017,N,N
KOR,2016-2021,FALSE,INC,b40,5.111866,2021,N,N
KOR,2016-2021,FALSE,INC,premium,1.399427,2021,N,N
KOR,2016-2021,FALSE,INC,premium,1.399419,2017,N,N
KOR,2016-2021,FALSE,INC,tot,3.712439,2021,N,N
KOR,2016-2021,FALSE,INC,tot,3.712444,2017,N,N
KOR,2016-2021,FALSE,INC,m50,3.914371,2017,N,N
LAO,2012-2018,FALSE,CONS,b40,1.908218,2017,N,N
LAO,2012-2018,FALSE,CONS,m50,2.188787,2017,N,N
LAO,2012-2018,FALSE,CONS,premium,-1.165297,2021,N,N
LAO,2012-2018,FALSE,CONS,tot,3.073514,2021,N,N
LAO,2012-2018,FALSE,CONS,premium,-1.165296,2017,N,N
LAO,2012-2018,FALSE,CONS,m50,2.188789,2021,N,N
LAO,2012-2018,FALSE,CONS,tot,3.073514,2017,N,N
LAO,2012-2018,FALSE,CONS,b40,1.908217,2021,N,N
LKA,2006-2012,FALSE,CONS,b40,2.82378,2021,N,N
LKA,2006-2009,FALSE,CONS,b40,3.308733,2017,N,N
LKA,2006-2009,FALSE,CONS,premium,3.066904,2017,N,N
LKA,2006-2012,FALSE,CONS,tot,2.323777,2021,N,N
LKA,2006-2012,FALSE,CONS,m50,2.667001,2021,N,N
LKA,2006-2012,FALSE,CONS,b40,2.823779,2017,N,N
LKA,2006-2009,FALSE,CONS,tot,.2418296,2021,N,N
LKA,2006-2009,FALSE,CONS,m50,2.349268,2021,N,N
LKA,2006-2012,FALSE,CONS,m50,2.667001,2017,N,N
LKA,2006-2009,FALSE,CONS,m50,2.349272,2017,N,N
LKA,2006-2012,FALSE,CONS,premium,.5000036,2017,N,N
LKA,2006-2009,FALSE,CONS,premium,3.066908,2021,N,N
LKA,2006-2009,FALSE,CONS,tot,.2418282,2017,N,N
LKA,2006-2012,FALSE,CONS,premium,.5000026,2021,N,N
LKA,2006-2009,FALSE,CONS,b40,3.308737,2021,N,N
LKA,2006-2012,FALSE,CONS,tot,2.323776,2017,N,N
LKA,2009-2012,FALSE,CONS,tot,4.448966,2021,N,N
LKA,2009-2012,FALSE,CONS,m50,2.98572,2021,N,N
LKA,2009-2012,FALSE,CONS,m50,2.985716,2017,N,N
LKA,2009-2012,FALSE,CONS,b40,2.341099,2021,N,N
LKA,2009-2012,FALSE,CONS,premium,-2.107861,2017,N,N
LKA,2009-2012,FALSE,CONS,premium,-2.107867,2021,N,N
LKA,2009-2012,FALSE,CONS,tot,4.448963,2017,N,N
LKA,2009-2012,FALSE,CONS,b40,2.341102,2017,N,N
LKA,2012-2016,FALSE,CONS,m50,4.076712,2021,N,N
LKA,2012-2016,FALSE,CONS,b40,3.65075,2021,N,N
LKA,2012-2016,FALSE,CONS,premium,-.4680049,2021,N,N
LKA,2012-2016,FALSE,CONS,premium,-.4680107,2017,N,N
LKA,2012-2016,FALSE,CONS,tot,4.11876,2017,N,N
LKA,2012-2016,FALSE,CONS,b40,3.650749,2017,N,N
LKA,2012-2016,FALSE,CONS,tot,4.118755,2021,N,N
LKA,2012-2016,FALSE,CONS,m50,4.07671,2017,N,N
LKA,2016-2019,FALSE,CONS,premium,1.090567,2017,N,N
LKA,2016-2019,FALSE,CONS,m50,1.619446,2021,N,N
LKA,2016-2019,FALSE,CONS,b40,1.740125,2017,N,N
LKA,2016-2019,FALSE,CONS,m50,1.619449,2017,N,N
LKA,2016-2019,FALSE,CONS,b40,1.740116,2021,N,N
LKA,2016-2019,FALSE,CONS,premium,1.090537,2021,N,N
LKA,2016-2019,FALSE,CONS,tot,.6495582,2017,N,N
LKA,2016-2019,FALSE,CONS,tot,.649579,2021,N,N
LTU,2006-2011,FALSE,INC,premium,.4767703,2021,N,N
LTU,2006-2011,FALSE,INC,premium,.4767833,2017,N,N
LTU,2006-2011,FALSE,INC,m50,1.586855,2021,N,N
LTU,2006-2011,FALSE,INC,b40,1.179514,2021,N,N
LTU,2006-2011,FALSE,INC,m50,1.586854,2017,N,N
LTU,2006-2011,FALSE,INC,b40,1.179534,2017,N,N
LTU,2006-2011,FALSE,INC,tot,.7027441,2021,N,N
LTU,2006-2011,FALSE,INC,tot,.7027507,2017,N,N
LTU,2007-2012,FALSE,INC,b40,-1.651679,2021,N,N
LTU,2007-2012,FALSE,INC,tot,-1.234983,2017,N,N
LTU,2007-2012,FALSE,INC,b40,-1.651754,2017,N,N
LTU,2007-2012,FALSE,INC,premium,-.4167093,2021,N,N
LTU,2007-2012,FALSE,INC,tot,-1.23497,2021,N,N
LTU,2007-2012,FALSE,INC,m50,-1.123092,2017,N,N
LTU,2007-2012,FALSE,INC,m50,-1.123093,2021,N,N
LTU,2007-2012,FALSE,INC,premium,-.4167709,2017,N,N
LTU,2009-2014,FALSE,INC,m50,3.29075,2017,N,N
LTU,2009-2014,FALSE,INC,tot,3.867404,2021,N,N
LTU,2009-2014,FALSE,INC,premium,.228539,2017,N,N
LTU,2009-2014,FALSE,INC,b40,4.096065,2021,N,N
LTU,2009-2014,FALSE,INC,tot,3.867377,2017,N,N
LTU,2009-2014,FALSE,INC,b40,4.095916,2017,N,N
LTU,2009-2014,FALSE,INC,m50,3.290752,2021,N,N
LTU,2009-2014,FALSE,INC,premium,.2286603,2021,N,N
LTU,2010-2015,FALSE,INC,tot,8.145139,2017,N,N
LTU,2010-2015,FALSE,INC,m50,6.053724,2017,N,N
LTU,2010-2015,FALSE,INC,b40,6.766619,2017,N,N
LTU,2010-2015,FALSE,INC,tot,8.145278,2021,N,N
LTU,2010-2015,FALSE,INC,b40,6.767299,2021,N,N
LTU,2010-2015,FALSE,INC,m50,6.05373,2021,N,N
LTU,2010-2015,FALSE,INC,premium,-1.377979,2021,N,N
LTU,2010-2015,FALSE,INC,premium,-1.37852,2017,N,N
LTU,2012-2017,FALSE,INC,tot,7.436196,2017,N,N
LTU,2012-2017,FALSE,INC,b40,6.356535,2017,N,N
LTU,2012-2017,FALSE,INC,m50,6.602609,2021,N,N
LTU,2012-2017,FALSE,INC,premium,-1.079632,2021,N,N
LTU,2012-2017,FALSE,INC,m50,6.602615,2017,N,N
LTU,2012-2017,FALSE,INC,tot,7.436201,2021,N,N
LTU,2012-2017,FALSE,INC,premium,-1.07966,2017,N,N
LTU,2012-2017,FALSE,INC,b40,6.356569,2021,N,N
LTU,2013-2018,FALSE,INC,b40,7.764645,2021,N,N
LTU,2013-2018,FALSE,INC,m50,7.794287,2017,N,N
LTU,2013-2018,FALSE,INC,premium,-.2673769,2017,N,N
LTU,2013-2018,FALSE,INC,m50,7.79429,2021,N,N
LTU,2013-2018,FALSE,INC,premium,-.2672377,2021,N,N
LTU,2013-2018,FALSE,INC,tot,8.031882,2021,N,N
LTU,2013-2018,FALSE,INC,tot,8.031851,2017,N,N
LTU,2013-2018,FALSE,INC,b40,7.764474,2017,N,N
LTU,2014-2019,FALSE,INC,tot,8.192237,2017,N,N
LTU,2014-2019,FALSE,INC,m50,8.401463,2017,N,N
LTU,2014-2019,FALSE,INC,b40,9.86885,2021,N,N
LTU,2014-2019,FALSE,INC,premium,1.676166,2017,N,N
LTU,2014-2019,FALSE,INC,b40,9.868402,2017,N,N
LTU,2014-2019,FALSE,INC,m50,8.401467,2021,N,N
LTU,2014-2019,FALSE,INC,premium,1.676533,2021,N,N
LTU,2014-2019,FALSE,INC,tot,8.192317,2021,N,N
LTU,2015-2020,FALSE,INC,tot,8.906259,2021,N,N
LTU,2015-2020,FALSE,INC,tot,8.906177,2017,N,N
LTU,2015-2020,FALSE,INC,b40,10.40322,2021,N,N
LTU,2015-2020,FALSE,INC,b40,10.40277,2017,N,N
LTU,2015-2020,FALSE,INC,premium,1.496965,2021,N,N
LTU,2015-2020,FALSE,INC,premium,1.496594,2017,N,N
LTU,2015-2020,FALSE,INC,m50,8.487126,2021,N,N
LTU,2015-2020,FALSE,INC,m50,8.487123,2017,N,N
LTU,2016-2021,FALSE,INC,premium,1.544644,2021,N,N
LTU,2016-2021,FALSE,INC,m50,7.567332,2017,N,N
LTU,2016-2021,FALSE,INC,b40,9.653372,2021,N,N
LTU,2016-2021,FALSE,INC,tot,8.108727,2021,N,N
LTU,2016-2021,FALSE,INC,premium,1.544246,2017,N,N
LTU,2016-2021,FALSE,INC,m50,7.56733,2021,N,N
LTU,2016-2021,FALSE,INC,b40,9.652887,2017,N,N
LTU,2016-2021,FALSE,INC,tot,8.108642,2017,N,N
LTU,2017-2022,FALSE,INC,tot,5.269712,2021,N,N
LTU,2017-2022,FALSE,INC,m50,5.205396,2021,N,N
LTU,2017-2022,FALSE,INC,tot,5.26962,2017,N,N
LTU,2017-2022,FALSE,INC,b40,6.112575,2021,N,N
LTU,2017-2022,FALSE,INC,m50,5.205397,2017,N,N
LTU,2017-2022,FALSE,INC,premium,.8428626,2021,N,N
LTU,2017-2022,FALSE,INC,b40,6.112057,2017,N,N
LTU,2017-2022,FALSE,INC,premium,.8424368,2017,N,N
LUX,2007-2012,FALSE,INC,b40,-2.406756,2017,N,N
LUX,2007-2012,FALSE,INC,tot,-.4739609,2021,N,N
LUX,2007-2012,FALSE,INC,tot,-.4739592,2017,N,N
LUX,2007-2012,FALSE,INC,m50,-1.372908,2021,N,N
LUX,2007-2012,FALSE,INC,b40,-2.406757,2021,N,N
LUX,2007-2012,FALSE,INC,m50,-1.372909,2017,N,N
LUX,2007-2012,FALSE,INC,premium,-1.932796,2021,N,N
LUX,2007-2012,FALSE,INC,premium,-1.932797,2017,N,N
LUX,2009-2014,FALSE,INC,b40,-.1647502,2017,N,N
LUX,2009-2014,FALSE,INC,premium,.122584,2017,N,N
LUX,2009-2014,FALSE,INC,tot,-.2873342,2017,N,N
LUX,2009-2014,FALSE,INC,premium,.1225706,2021,N,N
LUX,2009-2014,FALSE,INC,m50,-.513949,2017,N,N
LUX,2009-2014,FALSE,INC,b40,-.1647674,2021,N,N
LUX,2009-2014,FALSE,INC,m50,-.5139448,2021,N,N
LUX,2009-2014,FALSE,INC,tot,-.287338,2021,N,N
LUX,2010-2015,FALSE,INC,tot,-1.266004,2021,N,N
LUX,2010-2015,FALSE,INC,b40,-2.506678,2021,N,N
LUX,2010-2015,FALSE,INC,premium,-1.240633,2017,N,N
LUX,2010-2015,FALSE,INC,b40,-2.506627,2017,N,N
LUX,2010-2015,FALSE,INC,premium,-1.240673,2021,N,N
LUX,2010-2015,FALSE,INC,m50,-1.706315,2017,N,N
LUX,2010-2015,FALSE,INC,m50,-1.706315,2021,N,N
LUX,2010-2015,FALSE,INC,tot,-1.265994,2017,N,N
LUX,2012-2017,FALSE,INC,m50,.5532787,2021,N,N
LUX,2012-2017,FALSE,INC,premium,-.4312685,2017,N,N
LUX,2012-2017,FALSE,INC,tot,.3316064,2021,N,N
LUX,2012-2017,FALSE,INC,b40,-.0996575,2017,N,N
LUX,2012-2017,FALSE,INC,tot,.331611,2017,N,N
LUX,2012-2017,FALSE,INC,m50,.5532789,2017,N,N
LUX,2012-2017,FALSE,INC,premium,-.4312922,2021,N,N
LUX,2012-2017,FALSE,INC,b40,-.0996858,2021,N,N
LUX,2013-2018,FALSE,INC,m50,.8065735,2021,N,N
LUX,2013-2018,FALSE,INC,b40,-.2212742,2017,N,N
LUX,2013-2018,FALSE,INC,premium,-1.673838,2017,N,N
LUX,2013-2018,FALSE,INC,tot,1.452564,2017,N,N
LUX,2013-2018,FALSE,INC,b40,-.2212812,2021,N,N
LUX,2013-2018,FALSE,INC,premium,-1.673842,2021,N,N
LUX,2013-2018,FALSE,INC,m50,.8065757,2017,N,N
LUX,2013-2018,FALSE,INC,tot,1.452561,2021,N,N
LUX,2014-2019,FALSE,INC,tot,1.395497,2021,N,N
LUX,2014-2019,FALSE,INC,premium,-1.781745,2021,N,N
LUX,2014-2019,FALSE,INC,b40,-.3862483,2021,N,N
LUX,2014-2019,FALSE,INC,m50,.6461046,2021,N,N
LUX,2014-2019,FALSE,INC,m50,.6461073,2017,N,N
LUX,2014-2019,FALSE,INC,b40,-.3862519,2017,N,N
LUX,2014-2019,FALSE,INC,premium,-1.781745,2017,N,N
LUX,2014-2019,FALSE,INC,tot,1.395494,2017,N,N
LUX,2015-2020,FALSE,INC,m50,4.648322,2021,N,N
LUX,2015-2020,FALSE,INC,b40,4.392189,2017,N,N
LUX,2015-2020,FALSE,INC,premium,-.4729757,2021,N,N
LUX,2015-2020,FALSE,INC,premium,-.4730024,2017,N,N
LUX,2015-2020,FALSE,INC,tot,4.865213,2021,N,N
LUX,2015-2020,FALSE,INC,tot,4.865191,2017,N,N
LUX,2015-2020,FALSE,INC,m50,4.648322,2017,N,N
LUX,2015-2020,FALSE,INC,b40,4.392237,2021,N,N
LUX,2016-2021,FALSE,INC,m50,3.338328,2021,N,N
LUX,2016-2021,FALSE,INC,premium,-.809628,2021,N,N
LUX,2016-2021,FALSE,INC,tot,3.145327,2017,N,N
LUX,2016-2021,FALSE,INC,premium,-.8096259,2017,N,N
LUX,2016-2021,FALSE,INC,m50,3.338329,2017,N,N
LUX,2016-2021,FALSE,INC,tot,3.145339,2021,N,N
LUX,2016-2021,FALSE,INC,b40,2.335701,2017,N,N
LUX,2016-2021,FALSE,INC,b40,2.335711,2021,N,N
LUX,2017-2022,FALSE,INC,m50,4.17946,2017,N,N
LUX,2017-2022,FALSE,INC,premium,.1693382,2021,N,N
LUX,2017-2022,FALSE,INC,tot,3.646811,2017,N,N
LUX,2017-2022,FALSE,INC,m50,4.17946,2021,N,N
LUX,2017-2022,FALSE,INC,b40,3.816121,2017,N,N
LUX,2017-2022,FALSE,INC,b40,3.816152,2021,N,N
LUX,2017-2022,FALSE,INC,tot,3.646813,2021,N,N
LUX,2017-2022,FALSE,INC,premium,.1693101,2017,N,N
LVA,2006-2011,FALSE,INC,m50,.7491742,2017,N,N
LVA,2006-2011,FALSE,INC,m50,.7491726,2021,N,N
LVA,2006-2011,FALSE,INC,tot,.1413771,2017,N,N
LVA,2006-2011,FALSE,INC,tot,.1414649,2021,N,N
LVA,2006-2011,FALSE,INC,premium,-.0206947,2017,N,N
LVA,2006-2011,FALSE,INC,b40,.121108,2021,N,N
LVA,2006-2011,FALSE,INC,premium,-.0203569,2021,N,N
LVA,2006-2011,FALSE,INC,b40,.1206824,2017,N,N
LVA,2007-2012,FALSE,INC,b40,-3.126808,2017,N,N
LVA,2007-2012,FALSE,INC,tot,-4.485533,2017,N,N
LVA,2007-2012,FALSE,INC,tot,-4.485541,2021,N,N
LVA,2007-2012,FALSE,INC,b40,-3.126841,2021,N,N
LVA,2007-2012,FALSE,INC,premium,1.3587,2021,N,N
LVA,2007-2012,FALSE,INC,m50,-3.821437,2021,N,N
LVA,2007-2012,FALSE,INC,premium,1.358724,2017,N,N
LVA,2007-2012,FALSE,INC,m50,-3.821445,2017,N,N
LVA,2009-2014,FALSE,INC,b40,4.434237,2017,N,N
LVA,2009-2014,FALSE,INC,tot,3.7635,2017,N,N
LVA,2009-2014,FALSE,INC,tot,3.763587,2021,N,N
LVA,2009-2014,FALSE,INC,m50,3.5111,2017,N,N
LVA,2009-2014,FALSE,INC,m50,3.511098,2021,N,N
LVA,2009-2014,FALSE,INC,premium,.670737,2017,N,N
LVA,2009-2014,FALSE,INC,premium,.6711302,2021,N,N
LVA,2009-2014,FALSE,INC,b40,4.434718,2021,N,N
LVA,2010-2015,FALSE,INC,b40,7.484033,2021,N,N
LVA,2010-2015,FALSE,INC,b40,7.483637,2017,N,N
LVA,2010-2015,FALSE,INC,tot,6.471514,2017,N,N
LVA,2010-2015,FALSE,INC,tot,6.471587,2021,N,N
LVA,2010-2015,FALSE,INC,premium,1.012445,2021,N,N
LVA,2010-2015,FALSE,INC,premium,1.012123,2017,N,N
LVA,2010-2015,FALSE,INC,m50,5.541873,2017,N,N
LVA,2010-2015,FALSE,INC,m50,5.541875,2021,N,N
LVA,2012-2017,FALSE,INC,b40,7.89129,2017,N,N
LVA,2012-2017,FALSE,INC,m50,8.210533,2017,N,N
LVA,2012-2017,FALSE,INC,tot,8.225293,2017,N,N
LVA,2012-2017,FALSE,INC,premium,-.3338871,2021,N,N
LVA,2012-2017,FALSE,INC,premium,-.3340034,2017,N,N
LVA,2012-2017,FALSE,INC,m50,8.210528,2021,N,N
LVA,2012-2017,FALSE,INC,tot,8.225324,2021,N,N
LVA,2012-2017,FALSE,INC,b40,7.891437,2021,N,N
LVA,2013-2018,FALSE,INC,tot,7.869201,2017,N,N
LVA,2013-2018,FALSE,INC,b40,8.046287,2021,N,N
LVA,2013-2018,FALSE,INC,m50,8.157292,2017,N,N
LVA,2013-2018,FALSE,INC,b40,8.04596,2017,N,N
LVA,2013-2018,FALSE,INC,tot,7.869253,2021,N,N
LVA,2013-2018,FALSE,INC,premium,.1767597,2017,N,N
LVA,2013-2018,FALSE,INC,premium,.1770334,2021,N,N
LVA,2013-2018,FALSE,INC,m50,8.157299,2021,N,N
LVA,2014-2019,FALSE,INC,premium,.4543395,2021,N,N
LVA,2014-2019,FALSE,INC,tot,6.716289,2021,N,N
LVA,2014-2019,FALSE,INC,m50,6.992926,2021,N,N
LVA,2014-2019,FALSE,INC,premium,.454226,2017,N,N
LVA,2014-2019,FALSE,INC,m50,6.992924,2017,N,N
LVA,2014-2019,FALSE,INC,tot,6.716266,2017,N,N
LVA,2014-2019,FALSE,INC,b40,7.170492,2017,N,N
LVA,2014-2019,FALSE,INC,b40,7.170629,2021,N,N
LVA,2015-2020,FALSE,INC,m50,6.414983,2021,N,N
LVA,2015-2020,FALSE,INC,b40,5.985585,2017,N,N
LVA,2015-2020,FALSE,INC,tot,6.785438,2021,N,N
LVA,2015-2020,FALSE,INC,tot,6.785418,2017,N,N
LVA,2015-2020,FALSE,INC,premium,-.7998328,2017,N,N
LVA,2015-2020,FALSE,INC,premium,-.7997689,2021,N,N
LVA,2015-2020,FALSE,INC,b40,5.985669,2021,N,N
LVA,2015-2020,FALSE,INC,m50,6.414993,2017,N,N
LVA,2016-2021,FALSE,INC,tot,6.681786,2017,N,N
LVA,2016-2021,FALSE,INC,b40,6.848409,2017,N,N
LVA,2016-2021,FALSE,INC,premium,.1666236,2017,N,N
LVA,2016-2021,FALSE,INC,m50,6.82457,2021,N,N
LVA,2016-2021,FALSE,INC,b40,6.84837,2021,N,N
LVA,2016-2021,FALSE,INC,m50,6.824575,2017,N,N
LVA,2016-2021,FALSE,INC,tot,6.681784,2021,N,N
LVA,2016-2021,FALSE,INC,premium,.1665864,2021,N,N
LVA,2017-2022,FALSE,INC,m50,3.767751,2021,N,N
LVA,2017-2022,FALSE,INC,premium,1.212076,2017,N,N
LVA,2017-2022,FALSE,INC,b40,4.640723,2017,N,N
LVA,2017-2022,FALSE,INC,m50,3.76775,2017,N,N
LVA,2017-2022,FALSE,INC,tot,3.428661,2021,N,N
LVA,2017-2022,FALSE,INC,b40,4.640784,2021,N,N
LVA,2017-2022,FALSE,INC,tot,3.428647,2017,N,N
LVA,2017-2022,FALSE,INC,premium,1.212123,2021,N,N
MDA,2006-2011,FALSE,CONS,b40,5.673568,2021,N,N
MDA,2006-2011,FALSE,CONS,tot,2.893023,2017,N,N
MDA,2006-2011,FALSE,CONS,premium,2.780491,2021,N,N
MDA,2006-2011,FALSE,CONS,premium,2.780279,2017,N,N
MDA,2006-2011,FALSE,CONS,tot,2.893077,2021,N,N
MDA,2006-2011,FALSE,CONS,m50,3.852619,2017,N,N
MDA,2006-2011,FALSE,CONS,m50,3.852624,2021,N,N
MDA,2006-2011,FALSE,CONS,b40,5.673302,2017,N,N
MDA,2008-2013,FALSE,CONS,premium,3.181106,2021,N,N
MDA,2008-2013,FALSE,CONS,m50,3.134283,2021,N,N
MDA,2008-2013,FALSE,CONS,premium,3.181121,2017,N,N
MDA,2008-2013,FALSE,CONS,b40,4.974933,2017,N,N
MDA,2008-2013,FALSE,CONS,m50,3.134298,2017,N,N
MDA,2008-2013,FALSE,CONS,b40,4.974935,2021,N,N
MDA,2008-2013,FALSE,CONS,tot,1.793812,2017,N,N
MDA,2008-2013,FALSE,CONS,tot,1.79383,2021,N,N
MDA,2009-2014,FALSE,CONS,premium,3.511941,2021,N,N
MDA,2009-2014,FALSE,CONS,b40,4.823501,2021,N,N
MDA,2009-2014,FALSE,CONS,m50,2.258686,2021,N,N
MDA,2009-2014,FALSE,CONS,m50,2.25868,2017,N,N
MDA,2009-2014,FALSE,CONS,premium,3.511945,2017,N,N
MDA,2009-2014,FALSE,CONS,tot,1.31156,2021,N,N
MDA,2009-2014,FALSE,CONS,b40,4.823503,2017,N,N
MDA,2009-2014,FALSE,CONS,tot,1.311558,2017,N,N
MDA,2010-2015,FALSE,CONS,m50,2.51866,2017,N,N
MDA,2010-2015,FALSE,CONS,tot,1.532954,2017,N,N
MDA,2010-2015,FALSE,CONS,m50,2.518671,2021,N,N
MDA,2010-2015,FALSE,CONS,b40,4.13251,2017,N,N
MDA,2010-2015,FALSE,CONS,tot,1.532953,2021,N,N
MDA,2010-2015,FALSE,CONS,premium,2.599556,2017,N,N
MDA,2010-2015,FALSE,CONS,b40,4.132509,2021,N,N
MDA,2010-2015,FALSE,CONS,premium,2.599556,2021,N,N
MDA,2011-2016,FALSE,CONS,m50,1.019784,2021,N,N
MDA,2011-2016,FALSE,CONS,b40,2.824383,2017,N,N
MDA,2011-2016,FALSE,CONS,tot,.4192027,2017,N,N
MDA,2011-2016,FALSE,CONS,tot,.4191822,2021,N,N
MDA,2011-2016,FALSE,CONS,b40,2.824384,2021,N,N
MDA,2011-2016,FALSE,CONS,premium,2.40518,2017,N,N
MDA,2011-2016,FALSE,CONS,m50,1.019799,2017,N,N
MDA,2011-2016,FALSE,CONS,premium,2.405202,2021,N,N
MDA,2012-2017,FALSE,CONS,tot,.970621,2017,N,N
MDA,2012-2017,FALSE,CONS,premium,1.63579,2021,N,N
MDA,2012-2017,FALSE,CONS,m50,1.424166,2017,N,N
MDA,2012-2017,FALSE,CONS,premium,1.635774,2017,N,N
MDA,2012-2017,FALSE,CONS,tot,.9706075,2021,N,N
MDA,2012-2017,FALSE,CONS,b40,2.606395,2017,N,N
MDA,2012-2017,FALSE,CONS,b40,2.606397,2021,N,N
MDA,2012-2017,FALSE,CONS,m50,1.424163,2021,N,N
MDA,2013-2018,FALSE,CONS,premium,1.574752,2017,N,N
MDA,2013-2018,FALSE,CONS,b40,1.896883,2021,N,N
MDA,2013-2018,FALSE,CONS,premium,1.574758,2021,N,N
MDA,2013-2018,FALSE,CONS,tot,.3221324,2017,N,N
MDA,2013-2018,FALSE,CONS,m50,.6234882,2021,N,N
MDA,2013-2018,FALSE,CONS,b40,1.896884,2017,N,N
MDA,2013-2018,FALSE,CONS,tot,.3221248,2021,N,N
MDA,2013-2018,FALSE,CONS,m50,.6234876,2017,N,N
MDA,2019-2022,FALSE,CONS,premium,.3245115,2017,N,N
MDA,2019-2022,FALSE,CONS,b40,-2.140031,2017,N,N
MDA,2019-2022,FALSE,CONS,b40,-2.140032,2021,N,N
MDA,2019-2022,FALSE,CONS,premium,.3245068,2021,N,N
MDA,2019-2022,FALSE,CONS,m50,-2.315434,2021,N,N
MDA,2019-2022,FALSE,CONS,tot,-2.464543,2017,N,N
MDA,2019-2022,FALSE,CONS,tot,-2.464539,2021,N,N
MDA,2019-2022,FALSE,CONS,m50,-2.315466,2017,N,N
MEX,2008-2012,FALSE,INC,b40,2.359358,2017,N,N
MEX,2008-2012,FALSE,INC,m50,.5077492,2021,N,N
MEX,2008-2012,FALSE,INC,tot,.4828598,2017,N,N
MEX,2008-2012,FALSE,INC,m50,.5077481,2017,N,N
MEX,2008-2012,FALSE,INC,premium,1.876498,2017,N,N
MEX,2008-2012,FALSE,INC,tot,.482871,2021,N,N
MEX,2008-2012,FALSE,INC,premium,1.876738,2021,N,N
MEX,2008-2012,FALSE,INC,b40,2.359609,2021,N,N
MEX,2010-2014,FALSE,INC,tot,.6130946,2017,N,N
MEX,2010-2014,FALSE,INC,m50,-.3415851,2017,N,N
MEX,2010-2014,FALSE,INC,tot,.6130911,2021,N,N
MEX,2010-2014,FALSE,INC,b40,.5507253,2017,N,N
MEX,2010-2014,FALSE,INC,b40,.5507721,2021,N,N
MEX,2010-2014,FALSE,INC,premium,-.0623693,2017,N,N
MEX,2010-2014,FALSE,INC,premium,-.062319,2021,N,N
MEX,2010-2014,FALSE,INC,m50,-.3415845,2021,N,N
MEX,2016-2022,FALSE,INC,tot,1.952233,2021,N,N
MEX,2016-2022,FALSE,INC,premium,1.689262,2017,N,N
MEX,2016-2022,FALSE,INC,premium,1.689263,2021,N,N
MEX,2016-2020,FALSE,INC,m50,.6088087,2017,N,N
MEX,2016-2020,FALSE,INC,premium,1.411083,2017,N,N
MEX,2016-2020,FALSE,INC,tot,-.7160623,2021,N,N
MEX,2016-2020,FALSE,INC,tot,-.7160552,2017,N,N
MEX,2016-2020,FALSE,INC,b40,.6949823,2021,N,N
MEX,2016-2020,FALSE,INC,b40,.6950277,2017,N,N
MEX,2016-2022,FALSE,INC,m50,3.173814,2017,N,N
MEX,2016-2020,FALSE,INC,premium,1.411045,2021,N,N
MEX,2016-2022,FALSE,INC,m50,3.17381,2021,N,N
MEX,2016-2020,FALSE,INC,m50,.6088167,2021,N,N
MEX,2016-2022,FALSE,INC,b40,3.641496,2021,N,N
MEX,2016-2022,FALSE,INC,b40,3.641499,2017,N,N
MEX,2016-2022,FALSE,INC,tot,1.952237,2017,N,N
MKD,2009-2014,FALSE,INC,premium,4.670233,2021,N,N
MKD,2009-2014,FALSE,INC,tot,2.049638,2021,N,N
MKD,2009-2014,FALSE,INC,m50,3.792957,2017,N,N
MKD,2009-2014,FALSE,INC,tot,2.049628,2017,N,N
MKD,2009-2014,FALSE,INC,m50,3.79296,2021,N,N
MKD,2009-2014,FALSE,INC,b40,6.719709,2017,N,N
MKD,2009-2014,FALSE,INC,b40,6.719871,2021,N,N
MKD,2009-2014,FALSE,INC,premium,4.670081,2017,N,N
MKD,2010-2015,FALSE,INC,tot,2.920406,2021,N,N
MKD,2010-2014,FALSE,INC,tot,2.563834,2017,N,N
MKD,2010-2014,FALSE,INC,m50,2.878559,2021,N,N
MKD,2010-2014,FALSE,INC,premium,4.927629,2017,N,N
MKD,2010-2015,FALSE,INC,b40,6.417922,2021,N,N
MKD,2010-2014,FALSE,INC,b40,7.491464,2017,N,N
MKD,2010-2015,FALSE,INC,b40,6.403514,2017,N,N
MKD,2010-2015,FALSE,INC,m50,3.32637,2017,N,N
MKD,2010-2014,FALSE,INC,b40,7.51014,2021,N,N
MKD,2010-2015,FALSE,INC,m50,3.326355,2021,N,N
MKD,2010-2015,FALSE,INC,tot,2.918408,2017,N,N
MKD,2010-2014,FALSE,INC,tot,2.566428,2021,N,N
MKD,2010-2015,FALSE,INC,premium,3.497517,2021,N,N
MKD,2010-2014,FALSE,INC,premium,4.943712,2021,N,N
MKD,2010-2015,FALSE,INC,premium,3.485106,2017,N,N
MKD,2010-2014,FALSE,INC,m50,2.878564,2017,N,N
MKD,2012-2017,FALSE,INC,b40,6.527258,2017,N,N
MKD,2012-2017,FALSE,INC,tot,4.170988,2017,N,N
MKD,2012-2017,FALSE,INC,premium,2.35627,2017,N,N
MKD,2012-2017,FALSE,INC,m50,5.611835,2017,N,N
MKD,2012-2017,FALSE,INC,m50,5.61183,2021,N,N
MKD,2012-2017,FALSE,INC,b40,6.528176,2021,N,N
MKD,2012-2017,FALSE,INC,premium,2.357054,2021,N,N
MKD,2012-2017,FALSE,INC,tot,4.171122,2021,N,N
MKD,2013-2018,FALSE,INC,tot,4.714005,2021,N,N
MKD,2013-2018,FALSE,INC,m50,6.239859,2017,N,N
MKD,2013-2018,FALSE,INC,tot,4.713898,2017,N,N
MKD,2013-2018,FALSE,INC,m50,6.239863,2021,N,N
MKD,2013-2018,FALSE,INC,b40,6.248983,2021,N,N
MKD,2013-2018,FALSE,INC,premium,1.534978,2021,N,N
MKD,2013-2018,FALSE,INC,premium,1.534425,2017,N,N
MKD,2013-2018,FALSE,INC,b40,6.248323,2017,N,N
MKD,2014-2019,FALSE,INC,m50,6.35005,2021,N,N
MKD,2014-2019,FALSE,INC,b40,5.764445,2017,N,N
MKD,2014-2019,FALSE,INC,tot,5.249102,2017,N,N
MKD,2014-2019,FALSE,INC,premium,.5153427,2017,N,N
MKD,2014-2019,FALSE,INC,tot,5.249221,2021,N,N
MKD,2014-2019,FALSE,INC,m50,6.350053,2017,N,N
MKD,2014-2019,FALSE,INC,b40,5.765163,2021,N,N
MKD,2014-2019,FALSE,INC,premium,.5159416,2021,N,N
MLI,2006-2009,FALSE,CONS,premium,3.982077,2021,N,N
MLI,2006-2009,FALSE,CONS,tot,-1.484808,2017,N,N
MLI,2006-2009,FALSE,CONS,m50,.6227258,2017,N,N
MLI,2006-2009,FALSE,CONS,b40,2.497322,2017,N,N
MLI,2006-2009,FALSE,CONS,m50,.6227267,2021,N,N
MLI,2006-2009,FALSE,CONS,premium,3.98213,2017,N,N
MLI,2006-2009,FALSE,CONS,b40,2.497248,2021,N,N
MLI,2006-2009,FALSE,CONS,tot,-1.484829,2021,N,N
MLI,2018-2021,FALSE,CONS,premium,.6631019,2021,N,N
MLI,2018-2021,FALSE,CONS,b40,-3.326914,2021,N,N
MLI,2018-2021,FALSE,CONS,premium,.6631079,2017,N,N
MLI,2018-2021,FALSE,CONS,m50,-3.859104,2021,N,N
MLI,2018-2021,FALSE,CONS,m50,-3.85911,2017,N,N
MLI,2018-2021,FALSE,CONS,b40,-3.326908,2017,N,N
MLI,2018-2021,FALSE,CONS,tot,-3.990016,2021,N,N
MLI,2018-2021,FALSE,CONS,tot,-3.990016,2017,N,N
MLT,2009-2014,FALSE,INC,m50,3.94506,2021,N,N
MLT,2009-2014,FALSE,INC,tot,3.612684,2021,N,N
MLT,2009-2014,FALSE,INC,premium,.6926422,2017,N,N
MLT,2009-2014,FALSE,INC,b40,4.305322,2017,N,N
MLT,2009-2014,FALSE,INC,premium,.692673,2021,N,N
MLT,2009-2014,FALSE,INC,tot,3.61268,2017,N,N
MLT,2009-2014,FALSE,INC,b40,4.305357,2021,N,N
MLT,2009-2014,FALSE,INC,m50,3.945058,2017,N,N
MLT,2010-2015,FALSE,INC,b40,3.481313,2021,N,N
MLT,2010-2015,FALSE,INC,m50,3.116501,2021,N,N
MLT,2010-2015,FALSE,INC,premium,.0276968,2021,N,N
MLT,2010-2015,FALSE,INC,m50,3.116495,2017,N,N
MLT,2010-2015,FALSE,INC,tot,3.45361,2017,N,N
MLT,2010-2015,FALSE,INC,b40,3.481306,2017,N,N
MLT,2010-2015,FALSE,INC,tot,3.453616,2021,N,N
MLT,2010-2015,FALSE,INC,premium,.0276961,2017,N,N
MLT,2012-2017,FALSE,INC,b40,3.744332,2021,N,N
MLT,2012-2017,FALSE,INC,premium,.0224869,2017,N,N
MLT,2012-2017,FALSE,INC,tot,3.721845,2017,N,N
MLT,2012-2017,FALSE,INC,m50,3.920962,2017,N,N
MLT,2012-2017,FALSE,INC,premium,.0224905,2021,N,N
MLT,2012-2017,FALSE,INC,b40,3.744332,2017,N,N
MLT,2012-2017,FALSE,INC,m50,3.920963,2021,N,N
MLT,2012-2017,FALSE,INC,tot,3.721842,2021,N,N
MLT,2013-2018,FALSE,INC,premium,-.0533917,2017,N,N
MLT,2013-2018,FALSE,INC,tot,3.150426,2017,N,N
MLT,2013-2018,FALSE,INC,b40,3.097035,2017,N,N
MLT,2013-2018,FALSE,INC,m50,3.285372,2017,N,N
MLT,2013-2018,FALSE,INC,tot,3.150427,2021,N,N
MLT,2013-2018,FALSE,INC,premium,-.0533876,2021,N,N
MLT,2013-2018,FALSE,INC,b40,3.097039,2021,N,N
MLT,2013-2018,FALSE,INC,m50,3.285375,2021,N,N
MLT,2014-2019,FALSE,INC,m50,2.764005,2017,N,N
MLT,2014-2019,FALSE,INC,b40,2.924006,2017,N,N
MLT,2014-2019,FALSE,INC,premium,-.8120699,2017,N,N
MLT,2014-2019,FALSE,INC,b40,2.923973,2021,N,N
MLT,2014-2019,FALSE,INC,tot,3.736076,2017,N,N
MLT,2014-2019,FALSE,INC,premium,-.812098,2021,N,N
MLT,2014-2019,FALSE,INC,tot,3.736071,2021,N,N
MLT,2014-2019,FALSE,INC,m50,2.764006,2021,N,N
MLT,2015-2020,FALSE,INC,m50,3.999365,2021,N,N
MLT,2015-2020,FALSE,INC,b40,3.685934,2017,N,N
MLT,2015-2020,FALSE,INC,m50,3.99937,2017,N,N
MLT,2015-2020,FALSE,INC,premium,-.860908,2017,N,N
MLT,2015-2020,FALSE,INC,tot,4.546844,2021,N,N
MLT,2015-2020,FALSE,INC,tot,4.546842,2017,N,N
MLT,2015-2020,FALSE,INC,b40,3.685949,2021,N,N
MLT,2015-2020,FALSE,INC,premium,-.8608952,2021,N,N
MLT,2017-2022,FALSE,INC,premium,-2.337567,2021,N,N
MLT,2017-2022,FALSE,INC,m50,2.882881,2017,N,N
MLT,2017-2022,FALSE,INC,premium,-2.337562,2017,N,N
MLT,2017-2022,FALSE,INC,b40,2.085021,2017,N,N
MLT,2017-2022,FALSE,INC,tot,4.422583,2017,N,N
MLT,2017-2022,FALSE,INC,b40,2.085017,2021,N,N
MLT,2017-2022,FALSE,INC,tot,4.422585,2021,N,N
MLT,2017-2022,FALSE,INC,m50,2.882879,2021,N,N
MMR,2015-2017,FALSE,CONS,m50,7.117609,2017,N,N
MMR,2015-2017,FALSE,CONS,tot,1.278207,2017,N,N
MMR,2015-2017,FALSE,CONS,tot,1.278209,2021,N,N
MMR,2015-2017,FALSE,CONS,premium,8.181873,2021,N,N
MMR,2015-2017,FALSE,CONS,premium,8.181879,2017,N,N
MMR,2015-2017,FALSE,CONS,b40,9.460087,2017,N,N
MMR,2015-2017,FALSE,CONS,b40,9.460082,2021,N,N
MMR,2015-2017,FALSE,CONS,m50,7.117624,2021,N,N
MNE,2006-2011,FALSE,CONS,premium,-.0265708,2017,N,N
MNE,2006-2011,FALSE,CONS,m50,2.392782,2021,N,N
MNE,2006-2011,FALSE,CONS,m50,2.392785,2017,N,N
MNE,2006-2011,FALSE,CONS,premium,-.0265684,2021,N,N
MNE,2006-2011,FALSE,CONS,tot,2.467588,2021,N,N
MNE,2006-2011,FALSE,CONS,b40,2.44102,2021,N,N
MNE,2006-2011,FALSE,CONS,tot,2.467591,2017,N,N
MNE,2006-2011,FALSE,CONS,b40,2.44102,2017,N,N
MNE,2008-2013,FALSE,CONS,tot,-3.591595,2017,N,N
MNE,2008-2013,FALSE,CONS,b40,-4.820286,2017,N,N
MNE,2008-2013,FALSE,CONS,premium,-1.228691,2017,N,N
MNE,2008-2013,FALSE,CONS,b40,-4.820287,2021,N,N
MNE,2008-2013,FALSE,CONS,premium,-1.228687,2021,N,N
MNE,2008-2013,FALSE,CONS,m50,-3.962959,2017,N,N
MNE,2008-2013,FALSE,CONS,m50,-3.962957,2021,N,N
MNE,2008-2013,FALSE,CONS,tot,-3.5916,2021,N,N
MNE,2009-2014,FALSE,CONS,m50,-2.485541,2017,N,N
MNE,2009-2014,FALSE,CONS,premium,-.4632106,2017,N,N
MNE,2009-2014,FALSE,CONS,tot,-2.265184,2017,N,N
MNE,2009-2014,FALSE,CONS,b40,-2.728395,2017,N,N
MNE,2009-2014,FALSE,CONS,m50,-2.485539,2021,N,N
MNE,2009-2014,FALSE,CONS,premium,-.4632056,2021,N,N
MNE,2009-2014,FALSE,CONS,tot,-2.265186,2021,N,N
MNE,2009-2014,FALSE,CONS,b40,-2.728392,2021,N,N
MNE,2012-2016,FALSE,INC,b40,6.71208,2021,N,N
MNE,2012-2015,FALSE,INC,tot,1.353316,2021,N,N
MNE,2012-2016,FALSE,INC,tot,3.275195,2021,N,N
MNE,2012-2015,FALSE,INC,m50,2.702126,2021,N,N
MNE,2012-2016,FALSE,INC,tot,3.275357,2017,N,N
MNE,2012-2016,FALSE,INC,premium,3.437548,2017,N,N
MNE,2012-2015,FALSE,INC,b40,4.738743,2017,N,N
MNE,2012-2015,FALSE,INC,premium,3.387537,2021,N,N
MNE,2012-2015,FALSE,INC,m50,2.702114,2017,N,N
MNE,2012-2016,FALSE,INC,b40,6.712905,2017,N,N
MNE,2012-2015,FALSE,INC,tot,1.353036,2017,N,N
MNE,2012-2016,FALSE,INC,m50,4.38234,2021,N,N
MNE,2012-2015,FALSE,INC,premium,3.385707,2017,N,N
MNE,2012-2016,FALSE,INC,premium,3.436885,2021,N,N
MNE,2012-2015,FALSE,INC,b40,4.740853,2021,N,N
MNE,2012-2016,FALSE,INC,m50,4.38234,2017,N,N
MNE,2013-2018,FALSE,INC,premium,1.593172,2021,N,N
MNE,2013-2018,FALSE,INC,premium,1.593488,2017,N,N
MNE,2013-2018,FALSE,INC,b40,3.506677,2017,N,N
MNE,2013-2018,FALSE,INC,tot,1.913189,2017,N,N
MNE,2013-2018,FALSE,INC,m50,3.133898,2017,N,N
MNE,2013-2018,FALSE,INC,b40,3.506307,2021,N,N
MNE,2013-2018,FALSE,INC,m50,3.13389,2021,N,N
MNE,2013-2018,FALSE,INC,tot,1.913134,2021,N,N
MNE,2016-2021,FALSE,INC,b40,3.673192,2021,N,N
MNE,2016-2021,FALSE,INC,premium,2.366797,2021,N,N
MNE,2016-2021,FALSE,INC,tot,1.306395,2021,N,N
MNE,2016-2021,FALSE,INC,premium,2.365798,2017,N,N
MNE,2016-2021,FALSE,INC,b40,3.672018,2017,N,N
MNE,2016-2021,FALSE,INC,m50,2.28578,2021,N,N
MNE,2016-2021,FALSE,INC,tot,1.30622,2017,N,N
MNE,2016-2021,FALSE,INC,m50,2.285773,2017,N,N
MNG,2010-2016,FALSE,CONS,premium,.4332775,2021,N,N
MNG,2010-2014,FALSE,CONS,premium,.973597,2017,N,N
MNG,2010-2014,FALSE,CONS,premium,.9736037,2021,N,N
MNG,2010-2014,FALSE,CONS,tot,7.193503,2021,N,N
MNG,2010-2016,FALSE,CONS,m50,1.72624,2021,N,N
MNG,2010-2014,FALSE,CONS,tot,7.193514,2017,N,N
MNG,2010-2016,FALSE,CONS,tot,1.48843,2021,N,N
MNG,2010-2016,FALSE,CONS,m50,1.726239,2017,N,N
MNG,2010-2016,FALSE,CONS,b40,1.921709,2017,N,N
MNG,2010-2014,FALSE,CONS,b40,8.167107,2021,N,N
MNG,2010-2014,FALSE,CONS,b40,8.167111,2017,N,N
MNG,2010-2016,FALSE,CONS,tot,1.488424,2017,N,N
MNG,2010-2016,FALSE,CONS,premium,.4332846,2017,N,N
MNG,2010-2014,FALSE,CONS,m50,7.542996,2017,N,N
MNG,2010-2016,FALSE,CONS,b40,1.921707,2021,N,N
MNG,2010-2014,FALSE,CONS,m50,7.542996,2021,N,N
MNG,2011-2016,FALSE,CONS,m50,.5825442,2021,N,N
MNG,2011-2018,FALSE,CONS,tot,.7737871,2017,N,N
MNG,2011-2018,FALSE,CONS,m50,1.124495,2021,N,N
MNG,2011-2018,FALSE,CONS,premium,.3344419,2021,N,N
MNG,2011-2018,FALSE,CONS,m50,1.124494,2017,N,N
MNG,2011-2018,FALSE,CONS,premium,.3344474,2017,N,N
MNG,2011-2016,FALSE,CONS,m50,.582542,2017,N,N
MNG,2011-2016,FALSE,CONS,premium,.710498,2017,N,N
MNG,2011-2018,FALSE,CONS,b40,1.108235,2017,N,N
MNG,2011-2016,FALSE,CONS,tot,-.1465992,2017,N,N
MNG,2011-2018,FALSE,CONS,b40,1.108233,2021,N,N
MNG,2011-2016,FALSE,CONS,b40,.5638988,2017,N,N
MNG,2011-2018,FALSE,CONS,tot,.7737914,2021,N,N
MNG,2011-2016,FALSE,CONS,b40,.5638985,2021,N,N
MNG,2011-2016,FALSE,CONS,premium,.7104895,2021,N,N
MNG,2011-2016,FALSE,CONS,tot,-.1465909,2021,N,N
MNG,2014-2018,FALSE,CONS,premium,-.5520096,2017,N,N
MNG,2014-2018,FALSE,CONS,b40,-3.699485,2021,N,N
MNG,2014-2018,FALSE,CONS,tot,-3.147476,2017,N,N
MNG,2014-2018,FALSE,CONS,m50,-3.414323,2017,N,N
MNG,2014-2018,FALSE,CONS,tot,-3.14746,2021,N,N
MNG,2014-2018,FALSE,CONS,premium,-.5520248,2021,N,N
MNG,2014-2018,FALSE,CONS,b40,-3.699486,2017,N,N
MNG,2014-2018,FALSE,CONS,m50,-3.414324,2021,N,N
MNG,2016-2018,FALSE,CONS,tot,3.112034,2021,N,N
MNG,2016-2018,FALSE,CONS,b40,2.481996,2021,N,N
MNG,2016-2018,FALSE,CONS,b40,2.481999,2017,N,N
MNG,2016-2018,FALSE,CONS,tot,3.11204,2017,N,N
MNG,2016-2018,FALSE,CONS,m50,2.49218,2021,N,N
MNG,2016-2018,FALSE,CONS,premium,-.6300383,2021,N,N
MNG,2016-2018,FALSE,CONS,premium,-.6300404,2017,N,N
MNG,2016-2018,FALSE,CONS,m50,2.492184,2017,N,N
MOZ,2002-2008,FALSE,CONS,premium,-.0102582,2017,N,N
MOZ,2002-2008,FALSE,CONS,tot,3.002177,2021,N,N
MOZ,2002-2008,FALSE,CONS,premium,-.0091147,2021,N,N
MOZ,2002-2008,FALSE,CONS,m50,3.860577,2017,N,N
MOZ,2002-2008,FALSE,CONS,m50,3.860577,2021,N,N
MOZ,2002-2008,FALSE,CONS,b40,2.991724,2017,N,N
MOZ,2002-2008,FALSE,CONS,tot,3.001982,2017,N,N
MOZ,2002-2008,FALSE,CONS,b40,2.993062,2021,N,N
MOZ,2008-2014,FALSE,CONS,m50,1.758634,2017,N,N
MOZ,2008-2014,FALSE,CONS,tot,5.350084,2021,N,N
MOZ,2008-2014,FALSE,CONS,m50,1.758636,2021,N,N
MOZ,2008-2014,FALSE,CONS,premium,-3.87411,2017,N,N
MOZ,2008-2014,FALSE,CONS,b40,1.473714,2017,N,N
MOZ,2008-2014,FALSE,CONS,b40,1.485849,2021,N,N
MOZ,2008-2014,FALSE,CONS,tot,5.347824,2017,N,N
MOZ,2008-2014,FALSE,CONS,premium,-3.864236,2021,N,N
MOZ,2014-2019,FALSE,CONS,b40,-3.847413,2017,N,N
MOZ,2014-2019,FALSE,CONS,premium,1.200219,2017,N,N
MOZ,2014-2019,FALSE,CONS,tot,-5.047633,2017,N,N
MOZ,2014-2019,FALSE,CONS,b40,-3.875383,2021,N,N
MOZ,2014-2019,FALSE,CONS,m50,-3.575017,2017,N,N
MOZ,2014-2019,FALSE,CONS,m50,-3.57501,2021,N,N
MOZ,2014-2019,FALSE,CONS,premium,1.175877,2021,N,N
MOZ,2014-2019,FALSE,CONS,tot,-5.05126,2021,N,N
MRT,2008-2014,FALSE,CONS,tot,1.562255,2017,N,N
MRT,2008-2014,FALSE,CONS,m50,2.100183,2021,N,N
MRT,2008-2014,FALSE,CONS,m50,2.100184,2017,N,N
MRT,2008-2014,FALSE,CONS,b40,3.354615,2017,N,N
MRT,2008-2014,FALSE,CONS,premium,1.79236,2017,N,N
MRT,2008-2014,FALSE,CONS,b40,3.354749,2021,N,N
MRT,2008-2014,FALSE,CONS,tot,1.562281,2021,N,N
MRT,2008-2014,FALSE,CONS,premium,1.792469,2021,N,N
MRT,2014-2019,FALSE,CONS,m50,-.0767323,2021,N,N
MRT,2014-2019,FALSE,CONS,b40,.3135809,2017,N,N
MRT,2014-2019,FALSE,CONS,tot,-.0845585,2021,N,N
MRT,2014-2019,FALSE,CONS,m50,-.0767338,2017,N,N
MRT,2014-2019,FALSE,CONS,premium,.398132,2017,N,N
MRT,2014-2019,FALSE,CONS,b40,.3135554,2021,N,N
MRT,2014-2019,FALSE,CONS,tot,-.0845511,2017,N,N
MRT,2014-2019,FALSE,CONS,premium,.3981139,2021,N,N
MUS,2006-2012,FALSE,CONS,premium,-1.08619,2021,N,N
MUS,2006-2012,FALSE,CONS,tot,2.320304,2017,N,N
MUS,2006-2012,FALSE,CONS,premium,-1.086196,2017,N,N
MUS,2006-2012,FALSE,CONS,m50,1.652756,2017,N,N
MUS,2006-2012,FALSE,CONS,m50,1.652763,2021,N,N
MUS,2006-2012,FALSE,CONS,b40,1.234109,2021,N,N
MUS,2006-2012,FALSE,CONS,tot,2.320299,2021,N,N
MUS,2006-2012,FALSE,CONS,b40,1.234108,2017,N,N
MUS,2012-2017,FALSE,CONS,b40,2.713538,2021,N,N
MUS,2012-2017,FALSE,CONS,m50,2.555842,2017,N,N
MUS,2012-2017,FALSE,CONS,premium,.6983428,2021,N,N
MUS,2012-2017,FALSE,CONS,tot,2.015185,2017,N,N
MUS,2012-2017,FALSE,CONS,premium,.698354,2017,N,N
MUS,2012-2017,FALSE,CONS,tot,2.015196,2021,N,N
MUS,2012-2017,FALSE,CONS,b40,2.713539,2017,N,N
MUS,2012-2017,FALSE,CONS,m50,2.555851,2021,N,N
MWI,2004-2010,FALSE,CONS,premium,-2.843731,2017,N,N
MWI,2004-2010,FALSE,CONS,m50,-.7269906,2017,N,N
MWI,2004-2010,FALSE,CONS,b40,-2.205803,2021,N,N
MWI,2004-2010,FALSE,CONS,b40,-2.200412,2017,N,N
MWI,2004-2010,FALSE,CONS,premium,-2.848316,2021,N,N
MWI,2004-2010,FALSE,CONS,m50,-.7269936,2021,N,N
MWI,2004-2010,FALSE,CONS,tot,.6425136,2021,N,N
MWI,2004-2010,FALSE,CONS,tot,.6433193,2017,N,N
MWI,2010-2016,FALSE,CONS,m50,1.399609,2021,N,N
MWI,2010-2016,FALSE,CONS,m50,1.399612,2017,N,N
MWI,2010-2016,FALSE,CONS,premium,1.476244,2017,N,N
MWI,2010-2016,FALSE,CONS,tot,1.567876,2017,N,N
MWI,2010-2016,FALSE,CONS,b40,3.049417,2021,N,N
MWI,2010-2016,FALSE,CONS,b40,3.044121,2017,N,N
MWI,2010-2016,FALSE,CONS,premium,1.480773,2021,N,N
MWI,2010-2016,FALSE,CONS,tot,1.568643,2021,N,N
MWI,2016-2019,FALSE,CONS,m50,-2.395974,2017,N,N
MWI,2016-2019,FALSE,CONS,premium,3.15154,2017,N,N
MWI,2016-2019,FALSE,CONS,premium,3.151504,2021,N,N
MWI,2016-2019,FALSE,CONS,tot,-6.107317,2017,N,N
MWI,2016-2019,FALSE,CONS,m50,-2.395981,2021,N,N
MWI,2016-2019,FALSE,CONS,b40,-2.955777,2017,N,N
MWI,2016-2019,FALSE,CONS,tot,-6.10735,2021,N,N
MWI,2016-2019,FALSE,CONS,b40,-2.955847,2021,N,N
MYS,2011-2015,FALSE,INC,tot,4.974335,2017,N,N
MYS,2011-2015,FALSE,INC,premium,2.037327,2021,N,N
MYS,2011-2015,FALSE,INC,m50,6.023249,2021,N,N
MYS,2011-2015,FALSE,INC,b40,7.011667,2021,N,N
MYS,2011-2015,FALSE,INC,premium,2.037332,2017,N,N
MYS,2011-2015,FALSE,INC,b40,7.011667,2017,N,N
MYS,2011-2015,FALSE,INC,m50,6.023264,2017,N,N
MYS,2011-2015,FALSE,INC,tot,4.97434,2021,N,N
MYS,2015-2018,FALSE,INC,m50,4.488486,2021,N,N
MYS,2015-2021,FALSE,INC,tot,3.059274,2017,N,N
MYS,2015-2018,FALSE,INC,premium,-.3496733,2021,N,N
MYS,2015-2021,FALSE,INC,premium,.1613624,2021,N,N
MYS,2015-2021,FALSE,INC,b40,3.220626,2017,N,N
MYS,2015-2018,FALSE,INC,tot,4.397114,2017,N,N
MYS,2015-2018,FALSE,INC,b40,4.047431,2017,N,N
MYS,2015-2018,FALSE,INC,m50,4.488466,2017,N,N
MYS,2015-2018,FALSE,INC,tot,4.397111,2021,N,N
MYS,2015-2021,FALSE,INC,premium,.1613522,2017,N,N
MYS,2015-2021,FALSE,INC,m50,3.260711,2017,N,N
MYS,2015-2018,FALSE,INC,premium,-.3496833,2017,N,N
MYS,2015-2021,FALSE,INC,b40,3.220635,2021,N,N
MYS,2015-2018,FALSE,INC,b40,4.047438,2021,N,N
MYS,2015-2021,FALSE,INC,m50,3.260716,2021,N,N
MYS,2015-2021,FALSE,INC,tot,3.059273,2021,N,N
NAM,2003-2009,FALSE,CONS,m50,3.373114,2017,N,N
NAM,2003-2009,FALSE,CONS,m50,3.373112,2021,N,N
NAM,2003-2009,FALSE,CONS,tot,1.976487,2017,N,N
NAM,2003-2009,FALSE,CONS,premium,1.273315,2017,N,N
NAM,2003-2009,FALSE,CONS,premium,1.27399,2021,N,N
NAM,2003-2009,FALSE,CONS,b40,3.250534,2021,N,N
NAM,2003-2009,FALSE,CONS,b40,3.249802,2017,N,N
NAM,2003-2009,FALSE,CONS,tot,1.976544,2021,N,N
NAM,2009-2015,FALSE,CONS,b40,5.734,2017,N,N
NAM,2009-2015,FALSE,CONS,tot,6.643003,2017,N,N
NAM,2009-2015,FALSE,CONS,premium,-.9087968,2021,N,N
NAM,2009-2015,FALSE,CONS,tot,6.64303,2021,N,N
NAM,2009-2015,FALSE,CONS,m50,8.667664,2017,N,N
NAM,2009-2015,FALSE,CONS,m50,8.667663,2021,N,N
NAM,2009-2015,FALSE,CONS,b40,5.734233,2021,N,N
NAM,2009-2015,FALSE,CONS,premium,-.9090033,2017,N,N
NER,2011-2014,FALSE,CONS,tot,3.261001,2017,N,N
NER,2011-2014,FALSE,CONS,m50,2.485593,2021,N,N
NER,2011-2014,FALSE,CONS,m50,2.485601,2017,N,N
NER,2011-2014,FALSE,CONS,premium,-3.317089,2017,N,N
NER,2011-2014,FALSE,CONS,premium,-3.317072,2021,N,N
NER,2011-2014,FALSE,CONS,b40,-.0560876,2017,N,N
NER,2011-2014,FALSE,CONS,tot,3.260991,2021,N,N
NER,2011-2014,FALSE,CONS,b40,-.0560808,2021,N,N
NER,2018-2021,FALSE,CONS,premium,3.563468,2021,N,N
NER,2018-2021,FALSE,CONS,m50,.0092215,2021,N,N
NER,2018-2021,FALSE,CONS,m50,.0092232,2017,N,N
NER,2018-2021,FALSE,CONS,tot,-1.970686,2017,N,N
NER,2018-2021,FALSE,CONS,b40,1.592783,2021,N,N
NER,2018-2021,FALSE,CONS,premium,3.563452,2017,N,N
NER,2018-2021,FALSE,CONS,b40,1.592766,2017,N,N
NER,2018-2021,FALSE,CONS,tot,-1.970685,2021,N,N
NIC,2005-2009,FALSE,INC,premium,2.814047,2021,N,N
NIC,2005-2009,FALSE,INC,b40,2.194808,2017,N,N
NIC,2005-2009,FALSE,INC,premium,2.813642,2017,N,N
NIC,2005-2009,FALSE,INC,b40,2.195272,2021,N,N
NIC,2005-2009,FALSE,INC,tot,-.6188341,2017,N,N
NIC,2005-2009,FALSE,INC,m50,1.919286,2017,N,N
NIC,2005-2009,FALSE,INC,tot,-.618775,2021,N,N
NIC,2005-2009,FALSE,INC,m50,1.919287,2021,N,N
NIC,2009-2014,FALSE,INC,tot,6.521336,2021,N,N
NIC,2009-2014,FALSE,INC,m50,6.197463,2017,N,N
NIC,2009-2014,FALSE,INC,b40,5.639209,2017,N,N
NIC,2009-2014,FALSE,INC,b40,5.639281,2021,N,N
NIC,2009-2014,FALSE,INC,tot,6.521326,2017,N,N
NIC,2009-2014,FALSE,INC,premium,-.8821168,2017,N,N
NIC,2009-2014,FALSE,INC,premium,-.8820548,2021,N,N
NIC,2009-2014,FALSE,INC,m50,6.197462,2021,N,N
NLD,2007-2012,FALSE,INC,b40,-.3135967,2021,N,N
NLD,2007-2012,FALSE,INC,premium,.7551825,2021,N,N
NLD,2007-2012,FALSE,INC,tot,-1.06878,2017,N,N
NLD,2007-2012,FALSE,INC,premium,.7551894,2017,N,N
NLD,2007-2012,FALSE,INC,b40,-.3135904,2017,N,N
NLD,2007-2012,FALSE,INC,m50,-.4950886,2017,N,N
NLD,2007-2012,FALSE,INC,tot,-1.068779,2021,N,N
NLD,2007-2012,FALSE,INC,m50,-.4950872,2021,N,N
NLD,2009-2014,FALSE,INC,b40,-.9773821,2021,N,N
NLD,2009-2014,FALSE,INC,m50,-1.142829,2021,N,N
NLD,2009-2014,FALSE,INC,tot,-.8405415,2021,N,N
NLD,2009-2014,FALSE,INC,tot,-.8405413,2017,N,N
NLD,2009-2014,FALSE,INC,b40,-.9773769,2017,N,N
NLD,2009-2014,FALSE,INC,premium,-.1368356,2017,N,N
NLD,2009-2014,FALSE,INC,m50,-1.142826,2017,N,N
NLD,2009-2014,FALSE,INC,premium,-.1368406,2021,N,N
NLD,2010-2015,FALSE,INC,m50,.3313954,2021,N,N
NLD,2010-2015,FALSE,INC,m50,.3313979,2017,N,N
NLD,2010-2015,FALSE,INC,premium,.0078074,2021,N,N
NLD,2010-2015,FALSE,INC,premium,.0078042,2017,N,N
NLD,2010-2015,FALSE,INC,tot,.5634863,2017,N,N
NLD,2010-2015,FALSE,INC,b40,.5712932,2021,N,N
NLD,2010-2015,FALSE,INC,tot,.5634857,2021,N,N
NLD,2010-2015,FALSE,INC,b40,.5712904,2017,N,N
NLD,2012-2017,FALSE,INC,premium,-.3486369,2021,N,N
NLD,2012-2017,FALSE,INC,b40,1.553057,2021,N,N
NLD,2012-2017,FALSE,INC,m50,1.738324,2017,N,N
NLD,2012-2017,FALSE,INC,premium,-.3486296,2017,N,N
NLD,2012-2017,FALSE,INC,tot,1.901695,2017,N,N
NLD,2012-2017,FALSE,INC,m50,1.738322,2021,N,N
NLD,2012-2017,FALSE,INC,b40,1.553065,2017,N,N
NLD,2012-2017,FALSE,INC,tot,1.901694,2021,N,N
NLD,2013-2018,FALSE,INC,b40,2.384064,2021,N,N
NLD,2013-2018,FALSE,INC,tot,2.362762,2017,N,N
NLD,2013-2018,FALSE,INC,m50,2.544105,2021,N,N
NLD,2013-2018,FALSE,INC,m50,2.544107,2017,N,N
NLD,2013-2018,FALSE,INC,premium,.0213144,2017,N,N
NLD,2013-2018,FALSE,INC,tot,2.362761,2021,N,N
NLD,2013-2018,FALSE,INC,b40,2.384076,2017,N,N
NLD,2013-2018,FALSE,INC,premium,.0213032,2021,N,N
NLD,2014-2019,FALSE,INC,b40,2.558661,2017,N,N
NLD,2014-2019,FALSE,INC,m50,2.840907,2017,N,N
NLD,2014-2019,FALSE,INC,premium,-.2448645,2017,N,N
NLD,2014-2019,FALSE,INC,m50,2.840907,2021,N,N
NLD,2014-2019,FALSE,INC,tot,2.803525,2017,N,N
NLD,2014-2019,FALSE,INC,b40,2.558655,2021,N,N
NLD,2014-2019,FALSE,INC,premium,-.2448702,2021,N,N
NLD,2014-2019,FALSE,INC,tot,2.803525,2021,N,N
NLD,2015-2020,FALSE,INC,tot,2.087008,2017,N,N
NLD,2015-2020,FALSE,INC,tot,2.087009,2021,N,N
NLD,2015-2020,FALSE,INC,premium,.9262996,2017,N,N
NLD,2015-2020,FALSE,INC,b40,3.013308,2021,N,N
NLD,2015-2020,FALSE,INC,m50,3.13948,2017,N,N
NLD,2015-2020,FALSE,INC,premium,.9262984,2021,N,N
NLD,2015-2020,FALSE,INC,b40,3.013307,2017,N,N
NLD,2015-2020,FALSE,INC,m50,3.139483,2021,N,N
NLD,2016-2021,FALSE,INC,tot,1.766196,2017,N,N
NLD,2016-2021,FALSE,INC,tot,1.766191,2021,N,N
NLD,2016-2021,FALSE,INC,b40,2.856401,2017,N,N
NLD,2016-2021,FALSE,INC,b40,2.856396,2021,N,N
NLD,2016-2021,FALSE,INC,premium,1.090205,2017,N,N
NLD,2016-2021,FALSE,INC,m50,2.571285,2021,N,N
NLD,2016-2021,FALSE,INC,m50,2.571282,2017,N,N
NLD,2016-2021,FALSE,INC,premium,1.090205,2021,N,N
NOR,2007-2012,FALSE,INC,b40,2.561902,2017,N,N
NOR,2007-2012,FALSE,INC,premium,.3347073,2021,N,N
NOR,2007-2012,FALSE,INC,b40,2.561897,2021,N,N
NOR,2007-2012,FALSE,INC,premium,.3347132,2017,N,N
NOR,2007-2012,FALSE,INC,m50,2.966709,2017,N,N
NOR,2007-2012,FALSE,INC,tot,2.22719,2021,N,N
NOR,2007-2012,FALSE,INC,tot,2.227189,2017,N,N
NOR,2007-2012,FALSE,INC,m50,2.966711,2021,N,N
NOR,2009-2014,FALSE,INC,m50,2.828169,2017,N,N
NOR,2009-2014,FALSE,INC,premium,-.3556833,2017,N,N
NOR,2009-2014,FALSE,INC,b40,2.440436,2017,N,N
NOR,2009-2014,FALSE,INC,premium,-.3556771,2021,N,N
NOR,2009-2014,FALSE,INC,tot,2.796119,2017,N,N
NOR,2009-2014,FALSE,INC,b40,2.440444,2021,N,N
NOR,2009-2014,FALSE,INC,tot,2.796121,2021,N,N
NOR,2009-2014,FALSE,INC,m50,2.828169,2021,N,N
NOR,2010-2015,FALSE,INC,premium,-.7694044,2017,N,N
NOR,2010-2015,FALSE,INC,b40,2.20998,2021,N,N
NOR,2010-2015,FALSE,INC,m50,2.68647,2017,N,N
NOR,2010-2015,FALSE,INC,tot,2.979373,2021,N,N
NOR,2010-2015,FALSE,INC,tot,2.97937,2017,N,N
NOR,2010-2015,FALSE,INC,b40,2.209966,2017,N,N
NOR,2010-2015,FALSE,INC,premium,-.769393,2021,N,N
NOR,2010-2015,FALSE,INC,m50,2.686471,2021,N,N
NOR,2012-2017,FALSE,INC,premium,-.5464662,2021,N,N
NOR,2012-2017,FALSE,INC,b40,.4839596,2017,N,N
NOR,2012-2017,FALSE,INC,tot,1.030387,2017,N,N
NOR,2012-2017,FALSE,INC,m50,.8684829,2021,N,N
NOR,2012-2017,FALSE,INC,b40,.4839126,2021,N,N
NOR,2012-2017,FALSE,INC,premium,-.5464277,2017,N,N
NOR,2012-2017,FALSE,INC,m50,.8684878,2017,N,N
NOR,2012-2017,FALSE,INC,tot,1.030379,2021,N,N
NOR,2013-2018,FALSE,INC,m50,.0017456,2021,N,N
NOR,2013-2018,FALSE,INC,tot,.2170063,2017,N,N
NOR,2013-2018,FALSE,INC,m50,.0017454,2017,N,N
NOR,2013-2018,FALSE,INC,tot,.2169896,2021,N,N
NOR,2013-2018,FALSE,INC,premium,-.4868879,2021,N,N
NOR,2013-2018,FALSE,INC,premium,-.4868297,2017,N,N
NOR,2013-2018,FALSE,INC,b40,-.2698234,2017,N,N
NOR,2013-2018,FALSE,INC,b40,-.2698983,2021,N,N
NOR,2014-2019,FALSE,INC,premium,-.3472048,2021,N,N
NOR,2014-2019,FALSE,INC,m50,.1583208,2017,N,N
NOR,2014-2019,FALSE,INC,tot,.4338201,2017,N,N
NOR,2014-2019,FALSE,INC,b40,.0866483,2017,N,N
NOR,2014-2019,FALSE,INC,tot,.4338097,2021,N,N
NOR,2014-2019,FALSE,INC,m50,.1583201,2021,N,N
NOR,2014-2019,FALSE,INC,premium,-.3471718,2017,N,N
NOR,2014-2019,FALSE,INC,b40,.0866048,2021,N,N
NOR,2017-2022,FALSE,INC,tot,.1259175,2017,N,N
NOR,2017-2022,FALSE,INC,m50,.0590977,2021,N,N
NOR,2017-2022,FALSE,INC,tot,.125912,2021,N,N
NOR,2017-2022,FALSE,INC,premium,.1005411,2017,N,N
NOR,2017-2022,FALSE,INC,b40,.2264586,2017,N,N
NOR,2017-2022,FALSE,INC,b40,.2264404,2021,N,N
NOR,2017-2022,FALSE,INC,premium,.1005283,2021,N,N
NOR,2017-2022,FALSE,INC,m50,.0590947,2017,N,N
PAK,2004-2010,FALSE,CONS,premium,.8117611,2017,N,N
PAK,2004-2010,FALSE,CONS,b40,3.003541,2017,N,N
PAK,2004-2010,FALSE,CONS,premium,.8117583,2021,N,N
PAK,2004-2010,FALSE,CONS,m50,2.640881,2017,N,N
PAK,2004-2010,FALSE,CONS,m50,2.640884,2021,N,N
PAK,2004-2010,FALSE,CONS,tot,2.191779,2021,N,N
PAK,2004-2010,FALSE,CONS,b40,3.003538,2021,N,N
PAK,2004-2010,FALSE,CONS,tot,2.19178,2017,N,N
PAK,2005-2010,FALSE,CONS,b40,3.468514,2021,N,N
PAK,2005-2010,FALSE,CONS,premium,.9856961,2017,N,N
PAK,2005-2010,FALSE,CONS,premium,.9856997,2021,N,N
PAK,2005-2010,FALSE,CONS,m50,3.170523,2021,N,N
PAK,2005-2010,FALSE,CONS,b40,3.468513,2017,N,N
PAK,2005-2010,FALSE,CONS,m50,3.170525,2017,N,N
PAK,2005-2010,FALSE,CONS,tot,2.482814,2021,N,N
PAK,2005-2010,FALSE,CONS,tot,2.482817,2017,N,N
PAK,2007-2013,FALSE,CONS,tot,2.730081,2017,N,N
PAK,2007-2013,FALSE,CONS,premium,-.0981128,2021,N,N
PAK,2007-2013,FALSE,CONS,b40,2.631967,2021,N,N
PAK,2007-2013,FALSE,CONS,b40,2.631963,2017,N,N
PAK,2007-2013,FALSE,CONS,m50,3.035262,2021,N,N
PAK,2007-2013,FALSE,CONS,premium,-.0981178,2017,N,N
PAK,2007-2013,FALSE,CONS,m50,3.035266,2017,N,N
PAK,2007-2013,FALSE,CONS,tot,2.73008,2021,N,N
PAK,2010-2015,FALSE,CONS,tot,3.566968,2021,N,N
PAK,2010-2015,FALSE,CONS,m50,2.859474,2017,N,N
PAK,2010-2015,FALSE,CONS,premium,-1.109481,2017,N,N
PAK,2010-2015,FALSE,CONS,b40,2.457487,2021,N,N
PAK,2010-2015,FALSE,CONS,m50,2.859477,2021,N,N
PAK,2010-2015,FALSE,CONS,tot,3.566964,2017,N,N
PAK,2010-2015,FALSE,CONS,premium,-1.109481,2021,N,N
PAK,2010-2015,FALSE,CONS,b40,2.457484,2017,N,N
PAK,2013-2018,FALSE,CONS,premium,.0862013,2021,N,N
PAK,2013-2018,FALSE,CONS,tot,1.249649,2021,N,N
PAK,2013-2018,FALSE,CONS,premium,.0862001,2017,N,N
PAK,2013-2018,FALSE,CONS,b40,1.335852,2017,N,N
PAK,2013-2018,FALSE,CONS,tot,1.249652,2017,N,N
PAK,2013-2018,FALSE,CONS,m50,.9962097,2021,N,N
PAK,2013-2018,FALSE,CONS,m50,.9962032,2017,N,N
PAK,2013-2018,FALSE,CONS,b40,1.33585,2021,N,N
PAN,2008-2011,FALSE,INC,m50,5.219861,2021,N,N
PAN,2008-2011,FALSE,INC,premium,1.906013,2021,N,N
PAN,2008-2012,FALSE,INC,m50,4.080865,2017,N,N
PAN,2008-2012,FALSE,INC,m50,4.080858,2021,N,N
PAN,2008-2011,FALSE,INC,tot,4.35817,2021,N,N
PAN,2008-2011,FALSE,INC,b40,6.263961,2017,N,N
PAN,2008-2011,FALSE,INC,tot,4.358144,2017,N,N
PAN,2008-2012,FALSE,INC,premium,.7442811,2017,N,N
PAN,2008-2011,FALSE,INC,premium,1.905817,2017,N,N
PAN,2008-2012,FALSE,INC,premium,.7443788,2021,N,N
PAN,2008-2011,FALSE,INC,b40,6.264183,2021,N,N
PAN,2008-2012,FALSE,INC,b40,4.306628,2017,N,N
PAN,2008-2012,FALSE,INC,b40,4.306739,2021,N,N
PAN,2008-2012,FALSE,INC,tot,3.56236,2021,N,N
PAN,2008-2011,FALSE,INC,m50,5.219879,2017,N,N
PAN,2008-2012,FALSE,INC,tot,3.562347,2017,N,N
PAN,2009-2014,FALSE,INC,m50,4.786233,2021,N,N
PAN,2009-2014,FALSE,INC,premium,.5409935,2021,N,N
PAN,2009-2014,FALSE,INC,premium,.5409405,2017,N,N
PAN,2009-2014,FALSE,INC,b40,4.148336,2021,N,N
PAN,2009-2014,FALSE,INC,tot,3.607332,2017,N,N
PAN,2009-2014,FALSE,INC,tot,3.607343,2021,N,N
PAN,2009-2014,FALSE,INC,b40,4.148273,2017,N,N
PAN,2009-2014,FALSE,INC,m50,4.786239,2017,N,N
PAN,2010-2015,FALSE,INC,tot,4.954787,2017,N,N
PAN,2010-2015,FALSE,INC,m50,5.355492,2021,N,N
PAN,2010-2015,FALSE,INC,b40,5.534042,2017,N,N
PAN,2010-2015,FALSE,INC,b40,5.534046,2021,N,N
PAN,2010-2015,FALSE,INC,premium,.5792551,2017,N,N
PAN,2010-2015,FALSE,INC,m50,5.3555,2017,N,N
PAN,2010-2015,FALSE,INC,premium,.5792565,2021,N,N
PAN,2010-2015,FALSE,INC,tot,4.95479,2021,N,N
PAN,2011-2016,FALSE,INC,m50,4.408566,2017,N,N
PAN,2011-2016,FALSE,INC,tot,3.871177,2017,N,N
PAN,2011-2016,FALSE,INC,premium,.1005063,2017,N,N
PAN,2011-2016,FALSE,INC,premium,.1004634,2021,N,N
PAN,2011-2016,FALSE,INC,tot,3.871173,2021,N,N
PAN,2011-2016,FALSE,INC,b40,3.971636,2021,N,N
PAN,2011-2016,FALSE,INC,b40,3.971684,2017,N,N
PAN,2011-2016,FALSE,INC,m50,4.408576,2021,N,N
PAN,2012-2017,FALSE,INC,tot,3.506346,2017,N,N
PAN,2012-2017,FALSE,INC,premium,1.143831,2017,N,N
PAN,2012-2017,FALSE,INC,b40,4.650524,2021,N,N
PAN,2012-2017,FALSE,INC,b40,4.650177,2017,N,N
PAN,2012-2017,FALSE,INC,m50,4.760468,2021,N,N
PAN,2012-2017,FALSE,INC,m50,4.76047,2017,N,N
PAN,2012-2017,FALSE,INC,premium,1.144143,2021,N,N
PAN,2012-2017,FALSE,INC,tot,3.506381,2021,N,N
PAN,2013-2018,FALSE,INC,tot,3.869585,2017,N,N
PAN,2013-2018,FALSE,INC,premium,1.416242,2017,N,N
PAN,2013-2018,FALSE,INC,b40,5.285827,2017,N,N
PAN,2013-2018,FALSE,INC,tot,3.869592,2021,N,N
PAN,2013-2018,FALSE,INC,premium,1.416193,2021,N,N
PAN,2013-2018,FALSE,INC,m50,4.867043,2017,N,N
PAN,2013-2018,FALSE,INC,b40,5.285785,2021,N,N
PAN,2013-2018,FALSE,INC,m50,4.867033,2021,N,N
PAN,2014-2019,FALSE,INC,m50,4.551684,2017,N,N
PAN,2014-2019,FALSE,INC,b40,4.968999,2021,N,N
PAN,2014-2019,FALSE,INC,b40,4.969076,2017,N,N
PAN,2014-2019,FALSE,INC,m50,4.551683,2021,N,N
PAN,2014-2019,FALSE,INC,tot,4.474874,2021,N,N
PAN,2014-2019,FALSE,INC,premium,.4941878,2017,N,N
PAN,2014-2019,FALSE,INC,premium,.4941258,2021,N,N
PAN,2014-2019,FALSE,INC,tot,4.474888,2017,N,N
PAN,2016-2021,FALSE,INC,tot,-.0163911,2017,N,N
PAN,2016-2021,FALSE,INC,tot,-.0163697,2021,N,N
PAN,2016-2021,FALSE,INC,m50,-.6903372,2021,N,N
PAN,2016-2021,FALSE,INC,m50,-.6903298,2017,N,N
PAN,2016-2021,FALSE,INC,premium,.5194861,2017,N,N
PAN,2016-2021,FALSE,INC,premium,.519704,2021,N,N
PAN,2016-2021,FALSE,INC,b40,.5033343,2021,N,N
PAN,2016-2021,FALSE,INC,b40,.503095,2017,N,N
PAN,2018-2023,FALSE,INC,m50,-1.629553,2021,N,N
PAN,2018-2023,FALSE,INC,premium,.396587,2017,N,N
PAN,2018-2023,FALSE,INC,tot,-1.432866,2017,N,N
PAN,2018-2023,FALSE,INC,m50,-1.629559,2017,N,N
PAN,2018-2023,FALSE,INC,premium,.3965631,2021,N,N
PAN,2018-2023,FALSE,INC,tot,-1.432873,2021,N,N
PAN,2018-2023,FALSE,INC,b40,-1.03631,2021,N,N
PAN,2018-2023,FALSE,INC,b40,-1.036278,2017,N,N
PER,2006-2011,FALSE,INC,m50,8.166229,2021,N,N
PER,2006-2011,FALSE,INC,tot,5.641744,2021,N,N
PER,2006-2011,FALSE,INC,premium,4.249522,2021,N,N
PER,2006-2011,FALSE,INC,premium,4.249387,2017,N,N
PER,2006-2011,FALSE,INC,b40,9.891121,2017,N,N
PER,2006-2011,FALSE,INC,tot,5.641734,2017,N,N
PER,2006-2011,FALSE,INC,m50,8.16623,2017,N,N
PER,2006-2011,FALSE,INC,b40,9.891266,2021,N,N
PER,2007-2012,FALSE,INC,b40,8.469785,2021,N,N
PER,2007-2012,FALSE,INC,premium,4.150622,2021,N,N
PER,2007-2012,FALSE,INC,tot,4.319162,2021,N,N
PER,2007-2012,FALSE,INC,m50,6.70225,2021,N,N
PER,2007-2012,FALSE,INC,m50,6.702255,2017,N,N
PER,2007-2012,FALSE,INC,b40,8.46963,2017,N,N
PER,2007-2012,FALSE,INC,tot,4.319139,2017,N,N
PER,2007-2012,FALSE,INC,premium,4.150491,2017,N,N
PER,2009-2014,FALSE,INC,b40,5.617359,2017,N,N
PER,2009-2014,FALSE,INC,tot,2.98379,2017,N,N
PER,2009-2014,FALSE,INC,premium,2.633569,2017,N,N
PER,2009-2014,FALSE,INC,m50,4.473797,2017,N,N
PER,2009-2014,FALSE,INC,tot,2.983796,2021,N,N
PER,2009-2014,FALSE,INC,b40,5.617389,2021,N,N
PER,2009-2014,FALSE,INC,premium,2.633593,2021,N,N
PER,2009-2014,FALSE,INC,m50,4.473797,2021,N,N
PER,2011-2016,FALSE,INC,tot,2.261312,2017,N,N
PER,2011-2016,FALSE,INC,m50,2.253028,2021,N,N
PER,2011-2016,FALSE,INC,premium,.8219554,2017,N,N
PER,2011-2016,FALSE,INC,m50,2.253026,2017,N,N
PER,2011-2016,FALSE,INC,premium,.8219922,2021,N,N
PER,2011-2016,FALSE,INC,tot,2.261319,2021,N,N
PER,2011-2016,FALSE,INC,b40,3.083267,2017,N,N
PER,2011-2016,FALSE,INC,b40,3.083311,2021,N,N
PER,2012-2017,FALSE,INC,b40,1.706999,2021,N,N
PER,2012-2017,FALSE,INC,m50,.8908926,2021,N,N
PER,2012-2017,FALSE,INC,premium,.8332321,2017,N,N
PER,2012-2017,FALSE,INC,premium,.8332384,2021,N,N
PER,2012-2017,FALSE,INC,b40,1.70699,2017,N,N
PER,2012-2017,FALSE,INC,tot,.8737574,2017,N,N
PER,2012-2017,FALSE,INC,tot,.8737602,2021,N,N
PER,2012-2017,FALSE,INC,m50,.8908941,2017,N,N
PER,2013-2018,FALSE,INC,tot,1.198684,2017,N,N
PER,2013-2018,FALSE,INC,premium,1.176782,2017,N,N
PER,2013-2018,FALSE,INC,tot,1.198693,2021,N,N
PER,2013-2018,FALSE,INC,b40,2.375467,2017,N,N
PER,2013-2018,FALSE,INC,m50,1.337923,2017,N,N
PER,2013-2018,FALSE,INC,b40,2.375494,2021,N,N
PER,2013-2018,FALSE,INC,m50,1.337914,2021,N,N
PER,2013-2018,FALSE,INC,premium,1.176801,2021,N,N
PER,2014-2019,FALSE,INC,m50,1.614212,2021,N,N
PER,2014-2019,FALSE,INC,tot,1.367787,2017,N,N
PER,2014-2019,FALSE,INC,premium,1.24673,2017,N,N
PER,2014-2019,FALSE,INC,m50,1.614218,2017,N,N
PER,2014-2019,FALSE,INC,b40,2.614517,2017,N,N
PER,2014-2019,FALSE,INC,b40,2.614575,2021,N,N
PER,2014-2019,FALSE,INC,premium,1.246784,2021,N,N
PER,2014-2019,FALSE,INC,tot,1.367792,2021,N,N
PER,2015-2020,FALSE,INC,premium,-.2622502,2017,N,N
PER,2015-2020,FALSE,INC,premium,-.2625451,2021,N,N
PER,2015-2020,FALSE,INC,tot,-3.526045,2021,N,N
PER,2015-2020,FALSE,INC,tot,-3.525995,2017,N,N
PER,2015-2020,FALSE,INC,m50,-3.865103,2021,N,N
PER,2015-2020,FALSE,INC,b40,-3.788245,2017,N,N
PER,2015-2020,FALSE,INC,m50,-3.865106,2017,N,N
PER,2015-2020,FALSE,INC,b40,-3.78859,2021,N,N
PER,2016-2021,FALSE,INC,m50,-1.550081,2017,N,N
PER,2016-2021,FALSE,INC,tot,-2.088133,2017,N,N
PER,2016-2021,FALSE,INC,premium,2.630497,2017,N,N
PER,2016-2021,FALSE,INC,b40,.5423633,2017,N,N
PER,2016-2021,FALSE,INC,m50,-1.55008,2021,N,N
PER,2016-2021,FALSE,INC,tot,-2.088137,2021,N,N
PER,2016-2021,FALSE,INC,premium,2.630555,2021,N,N
PER,2016-2021,FALSE,INC,b40,.5424176,2021,N,N
PER,2017-2022,FALSE,INC,premium,2.33353,2021,N,N
PER,2017-2022,FALSE,INC,premium,2.333556,2017,N,N
PER,2017-2022,FALSE,INC,m50,-.9141818,2017,N,N
PER,2017-2022,FALSE,INC,m50,-.9141666,2021,N,N
PER,2017-2022,FALSE,INC,tot,-1.313216,2017,N,N
PER,2017-2022,FALSE,INC,b40,1.020341,2017,N,N
PER,2017-2022,FALSE,INC,b40,1.020305,2021,N,N
PER,2017-2022,FALSE,INC,tot,-1.313225,2021,N,N
PER,2018-2023,FALSE,INC,tot,-1.862862,2017,N,N
PER,2018-2023,FALSE,INC,premium,1.237475,2017,N,N
PER,2018-2023,FALSE,INC,premium,1.237443,2021,N,N
PER,2018-2023,FALSE,INC,b40,-.6253872,2017,N,N
PER,2018-2023,FALSE,INC,b40,-.6254315,2021,N,N
PER,2018-2023,FALSE,INC,tot,-1.862875,2021,N,N
PER,2018-2023,FALSE,INC,m50,-1.517487,2021,N,N
PER,2018-2023,FALSE,INC,m50,-1.517481,2017,N,N
PHL,2006-2012,FALSE,CONS,m50,.7344349,2017,N,N
PHL,2006-2012,FALSE,CONS,b40,.9686693,2021,N,N
PHL,2006-2012,FALSE,CONS,b40,.9686633,2017,N,N
PHL,2006-2012,FALSE,CONS,tot,.5507429,2017,N,N
PHL,2006-2012,FALSE,CONS,tot,.5507454,2021,N,N
PHL,2006-2012,FALSE,CONS,premium,.4179204,2017,N,N
PHL,2006-2012,FALSE,CONS,premium,.4179239,2021,N,N
PHL,2006-2012,FALSE,CONS,m50,.7344372,2021,N,N
PHL,2009-2015,FALSE,INC,b40,2.764558,2021,N,N
PHL,2009-2015,FALSE,INC,m50,2.46443,2017,N,N
PHL,2009-2015,FALSE,INC,premium,.9350736,2017,N,N
PHL,2009-2015,FALSE,INC,tot,1.829484,2017,N,N
PHL,2009-2015,FALSE,INC,tot,1.829484,2021,N,N
PHL,2009-2015,FALSE,INC,premium,.9350739,2021,N,N
PHL,2009-2015,FALSE,INC,m50,2.464431,2021,N,N
PHL,2009-2015,FALSE,INC,b40,2.764558,2017,N,N
PHL,2012-2015,FALSE,INC,premium,2.318197,2017,N,N
PHL,2012-2015,FALSE,INC,m50,4.183987,2021,N,N
PHL,2012-2015,FALSE,INC,tot,2.866004,2017,N,N
PHL,2012-2015,FALSE,INC,b40,5.184201,2017,N,N
PHL,2012-2015,FALSE,INC,m50,4.183985,2017,N,N
PHL,2012-2015,FALSE,INC,premium,2.318199,2021,N,N
PHL,2012-2015,FALSE,INC,tot,2.866006,2021,N,N
PHL,2012-2015,FALSE,INC,b40,5.184205,2021,N,N
PHL,2015-2018,FALSE,INC,premium,2.722535,2017,N,N
PHL,2015-2021,FALSE,INC,premium,2.191191,2017,N,N
PHL,2015-2021,FALSE,INC,b40,2.982901,2021,N,N
PHL,2015-2018,FALSE,INC,premium,2.72253,2021,N,N
PHL,2015-2021,FALSE,INC,m50,1.901805,2021,N,N
PHL,2015-2021,FALSE,INC,m50,1.901806,2017,N,N
PHL,2015-2018,FALSE,INC,m50,4.750679,2017,N,N
PHL,2015-2018,FALSE,INC,b40,6.036627,2017,N,N
PHL,2015-2021,FALSE,INC,premium,2.19119,2021,N,N
PHL,2015-2021,FALSE,INC,tot,.7917111,2021,N,N
PHL,2015-2018,FALSE,INC,tot,3.314091,2021,N,N
PHL,2015-2018,FALSE,INC,tot,3.314093,2017,N,N
PHL,2015-2021,FALSE,INC,b40,2.982903,2017,N,N
PHL,2015-2018,FALSE,INC,b40,6.036622,2021,N,N
PHL,2015-2021,FALSE,INC,tot,.7917125,2017,N,N
PHL,2015-2018,FALSE,INC,m50,4.750677,2021,N,N
PHL,2018-2023,FALSE,INC,premium,1.829696,2021,N,N
PHL,2018-2023,FALSE,INC,b40,1.782037,2017,N,N
PHL,2018-2023,FALSE,INC,m50,.8392805,2017,N,N
PHL,2018-2023,FALSE,INC,premium,1.829692,2017,N,N
PHL,2018-2023,FALSE,INC,m50,.8392802,2021,N,N
PHL,2018-2023,FALSE,INC,tot,-.0476549,2021,N,N
PHL,2018-2023,FALSE,INC,tot,-.0476544,2017,N,N
PHL,2018-2023,FALSE,INC,b40,1.782041,2021,N,N
POL,2006-2011,FALSE,CONS,m50,3.29343,2017,N,N
POL,2006-2011,FALSE,CONS,tot,2.86775,2017,N,N
POL,2006-2011,FALSE,CONS,b40,3.38358,2017,N,N
POL,2006-2011,FALSE,CONS,tot,2.867746,2021,N,N
POL,2006-2011,FALSE,CONS,b40,3.383575,2021,N,N
POL,2006-2011,FALSE,CONS,premium,.5158288,2021,N,N
POL,2006-2011,FALSE,CONS,premium,.5158296,2017,N,N
POL,2006-2011,FALSE,CONS,m50,3.293439,2021,N,N
POL,2007-2012,FALSE,INC,m50,2.819243,2021,N,N
POL,2007-2012,FALSE,INC,tot,2.321057,2021,N,N
POL,2007-2012,FALSE,INC,tot,2.321035,2017,N,N
POL,2007-2012,FALSE,INC,b40,2.594051,2017,N,N
POL,2007-2012,FALSE,CONS,premium,.5516909,2017,N,N
POL,2007-2012,FALSE,CONS,m50,1.813173,2021,N,N
POL,2007-2012,FALSE,INC,premium,.2731209,2021,N,N
POL,2007-2012,FALSE,CONS,tot,1.512459,2017,N,N
POL,2007-2012,FALSE,INC,m50,2.819238,2017,N,N
POL,2007-2012,FALSE,CONS,b40,2.06415,2017,N,N
POL,2007-2012,FALSE,INC,premium,.2730165,2017,N,N
POL,2007-2012,FALSE,CONS,premium,.5516986,2021,N,N
POL,2007-2012,FALSE,CONS,b40,2.064158,2021,N,N
POL,2007-2012,FALSE,CONS,m50,1.813167,2017,N,N
POL,2007-2012,FALSE,CONS,tot,1.512459,2021,N,N
POL,2007-2012,FALSE,INC,b40,2.594178,2021,N,N
POL,2009-2014,FALSE,INC,premium,.1430695,2017,N,N
POL,2009-2014,FALSE,INC,premium,.1431137,2021,N,N
POL,2009-2014,FALSE,INC,m50,1.871299,2017,N,N
POL,2009-2014,FALSE,INC,m50,1.871295,2021,N,N
POL,2009-2014,FALSE,INC,tot,1.499817,2021,N,N
POL,2009-2014,FALSE,INC,b40,1.642882,2017,N,N
POL,2009-2014,FALSE,INC,b40,1.64293,2021,N,N
POL,2009-2014,FALSE,INC,tot,1.499812,2017,N,N
POL,2010-2015,FALSE,INC,m50,2.737865,2021,N,N
POL,2010-2015,FALSE,INC,premium,.4887428,2017,N,N
POL,2010-2015,FALSE,INC,b40,2.601854,2017,N,N
POL,2010-2015,FALSE,INC,m50,2.737863,2017,N,N
POL,2010-2015,FALSE,INC,tot,2.113111,2017,N,N
POL,2010-2015,FALSE,INC,tot,2.1131,2021,N,N
POL,2010-2015,FALSE,INC,b40,2.601828,2021,N,N
POL,2010-2015,FALSE,INC,premium,.4887273,2021,N,N
POL,2012-2017,FALSE,INC,premium,1.997277,2021,N,N
POL,2012-2017,FALSE,INC,m50,4.664189,2021,N,N
POL,2012-2017,FALSE,INC,premium,1.997312,2017,N,N
POL,2012-2017,FALSE,INC,b40,6.017778,2021,N,N
POL,2012-2017,FALSE,INC,tot,4.020501,2021,N,N
POL,2012-2017,FALSE,INC,m50,4.664187,2017,N,N
POL,2012-2017,FALSE,INC,b40,6.017827,2017,N,N
POL,2012-2017,FALSE,INC,tot,4.020515,2017,N,N
POL,2013-2018,FALSE,INC,premium,1.899058,2017,N,N
POL,2013-2018,FALSE,INC,b40,6.92118,2017,N,N
POL,2013-2018,FALSE,INC,tot,5.022121,2017,N,N
POL,2013-2018,FALSE,INC,m50,5.347299,2021,N,N
POL,2013-2018,FALSE,INC,premium,1.899035,2021,N,N
POL,2013-2018,FALSE,INC,b40,6.921151,2021,N,N
POL,2013-2018,FALSE,INC,tot,5.022116,2021,N,N
POL,2013-2018,FALSE,INC,m50,5.347301,2017,N,N
POL,2014-2019,FALSE,INC,premium,2.506231,2021,N,N
POL,2014-2019,FALSE,INC,b40,8.865553,2021,N,N
POL,2014-2019,FALSE,INC,m50,6.803054,2021,N,N
POL,2014-2019,FALSE,INC,tot,6.359322,2017,N,N
POL,2014-2019,FALSE,INC,m50,6.803054,2017,N,N
POL,2014-2019,FALSE,INC,b40,8.865563,2017,N,N
POL,2014-2019,FALSE,INC,premium,2.506241,2017,N,N
POL,2014-2019,FALSE,INC,tot,6.359322,2021,N,N
POL,2016-2021,FALSE,INC,premium,1.363021,2021,N,N
POL,2016-2021,FALSE,INC,tot,5.555544,2021,N,N
POL,2016-2021,FALSE,INC,premium,1.362973,2017,N,N
POL,2016-2021,FALSE,INC,b40,6.918511,2017,N,N
POL,2016-2021,FALSE,INC,tot,5.555538,2017,N,N
POL,2016-2021,FALSE,INC,m50,6.402849,2017,N,N
POL,2016-2021,FALSE,INC,m50,6.402857,2021,N,N
POL,2016-2021,FALSE,INC,b40,6.918565,2021,N,N
POL,2017-2022,FALSE,INC,b40,5.7654,2017,N,N
POL,2017-2022,FALSE,INC,tot,5.207478,2021,N,N
POL,2017-2022,FALSE,INC,m50,5.318731,2021,N,N
POL,2017-2022,FALSE,INC,m50,5.318735,2017,N,N
POL,2017-2022,FALSE,INC,premium,.557941,2017,N,N
POL,2017-2022,FALSE,INC,premium,.5579805,2021,N,N
POL,2017-2022,FALSE,INC,tot,5.207459,2017,N,N
POL,2017-2022,FALSE,INC,b40,5.765458,2021,N,N
PRT,2007-2012,FALSE,INC,tot,-2.133358,2021,N,N
PRT,2007-2012,FALSE,INC,premium,.145354,2017,N,N
PRT,2007-2012,FALSE,INC,m50,-1.527433,2017,N,N
PRT,2007-2012,FALSE,INC,m50,-1.527434,2021,N,N
PRT,2007-2012,FALSE,INC,b40,-1.988007,2021,N,N
PRT,2007-2012,FALSE,INC,tot,-2.13336,2017,N,N
PRT,2007-2012,FALSE,INC,premium,.1453513,2021,N,N
PRT,2007-2012,FALSE,INC,b40,-1.988006,2017,N,N
PRT,2009-2014,FALSE,INC,b40,-2.586383,2017,N,N
PRT,2009-2014,FALSE,INC,tot,-2.08967,2021,N,N
PRT,2009-2014,FALSE,INC,m50,-1.832026,2017,N,N
PRT,2009-2014,FALSE,INC,tot,-2.089672,2017,N,N
PRT,2009-2014,FALSE,INC,premium,-.4966998,2021,N,N
PRT,2009-2014,FALSE,INC,m50,-1.832031,2021,N,N
PRT,2009-2014,FALSE,INC,b40,-2.58637,2021,N,N
PRT,2009-2014,FALSE,INC,premium,-.4967117,2017,N,N
PRT,2010-2015,FALSE,INC,premium,-.1348932,2017,N,N
PRT,2010-2015,FALSE,INC,premium,-.1348869,2021,N,N
PRT,2010-2015,FALSE,INC,b40,-.8703909,2017,N,N
PRT,2010-2015,FALSE,INC,m50,-.1775034,2017,N,N
PRT,2010-2015,FALSE,INC,b40,-.8703853,2021,N,N
PRT,2010-2015,FALSE,INC,tot,-.7354977,2017,N,N
PRT,2010-2015,FALSE,INC,tot,-.7354984,2021,N,N
PRT,2010-2015,FALSE,INC,m50,-.177498,2021,N,N
PRT,2012-2017,FALSE,INC,premium,1.327261,2017,N,N
PRT,2012-2017,FALSE,INC,m50,2.351294,2017,N,N
PRT,2012-2017,FALSE,INC,b40,3.323597,2017,N,N
PRT,2012-2017,FALSE,INC,tot,1.996336,2017,N,N
PRT,2012-2017,FALSE,INC,b40,3.323598,2021,N,N
PRT,2012-2017,FALSE,INC,tot,1.996338,2021,N,N
PRT,2012-2017,FALSE,INC,premium,1.32726,2021,N,N
PRT,2012-2017,FALSE,INC,m50,2.351292,2021,N,N
PRT,2013-2018,FALSE,INC,b40,5.071488,2021,N,N
PRT,2013-2018,FALSE,INC,b40,5.071489,2017,N,N
PRT,2013-2018,FALSE,INC,tot,3.150693,2017,N,N
PRT,2013-2018,FALSE,INC,m50,3.402836,2017,N,N
PRT,2013-2018,FALSE,INC,premium,1.920791,2021,N,N
PRT,2013-2018,FALSE,INC,m50,3.40284,2021,N,N
PRT,2013-2018,FALSE,INC,premium,1.920797,2017,N,N
PRT,2013-2018,FALSE,INC,tot,3.150697,2021,N,N
PRT,2014-2019,FALSE,INC,m50,4.505807,2017,N,N
PRT,2014-2019,FALSE,INC,tot,4.164572,2021,N,N
PRT,2014-2019,FALSE,INC,b40,5.940494,2021,N,N
PRT,2014-2019,FALSE,INC,b40,5.940511,2017,N,N
PRT,2014-2019,FALSE,INC,premium,1.775941,2017,N,N
PRT,2014-2019,FALSE,INC,m50,4.505816,2021,N,N
PRT,2014-2019,FALSE,INC,premium,1.775922,2021,N,N
PRT,2014-2019,FALSE,INC,tot,4.16457,2017,N,N
PRT,2015-2020,FALSE,INC,m50,3.775494,2017,N,N
PRT,2015-2020,FALSE,INC,tot,3.861584,2017,N,N
PRT,2015-2020,FALSE,INC,tot,3.861584,2021,N,N
PRT,2015-2020,FALSE,INC,premium,.6422646,2017,N,N
PRT,2015-2020,FALSE,INC,b40,4.503843,2021,N,N
PRT,2015-2020,FALSE,INC,m50,3.775485,2021,N,N
PRT,2015-2020,FALSE,INC,b40,4.503849,2017,N,N
PRT,2015-2020,FALSE,INC,premium,.6422591,2021,N,N
PRT,2016-2021,FALSE,INC,m50,3.14615,2017,N,N
PRT,2016-2021,FALSE,INC,premium,.5201535,2017,N,N
PRT,2016-2021,FALSE,INC,tot,3.322004,2017,N,N
PRT,2016-2021,FALSE,INC,b40,3.842157,2017,N,N
PRT,2016-2021,FALSE,INC,tot,3.321994,2021,N,N
PRT,2016-2021,FALSE,INC,m50,3.146153,2021,N,N
PRT,2016-2021,FALSE,INC,premium,.5201359,2021,N,N
PRT,2016-2021,FALSE,INC,b40,3.84213,2021,N,N
PRT,2017-2022,FALSE,INC,b40,2.358872,2021,N,N
PRT,2017-2022,FALSE,INC,tot,3.399293,2017,N,N
PRT,2017-2022,FALSE,INC,b40,2.358868,2017,N,N
PRT,2017-2022,FALSE,INC,tot,3.399295,2021,N,N
PRT,2017-2022,FALSE,INC,premium,-1.040425,2017,N,N
PRT,2017-2022,FALSE,INC,premium,-1.040422,2021,N,N
PRT,2017-2022,FALSE,INC,m50,2.633344,2017,N,N
PRT,2017-2022,FALSE,INC,m50,2.633349,2021,N,N
PRY,2006-2011,FALSE,INC,b40,5.482502,2017,N,N
PRY,2006-2011,FALSE,INC,tot,5.36578,2021,N,N
PRY,2006-2011,FALSE,INC,premium,.1168466,2021,N,N
PRY,2006-2011,FALSE,INC,b40,5.482627,2021,N,N
PRY,2006-2011,FALSE,INC,premium,.116734,2017,N,N
PRY,2006-2011,FALSE,INC,tot,5.365767,2017,N,N
PRY,2006-2011,FALSE,INC,m50,6.083748,2017,N,N
PRY,2006-2011,FALSE,INC,m50,6.083741,2021,N,N
PRY,2007-2012,FALSE,INC,b40,6.594363,2021,N,N
PRY,2007-2012,FALSE,INC,premium,2.812085,2021,N,N
PRY,2007-2012,FALSE,INC,tot,3.782279,2021,N,N
PRY,2007-2012,FALSE,INC,tot,3.782272,2017,N,N
PRY,2007-2012,FALSE,INC,premium,2.812036,2017,N,N
PRY,2007-2012,FALSE,INC,m50,6.667355,2021,N,N
PRY,2007-2012,FALSE,INC,m50,6.667361,2017,N,N
PRY,2007-2012,FALSE,INC,b40,6.594308,2017,N,N
PRY,2009-2015,FALSE,INC,m50,5.184021,2017,N,N
PRY,2009-2014,FALSE,INC,b40,7.133782,2021,N,N
PRY,2009-2015,FALSE,INC,tot,5.025729,2017,N,N
PRY,2009-2014,FALSE,INC,tot,7.261171,2021,N,N
PRY,2009-2014,FALSE,INC,premium,-.1274133,2017,N,N
PRY,2009-2015,FALSE,INC,m50,5.184013,2021,N,N
PRY,2009-2014,FALSE,INC,b40,7.133742,2017,N,N
PRY,2009-2014,FALSE,INC,tot,7.261156,2017,N,N
PRY,2009-2014,FALSE,INC,m50,6.32991,2017,N,N
PRY,2009-2015,FALSE,INC,b40,5.971739,2021,N,N
PRY,2009-2014,FALSE,INC,premium,-.1273885,2021,N,N
PRY,2009-2014,FALSE,INC,m50,6.329899,2021,N,N
PRY,2009-2015,FALSE,INC,premium,.9459863,2017,N,N
PRY,2009-2015,FALSE,INC,premium,.9460044,2021,N,N
PRY,2009-2015,FALSE,INC,b40,5.971715,2017,N,N
PRY,2009-2015,FALSE,INC,tot,5.025734,2021,N,N
PRY,2011-2016,FALSE,INC,b40,4.899932,2017,N,N
PRY,2011-2016,FALSE,INC,tot,1.649118,2017,N,N
PRY,2011-2016,FALSE,INC,m50,2.766248,2017,N,N
PRY,2011-2016,FALSE,INC,premium,3.250858,2021,N,N
PRY,2011-2016,FALSE,INC,m50,2.766255,2021,N,N
PRY,2011-2016,FALSE,INC,tot,1.649125,2021,N,N
PRY,2011-2016,FALSE,INC,premium,3.250814,2017,N,N
PRY,2011-2016,FALSE,INC,b40,4.899983,2021,N,N
PRY,2012-2017,FALSE,INC,m50,1.431321,2017,N,N
PRY,2012-2017,FALSE,INC,b40,3.558757,2017,N,N
PRY,2012-2017,FALSE,INC,tot,2.849092,2021,N,N
PRY,2012-2017,FALSE,INC,premium,.7096651,2021,N,N
PRY,2012-2017,FALSE,INC,tot,2.849084,2017,N,N
PRY,2012-2017,FALSE,INC,m50,1.431325,2021,N,N
PRY,2012-2017,FALSE,INC,b40,3.558757,2021,N,N
PRY,2012-2017,FALSE,INC,premium,.7096736,2017,N,N
PRY,2013-2018,FALSE,INC,tot,.4066505,2017,N,N
PRY,2013-2018,FALSE,INC,tot,.4066585,2021,N,N
PRY,2013-2018,FALSE,INC,m50,1.308364,2017,N,N
PRY,2013-2018,FALSE,INC,premium,1.47281,2017,N,N
PRY,2013-2018,FALSE,INC,b40,1.879498,2021,N,N
PRY,2013-2018,FALSE,INC,premium,1.472839,2021,N,N
PRY,2013-2018,FALSE,INC,m50,1.308375,2021,N,N
PRY,2013-2018,FALSE,INC,b40,1.87946,2017,N,N
PRY,2014-2019,FALSE,INC,b40,1.969762,2021,N,N
PRY,2014-2019,FALSE,INC,premium,2.623842,2017,N,N
PRY,2014-2019,FALSE,INC,premium,2.623844,2021,N,N
PRY,2014-2019,FALSE,INC,b40,1.969763,2017,N,N
PRY,2014-2019,FALSE,INC,tot,-.6540822,2021,N,N
PRY,2014-2019,FALSE,INC,m50,1.092157,2017,N,N
PRY,2014-2019,FALSE,INC,tot,-.6540783,2017,N,N
PRY,2014-2019,FALSE,INC,m50,1.092167,2021,N,N
PRY,2015-2020,FALSE,INC,premium,2.53385,2021,N,N
PRY,2015-2020,FALSE,INC,tot,-1.975318,2021,N,N
PRY,2015-2020,FALSE,INC,premium,2.533847,2017,N,N
PRY,2015-2020,FALSE,INC,m50,-.4378884,2021,N,N
PRY,2015-2020,FALSE,INC,b40,.5585318,2021,N,N
PRY,2015-2020,FALSE,INC,b40,.5585207,2017,N,N
PRY,2015-2020,FALSE,INC,tot,-1.975326,2017,N,N
PRY,2015-2020,FALSE,INC,m50,-.4378935,2017,N,N
PRY,2016-2021,FALSE,INC,tot,-1.239781,2017,N,N
PRY,2016-2021,FALSE,INC,m50,.6804157,2017,N,N
PRY,2016-2021,FALSE,INC,m50,.6804134,2021,N,N
PRY,2016-2021,FALSE,INC,premium,2.979251,2021,N,N
PRY,2016-2021,FALSE,INC,premium,2.979271,2017,N,N
PRY,2016-2021,FALSE,INC,tot,-1.239781,2021,N,N
PRY,2016-2021,FALSE,INC,b40,1.73949,2017,N,N
PRY,2016-2021,FALSE,INC,b40,1.73947,2021,N,N
PSE,2004-2009,FALSE,CONS,m50,1.677459,2017,N,N
PSE,2004-2009,FALSE,CONS,tot,1.965981,2017,N,N
PSE,2004-2009,FALSE,CONS,b40,2.043458,2017,N,N
PSE,2004-2009,FALSE,CONS,premium,.0774884,2021,N,N
PSE,2004-2009,FALSE,CONS,tot,1.965971,2021,N,N
PSE,2004-2009,FALSE,CONS,premium,.0774769,2017,N,N
PSE,2004-2009,FALSE,CONS,m50,1.677467,2021,N,N
PSE,2004-2009,FALSE,CONS,b40,2.043459,2021,N,N
PSE,2011-2016,FALSE,CONS,m50,.111041,2021,N,N
PSE,2011-2016,FALSE,CONS,tot,-.5525978,2021,N,N
PSE,2011-2016,FALSE,CONS,premium,-.3413489,2021,N,N
PSE,2011-2016,FALSE,CONS,m50,.1110272,2017,N,N
PSE,2011-2016,FALSE,CONS,premium,-.3413371,2017,N,N
PSE,2011-2016,FALSE,CONS,b40,-.8939437,2017,N,N
PSE,2011-2016,FALSE,CONS,b40,-.8939467,2021,N,N
PSE,2011-2016,FALSE,CONS,tot,-.5526065,2017,N,N
PSE,2016-2023,FALSE,CONS,premium,-1.150034,2021,N,N
PSE,2016-2023,FALSE,CONS,b40,-.5863755,2017,N,N
PSE,2016-2023,FALSE,CONS,m50,.0940499,2017,N,N
PSE,2016-2023,FALSE,CONS,m50,.0940495,2021,N,N
PSE,2016-2023,FALSE,CONS,tot,.5636659,2017,N,N
PSE,2016-2023,FALSE,CONS,tot,.5636613,2021,N,N
PSE,2016-2023,FALSE,CONS,premium,-1.150041,2017,N,N
PSE,2016-2023,FALSE,CONS,b40,-.5863724,2021,N,N
ROU,2006-2011,FALSE,CONS,b40,5.876773,2017,N,N
ROU,2006-2011,FALSE,CONS,premium,1.462272,2017,N,N
ROU,2006-2011,FALSE,CONS,m50,5.279567,2017,N,N
ROU,2006-2011,FALSE,CONS,tot,4.414501,2017,N,N
ROU,2006-2011,FALSE,CONS,premium,1.462284,2021,N,N
ROU,2006-2011,FALSE,CONS,tot,4.414491,2021,N,N
ROU,2006-2011,FALSE,CONS,m50,5.279578,2021,N,N
ROU,2006-2011,FALSE,CONS,b40,5.876775,2021,N,N
ROU,2007-2012,FALSE,INC,b40,.6724464,2021,N,N
ROU,2007-2012,FALSE,INC,b40,.6726863,2017,N,N
ROU,2007-2012,FALSE,INC,tot,.7389615,2017,N,N
ROU,2007-2012,FALSE,INC,premium,-.0662752,2017,N,N
ROU,2007-2012,FALSE,INC,m50,1.433455,2017,N,N
ROU,2007-2012,FALSE,INC,premium,-.0664866,2021,N,N
ROU,2007-2012,FALSE,INC,tot,.738933,2021,N,N
ROU,2007-2012,FALSE,INC,m50,1.433459,2021,N,N
ROU,2008-2013,FALSE,CONS,premium,.9242911,2021,N,N
ROU,2008-2013,FALSE,CONS,m50,.1121051,2021,N,N
ROU,2008-2013,FALSE,CONS,b40,.5430275,2017,N,N
ROU,2008-2013,FALSE,CONS,premium,.9242878,2017,N,N
ROU,2008-2013,FALSE,CONS,tot,-.3812645,2021,N,N
ROU,2008-2013,FALSE,CONS,tot,-.3812603,2017,N,N
ROU,2008-2013,FALSE,CONS,b40,.5430266,2021,N,N
ROU,2008-2013,FALSE,CONS,m50,.112107,2017,N,N
ROU,2009-2014,FALSE,INC,tot,-1.178159,2017,N,N
ROU,2009-2014,FALSE,INC,m50,-.0551469,2017,N,N
ROU,2009-2014,FALSE,INC,premium,-1.176626,2017,N,N
ROU,2009-2014,FALSE,INC,b40,-2.354785,2017,N,N
ROU,2009-2014,FALSE,INC,m50,-.0551485,2021,N,N
ROU,2009-2014,FALSE,INC,b40,-2.355691,2021,N,N
ROU,2009-2014,FALSE,INC,tot,-1.178294,2021,N,N
ROU,2009-2014,FALSE,INC,premium,-1.177397,2021,N,N
ROU,2010-2015,FALSE,INC,premium,-.8080463,2017,N,N
ROU,2010-2015,FALSE,INC,tot,1.239447,2021,N,N
ROU,2010-2015,FALSE,INC,m50,1.848237,2017,N,N
ROU,2010-2015,FALSE,INC,premium,-.8079441,2021,N,N
ROU,2010-2015,FALSE,INC,m50,1.848243,2021,N,N
ROU,2010-2015,FALSE,INC,b40,.4313633,2017,N,N
ROU,2010-2015,FALSE,INC,b40,.4315033,2021,N,N
ROU,2010-2015,FALSE,INC,tot,1.23941,2017,N,N
ROU,2012-2017,FALSE,INC,b40,10.06462,2017,N,N
ROU,2012-2017,FALSE,INC,tot,9.968026,2021,N,N
ROU,2012-2017,FALSE,INC,b40,10.06484,2021,N,N
ROU,2012-2017,FALSE,INC,m50,10.49327,2017,N,N
ROU,2012-2017,FALSE,INC,tot,9.967988,2017,N,N
ROU,2012-2017,FALSE,INC,premium,.096818,2021,N,N
ROU,2012-2017,FALSE,INC,premium,.0966291,2017,N,N
ROU,2012-2017,FALSE,INC,m50,10.49326,2021,N,N
ROU,2013-2018,FALSE,INC,premium,1.177881,2017,N,N
ROU,2013-2018,FALSE,INC,tot,12.45027,2021,N,N
ROU,2013-2018,FALSE,INC,b40,13.62805,2017,N,N
ROU,2013-2018,FALSE,INC,m50,12.39085,2021,N,N
ROU,2013-2018,FALSE,INC,tot,12.45017,2017,N,N
ROU,2013-2018,FALSE,INC,premium,1.178462,2021,N,N
ROU,2013-2018,FALSE,INC,b40,13.62874,2021,N,N
ROU,2013-2018,FALSE,INC,m50,12.39086,2017,N,N
ROU,2014-2019,FALSE,INC,tot,13.41799,2017,N,N
ROU,2014-2019,FALSE,INC,b40,14.66728,2021,N,N
ROU,2014-2019,FALSE,INC,tot,13.4181,2021,N,N
ROU,2014-2019,FALSE,INC,m50,13.25802,2021,N,N
ROU,2014-2019,FALSE,INC,m50,13.25802,2017,N,N
ROU,2014-2019,FALSE,INC,premium,1.24918,2021,N,N
ROU,2014-2019,FALSE,INC,b40,14.66652,2017,N,N
ROU,2014-2019,FALSE,INC,premium,1.248528,2017,N,N
ROU,2015-2020,FALSE,INC,tot,14.29269,2017,N,N
ROU,2015-2020,FALSE,INC,b40,15.54901,2021,N,N
ROU,2015-2020,FALSE,INC,tot,14.29265,2021,N,N
ROU,2015-2020,FALSE,INC,b40,15.54918,2017,N,N
ROU,2015-2020,FALSE,INC,premium,1.256354,2021,N,N
ROU,2015-2020,FALSE,INC,m50,14.17727,2017,N,N
ROU,2015-2020,FALSE,INC,premium,1.256495,2017,N,N
ROU,2015-2020,FALSE,INC,m50,14.17727,2021,N,N
ROU,2016-2021,FALSE,INC,b40,14.51348,2021,N,N
ROU,2016-2021,FALSE,INC,m50,13.09843,2017,N,N
ROU,2016-2021,FALSE,INC,tot,13.46361,2021,N,N
ROU,2016-2021,FALSE,INC,m50,13.09842,2021,N,N
ROU,2016-2021,FALSE,INC,b40,14.51353,2017,N,N
ROU,2016-2021,FALSE,INC,premium,1.049903,2017,N,N
ROU,2016-2021,FALSE,INC,tot,13.46362,2017,N,N
ROU,2016-2021,FALSE,INC,premium,1.049868,2021,N,N
ROU,2017-2022,FALSE,INC,b40,11.41952,2017,N,N
ROU,2017-2022,FALSE,INC,m50,9.830916,2017,N,N
ROU,2017-2022,FALSE,INC,premium,2.569972,2017,N,N
ROU,2017-2022,FALSE,INC,tot,8.849547,2017,N,N
ROU,2017-2022,FALSE,INC,tot,8.849625,2021,N,N
ROU,2017-2022,FALSE,INC,b40,11.42,2021,N,N
ROU,2017-2022,FALSE,INC,m50,9.830913,2021,N,N
ROU,2017-2022,FALSE,INC,premium,2.57038,2021,N,N
RUS,2004-2009,FALSE,CONS,b40,8.879536,2021,N,N
RUS,2004-2009,FALSE,CONS,m50,7.763071,2021,N,N
RUS,2004-2009,FALSE,CONS,tot,7.952615,2021,N,N
RUS,2004-2009,FALSE,CONS,m50,7.763068,2017,N,N
RUS,2004-2009,FALSE,CONS,b40,8.879528,2017,N,N
RUS,2004-2009,FALSE,CONS,premium,.9269209,2021,N,N
RUS,2004-2009,FALSE,CONS,tot,7.952608,2017,N,N
RUS,2004-2009,FALSE,CONS,premium,.9269204,2017,N,N
RUS,2007-2012,FALSE,CONS,premium,1.277188,2017,N,N
RUS,2007-2012,FALSE,CONS,tot,4.421164,2017,N,N
RUS,2007-2012,FALSE,CONS,m50,4.830359,2017,N,N
RUS,2007-2012,FALSE,CONS,m50,4.830373,2021,N,N
RUS,2007-2012,FALSE,CONS,b40,5.698352,2017,N,N
RUS,2007-2012,FALSE,CONS,tot,4.421159,2021,N,N
RUS,2007-2012,FALSE,CONS,premium,1.277192,2021,N,N
RUS,2007-2012,FALSE,CONS,b40,5.698351,2021,N,N
RUS,2015-2020,FALSE,CONS,m50,.0147019,2021,N,N
RUS,2015-2020,FALSE,CONS,premium,1.072662,2017,N,N
RUS,2015-2020,FALSE,CONS,m50,.0147077,2017,N,N
RUS,2015-2020,FALSE,CONS,tot,-.4796691,2021,N,N
RUS,2015-2020,FALSE,CONS,premium,1.07268,2021,N,N
RUS,2015-2020,FALSE,CONS,b40,.5929987,2017,N,N
RUS,2015-2020,FALSE,CONS,tot,-.4796631,2017,N,N
RUS,2015-2020,FALSE,CONS,b40,.5930113,2021,N,N
RUS,2016-2021,FALSE,INC,m50,.4438251,2021,N,N
RUS,2016-2021,FALSE,INC,tot,.3757234,2017,N,N
RUS,2016-2021,FALSE,INC,tot,.3757214,2021,N,N
RUS,2016-2021,FALSE,INC,m50,.4438318,2017,N,N
RUS,2016-2021,FALSE,INC,premium,1.229666,2017,N,N
RUS,2016-2021,FALSE,INC,premium,1.229671,2021,N,N
RUS,2016-2021,FALSE,INC,b40,1.605392,2021,N,N
RUS,2016-2021,FALSE,INC,b40,1.605389,2017,N,N
RWA,2005-2010,FALSE,CONS,tot,1.208954,2017,N,N
RWA,2005-2010,FALSE,CONS,m50,2.933074,2017,N,N
RWA,2005-2010,FALSE,CONS,b40,4.244517,2017,N,N
RWA,2005-2010,FALSE,CONS,premium,3.049127,2021,N,N
RWA,2005-2010,FALSE,CONS,premium,3.035563,2017,N,N
RWA,2005-2010,FALSE,CONS,tot,1.210826,2021,N,N
RWA,2005-2010,FALSE,CONS,m50,2.93307,2021,N,N
RWA,2005-2010,FALSE,CONS,b40,4.259953,2021,N,N
RWA,2010-2013,FALSE,CONS,premium,2.025805,2017,N,N
RWA,2010-2013,FALSE,CONS,tot,2.209434,2017,N,N
RWA,2010-2013,FALSE,CONS,premium,2.025739,2021,N,N
RWA,2010-2013,FALSE,CONS,b40,4.235149,2021,N,N
RWA,2010-2013,FALSE,CONS,b40,4.235239,2017,N,N
RWA,2010-2013,FALSE,CONS,m50,3.66652,2017,N,N
RWA,2010-2013,FALSE,CONS,tot,2.20941,2021,N,N
RWA,2010-2013,FALSE,CONS,m50,3.666528,2021,N,N
RWA,2013-2016,FALSE,CONS,tot,-.1627916,2021,N,N
RWA,2013-2016,FALSE,CONS,m50,.5494193,2017,N,N
RWA,2013-2016,FALSE,CONS,b40,.3050188,2021,N,N
RWA,2013-2016,FALSE,CONS,b40,.3045803,2017,N,N
RWA,2013-2016,FALSE,CONS,tot,-.1628602,2017,N,N
RWA,2013-2016,FALSE,CONS,premium,.4674405,2017,N,N
RWA,2013-2016,FALSE,CONS,m50,.5494152,2021,N,N
RWA,2013-2016,FALSE,CONS,premium,.4678104,2021,N,N
SEN,2005-2011,FALSE,CONS,b40,-.2770194,2021,N,N
SEN,2005-2011,FALSE,CONS,m50,-.0339948,2021,N,N
SEN,2005-2011,FALSE,CONS,tot,.2652476,2021,N,N
SEN,2005-2011,FALSE,CONS,premium,-.5412495,2017,N,N
SEN,2005-2011,FALSE,CONS,tot,.2654353,2017,N,N
SEN,2005-2011,FALSE,CONS,b40,-.2758142,2017,N,N
SEN,2005-2011,FALSE,CONS,premium,-.542267,2021,N,N
SEN,2005-2011,FALSE,CONS,m50,-.0339954,2017,N,N
SEN,2018-2021,FALSE,CONS,m50,.2180303,2021,N,N
SEN,2018-2021,FALSE,CONS,b40,.4110096,2017,N,N
SEN,2018-2021,FALSE,CONS,tot,-1.092412,2017,N,N
SEN,2018-2021,FALSE,CONS,m50,.2180354,2017,N,N
SEN,2018-2021,FALSE,CONS,premium,1.503421,2021,N,N
SEN,2018-2021,FALSE,CONS,premium,1.503421,2017,N,N
SEN,2018-2021,FALSE,CONS,tot,-1.092414,2021,N,N
SEN,2018-2021,FALSE,CONS,b40,.4110073,2021,N,N
SLE,2011-2018,FALSE,CONS,tot,2.864034,2017,N,N
SLE,2011-2018,FALSE,CONS,m50,2.377183,2021,N,N
SLE,2011-2018,FALSE,CONS,premium,-.1972146,2021,N,N
SLE,2011-2018,FALSE,CONS,tot,2.864057,2021,N,N
SLE,2011-2018,FALSE,CONS,b40,2.666842,2021,N,N
SLE,2011-2018,FALSE,CONS,premium,-.1973195,2017,N,N
SLE,2011-2018,FALSE,CONS,b40,2.666714,2017,N,N
SLE,2011-2018,FALSE,CONS,m50,2.377184,2017,N,N
SLV,2006-2011,FALSE,INC,tot,-.7471303,2021,N,N
SLV,2006-2011,FALSE,INC,m50,.1756311,2021,N,N
SLV,2006-2011,FALSE,INC,b40,1.33273,2021,N,N
SLV,2006-2011,FALSE,INC,b40,1.332327,2017,N,N
SLV,2006-2011,FALSE,INC,m50,.1756323,2017,N,N
SLV,2006-2011,FALSE,INC,tot,-.7471975,2017,N,N
SLV,2006-2011,FALSE,INC,premium,2.079525,2017,N,N
SLV,2006-2011,FALSE,INC,premium,2.07986,2021,N,N
SLV,2007-2012,FALSE,INC,b40,.3143371,2017,N,N
SLV,2007-2012,FALSE,INC,tot,-1.411366,2021,N,N
SLV,2007-2012,FALSE,INC,m50,.0092935,2021,N,N
SLV,2007-2012,FALSE,INC,premium,1.725701,2017,N,N
SLV,2007-2012,FALSE,INC,tot,-1.411364,2017,N,N
SLV,2007-2012,FALSE,INC,premium,1.725775,2021,N,N
SLV,2007-2012,FALSE,INC,b40,.3144092,2021,N,N
SLV,2007-2012,FALSE,INC,m50,.0092933,2017,N,N
SLV,2009-2014,FALSE,INC,premium,2.518924,2021,N,N
SLV,2009-2014,FALSE,INC,m50,2.606106,2021,N,N
SLV,2009-2014,FALSE,INC,tot,1.48558,2021,N,N
SLV,2009-2014,FALSE,INC,b40,4.004512,2017,N,N
SLV,2009-2014,FALSE,INC,premium,2.518933,2017,N,N
SLV,2009-2014,FALSE,INC,m50,2.606105,2017,N,N
SLV,2009-2014,FALSE,INC,tot,1.485579,2017,N,N
SLV,2009-2014,FALSE,INC,b40,4.004504,2021,N,N
SLV,2010-2015,FALSE,INC,b40,4.659666,2017,N,N
SLV,2010-2015,FALSE,INC,premium,2.385597,2017,N,N
SLV,2010-2015,FALSE,INC,m50,2.995078,2021,N,N
SLV,2010-2015,FALSE,INC,tot,2.27407,2017,N,N
SLV,2010-2015,FALSE,INC,m50,2.995079,2017,N,N
SLV,2010-2015,FALSE,INC,premium,2.38566,2021,N,N
SLV,2010-2015,FALSE,INC,b40,4.659747,2021,N,N
SLV,2010-2015,FALSE,INC,tot,2.274086,2021,N,N
SLV,2011-2016,FALSE,INC,b40,4.080566,2021,N,N
SLV,2011-2016,FALSE,INC,tot,2.927773,2017,N,N
SLV,2011-2016,FALSE,INC,premium,1.15277,2017,N,N
SLV,2011-2016,FALSE,INC,premium,1.152796,2021,N,N
SLV,2011-2016,FALSE,INC,tot,2.92777,2021,N,N
SLV,2011-2016,FALSE,INC,b40,4.080543,2017,N,N
SLV,2011-2016,FALSE,INC,m50,4.12367,2021,N,N
SLV,2011-2016,FALSE,INC,m50,4.123668,2017,N,N
SLV,2012-2017,FALSE,INC,b40,4.159667,2021,N,N
SLV,2012-2017,FALSE,INC,tot,2.307688,2021,N,N
SLV,2012-2017,FALSE,INC,premium,1.851938,2017,N,N
SLV,2012-2017,FALSE,INC,m50,3.676944,2017,N,N
SLV,2012-2017,FALSE,INC,m50,3.676942,2021,N,N
SLV,2012-2017,FALSE,INC,premium,1.85198,2021,N,N
SLV,2012-2017,FALSE,INC,tot,2.307694,2017,N,N
SLV,2012-2017,FALSE,INC,b40,4.159633,2017,N,N
SLV,2013-2018,FALSE,INC,b40,3.925735,2021,N,N
SLV,2013-2018,FALSE,INC,b40,3.925695,2017,N,N
SLV,2013-2018,FALSE,INC,premium,2.133947,2017,N,N
SLV,2013-2018,FALSE,INC,premium,2.133995,2021,N,N
SLV,2013-2018,FALSE,INC,tot,1.791748,2017,N,N
SLV,2013-2018,FALSE,INC,m50,3.524292,2021,N,N
SLV,2013-2018,FALSE,INC,tot,1.791741,2021,N,N
SLV,2013-2018,FALSE,INC,m50,3.524288,2017,N,N
SLV,2014-2019,FALSE,INC,tot,4.023987,2017,N,N
SLV,2014-2019,FALSE,INC,m50,5.035274,2017,N,N
SLV,2014-2019,FALSE,INC,b40,5.54436,2017,N,N
SLV,2014-2019,FALSE,INC,premium,1.520373,2017,N,N
SLV,2014-2019,FALSE,INC,premium,1.520408,2021,N,N
SLV,2014-2019,FALSE,INC,b40,5.544393,2021,N,N
SLV,2014-2019,FALSE,INC,tot,4.023985,2021,N,N
SLV,2014-2019,FALSE,INC,m50,5.03528,2021,N,N
SLV,2016-2021,FALSE,INC,b40,3.358902,2017,N,N
SLV,2016-2021,FALSE,INC,premium,-.0186241,2021,N,N
SLV,2016-2021,FALSE,INC,b40,3.358598,2021,N,N
SLV,2016-2021,FALSE,INC,tot,3.377279,2017,N,N
SLV,2016-2021,FALSE,INC,m50,4.119534,2021,N,N
SLV,2016-2021,FALSE,INC,m50,4.119534,2017,N,N
SLV,2016-2021,FALSE,INC,tot,3.377222,2021,N,N
SLV,2016-2021,FALSE,INC,premium,-.0183773,2017,N,N
SLV,2017-2022,FALSE,INC,m50,3.711125,2017,N,N
SLV,2017-2022,FALSE,INC,m50,3.711128,2021,N,N
SLV,2017-2022,FALSE,INC,b40,2.514393,2021,N,N
SLV,2017-2022,FALSE,INC,b40,2.514875,2017,N,N
SLV,2017-2022,FALSE,INC,premium,-.9129777,2017,N,N
SLV,2017-2022,FALSE,INC,premium,-.9133818,2021,N,N
SLV,2017-2022,FALSE,INC,tot,3.427852,2017,N,N
SLV,2017-2022,FALSE,INC,tot,3.427775,2021,N,N
SLV,2018-2023,FALSE,INC,premium,-.9290576,2021,N,N
SLV,2018-2023,FALSE,INC,m50,3.437864,2017,N,N
SLV,2018-2023,FALSE,INC,b40,2.690159,2021,N,N
SLV,2018-2023,FALSE,INC,premium,-.9287722,2017,N,N
SLV,2018-2023,FALSE,INC,m50,3.437863,2021,N,N
SLV,2018-2023,FALSE,INC,tot,3.619276,2017,N,N
SLV,2018-2023,FALSE,INC,tot,3.619217,2021,N,N
SLV,2018-2023,FALSE,INC,b40,2.690504,2017,N,N
SRB,2007-2010,FALSE,CONS,m50,-1.026574,2017,N,N
SRB,2007-2010,FALSE,CONS,tot,-.9964793,2021,N,N
SRB,2007-2010,FALSE,CONS,premium,-.5566685,2017,N,N
SRB,2007-2010,FALSE,CONS,b40,-1.553128,2017,N,N
SRB,2007-2010,FALSE,CONS,b40,-1.55313,2021,N,N
SRB,2007-2010,FALSE,CONS,premium,-.5566502,2021,N,N
SRB,2007-2010,FALSE,CONS,tot,-.996459,2017,N,N
SRB,2007-2010,FALSE,CONS,m50,-1.026567,2021,N,N
SRB,2008-2013,FALSE,CONS,m50,-1.121083,2017,N,N
SRB,2008-2013,FALSE,CONS,b40,-1.982438,2017,N,N
SRB,2008-2013,FALSE,CONS,tot,-1.136747,2021,N,N
SRB,2008-2013,FALSE,CONS,premium,-.8456904,2021,N,N
SRB,2008-2013,FALSE,CONS,tot,-1.136755,2017,N,N
SRB,2008-2013,FALSE,CONS,premium,-.8456823,2017,N,N
SRB,2008-2013,FALSE,CONS,b40,-1.982437,2021,N,N
SRB,2008-2013,FALSE,CONS,m50,-1.121105,2021,N,N
SRB,2012-2015,FALSE,INC,m50,-1.667454,2017,N,N
SRB,2012-2014,FALSE,INC,premium,-1.666072,2021,N,N
SRB,2012-2014,FALSE,INC,m50,-3.062798,2021,N,N
SRB,2012-2015,FALSE,INC,m50,-1.667481,2021,N,N
SRB,2012-2014,FALSE,INC,premium,-1.661327,2017,N,N
SRB,2012-2014,FALSE,INC,m50,-3.062783,2017,N,N
SRB,2012-2015,FALSE,INC,b40,-2.403174,2017,N,N
SRB,2012-2015,FALSE,INC,premium,-.6230725,2017,N,N
SRB,2012-2015,FALSE,INC,b40,-2.406696,2021,N,N
SRB,2012-2014,FALSE,INC,tot,-3.91997,2017,N,N
SRB,2012-2015,FALSE,INC,premium,-.6260535,2021,N,N
SRB,2012-2014,FALSE,INC,b40,-5.581297,2017,N,N
SRB,2012-2015,FALSE,INC,tot,-1.780642,2021,N,N
SRB,2012-2015,FALSE,INC,tot,-1.780102,2017,N,N
SRB,2012-2014,FALSE,INC,tot,-3.920779,2021,N,N
SRB,2012-2014,FALSE,INC,b40,-5.58685,2021,N,N
SRB,2013-2017,FALSE,INC,premium,2.599982,2017,N,N
SRB,2013-2017,FALSE,INC,m50,2.70219,2017,N,N
SRB,2013-2017,FALSE,INC,tot,1.539133,2021,N,N
SRB,2013-2017,FALSE,INC,tot,1.539165,2017,N,N
SRB,2013-2017,FALSE,INC,m50,2.702192,2021,N,N
SRB,2013-2017,FALSE,INC,premium,2.600379,2021,N,N
SRB,2013-2017,FALSE,INC,b40,4.139512,2021,N,N
SRB,2013-2017,FALSE,INC,b40,4.139147,2017,N,N
SRB,2015-2020,FALSE,INC,m50,8.140482,2017,N,N
SRB,2015-2020,FALSE,INC,tot,7.386647,2017,N,N
SRB,2015-2020,FALSE,INC,m50,8.140495,2021,N,N
SRB,2015-2020,FALSE,INC,b40,12.08546,2017,N,N
SRB,2015-2020,FALSE,INC,tot,7.387539,2021,N,N
SRB,2015-2020,FALSE,INC,premium,4.698818,2017,N,N
SRB,2015-2020,FALSE,INC,premium,4.704028,2021,N,N
SRB,2015-2020,FALSE,INC,b40,12.09157,2021,N,N
SRB,2016-2021,FALSE,INC,m50,7.828244,2017,N,N
SRB,2016-2021,FALSE,INC,m50,7.82825,2021,N,N
SRB,2016-2021,FALSE,INC,tot,7.827166,2017,N,N
SRB,2016-2021,FALSE,INC,b40,12.86078,2017,N,N
SRB,2016-2021,FALSE,INC,premium,5.038603,2021,N,N
SRB,2016-2021,FALSE,INC,premium,5.033616,2017,N,N
SRB,2016-2021,FALSE,INC,b40,12.86666,2021,N,N
SRB,2016-2021,FALSE,INC,tot,7.828062,2021,N,N
SRB,2017-2022,FALSE,INC,premium,2.720775,2017,N,N
SRB,2017-2022,FALSE,INC,tot,7.767828,2017,N,N
SRB,2017-2022,FALSE,INC,m50,7.89579,2021,N,N
SRB,2017-2022,FALSE,INC,m50,7.895775,2017,N,N
SRB,2017-2022,FALSE,INC,b40,10.4886,2017,N,N
SRB,2017-2022,FALSE,INC,premium,2.72415,2021,N,N
SRB,2017-2022,FALSE,INC,tot,7.768501,2021,N,N
SRB,2017-2022,FALSE,INC,b40,10.49265,2021,N,N
SVK,2006-2011,FALSE,INC,m50,4.205527,2021,N,N
SVK,2006-2011,FALSE,INC,premium,-.8644631,2017,N,N
SVK,2006-2011,FALSE,INC,b40,3.144244,2017,N,N
SVK,2006-2011,FALSE,INC,tot,4.008703,2021,N,N
SVK,2006-2011,FALSE,INC,m50,4.205527,2017,N,N
SVK,2006-2011,FALSE,INC,premium,-.8644493,2021,N,N
SVK,2006-2011,FALSE,INC,tot,4.008708,2017,N,N
SVK,2006-2011,FALSE,INC,b40,3.144253,2021,N,N
SVK,2007-2012,FALSE,INC,tot,1.497442,2021,N,N
SVK,2007-2012,FALSE,INC,m50,1.694543,2017,N,N
SVK,2007-2012,FALSE,INC,tot,1.497435,2017,N,N
SVK,2007-2012,FALSE,INC,premium,-1.171715,2021,N,N
SVK,2007-2012,FALSE,INC,premium,-1.171722,2017,N,N
SVK,2007-2012,FALSE,INC,b40,.3257269,2021,N,N
SVK,2007-2012,FALSE,INC,b40,.3257129,2017,N,N
SVK,2007-2012,FALSE,INC,m50,1.694549,2021,N,N
SVK,2009-2014,FALSE,INC,tot,-.5196947,2017,N,N
SVK,2009-2014,FALSE,INC,m50,.3888085,2017,N,N
SVK,2009-2014,FALSE,INC,premium,.0834307,2021,N,N
SVK,2009-2014,FALSE,INC,m50,.3888135,2021,N,N
SVK,2009-2014,FALSE,INC,b40,-.4359784,2017,N,N
SVK,2009-2014,FALSE,INC,b40,-.4363497,2021,N,N
SVK,2009-2014,FALSE,INC,tot,-.5197804,2021,N,N
SVK,2009-2014,FALSE,INC,premium,.0837164,2017,N,N
SVK,2010-2015,FALSE,INC,tot,-.551132,2021,N,N
SVK,2010-2015,FALSE,INC,b40,-.4310348,2021,N,N
SVK,2010-2015,FALSE,INC,premium,.1201265,2017,N,N
SVK,2010-2015,FALSE,INC,m50,-.042754,2021,N,N
SVK,2010-2015,FALSE,INC,m50,-.0427511,2017,N,N
SVK,2010-2015,FALSE,INC,b40,-.4309927,2017,N,N
SVK,2010-2015,FALSE,INC,premium,.1200972,2021,N,N
SVK,2010-2015,FALSE,INC,tot,-.5511192,2017,N,N
SVK,2011-2016,FALSE,INC,tot,-1.059085,2017,N,N
SVK,2011-2016,FALSE,INC,premium,.5632877,2021,N,N
SVK,2011-2016,FALSE,INC,premium,.5641005,2017,N,N
SVK,2011-2016,FALSE,INC,m50,-.505253,2021,N,N
SVK,2011-2016,FALSE,INC,b40,-.4960474,2021,N,N
SVK,2011-2016,FALSE,INC,b40,-.4949843,2017,N,N
SVK,2011-2016,FALSE,INC,tot,-1.059335,2021,N,N
SVK,2011-2016,FALSE,INC,m50,-.5052504,2017,N,N
SVK,2013-2018,FALSE,INC,tot,1.873091,2021,N,N
SVK,2013-2018,FALSE,INC,m50,2.428323,2021,N,N
SVK,2013-2018,FALSE,INC,b40,3.201086,2017,N,N
SVK,2013-2018,FALSE,INC,m50,2.428323,2017,N,N
SVK,2013-2018,FALSE,INC,premium,1.327988,2021,N,N
SVK,2013-2018,FALSE,INC,premium,1.327983,2017,N,N
SVK,2013-2018,FALSE,INC,tot,1.873103,2017,N,N
SVK,2013-2018,FALSE,INC,b40,3.201079,2021,N,N
SVK,2014-2019,FALSE,INC,b40,4.477135,2017,N,N
SVK,2014-2019,FALSE,INC,tot,2.90628,2021,N,N
SVK,2014-2019,FALSE,INC,premium,1.57124,2021,N,N
SVK,2014-2019,FALSE,INC,tot,2.906188,2017,N,N
SVK,2014-2019,FALSE,INC,m50,2.989123,2021,N,N
SVK,2014-2019,FALSE,INC,b40,4.47752,2021,N,N
SVK,2014-2019,FALSE,INC,m50,2.989115,2017,N,N
SVK,2014-2019,FALSE,INC,premium,1.570947,2017,N,N
SVK,2016-2021,FALSE,INC,premium,.3988764,2021,N,N
SVK,2016-2021,FALSE,INC,premium,.3980505,2017,N,N
SVK,2016-2021,FALSE,INC,tot,1.286115,2021,N,N
SVK,2016-2021,FALSE,INC,m50,1.17257,2021,N,N
SVK,2016-2021,FALSE,INC,b40,1.684991,2021,N,N
SVK,2016-2021,FALSE,INC,tot,1.28585,2017,N,N
SVK,2016-2021,FALSE,INC,b40,1.6839,2017,N,N
SVK,2016-2021,FALSE,INC,m50,1.172569,2017,N,N
SVK,2017-2022,FALSE,INC,m50,-.8887061,2017,N,N
SVK,2017-2022,FALSE,INC,tot,-1.306689,2017,N,N
SVK,2017-2022,FALSE,INC,b40,-2.009129,2021,N,N
SVK,2017-2022,FALSE,INC,b40,-2.00906,2017,N,N
SVK,2017-2022,FALSE,INC,tot,-1.306704,2021,N,N
SVK,2017-2022,FALSE,INC,premium,-.7024254,2021,N,N
SVK,2017-2022,FALSE,INC,m50,-.8887123,2021,N,N
SVK,2017-2022,FALSE,INC,premium,-.7023711,2017,N,N
SVN,2006-2011,FALSE,INC,tot,1.603482,2021,N,N
SVN,2006-2011,FALSE,INC,m50,1.642479,2017,N,N
SVN,2006-2011,FALSE,INC,premium,-.2010161,2017,N,N
SVN,2006-2011,FALSE,INC,tot,1.603483,2017,N,N
SVN,2006-2011,FALSE,INC,b40,1.402467,2017,N,N
SVN,2006-2011,FALSE,INC,m50,1.642479,2021,N,N
SVN,2006-2011,FALSE,INC,premium,-.2010174,2021,N,N
SVN,2006-2011,FALSE,INC,b40,1.402465,2021,N,N
SVN,2007-2012,FALSE,INC,m50,-.3263632,2021,N,N
SVN,2007-2012,FALSE,INC,tot,-.2688585,2017,N,N
SVN,2007-2012,FALSE,INC,b40,-.8321953,2017,N,N
SVN,2007-2012,FALSE,INC,premium,-.5633368,2017,N,N
SVN,2007-2012,FALSE,INC,tot,-.2688575,2021,N,N
SVN,2007-2012,FALSE,INC,b40,-.832186,2021,N,N
SVN,2007-2012,FALSE,INC,premium,-.5633286,2021,N,N
SVN,2007-2012,FALSE,INC,m50,-.326369,2017,N,N
SVN,2009-2014,FALSE,INC,tot,-.6060271,2021,N,N
SVN,2009-2014,FALSE,INC,tot,-.6060286,2017,N,N
SVN,2009-2014,FALSE,INC,premium,-.3728193,2017,N,N
SVN,2009-2014,FALSE,INC,m50,-.6202611,2017,N,N
SVN,2009-2014,FALSE,INC,b40,-.9788479,2017,N,N
SVN,2009-2014,FALSE,INC,m50,-.6202612,2021,N,N
SVN,2009-2014,FALSE,INC,premium,-.3728137,2021,N,N
SVN,2009-2014,FALSE,INC,b40,-.9788408,2021,N,N
SVN,2010-2015,FALSE,INC,premium,-.2194967,2021,N,N
SVN,2010-2015,FALSE,INC,premium,-.2195083,2017,N,N
SVN,2010-2015,FALSE,INC,b40,-.7786865,2021,N,N
SVN,2010-2015,FALSE,INC,tot,-.559185,2017,N,N
SVN,2010-2015,FALSE,INC,m50,-.5107676,2017,N,N
SVN,2010-2015,FALSE,INC,tot,-.5591897,2021,N,N
SVN,2010-2015,FALSE,INC,b40,-.7786933,2017,N,N
SVN,2010-2015,FALSE,INC,m50,-.5107654,2021,N,N
SVN,2012-2017,FALSE,INC,premium,.6792449,2021,N,N
SVN,2012-2017,FALSE,INC,m50,1.566201,2021,N,N
SVN,2012-2017,FALSE,INC,b40,2.201206,2021,N,N
SVN,2012-2017,FALSE,INC,b40,2.201214,2017,N,N
SVN,2012-2017,FALSE,INC,premium,.6792533,2017,N,N
SVN,2012-2017,FALSE,INC,m50,1.566202,2017,N,N
SVN,2012-2017,FALSE,INC,tot,1.521961,2017,N,N
SVN,2012-2017,FALSE,INC,tot,1.521961,2021,N,N
SVN,2013-2018,FALSE,INC,m50,2.803048,2017,N,N
SVN,2013-2018,FALSE,INC,m50,2.803044,2021,N,N
SVN,2013-2018,FALSE,INC,tot,2.879812,2017,N,N
SVN,2013-2018,FALSE,INC,premium,.9518712,2017,N,N
SVN,2013-2018,FALSE,INC,premium,.9518771,2021,N,N
SVN,2013-2018,FALSE,INC,b40,3.831686,2021,N,N
SVN,2013-2018,FALSE,INC,b40,3.831683,2017,N,N
SVN,2013-2018,FALSE,INC,tot,2.879809,2021,N,N
SVN,2014-2019,FALSE,INC,b40,3.506105,2017,N,N
SVN,2014-2019,FALSE,INC,b40,3.506102,2021,N,N
SVN,2014-2019,FALSE,INC,tot,2.816401,2017,N,N
SVN,2014-2019,FALSE,INC,m50,2.896106,2017,N,N
SVN,2014-2019,FALSE,INC,premium,.6897042,2017,N,N
SVN,2014-2019,FALSE,INC,m50,2.896104,2021,N,N
SVN,2014-2019,FALSE,INC,premium,.6897032,2021,N,N
SVN,2014-2019,FALSE,INC,tot,2.816399,2021,N,N
SVN,2015-2020,FALSE,INC,premium,.8038335,2021,N,N
SVN,2015-2020,FALSE,INC,premium,.8038387,2017,N,N
SVN,2015-2020,FALSE,INC,b40,4.538198,2017,N,N
SVN,2015-2020,FALSE,INC,tot,3.734359,2017,N,N
SVN,2015-2020,FALSE,INC,m50,3.6294,2017,N,N
SVN,2015-2020,FALSE,INC,m50,3.629399,2021,N,N
SVN,2015-2020,FALSE,INC,tot,3.734364,2021,N,N
SVN,2015-2020,FALSE,INC,b40,4.538198,2021,N,N
SVN,2016-2021,FALSE,INC,b40,4.571905,2021,N,N
SVN,2016-2021,FALSE,INC,m50,4.007174,2017,N,N
SVN,2016-2021,FALSE,INC,premium,.3869138,2021,N,N
SVN,2016-2021,FALSE,INC,b40,4.571913,2017,N,N
SVN,2016-2021,FALSE,INC,premium,.3869205,2017,N,N
SVN,2016-2021,FALSE,INC,tot,4.184991,2021,N,N
SVN,2016-2021,FALSE,INC,m50,4.007175,2021,N,N
SVN,2016-2021,FALSE,INC,tot,4.184993,2017,N,N
SVN,2017-2022,FALSE,INC,premium,.0934901,2021,N,N
SVN,2017-2022,FALSE,INC,b40,3.808852,2017,N,N
SVN,2017-2022,FALSE,INC,m50,3.449388,2021,N,N
SVN,2017-2022,FALSE,INC,tot,3.71536,2021,N,N
SVN,2017-2022,FALSE,INC,b40,3.808851,2021,N,N
SVN,2017-2022,FALSE,INC,premium,.0934916,2017,N,N
SVN,2017-2022,FALSE,INC,tot,3.715361,2017,N,N
SVN,2017-2022,FALSE,INC,m50,3.449391,2017,N,N
SWE,2007-2012,FALSE,INC,tot,1.769602,2017,N,N
SWE,2007-2012,FALSE,INC,m50,1.692171,2021,N,N
SWE,2007-2012,FALSE,INC,m50,1.692174,2017,N,N
SWE,2007-2012,FALSE,INC,b40,1.407045,2017,N,N
SWE,2007-2012,FALSE,INC,premium,-.3625572,2017,N,N
SWE,2007-2012,FALSE,INC,b40,1.407054,2021,N,N
SWE,2007-2012,FALSE,INC,premium,-.3625506,2021,N,N
SWE,2007-2012,FALSE,INC,tot,1.769605,2021,N,N
SWE,2009-2014,FALSE,INC,tot,1.981981,2017,N,N
SWE,2009-2014,FALSE,INC,b40,1.488513,2021,N,N
SWE,2009-2014,FALSE,INC,premium,-.4935116,2017,N,N
SWE,2009-2014,FALSE,INC,tot,1.981996,2021,N,N
SWE,2009-2014,FALSE,INC,m50,1.787148,2017,N,N
SWE,2009-2014,FALSE,INC,b40,1.488469,2017,N,N
SWE,2009-2014,FALSE,INC,m50,1.78715,2021,N,N
SWE,2009-2014,FALSE,INC,premium,-.4934837,2021,N,N
SWE,2010-2015,FALSE,INC,tot,2.36175,2017,N,N
SWE,2010-2015,FALSE,INC,m50,2.007661,2017,N,N
SWE,2010-2015,FALSE,INC,premium,-.693375,2017,N,N
SWE,2010-2015,FALSE,INC,b40,1.668472,2021,N,N
SWE,2010-2015,FALSE,INC,m50,2.007662,2021,N,N
SWE,2010-2015,FALSE,INC,premium,-.693302,2021,N,N
SWE,2010-2015,FALSE,INC,b40,1.668375,2017,N,N
SWE,2010-2015,FALSE,INC,tot,2.361774,2021,N,N
SWE,2012-2017,FALSE,INC,premium,-.5779439,2017,N,N
SWE,2012-2017,FALSE,INC,tot,1.981375,2017,N,N
SWE,2012-2017,FALSE,INC,m50,1.695816,2017,N,N
SWE,2012-2017,FALSE,INC,b40,1.403526,2021,N,N
SWE,2012-2017,FALSE,INC,premium,-.5778726,2021,N,N
SWE,2012-2017,FALSE,INC,tot,1.981398,2021,N,N
SWE,2012-2017,FALSE,INC,m50,1.695816,2021,N,N
SWE,2012-2017,FALSE,INC,b40,1.403432,2017,N,N
SWE,2013-2018,FALSE,INC,b40,1.057005,2021,N,N
SWE,2013-2018,FALSE,INC,m50,1.543469,2017,N,N
SWE,2013-2018,FALSE,INC,premium,-.6244144,2017,N,N
SWE,2013-2018,FALSE,INC,m50,1.543469,2021,N,N
SWE,2013-2018,FALSE,INC,tot,1.681444,2021,N,N
SWE,2013-2018,FALSE,INC,b40,1.057031,2017,N,N
SWE,2013-2018,FALSE,INC,tot,1.681446,2017,N,N
SWE,2013-2018,FALSE,INC,premium,-.6244392,2021,N,N
SWE,2014-2019,FALSE,INC,b40,1.131635,2021,N,N
SWE,2014-2019,FALSE,INC,b40,1.131627,2017,N,N
SWE,2014-2019,FALSE,INC,premium,-.4701706,2017,N,N
SWE,2014-2019,FALSE,INC,m50,1.521938,2021,N,N
SWE,2014-2019,FALSE,INC,premium,-.4701627,2021,N,N
SWE,2014-2019,FALSE,INC,m50,1.521938,2017,N,N
SWE,2014-2019,FALSE,INC,tot,1.601797,2021,N,N
SWE,2014-2019,FALSE,INC,tot,1.601797,2017,N,N
SWE,2015-2020,FALSE,INC,tot,1.297628,2021,N,N
SWE,2015-2020,FALSE,INC,premium,-.0321853,2017,N,N
SWE,2015-2020,FALSE,INC,m50,1.522395,2017,N,N
SWE,2015-2020,FALSE,INC,b40,1.265457,2017,N,N
SWE,2015-2020,FALSE,INC,b40,1.265401,2021,N,N
SWE,2015-2020,FALSE,INC,tot,1.297643,2017,N,N
SWE,2015-2020,FALSE,INC,m50,1.522393,2021,N,N
SWE,2015-2020,FALSE,INC,premium,-.032227,2021,N,N
SWE,2016-2021,FALSE,INC,m50,1.088343,2017,N,N
SWE,2016-2021,FALSE,INC,tot,.9932398,2021,N,N
SWE,2016-2021,FALSE,INC,b40,.6392597,2021,N,N
SWE,2016-2021,FALSE,INC,premium,-.3539082,2017,N,N
SWE,2016-2021,FALSE,INC,m50,1.08834,2021,N,N
SWE,2016-2021,FALSE,INC,tot,.9932578,2017,N,N
SWE,2016-2021,FALSE,INC,b40,.6393496,2017,N,N
SWE,2016-2021,FALSE,INC,premium,-.3539801,2021,N,N
SWE,2017-2022,FALSE,INC,m50,.8254142,2021,N,N
SWE,2017-2022,FALSE,INC,premium,-1.174786,2017,N,N
SWE,2017-2022,FALSE,INC,b40,-.0913388,2017,N,N
SWE,2017-2022,FALSE,INC,b40,-.0915796,2021,N,N
SWE,2017-2022,FALSE,INC,tot,1.083399,2021,N,N
SWE,2017-2022,FALSE,INC,tot,1.083447,2017,N,N
SWE,2017-2022,FALSE,INC,premium,-1.174978,2021,N,N
SWE,2017-2022,FALSE,INC,m50,.8254117,2017,N,N
SWZ,2009-2016,FALSE,CONS,m50,4.464788,2021,N,N
SWZ,2009-2016,FALSE,CONS,b40,4.649994,2017,N,N
SWZ,2009-2016,FALSE,CONS,m50,4.464788,2017,N,N
SWZ,2009-2016,FALSE,CONS,tot,6.136374,2017,N,N
SWZ,2009-2016,FALSE,CONS,b40,4.656182,2021,N,N
SWZ,2009-2016,FALSE,CONS,premium,-1.48638,2017,N,N
SWZ,2009-2016,FALSE,CONS,premium,-1.480914,2021,N,N
SWZ,2009-2016,FALSE,CONS,tot,6.137095,2021,N,N
SYC,2013-2018,FALSE,INC,m50,4.050647,2021,N,N
SYC,2013-2018,FALSE,INC,m50,4.050636,2017,N,N
SYC,2013-2018,FALSE,INC,tot,-1.574709,2017,N,N
SYC,2013-2018,FALSE,INC,tot,-1.574689,2021,N,N
SYC,2013-2018,FALSE,INC,premium,5.124115,2021,N,N
SYC,2013-2018,FALSE,INC,premium,5.12399,2017,N,N
SYC,2013-2018,FALSE,INC,b40,3.549281,2017,N,N
SYC,2013-2018,FALSE,INC,b40,3.549426,2021,N,N
TCD,2018-2022,FALSE,CONS,premium,-.5201775,2017,N,N
TCD,2018-2022,FALSE,CONS,tot,.5308461,2017,N,N
TCD,2018-2022,FALSE,CONS,m50,2.194326,2017,N,N
TCD,2018-2022,FALSE,CONS,tot,.5306163,2021,N,N
TCD,2018-2022,FALSE,CONS,b40,.0094162,2021,N,N
TCD,2018-2022,FALSE,CONS,m50,2.194324,2021,N,N
TCD,2018-2022,FALSE,CONS,premium,-.5212001,2021,N,N
TCD,2018-2022,FALSE,CONS,b40,.0106685,2017,N,N
TGO,2006-2011,FALSE,CONS,tot,.9495279,2017,N,N
TGO,2006-2011,FALSE,CONS,m50,.2679662,2017,N,N
TGO,2006-2011,FALSE,CONS,m50,.2679566,2021,N,N
TGO,2006-2011,FALSE,CONS,premium,-3.111219,2021,N,N
TGO,2006-2011,FALSE,CONS,b40,-2.157556,2017,N,N
TGO,2006-2011,FALSE,CONS,tot,.9489553,2021,N,N
TGO,2006-2011,FALSE,CONS,b40,-2.162263,2021,N,N
TGO,2006-2011,FALSE,CONS,premium,-3.107084,2017,N,N
TGO,2011-2015,FALSE,CONS,premium,1.965776,2017,N,N
TGO,2011-2015,FALSE,CONS,tot,.624823,2021,N,N
TGO,2011-2015,FALSE,CONS,premium,1.956196,2021,N,N
TGO,2011-2015,FALSE,CONS,b40,2.592335,2017,N,N
TGO,2011-2015,FALSE,CONS,m50,2.136411,2021,N,N
TGO,2011-2015,FALSE,CONS,m50,2.136419,2017,N,N
TGO,2011-2015,FALSE,CONS,b40,2.581019,2021,N,N
TGO,2011-2015,FALSE,CONS,tot,.6265584,2017,N,N
TGO,2018-2021,FALSE,CONS,premium,4.105627,2017,N,N
TGO,2018-2021,FALSE,CONS,tot,-2.558658,2021,N,N
TGO,2018-2021,FALSE,CONS,tot,-2.558654,2017,N,N
TGO,2018-2021,FALSE,CONS,premium,4.105639,2021,N,N
TGO,2018-2021,FALSE,CONS,m50,-.0115491,2021,N,N
TGO,2018-2021,FALSE,CONS,b40,1.546973,2017,N,N
TGO,2018-2021,FALSE,CONS,b40,1.546981,2021,N,N
TGO,2018-2021,FALSE,CONS,m50,-.0115455,2017,N,N
THA,2006-2010,FALSE,CONS,tot,2.960588,2017,N,N
THA,2006-2010,FALSE,CONS,premium,1.843552,2021,N,N
THA,2006-2010,FALSE,CONS,m50,3.719717,2017,N,N
THA,2006-2010,FALSE,CONS,b40,4.804148,2017,N,N
THA,2006-2010,FALSE,CONS,b40,4.804148,2021,N,N
THA,2006-2010,FALSE,CONS,tot,2.960596,2021,N,N
THA,2006-2010,FALSE,CONS,m50,3.719723,2021,N,N
THA,2006-2010,FALSE,CONS,premium,1.84356,2017,N,N
THA,2008-2013,FALSE,CONS,m50,4.152146,2017,N,N
THA,2008-2013,FALSE,CONS,b40,4.89037,2017,N,N
THA,2008-2012,FALSE,CONS,m50,4.444965,2017,N,N
THA,2008-2013,FALSE,CONS,tot,3.476622,2017,N,N
THA,2008-2012,FALSE,CONS,b40,4.782373,2017,N,N
THA,2008-2013,FALSE,CONS,tot,3.476618,2021,N,N
THA,2008-2013,FALSE,CONS,b40,4.890368,2021,N,N
THA,2008-2012,FALSE,CONS,premium,.8282945,2021,N,N
THA,2008-2013,FALSE,CONS,premium,1.413749,2017,N,N
THA,2008-2012,FALSE,CONS,b40,4.782372,2021,N,N
THA,2008-2012,FALSE,CONS,tot,3.954086,2017,N,N
THA,2008-2013,FALSE,CONS,m50,4.152152,2021,N,N
THA,2008-2012,FALSE,CONS,premium,.8282874,2017,N,N
THA,2008-2012,FALSE,CONS,m50,4.444974,2021,N,N
THA,2008-2012,FALSE,CONS,tot,3.954077,2021,N,N
THA,2008-2013,FALSE,CONS,premium,1.41375,2021,N,N
THA,2009-2013,FALSE,CONS,tot,3.489114,2017,N,N
THA,2009-2013,FALSE,CONS,b40,4.808732,2017,N,N
THA,2009-2013,FALSE,CONS,m50,3.884691,2021,N,N
THA,2009-2013,FALSE,CONS,premium,1.319618,2017,N,N
THA,2009-2013,FALSE,CONS,tot,3.489124,2021,N,N
THA,2009-2013,FALSE,CONS,premium,1.319611,2021,N,N
THA,2009-2013,FALSE,CONS,m50,3.884693,2017,N,N
THA,2009-2013,FALSE,CONS,b40,4.808734,2021,N,N
THA,2014-2018,FALSE,CONS,tot,1.148974,2021,N,N
THA,2014-2019,FALSE,CONS,m50,1.535903,2017,N,N
THA,2014-2017,FALSE,CONS,m50,2.431834,2021,N,N
THA,2014-2018,FALSE,CONS,premium,.2966269,2017,N,N
THA,2014-2017,FALSE,CONS,premium,.5200582,2017,N,N
THA,2014-2018,FALSE,CONS,m50,1.404018,2021,N,N
THA,2014-2017,FALSE,CONS,tot,1.971163,2017,N,N
THA,2014-2017,FALSE,CONS,m50,2.43184,2017,N,N
THA,2014-2019,FALSE,CONS,premium,1.167883,2021,N,N
THA,2014-2017,FALSE,CONS,b40,2.491221,2017,N,N
THA,2014-2018,FALSE,CONS,premium,.2966244,2021,N,N
THA,2014-2018,FALSE,CONS,m50,1.404018,2017,N,N
THA,2014-2019,FALSE,CONS,tot,.9827957,2021,N,N
THA,2014-2017,FALSE,CONS,premium,.5200795,2021,N,N
THA,2014-2017,FALSE,CONS,b40,2.491219,2021,N,N
THA,2014-2019,FALSE,CONS,b40,2.150679,2017,N,N
THA,2014-2017,FALSE,CONS,tot,1.971139,2021,N,N
THA,2014-2019,FALSE,CONS,m50,1.535907,2021,N,N
THA,2014-2018,FALSE,CONS,tot,1.148973,2017,N,N
THA,2014-2019,FALSE,CONS,tot,.9828024,2017,N,N
THA,2014-2019,FALSE,CONS,premium,1.167876,2017,N,N
THA,2014-2019,FALSE,CONS,b40,2.150679,2021,N,N
THA,2014-2018,FALSE,CONS,b40,1.445599,2021,N,N
THA,2014-2018,FALSE,CONS,b40,1.445599,2017,N,N
THA,2015-2019,FALSE,CONS,tot,.0811951,2017,N,N
THA,2015-2019,FALSE,CONS,m50,.4016122,2021,N,N
THA,2015-2019,FALSE,CONS,tot,.0811854,2021,N,N
THA,2015-2019,FALSE,CONS,premium,.5835396,2017,N,N
THA,2015-2019,FALSE,CONS,b40,.6647382,2021,N,N
THA,2015-2019,FALSE,CONS,b40,.6647347,2017,N,N
THA,2015-2019,FALSE,CONS,m50,.4016258,2017,N,N
THA,2015-2019,FALSE,CONS,premium,.5835528,2021,N,N
THA,2016-2021,FALSE,CONS,b40,1.521197,2021,N,N
THA,2016-2021,FALSE,CONS,premium,.7461827,2017,N,N
THA,2016-2021,FALSE,CONS,premium,.7461842,2021,N,N
THA,2016-2021,FALSE,CONS,m50,1.207227,2017,N,N
THA,2016-2021,FALSE,CONS,b40,1.521196,2017,N,N
THA,2016-2021,FALSE,CONS,m50,1.207226,2021,N,N
THA,2016-2021,FALSE,CONS,tot,.7750128,2021,N,N
THA,2016-2021,FALSE,CONS,tot,.7750135,2017,N,N
THA,2017-2021,FALSE,CONS,premium,.9425009,2017,N,N
THA,2017-2021,FALSE,CONS,b40,1.494671,2017,N,N
THA,2017-2021,FALSE,CONS,m50,.8693396,2017,N,N
THA,2017-2021,FALSE,CONS,tot,.5521705,2017,N,N
THA,2017-2021,FALSE,CONS,tot,.5521773,2021,N,N
THA,2017-2021,FALSE,CONS,m50,.8693342,2021,N,N
THA,2017-2021,FALSE,CONS,b40,1.494674,2021,N,N
THA,2017-2021,FALSE,CONS,premium,.9424966,2021,N,N
THA,2018-2023,FALSE,CONS,m50,2.804092,2021,N,N
THA,2018-2023,FALSE,CONS,tot,1.913415,2017,N,N
THA,2018-2023,FALSE,CONS,premium,1.572178,2017,N,N
THA,2018-2023,FALSE,CONS,tot,1.913406,2021,N,N
THA,2018-2023,FALSE,CONS,b40,3.485594,2017,N,N
THA,2018-2023,FALSE,CONS,premium,1.572197,2021,N,N
THA,2018-2023,FALSE,CONS,b40,3.485603,2021,N,N
THA,2018-2023,FALSE,CONS,m50,2.804087,2017,N,N
TJK,2009-2015,FALSE,CONS,b40,1.320006,2021,N,N
TJK,2009-2015,FALSE,CONS,premium,-1.345704,2017,N,N
TJK,2009-2015,FALSE,CONS,m50,2.09668,2017,N,N
TJK,2009-2015,FALSE,CONS,tot,2.665758,2017,N,N
TJK,2009-2015,FALSE,CONS,b40,1.320054,2017,N,N
TJK,2009-2015,FALSE,CONS,premium,-1.345739,2021,N,N
TJK,2009-2015,FALSE,CONS,m50,2.096676,2021,N,N
TJK,2009-2015,FALSE,CONS,tot,2.665745,2021,N,N
TON,2009-2015,FALSE,CONS,premium,1.884236,2021,N,N
TON,2009-2015,FALSE,CONS,m50,-2.642649,2021,N,N
TON,2009-2015,FALSE,CONS,m50,-2.64265,2017,N,N
TON,2009-2015,FALSE,CONS,tot,-3.701753,2017,N,N
TON,2009-2015,FALSE,CONS,premium,1.884236,2017,N,N
TON,2009-2015,FALSE,CONS,b40,-1.817516,2017,N,N
TON,2009-2015,FALSE,CONS,tot,-3.701751,2021,N,N
TON,2009-2015,FALSE,CONS,b40,-1.817515,2021,N,N
TUN,2005-2010,FALSE,CONS,b40,4.620739,2017,N,N
TUN,2005-2010,FALSE,CONS,b40,4.620743,2021,N,N
TUN,2005-2010,FALSE,CONS,m50,4.900325,2017,N,N
TUN,2005-2010,FALSE,CONS,tot,5.108967,2021,N,N
TUN,2005-2010,FALSE,CONS,premium,-.488224,2021,N,N
TUN,2005-2010,FALSE,CONS,premium,-.4882298,2017,N,N
TUN,2005-2010,FALSE,CONS,tot,5.108969,2017,N,N
TUN,2005-2010,FALSE,CONS,m50,4.900322,2021,N,N
TUN,2010-2015,FALSE,CONS,tot,1.398963,2021,N,N
TUN,2010-2015,FALSE,CONS,m50,2.830236,2021,N,N
TUN,2010-2015,FALSE,CONS,b40,4.646273,2021,N,N
TUN,2010-2015,FALSE,CONS,premium,3.24731,2017,N,N
TUN,2010-2015,FALSE,CONS,premium,3.24731,2021,N,N
TUN,2010-2015,FALSE,CONS,tot,1.398964,2017,N,N
TUN,2010-2015,FALSE,CONS,b40,4.646274,2017,N,N
TUN,2010-2015,FALSE,CONS,m50,2.830233,2017,N,N
TUN,2015-2021,FALSE,CONS,tot,1.026224,2017,N,N
TUN,2015-2021,FALSE,CONS,tot,1.026229,2021,N,N
TUN,2015-2021,FALSE,CONS,b40,.874514,2017,N,N
TUN,2015-2021,FALSE,CONS,m50,.9167954,2017,N,N
TUN,2015-2021,FALSE,CONS,b40,.8745135,2021,N,N
TUN,2015-2021,FALSE,CONS,m50,.9167974,2021,N,N
TUN,2015-2021,FALSE,CONS,premium,-.1517096,2017,N,N
TUN,2015-2021,FALSE,CONS,premium,-.151715,2021,N,N
TUR,2006-2011,FALSE,CONS,premium,.2776589,2021,N,N
TUR,2006-2011,FALSE,CONS,b40,5.405274,2021,N,N
TUR,2006-2011,FALSE,CONS,tot,5.127629,2017,N,N
TUR,2006-2011,FALSE,CONS,m50,4.448638,2021,N,N
TUR,2006-2011,FALSE,CONS,premium,.2776446,2017,N,N
TUR,2006-2011,FALSE,CONS,m50,4.44864,2017,N,N
TUR,2006-2011,FALSE,CONS,tot,5.127615,2021,N,N
TUR,2006-2011,FALSE,CONS,b40,5.405273,2017,N,N
TUR,2007-2012,FALSE,CONS,premium,-.4817615,2021,N,N
TUR,2007-2012,FALSE,CONS,b40,4.328762,2021,N,N
TUR,2007-2012,FALSE,CONS,m50,3.625511,2017,N,N
TUR,2007-2012,FALSE,CONS,b40,4.328762,2017,N,N
TUR,2007-2012,FALSE,CONS,premium,-.4817576,2017,N,N
TUR,2007-2012,FALSE,CONS,m50,3.625502,2021,N,N
TUR,2007-2012,FALSE,CONS,tot,4.81052,2017,N,N
TUR,2007-2012,FALSE,CONS,tot,4.810523,2021,N,N
TUR,2008-2013,FALSE,CONS,m50,2.554106,2021,N,N
TUR,2008-2013,FALSE,CONS,premium,-.3526249,2021,N,N
TUR,2008-2013,FALSE,CONS,tot,3.536003,2017,N,N
TUR,2008-2013,FALSE,CONS,m50,2.554121,2017,N,N
TUR,2008-2013,FALSE,CONS,b40,3.183385,2017,N,N
TUR,2008-2013,FALSE,CONS,b40,3.183383,2021,N,N
TUR,2008-2013,FALSE,CONS,tot,3.536008,2021,N,N
TUR,2008-2013,FALSE,CONS,premium,-.3526185,2017,N,N
TUR,2009-2014,FALSE,CONS,premium,-.8716295,2021,N,N
TUR,2009-2014,FALSE,CONS,m50,3.267117,2021,N,N
TUR,2009-2014,FALSE,CONS,m50,3.267114,2017,N,N
TUR,2009-2014,FALSE,CONS,tot,4.660019,2017,N,N
TUR,2009-2014,FALSE,CONS,premium,-.8716385,2017,N,N
TUR,2009-2014,FALSE,CONS,b40,3.788381,2021,N,N
TUR,2009-2014,FALSE,CONS,b40,3.78838,2017,N,N
TUR,2009-2014,FALSE,CONS,tot,4.66001,2021,N,N
TUR,2011-2016,FALSE,CONS,b40,2.525958,2021,N,N
TUR,2011-2016,FALSE,CONS,m50,2.668568,2017,N,N
TUR,2011-2016,FALSE,CONS,premium,-.9435475,2021,N,N
TUR,2011-2016,FALSE,CONS,m50,2.668578,2021,N,N
TUR,2011-2016,FALSE,CONS,tot,3.469505,2021,N,N
TUR,2011-2016,FALSE,CONS,b40,2.525958,2017,N,N
TUR,2011-2016,FALSE,CONS,premium,-.943538,2017,N,N
TUR,2011-2016,FALSE,CONS,tot,3.469496,2017,N,N
TUR,2013-2018,FALSE,CONS,premium,-.529994,2017,N,N
TUR,2013-2018,FALSE,CONS,b40,2.143171,2017,N,N
TUR,2013-2018,FALSE,CONS,m50,1.78521,2017,N,N
TUR,2013-2018,FALSE,CONS,m50,1.785223,2021,N,N
TUR,2013-2018,FALSE,CONS,tot,2.673167,2021,N,N
TUR,2013-2018,FALSE,CONS,b40,2.143171,2021,N,N
TUR,2013-2018,FALSE,CONS,premium,-.5299959,2021,N,N
TUR,2013-2018,FALSE,CONS,tot,2.673165,2017,N,N
TUR,2014-2019,FALSE,CONS,m50,1.437862,2017,N,N
TUR,2014-2019,FALSE,CONS,premium,-.6244033,2021,N,N
TUR,2014-2019,FALSE,CONS,tot,1.473212,2021,N,N
TUR,2014-2019,FALSE,CONS,tot,1.473202,2017,N,N
TUR,2014-2019,FALSE,CONS,b40,.8488083,2021,N,N
TUR,2014-2019,FALSE,CONS,b40,.8488095,2017,N,N
TUR,2014-2019,FALSE,CONS,premium,-.6243926,2017,N,N
TUR,2014-2019,FALSE,CONS,m50,1.437854,2021,N,N
TUR,2017-2022,FALSE,INC,m50,3.363574,2021,N,N
TUR,2017-2022,FALSE,INC,tot,4.089017,2017,N,N
TUR,2017-2021,FALSE,INC,b40,2.896245,2017,N,N
TUR,2017-2022,FALSE,INC,m50,3.363564,2017,N,N
TUR,2017-2021,FALSE,INC,tot,3.487903,2021,N,N
TUR,2017-2021,FALSE,INC,m50,3.207783,2021,N,N
TUR,2017-2021,FALSE,INC,premium,-.5916541,2017,N,N
TUR,2017-2022,FALSE,INC,tot,4.089026,2021,N,N
TUR,2017-2022,FALSE,INC,premium,-.3097367,2021,N,N
TUR,2017-2022,FALSE,INC,b40,3.77929,2021,N,N
TUR,2017-2021,FALSE,INC,b40,2.896245,2021,N,N
TUR,2017-2022,FALSE,INC,b40,3.779275,2017,N,N
TUR,2017-2021,FALSE,INC,premium,-.5916572,2021,N,N
TUR,2017-2021,FALSE,INC,tot,3.487899,2017,N,N
TUR,2017-2021,FALSE,INC,m50,3.207785,2017,N,N
TUR,2017-2022,FALSE,INC,premium,-.3097427,2017,N,N
TWN,2013-2016,FALSE,INC,premium,.8667333,2017,N,N
TWN,2013-2016,FALSE,INC,m50,2.516883,2017,N,N
TWN,2013-2016,FALSE,INC,b40,3.105587,2017,N,N
TWN,2013-2016,FALSE,INC,premium,.8667362,2021,N,N
TWN,2013-2016,FALSE,INC,b40,3.105589,2021,N,N
TWN,2013-2016,FALSE,INC,tot,2.238853,2021,N,N
TWN,2013-2016,FALSE,INC,tot,2.238854,2017,N,N
TWN,2013-2016,FALSE,INC,m50,2.516891,2021,N,N
TWN,2016-2021,FALSE,INC,m50,2.028961,2017,N,N
TWN,2016-2021,FALSE,INC,premium,.0690579,2017,N,N
TWN,2016-2021,FALSE,INC,m50,2.028955,2021,N,N
TWN,2016-2021,FALSE,INC,tot,2.049335,2017,N,N
TWN,2016-2021,FALSE,INC,tot,2.049335,2021,N,N
TWN,2016-2021,FALSE,INC,b40,2.118393,2017,N,N
TWN,2016-2021,FALSE,INC,premium,.0690532,2021,N,N
TWN,2016-2021,FALSE,INC,b40,2.118388,2021,N,N
TZA,2007-2011,FALSE,CONS,premium,1.97524,2017,N,N
TZA,2007-2011,FALSE,CONS,b40,5.344853,2021,N,N
TZA,2007-2011,FALSE,CONS,premium,1.976711,2021,N,N
TZA,2007-2011,FALSE,CONS,tot,3.36784,2017,N,N
TZA,2007-2011,FALSE,CONS,tot,3.368142,2021,N,N
TZA,2007-2011,FALSE,CONS,m50,3.78838,2017,N,N
TZA,2007-2011,FALSE,CONS,m50,3.788385,2021,N,N
TZA,2007-2011,FALSE,CONS,b40,5.34308,2017,N,N
TZA,2011-2018,FALSE,CONS,premium,-1.070581,2017,N,N
TZA,2011-2018,FALSE,CONS,b40,-.1508745,2017,N,N
TZA,2011-2018,FALSE,CONS,tot,.9197061,2017,N,N
TZA,2011-2018,FALSE,CONS,tot,.919704,2021,N,N
TZA,2011-2018,FALSE,CONS,premium,-1.070575,2021,N,N
TZA,2011-2018,FALSE,CONS,m50,.1096644,2017,N,N
TZA,2011-2018,FALSE,CONS,m50,.1096647,2021,N,N
TZA,2011-2018,FALSE,CONS,b40,-.1508713,2021,N,N
UGA,2005-2012,FALSE,CONS,premium,.7743611,2021,N,N
UGA,2005-2012,FALSE,CONS,b40,4.929072,2017,N,N
UGA,2005-2012,FALSE,CONS,premium,.774364,2017,N,N
UGA,2005-2012,FALSE,CONS,m50,4.727406,2021,N,N
UGA,2005-2012,FALSE,CONS,tot,4.154704,2021,N,N
UGA,2005-2012,FALSE,CONS,b40,4.929065,2021,N,N
UGA,2005-2012,FALSE,CONS,m50,4.727401,2017,N,N
UGA,2005-2012,FALSE,CONS,tot,4.154708,2017,N,N
UGA,2009-2012,FALSE,CONS,b40,4.698143,2021,N,N
UGA,2009-2012,FALSE,CONS,m50,4.50774,2017,N,N
UGA,2009-2012,FALSE,CONS,b40,4.697787,2017,N,N
UGA,2009-2012,FALSE,CONS,premium,2.242877,2017,N,N
UGA,2009-2012,FALSE,CONS,m50,4.507751,2021,N,N
UGA,2009-2012,FALSE,CONS,tot,2.454972,2021,N,N
UGA,2009-2012,FALSE,CONS,tot,2.45491,2017,N,N
UGA,2009-2012,FALSE,CONS,premium,2.243172,2021,N,N
UGA,2012-2016,FALSE,CONS,tot,-1.007747,2021,N,N
UGA,2012-2016,FALSE,CONS,b40,-2.201663,2017,N,N
UGA,2012-2016,FALSE,CONS,m50,-1.88642,2017,N,N
UGA,2012-2016,FALSE,CONS,premium,-1.193906,2017,N,N
UGA,2012-2016,FALSE,CONS,tot,-1.007756,2017,N,N
UGA,2012-2016,FALSE,CONS,m50,-1.886425,2021,N,N
UGA,2012-2016,FALSE,CONS,premium,-1.193877,2021,N,N
UGA,2012-2016,FALSE,CONS,b40,-2.201624,2021,N,N
UGA,2016-2019,FALSE,CONS,premium,.3104401,2021,N,N
UGA,2016-2019,FALSE,CONS,b40,.2157868,2017,N,N
UGA,2016-2019,FALSE,CONS,tot,-.0948639,2017,N,N
UGA,2016-2019,FALSE,CONS,m50,.4700384,2017,N,N
UGA,2016-2019,FALSE,CONS,b40,.2155339,2021,N,N
UGA,2016-2019,FALSE,CONS,tot,-.0949062,2021,N,N
UGA,2016-2019,FALSE,CONS,premium,.3106506,2017,N,N
UGA,2016-2019,FALSE,CONS,m50,.4700408,2021,N,N
UKR,2015-2020,FALSE,CONS,b40,4.129572,2017,N,N
UKR,2015-2020,FALSE,CONS,m50,4.067745,2017,N,N
UKR,2015-2020,FALSE,CONS,premium,.0134959,2017,N,N
UKR,2015-2020,FALSE,CONS,tot,4.116071,2021,N,N
UKR,2015-2020,FALSE,CONS,m50,4.067748,2021,N,N
UKR,2015-2020,FALSE,CONS,premium,.0135007,2021,N,N
UKR,2015-2020,FALSE,CONS,b40,4.129572,2021,N,N
UKR,2015-2020,FALSE,CONS,tot,4.116076,2017,N,N
URY,2006-2011,FALSE,INC,m50,8.62158,2021,N,N
URY,2006-2011,FALSE,INC,tot,6.77317,2017,N,N
URY,2006-2011,FALSE,INC,b40,9.050695,2021,N,N
URY,2006-2011,FALSE,INC,premium,2.277517,2017,N,N
URY,2006-2011,FALSE,INC,m50,8.621565,2017,N,N
URY,2006-2011,FALSE,INC,b40,9.050687,2017,N,N
URY,2006-2011,FALSE,INC,tot,6.773174,2021,N,N
URY,2006-2011,FALSE,INC,premium,2.277521,2021,N,N
URY,2007-2012,FALSE,INC,m50,7.904973,2017,N,N
URY,2007-2012,FALSE,INC,b40,8.52188,2017,N,N
URY,2007-2012,FALSE,INC,premium,3.603962,2017,N,N
URY,2007-2012,FALSE,INC,b40,8.521927,2021,N,N
URY,2007-2012,FALSE,INC,tot,4.917918,2017,N,N
URY,2007-2012,FALSE,INC,premium,3.604008,2021,N,N
URY,2007-2012,FALSE,INC,tot,4.917919,2021,N,N
URY,2007-2012,FALSE,INC,m50,7.904974,2021,N,N
URY,2009-2014,FALSE,INC,premium,3.196576,2017,N,N
URY,2009-2014,FALSE,INC,b40,6.654235,2017,N,N
URY,2009-2014,FALSE,INC,m50,5.742665,2017,N,N
URY,2009-2014,FALSE,INC,m50,5.742662,2021,N,N
URY,2009-2014,FALSE,INC,tot,3.457655,2021,N,N
URY,2009-2014,FALSE,INC,b40,6.654254,2021,N,N
URY,2009-2014,FALSE,INC,premium,3.196599,2021,N,N
URY,2009-2014,FALSE,INC,tot,3.457659,2017,N,N
URY,2011-2016,FALSE,INC,m50,2.77348,2021,N,N
URY,2011-2016,FALSE,INC,tot,1.78655,2021,N,N
URY,2011-2016,FALSE,INC,b40,3.185505,2021,N,N
URY,2011-2016,FALSE,INC,b40,3.185494,2017,N,N
URY,2011-2016,FALSE,INC,premium,1.398955,2021,N,N
URY,2011-2016,FALSE,INC,m50,2.773483,2017,N,N
URY,2011-2016,FALSE,INC,tot,1.786546,2017,N,N
URY,2011-2016,FALSE,INC,premium,1.398948,2017,N,N
URY,2012-2017,FALSE,INC,b40,3.212718,2017,N,N
URY,2012-2017,FALSE,INC,tot,2.573237,2021,N,N
URY,2012-2017,FALSE,INC,tot,2.573234,2017,N,N
URY,2012-2017,FALSE,INC,m50,2.645874,2017,N,N
URY,2012-2017,FALSE,INC,premium,.6394887,2021,N,N
URY,2012-2017,FALSE,INC,b40,3.212726,2021,N,N
URY,2012-2017,FALSE,INC,premium,.6394842,2017,N,N
URY,2012-2017,FALSE,INC,m50,2.645869,2021,N,N
URY,2013-2018,FALSE,INC,tot,1.427852,2021,N,N
URY,2013-2018,FALSE,INC,tot,1.427852,2017,N,N
URY,2013-2018,FALSE,INC,b40,2.003805,2017,N,N
URY,2013-2018,FALSE,INC,m50,1.422086,2021,N,N
URY,2013-2018,FALSE,INC,premium,.5759535,2017,N,N
URY,2013-2018,FALSE,INC,m50,1.422089,2017,N,N
URY,2013-2018,FALSE,INC,b40,2.003813,2021,N,N
URY,2013-2018,FALSE,INC,premium,.5759611,2021,N,N
URY,2014-2019,FALSE,INC,b40,.3268076,2021,N,N
URY,2014-2019,FALSE,INC,m50,-.0189985,2017,N,N
URY,2014-2019,FALSE,INC,tot,-.0037185,2021,N,N
URY,2014-2019,FALSE,INC,tot,-.0037175,2017,N,N
URY,2014-2019,FALSE,INC,premium,.3305522,2017,N,N
URY,2014-2019,FALSE,INC,premium,.3305261,2021,N,N
URY,2014-2019,FALSE,INC,m50,-.0189937,2021,N,N
URY,2014-2019,FALSE,INC,b40,.3268347,2017,N,N
USA,2010-2016,FALSE,INC,b40,1.275069,2021,N,N
USA,2010-2016,FALSE,INC,premium,-.3907138,2017,N,N
USA,2010-2016,FALSE,INC,b40,1.275048,2017,N,N
USA,2010-2016,FALSE,INC,m50,1.275404,2021,N,N
USA,2010-2016,FALSE,INC,tot,1.665769,2021,N,N
USA,2010-2016,FALSE,INC,m50,1.275401,2017,N,N
USA,2010-2016,FALSE,INC,premium,-.3906997,2021,N,N
USA,2010-2016,FALSE,INC,tot,1.665762,2017,N,N
USA,2013-2018,FALSE,INC,tot,2.979258,2021,N,N
USA,2013-2018,FALSE,INC,tot,2.979251,2017,N,N
USA,2013-2018,FALSE,INC,premium,-.4653125,2017,N,N
USA,2013-2018,FALSE,INC,m50,2.644176,2017,N,N
USA,2013-2018,FALSE,INC,m50,2.644176,2021,N,N
USA,2013-2018,FALSE,INC,b40,2.513938,2017,N,N
USA,2013-2018,FALSE,INC,premium,-.4652739,2021,N,N
USA,2013-2018,FALSE,INC,b40,2.513984,2021,N,N
USA,2014-2019,FALSE,INC,premium,-.2577517,2021,N,N
USA,2014-2019,FALSE,INC,b40,3.920393,2017,N,N
USA,2014-2019,FALSE,INC,tot,4.178296,2017,N,N
USA,2014-2019,FALSE,INC,premium,-.2579029,2017,N,N
USA,2014-2019,FALSE,INC,m50,4.532551,2017,N,N
USA,2014-2019,FALSE,INC,b40,3.920573,2021,N,N
USA,2014-2019,FALSE,INC,tot,4.178325,2021,N,N
USA,2014-2019,FALSE,INC,m50,4.532552,2021,N,N
USA,2015-2020,FALSE,INC,premium,.8766608,2017,N,N
USA,2015-2020,FALSE,INC,tot,3.924629,2017,N,N
USA,2015-2020,FALSE,INC,m50,4.558357,2017,N,N
USA,2015-2020,FALSE,INC,tot,3.92467,2021,N,N
USA,2015-2020,FALSE,INC,b40,4.801564,2021,N,N
USA,2015-2020,FALSE,INC,m50,4.558358,2021,N,N
USA,2015-2020,FALSE,INC,premium,.8768942,2021,N,N
USA,2015-2020,FALSE,INC,b40,4.80129,2017,N,N
USA,2016-2021,FALSE,INC,tot,3.080516,2017,N,N
USA,2016-2021,FALSE,INC,premium,1.488019,2021,N,N
USA,2016-2021,FALSE,INC,b40,4.568309,2017,N,N
USA,2016-2021,FALSE,INC,premium,1.487793,2017,N,N
USA,2016-2021,FALSE,INC,tot,3.080552,2021,N,N
USA,2016-2021,FALSE,INC,b40,4.568571,2021,N,N
USA,2016-2021,FALSE,INC,m50,3.181087,2017,N,N
USA,2016-2021,FALSE,INC,m50,3.181084,2021,N,N
USA,2017-2022,FALSE,INC,m50,1.172542,2017,N,N
USA,2017-2022,FALSE,INC,tot,1.286411,2017,N,N
USA,2017-2022,FALSE,INC,b40,1.262156,2021,N,N
USA,2017-2022,FALSE,INC,b40,1.262131,2017,N,N
USA,2017-2022,FALSE,INC,m50,1.172542,2021,N,N
USA,2017-2022,FALSE,INC,premium,-.0242596,2021,N,N
USA,2017-2022,FALSE,INC,premium,-.0242796,2017,N,N
USA,2017-2022,FALSE,INC,tot,1.286416,2021,N,N
USA,2018-2023,FALSE,INC,tot,1.038807,2021,N,N
USA,2018-2023,FALSE,INC,m50,1.103527,2021,N,N
USA,2018-2023,FALSE,INC,b40,.9132276,2017,N,N
USA,2018-2023,FALSE,INC,premium,-.125577,2017,N,N
USA,2018-2023,FALSE,INC,tot,1.038805,2017,N,N
USA,2018-2023,FALSE,INC,b40,.9132454,2021,N,N
USA,2018-2023,FALSE,INC,m50,1.103529,2017,N,N
USA,2018-2023,FALSE,INC,premium,-.125562,2021,N,N
VNM,2010-2014,FALSE,CONS,m50,4.528383,2021,N,N
VNM,2010-2014,FALSE,CONS,m50,4.528384,2017,N,N
VNM,2010-2016,FALSE,CONS,b40,5.317241,2017,N,N
VNM,2010-2016,FALSE,CONS,tot,3.88799,2017,N,N
VNM,2010-2014,FALSE,CONS,premium,2.515735,2017,N,N
VNM,2010-2016,FALSE,CONS,m50,5.401426,2017,N,N
VNM,2010-2016,FALSE,CONS,b40,5.317243,2021,N,N
VNM,2010-2016,FALSE,CONS,tot,3.887991,2021,N,N
VNM,2010-2016,FALSE,CONS,premium,1.429252,2017,N,N
VNM,2010-2014,FALSE,CONS,b40,4.661685,2017,N,N
VNM,2010-2014,FALSE,CONS,tot,2.145951,2017,N,N
VNM,2010-2016,FALSE,CONS,premium,1.429251,2021,N,N
VNM,2010-2014,FALSE,CONS,premium,2.515752,2021,N,N
VNM,2010-2016,FALSE,CONS,m50,5.401423,2021,N,N
VNM,2010-2014,FALSE,CONS,tot,2.145937,2021,N,N
VNM,2010-2014,FALSE,CONS,b40,4.661689,2021,N,N
VNM,2012-2018,FALSE,CONS,b40,5.151011,2017,N,N
VNM,2012-2016,FALSE,CONS,tot,5.149904,2017,N,N
VNM,2012-2016,FALSE,CONS,b40,5.290115,2017,N,N
VNM,2012-2016,FALSE,CONS,tot,5.149901,2021,N,N
VNM,2012-2016,FALSE,CONS,premium,.1402164,2021,N,N
VNM,2012-2016,FALSE,CONS,m50,5.432581,2017,N,N
VNM,2012-2016,FALSE,CONS,b40,5.290117,2021,N,N
VNM,2012-2018,FALSE,CONS,m50,5.403729,2017,N,N
VNM,2012-2018,FALSE,CONS,tot,5.25787,2017,N,N
VNM,2012-2018,FALSE,CONS,premium,-.106853,2021,N,N
VNM,2012-2018,FALSE,CONS,m50,5.403721,2021,N,N
VNM,2012-2018,FALSE,CONS,b40,5.151013,2021,N,N
VNM,2012-2018,FALSE,CONS,tot,5.257866,2021,N,N
VNM,2012-2016,FALSE,CONS,premium,.1402106,2017,N,N
VNM,2012-2018,FALSE,CONS,premium,-.1068587,2017,N,N
VNM,2012-2016,FALSE,CONS,m50,5.432575,2021,N,N
VNM,2014-2018,FALSE,CONS,premium,-.7099462,2017,N,N
VNM,2014-2018,FALSE,CONS,m50,6.253827,2021,N,N
VNM,2014-2018,FALSE,CONS,m50,6.253837,2017,N,N
VNM,2014-2018,FALSE,CONS,b40,5.753332,2021,N,N
VNM,2014-2018,FALSE,CONS,b40,5.753334,2017,N,N
VNM,2014-2018,FALSE,CONS,tot,6.463295,2021,N,N
VNM,2014-2018,FALSE,CONS,tot,6.46328,2017,N,N
VNM,2014-2018,FALSE,CONS,premium,-.7099624,2021,N,N
VNM,2016-2022,FALSE,CONS,m50,2.558776,2021,N,N
VNM,2016-2020,FALSE,CONS,tot,5.609281,2021,N,N
VNM,2016-2022,FALSE,CONS,b40,2.60752,2021,N,N
VNM,2016-2020,FALSE,CONS,premium,-.9038658,2017,N,N
VNM,2016-2020,FALSE,CONS,m50,4.921853,2021,N,N
VNM,2016-2020,FALSE,CONS,m50,4.921833,2017,N,N
VNM,2016-2022,FALSE,CONS,b40,2.607522,2017,N,N
VNM,2016-2022,FALSE,CONS,tot,2.778577,2017,N,N
VNM,2016-2020,FALSE,CONS,tot,5.609275,2017,N,N
VNM,2016-2020,FALSE,CONS,b40,4.705406,2021,N,N
VNM,2016-2022,FALSE,CONS,premium,-.1710548,2021,N,N
VNM,2016-2022,FALSE,CONS,m50,2.558776,2017,N,N
VNM,2016-2022,FALSE,CONS,tot,2.778575,2021,N,N
VNM,2016-2020,FALSE,CONS,premium,-.9038749,2021,N,N
VNM,2016-2020,FALSE,CONS,b40,4.705409,2017,N,N
VNM,2016-2022,FALSE,CONS,premium,-.1710553,2017,N,N
XKX,2012-2017,FALSE,CONS,m50,1.5279,2017,N,N
XKX,2012-2017,FALSE,CONS,premium,.4668152,2021,N,N
XKX,2012-2017,FALSE,CONS,premium,.4668162,2017,N,N
XKX,2012-2017,FALSE,CONS,tot,1.88955,2017,N,N
XKX,2012-2017,FALSE,CONS,b40,2.356366,2017,N,N
XKX,2012-2015,FALSE,CONS,b40,3.56578,2017,N,N
XKX,2012-2015,FALSE,CONS,tot,1.6777,2017,N,N
XKX,2012-2015,FALSE,CONS,m50,2.053447,2017,N,N
XKX,2012-2015,FALSE,CONS,m50,2.053445,2021,N,N
XKX,2012-2017,FALSE,CONS,tot,1.88955,2021,N,N
XKX,2012-2015,FALSE,CONS,premium,1.88808,2017,N,N
XKX,2012-2015,FALSE,CONS,b40,3.565771,2021,N,N
XKX,2012-2015,FALSE,CONS,tot,1.6777,2021,N,N
XKX,2012-2017,FALSE,CONS,b40,2.356366,2021,N,N
XKX,2012-2015,FALSE,CONS,premium,1.888071,2021,N,N
XKX,2012-2017,FALSE,CONS,m50,1.527901,2021,N,N
XKX,2017-2021,FALSE,INC,b40,-6.612586,2021,N,N
XKX,2017-2021,FALSE,INC,premium,-8.756994,2021,N,N
XKX,2017-2021,FALSE,INC,b40,-6.616512,2017,N,N
XKX,2017-2021,FALSE,INC,tot,2.144408,2021,N,N
XKX,2017-2021,FALSE,INC,premium,-8.760672,2017,N,N
XKX,2017-2021,FALSE,INC,tot,2.144159,2017,N,N
XKX,2017-2021,FALSE,INC,m50,1.179692,2021,N,N
XKX,2017-2021,FALSE,INC,m50,1.179691,2017,N,N
ZAF,2005-2010,FALSE,CONS,premium,-.3337536,2021,N,N
ZAF,2005-2010,FALSE,CONS,m50,7.0517,2017,N,N
ZAF,2005-2010,FALSE,CONS,b40,5.575793,2017,N,N
ZAF,2005-2010,FALSE,CONS,b40,5.575874,2021,N,N
ZAF,2005-2010,FALSE,CONS,premium,-.3338213,2017,N,N
ZAF,2005-2010,FALSE,CONS,tot,5.909614,2017,N,N
ZAF,2005-2010,FALSE,CONS,tot,5.909627,2021,N,N
ZAF,2005-2010,FALSE,CONS,m50,7.051701,2021,N,N
ZAF,2010-2014,FALSE,CONS,m50,-.9273476,2017,N,N
ZAF,2010-2014,FALSE,CONS,premium,-.107326,2021,N,N
ZAF,2010-2014,FALSE,CONS,m50,-.9273452,2021,N,N
ZAF,2010-2014,FALSE,CONS,tot,-1.240062,2017,N,N
ZAF,2010-2014,FALSE,CONS,b40,-1.34742,2017,N,N
ZAF,2010-2014,FALSE,CONS,premium,-.1073579,2017,N,N
ZAF,2010-2014,FALSE,CONS,b40,-1.347394,2021,N,N
ZAF,2010-2014,FALSE,CONS,tot,-1.240068,2021,N,N
ZMB,2010-2015,FALSE,CONS,b40,-1.872507,2021,N,N
ZMB,2010-2015,FALSE,CONS,premium,-3.989991,2021,N,N
ZMB,2010-2015,FALSE,CONS,premium,-3.946969,2017,N,N
ZMB,2010-2015,FALSE,CONS,tot,2.121688,2017,N,N
ZMB,2010-2015,FALSE,CONS,tot,2.117484,2021,N,N
ZMB,2010-2015,FALSE,CONS,m50,.9011555,2021,N,N
ZMB,2010-2015,FALSE,CONS,b40,-1.825281,2017,N,N
ZMB,2010-2015,FALSE,CONS,m50,.9011616,2017,N,N
ZMB,2015-2022,FALSE,CONS,m50,-1.130708,2017,N,N
ZMB,2015-2022,FALSE,CONS,premium,2.322745,2017,N,N
ZMB,2015-2022,FALSE,CONS,b40,.0376225,2021,N,N
ZMB,2015-2022,FALSE,CONS,m50,-1.130701,2021,N,N
ZMB,2015-2022,FALSE,CONS,tot,-2.307976,2017,N,N
ZMB,2015-2022,FALSE,CONS,premium,2.343925,2021,N,N
ZMB,2015-2022,FALSE,CONS,tot,-2.306303,2021,N,N
ZMB,2015-2022,FALSE,CONS,b40,.0147686,2017,N,N
