xyzdmxyzcountry,xyzdmxyzrequestyear,xyzdcxyzdatayear,xyzdcxyzwelfaretype,xyzdcxyzcoverage,xyzdmxyzinterpolation,xyzdcxyzsurvname,xyzdmxyzcomparability,xyzdmxyzcomparable_spell,id
AGO,2000,2000.21,CONS,N,FALSE,HBS,0,2000,1
AGO,2008,2008.5,CONS,N,FALSE,IBEP-MICS,1,2008,2
AGO,2018,2018.17,CONS,N,FALSE,IDREA,2,2018,3
ALB,2016,2016,INC,N,FALSE,SILC-C,4,2016 - 2018,4
ALB,2017,2017,INC,N,FALSE,SILC-C,4,2016 - 2018,5
ALB,2018,2018,INC,N,FALSE,SILC-C,4,2016 - 2018,6
ARE,2013,2013.42,INC,N,FALSE,HIES,0,2013 - 2018,7
ARE,2018,2018,INC,N,FALSE,HIES,0,2013 - 2018,8
ARG,1980,1980,INC,U,FALSE,EPH,0,1980 - 1991,9
ARG,1986,1986,INC,U,FALSE,EPH,0,1980 - 1991,10
ARG,1987,1987,INC,U,FALSE,EPH,0,1980 - 1991,11
ARG,1991,1991,INC,U,FALSE,EPH,0,1980 - 1991,12
ARG,1992,1992,INC,U,FALSE,EPH,1,1992 - 1997,13
ARG,1993,1993,INC,U,FALSE,EPH,1,1992 - 1997,14
ARG,1994,1994,INC,U,FALSE,EPH,1,1992 - 1997,15
ARG,1995,1995,INC,U,FALSE,EPH,1,1992 - 1997,16
ARG,1996,1996,INC,U,FALSE,EPH,1,1992 - 1997,17
ARG,1997,1997,INC,U,FALSE,EPH,1,1992 - 1997,18
ARG,1998,1998,INC,U,FALSE,EPH,2,1998 - 2002,19
ARG,1999,1999,INC,U,FALSE,EPH,2,1998 - 2002,20
ARG,2000,2000,INC,U,FALSE,EPH,2,1998 - 2002,21
ARG,2001,2001,INC,U,FALSE,EPH,2,1998 - 2002,22
ARG,2002,2002,INC,U,FALSE,EPH,2,1998 - 2002,23
ARG,2003,2003,INC,U,FALSE,EPHC-S2,3,2003 - 2023,24
ARG,2004,2004,INC,U,FALSE,EPHC-S2,3,2003 - 2023,25
ARG,2005,2005,INC,U,FALSE,EPHC-S2,3,2003 - 2023,26
ARG,2006,2006,INC,U,FALSE,EPHC-S2,3,2003 - 2023,27
ARG,2007,2007,INC,U,FALSE,EPHC-S2,3,2003 - 2023,28
ARG,2008,2008,INC,U,FALSE,EPHC-S2,3,2003 - 2023,29
ARG,2009,2009,INC,U,FALSE,EPHC-S2,3,2003 - 2023,30
ARG,2010,2010,INC,U,FALSE,EPHC-S2,3,2003 - 2023,31
ARG,2011,2011,INC,U,FALSE,EPHC-S2,3,2003 - 2023,32
ARG,2012,2012,INC,U,FALSE,EPHC-S2,3,2003 - 2023,33
ARG,2013,2013,INC,U,FALSE,EPHC-S2,3,2003 - 2023,34
ARG,2014,2014,INC,U,FALSE,EPHC-S2,3,2003 - 2023,35
ARG,2016,2016,INC,U,FALSE,EPHC-S2,3,2003 - 2023,36
ARG,2017,2017,INC,U,FALSE,EPHC-S2,3,2003 - 2023,37
ARG,2018,2018,INC,U,FALSE,EPHC-S2,3,2003 - 2023,38
ARG,2019,2019,INC,U,FALSE,EPHC-S2,3,2003 - 2023,39
ARG,2020,2020,INC,U,FALSE,EPHC-S2,3,2003 - 2023,40
ARG,2021,2021,INC,U,FALSE,EPHC-S2,3,2003 - 2023,41
ARG,2022,2022,INC,U,FALSE,EPHC-S2,3,2003 - 2023,42
ARG,2023,2023,INC,U,FALSE,EPHC-S2,3,2003 - 2023,43
ARM,1999,1999,CONS,N,FALSE,ILCS,1,1999 - 2018,44
ARM,2001,2001,CONS,N,FALSE,ILCS,1,1999 - 2018,45
ARM,2002,2002,CONS,N,FALSE,ILCS,1,1999 - 2018,46
ARM,2003,2003,CONS,N,FALSE,ILCS,1,1999 - 2018,47
ARM,2004,2004,CONS,N,FALSE,ILCS,1,1999 - 2018,48
ARM,2005,2005,CONS,N,FALSE,ILCS,1,1999 - 2018,49
ARM,2006,2006,CONS,N,FALSE,ILCS,1,1999 - 2018,50
ARM,2007,2007,CONS,N,FALSE,ILCS,1,1999 - 2018,51
ARM,2008,2008,CONS,N,FALSE,ILCS,1,1999 - 2018,52
ARM,2009,2009,CONS,N,FALSE,ILCS,1,1999 - 2018,53
ARM,2010,2010,CONS,N,FALSE,ILCS,1,1999 - 2018,54
ARM,2011,2011,CONS,N,FALSE,ILCS,1,1999 - 2018,55
ARM,2012,2012,CONS,N,FALSE,ILCS,1,1999 - 2018,56
ARM,2013,2013,CONS,N,FALSE,ILCS,1,1999 - 2018,57
ARM,2014,2014,CONS,N,FALSE,ILCS,1,1999 - 2018,58
ARM,2015,2015,CONS,N,FALSE,ILCS,1,1999 - 2018,59
ARM,2016,2016,CONS,N,FALSE,ILCS,1,1999 - 2018,60
ARM,2017,2017,CONS,N,FALSE,ILCS,1,1999 - 2018,61
ARM,2018,2018,CONS,N,FALSE,ILCS,1,1999 - 2018,62
ARM,2019,2019,CONS,N,FALSE,ILCS,2,2019 - 2023,63
ARM,2020,2020,CONS,N,FALSE,ILCS,2,2019 - 2023,64
ARM,2021,2021,CONS,N,FALSE,ILCS,2,2019 - 2023,65
ARM,2022,2022,CONS,N,FALSE,ILCS,2,2019 - 2023,66
ARM,2023,2023,CONS,N,FALSE,ILCS,2,2019 - 2023,67
AUS,1981,1981,INC,N,FALSE,IHS-LIS,0,1981,68
AUS,1985,1985,INC,N,FALSE,IDS-LIS,1,1985,69
AUS,1989,1989,INC,N,FALSE,SIHCA-LIS,2,1989,70
AUS,1995,1995,INC,N,FALSE,SIH-LIS,3,1995 - 2018,71
AUS,2001,2001,INC,N,FALSE,SIH-LIS,3,1995 - 2018,72
AUS,2003,2003,INC,N,FALSE,SIH-LIS,3,1995 - 2018,73
AUS,2004,2004,INC,N,FALSE,SIH-HES-LIS,3,1995 - 2018,74
AUS,2008,2008,INC,N,FALSE,SIH-LIS,3,1995 - 2018,75
AUS,2010,2010,INC,N,FALSE,SIH-HES-LIS,3,1995 - 2018,76
AUS,2014,2014,INC,N,FALSE,SIH-LIS,3,1995 - 2018,77
AUS,2016,2016,INC,N,FALSE,SIH-HES-LIS,3,1995 - 2018,78
AUS,2018,2018,INC,N,FALSE,SIH-LIS,3,1995 - 2018,79
AUT,1994,1994,INC,N,FALSE,ECHP-LIS,1,1994 - 2000,80
AUT,1995,1995,INC,N,FALSE,ECHP-LIS,1,1994 - 2000,81
AUT,1996,1996,INC,N,FALSE,ECHP-LIS,1,1994 - 2000,82
AUT,1997,1997,INC,N,FALSE,ECHP-LIS,1,1994 - 2000,83
AUT,1998,1998,INC,N,FALSE,ECHP-LIS,1,1994 - 2000,84
AUT,1999,1999,INC,N,FALSE,ECHP-LIS,1,1994 - 2000,85
AUT,2000,2000,INC,N,FALSE,ECHP-LIS,1,1994 - 2000,86
AUT,2003,2003,INC,N,FALSE,EU-SILC,2,2003 - 2022,87
AUT,2004,2004,INC,N,FALSE,EU-SILC,2,2003 - 2022,88
AUT,2005,2005,INC,N,FALSE,EU-SILC,2,2003 - 2022,89
AUT,2006,2006,INC,N,FALSE,EU-SILC,2,2003 - 2022,90
AUT,2007,2007,INC,N,FALSE,EU-SILC,2,2003 - 2022,91
AUT,2008,2008,INC,N,FALSE,EU-SILC,2,2003 - 2022,92
AUT,2009,2009,INC,N,FALSE,EU-SILC,2,2003 - 2022,93
AUT,2010,2010,INC,N,FALSE,EU-SILC,2,2003 - 2022,94
AUT,2011,2011,INC,N,FALSE,EU-SILC,2,2003 - 2022,95
AUT,2012,2012,INC,N,FALSE,EU-SILC,2,2003 - 2022,96
AUT,2013,2013,INC,N,FALSE,EU-SILC,2,2003 - 2022,97
AUT,2014,2014,INC,N,FALSE,EU-SILC,2,2003 - 2022,98
AUT,2015,2015,INC,N,FALSE,EU-SILC,2,2003 - 2022,99
AUT,2016,2016,INC,N,FALSE,EU-SILC,2,2003 - 2022,100
AUT,2017,2017,INC,N,FALSE,EU-SILC,2,2003 - 2022,101
AUT,2018,2018,INC,N,FALSE,EU-SILC,2,2003 - 2022,102
AUT,2019,2019,INC,N,FALSE,EU-SILC,2,2003 - 2022,103
AUT,2020,2020,INC,N,FALSE,EU-SILC,2,2003 - 2022,104
AUT,2021,2021,INC,N,FALSE,EU-SILC,2,2003 - 2022,105
AUT,2022,2022,INC,N,FALSE,EU-SILC,2,2003 - 2022,106
AZE,1995,1995,CONS,N,FALSE,SLC,0,1995,107
AZE,2001,2001,CONS,N,FALSE,HBS,1,2001 - 2005,108
AZE,2002,2002,CONS,N,FALSE,HBS,1,2001 - 2005,109
AZE,2003,2003,CONS,N,FALSE,HBS,1,2001 - 2005,110
AZE,2004,2004,CONS,N,FALSE,HBS,1,2001 - 2005,111
AZE,2005,2005,CONS,N,FALSE,HBS,1,2001 - 2005,112
BDI,1992,1992,CONS,N,FALSE,EDCM,0,1992,113
BDI,1998,1998.5,CONS,N,FALSE,EP,1,1998 - 2013,114
BDI,2006,2006,CONS,N,FALSE,QUIBB,1,1998 - 2013,115
BDI,2013,2013.5,CONS,N,FALSE,ECVMB,1,1998 - 2013,116
BDI,2020,2020.15,CONS,N,FALSE,EICVMB,2,2020,117
BEL,1985,1985,INC,N,FALSE,SEP-LIS,0,1985 - 1997,118
BEL,1988,1988,INC,N,FALSE,SEP-LIS,0,1985 - 1997,119
BEL,1992,1992,INC,N,FALSE,SEP-LIS,0,1985 - 1997,120
BEL,1995,1995,INC,N,FALSE,PSBH-ECHP-LIS,1,1995 - 2000,121
BEL,1997,1997,INC,N,FALSE,SEP-LIS,0,1985 - 1997,122
BEL,2000,2000,INC,N,FALSE,PSBH-ECHP-LIS,1,1995 - 2000,123
BEL,2003,2003,INC,N,FALSE,EU-SILC,2,2003 - 2022,124
BEL,2004,2004,INC,N,FALSE,EU-SILC,2,2003 - 2022,125
BEL,2005,2005,INC,N,FALSE,EU-SILC,2,2003 - 2022,126
BEL,2006,2006,INC,N,FALSE,EU-SILC,2,2003 - 2022,127
BEL,2007,2007,INC,N,FALSE,EU-SILC,2,2003 - 2022,128
BEL,2008,2008,INC,N,FALSE,EU-SILC,2,2003 - 2022,129
BEL,2009,2009,INC,N,FALSE,EU-SILC,2,2003 - 2022,130
BEL,2010,2010,INC,N,FALSE,EU-SILC,2,2003 - 2022,131
BEL,2011,2011,INC,N,FALSE,EU-SILC,2,2003 - 2022,132
BEL,2012,2012,INC,N,FALSE,EU-SILC,2,2003 - 2022,133
BEL,2013,2013,INC,N,FALSE,EU-SILC,2,2003 - 2022,134
BEL,2014,2014,INC,N,FALSE,EU-SILC,2,2003 - 2022,135
BEL,2015,2015,INC,N,FALSE,EU-SILC,2,2003 - 2022,136
BEL,2016,2016,INC,N,FALSE,EU-SILC,2,2003 - 2022,137
BEL,2017,2017,INC,N,FALSE,EU-SILC,2,2003 - 2022,138
BEL,2018,2018,INC,N,FALSE,EU-SILC,2,2003 - 2022,139
BEL,2019,2019,INC,N,FALSE,EU-SILC,2,2003 - 2022,140
BEL,2020,2020,INC,N,FALSE,EU-SILC,2,2003 - 2022,141
BEL,2021,2021,INC,N,FALSE,EU-SILC,2,2003 - 2022,142
BEL,2022,2022,INC,N,FALSE,EU-SILC,2,2003 - 2022,143
BEN,2003,2003,CONS,N,FALSE,QUIBB,0,2003,144
BEN,2011,2011.33,CONS,N,FALSE,EMICOV,1,2011 - 2015,145
BEN,2015,2015,CONS,N,FALSE,EMICOV,1,2011 - 2015,146
BEN,2018,2018.5,CONS,N,FALSE,EHCVM,2,2018 - 2021,147
BEN,2021,2021.75,CONS,N,FALSE,EHCVM,2,2018 - 2021,148
BFA,1994,1994.25,CONS,N,FALSE,EP-I,0,1994,149
BFA,1998,1998,CONS,N,FALSE,EP-II,1,1998 - 2003,150
BFA,2003,2003,CONS,N,FALSE,ECVM,1,1998 - 2003,151
BFA,2009,2009,CONS,N,FALSE,ECVM,2,2009,152
BFA,2014,2014,CONS,N,FALSE,EMC,3,2014,153
BFA,2018,2018.5,CONS,N,FALSE,EHCVM,4,2018 - 2021,154
BFA,2021,2021.67,CONS,N,FALSE,EHCVM,4,2018 - 2021,155
BGD,1983,1983.5,CONS,N,FALSE,HHES,0,1983 - 1988,156
BGD,1985,1985.5,CONS,N,FALSE,HHES,0,1983 - 1988,157
BGD,1988,1988.5,CONS,N,FALSE,HHES,0,1983 - 1988,158
BGD,1991,1991.5,CONS,N,FALSE,HHES,1,1991 - 1995,159
BGD,1995,1995.5,CONS,N,FALSE,HHES,1,1991 - 1995,160
BGD,2000,2000,CONS,N,FALSE,HIES,2,2000 - 2016,161
BGD,2005,2005,CONS,N,FALSE,HIES,2,2000 - 2016,162
BGD,2010,2010,CONS,N,FALSE,HIES,2,2000 - 2016,163
BGD,2016,2016,CONS,N,FALSE,HIES,2,2000 - 2016,164
BGD,2022,2022,CONS,N,FALSE,HIES,3,2022,165
BGR,2006,2006,INC,N,FALSE,EU-SILC,5,2006 - 2014,166
BGR,2007,2007,INC,N,FALSE,EU-SILC,5,2006 - 2014,167
BGR,2008,2008,INC,N,FALSE,EU-SILC,5,2006 - 2014,168
BGR,2009,2009,INC,N,FALSE,EU-SILC,5,2006 - 2014,169
BGR,2010,2010,INC,N,FALSE,EU-SILC,5,2006 - 2014,170
BGR,2011,2011,INC,N,FALSE,EU-SILC,5,2006 - 2014,171
BGR,2012,2012,INC,N,FALSE,EU-SILC,5,2006 - 2014,172
BGR,2013,2013,INC,N,FALSE,EU-SILC,5,2006 - 2014,173
BGR,2014,2014,INC,N,FALSE,EU-SILC,5,2006 - 2014,174
BGR,2015,2015,INC,N,FALSE,EU-SILC,6,2015 - 2022,175
BGR,2016,2016,INC,N,FALSE,EU-SILC,6,2015 - 2022,176
BGR,2017,2017,INC,N,FALSE,EU-SILC,6,2015 - 2022,177
BGR,2018,2018,INC,N,FALSE,EU-SILC,6,2015 - 2022,178
BGR,2019,2019,INC,N,FALSE,EU-SILC,6,2015 - 2022,179
BGR,2020,2020,INC,N,FALSE,EU-SILC,6,2015 - 2022,180
BGR,2021,2021,INC,N,FALSE,EU-SILC,6,2015 - 2022,181
BGR,2022,2022,INC,N,FALSE,EU-SILC,6,2015 - 2022,182
BIH,2001,2001,CONS,N,FALSE,LSMS,0,2001 - 2004,183
BIH,2004,2004,CONS,N,FALSE,LSMS,0,2001 - 2004,184
BIH,2007,2007,CONS,N,FALSE,HBS,1,2007 - 2011,185
BIH,2011,2011,CONS,N,FALSE,HBS,1,2007 - 2011,186
BLR,1998,1998,CONS,N,FALSE,HHS,1,1998 - 2020,187
BLR,1999,1999,CONS,N,FALSE,HHS,1,1998 - 2020,188
BLR,2000,2000,CONS,N,FALSE,HHS,1,1998 - 2020,189
BLR,2001,2001,CONS,N,FALSE,HHS,1,1998 - 2020,190
BLR,2002,2002,CONS,N,FALSE,HHS,1,1998 - 2020,191
BLR,2003,2003,CONS,N,FALSE,HHS,1,1998 - 2020,192
BLR,2004,2004,CONS,N,FALSE,HHS,1,1998 - 2020,193
BLR,2005,2005,CONS,N,FALSE,HHS,1,1998 - 2020,194
BLR,2006,2006,CONS,N,FALSE,HHS,1,1998 - 2020,195
BLR,2007,2007,CONS,N,FALSE,HHS,1,1998 - 2020,196
BLR,2008,2008,CONS,N,FALSE,HHS,1,1998 - 2020,197
BLR,2009,2009,CONS,N,FALSE,HHS,1,1998 - 2020,198
BLR,2010,2010,CONS,N,FALSE,HHS,1,1998 - 2020,199
BLR,2011,2011,CONS,N,FALSE,HHS,1,1998 - 2020,200
BLR,2012,2012,CONS,N,FALSE,HHS,1,1998 - 2020,201
BLR,2013,2013,CONS,N,FALSE,HHS,1,1998 - 2020,202
BLR,2014,2014,CONS,N,FALSE,HHS,1,1998 - 2020,203
BLR,2015,2015,CONS,N,FALSE,HHS,1,1998 - 2020,204
BLR,2016,2016,CONS,N,FALSE,HHS,1,1998 - 2020,205
BLR,2017,2017,CONS,N,FALSE,HHS,1,1998 - 2020,206
BLR,2018,2018,CONS,N,FALSE,HHS,1,1998 - 2020,207
BLR,2019,2019,CONS,N,FALSE,HHS,1,1998 - 2020,208
BLR,2020,2020,CONS,N,FALSE,HHS,1,1998 - 2020,209
BLZ,1993,1993,INC,N,FALSE,LFS,0,1993 - 1999,210
BLZ,1994,1994,INC,N,FALSE,LFS,0,1993 - 1999,211
BLZ,1996,1996,INC,N,FALSE,SLC,2,1996,212
BLZ,1997,1997,INC,N,FALSE,LFS,0,1993 - 1999,213
BLZ,1998,1998,INC,N,FALSE,LFS,0,1993 - 1999,214
BLZ,1999,1999,INC,N,FALSE,LFS,0,1993 - 1999,215
BLZ,2018,2018.2,CONS,N,FALSE,HBS,3,2018,216
BOL,1990,1990.5,INC,U,FALSE,EPF,0,1990 - 1992,217
BOL,1992,1992,INC,U,FALSE,EIH,0,1990 - 1992,218
BOL,1997,1997,INC,N,FALSE,ENE,1,1997,219
BOL,1999,1999,INC,N,FALSE,ECH,2,1999,220
BOL,2000,2000,INC,N,FALSE,ECH,3,2000 - 2002,221
BOL,2001,2001,INC,N,FALSE,EH,3,2000 - 2002,222
BOL,2002,2002,INC,N,FALSE,EH,3,2000 - 2002,223
BOL,2004,2004,INC,N,FALSE,ECH,4,2004,224
BOL,2005,2005,INC,N,FALSE,EH,5,2005 - 2023,225
BOL,2006,2006,INC,N,FALSE,EH,5,2005 - 2023,226
BOL,2007,2007,INC,N,FALSE,EH,5,2005 - 2023,227
BOL,2008,2008,INC,N,FALSE,EH,5,2005 - 2023,228
BOL,2009,2009,INC,N,FALSE,EH,5,2005 - 2023,229
BOL,2011,2011,INC,N,FALSE,EH,5,2005 - 2023,230
BOL,2012,2012,INC,N,FALSE,EH,5,2005 - 2023,231
BOL,2013,2013,INC,N,FALSE,EH,5,2005 - 2023,232
BOL,2014,2014,INC,N,FALSE,EH,5,2005 - 2023,233
BOL,2015,2015,INC,N,FALSE,EH,5,2005 - 2023,234
BOL,2016,2016,INC,N,FALSE,EH,5,2005 - 2023,235
BOL,2017,2017,INC,N,FALSE,EH,5,2005 - 2023,236
BOL,2018,2018,INC,N,FALSE,EH,5,2005 - 2023,237
BOL,2019,2019,INC,N,FALSE,EH,5,2005 - 2023,238
BOL,2020,2020,INC,N,FALSE,EH,5,2005 - 2023,239
BOL,2021,2021,INC,N,FALSE,EH,5,2005 - 2023,240
BOL,2022,2022,INC,N,FALSE,EH,5,2005 - 2023,241
BOL,2023,2023,INC,N,FALSE,EH,5,2005 - 2023,242
BRA,1981,1981,INC,N,FALSE,PNAD,0,1981 - 2011,243
BRA,1982,1982,INC,N,FALSE,PNAD,0,1981 - 2011,244
BRA,1983,1983,INC,N,FALSE,PNAD,0,1981 - 2011,245
BRA,1984,1984,INC,N,FALSE,PNAD,0,1981 - 2011,246
BRA,1985,1985,INC,N,FALSE,PNAD,0,1981 - 2011,247
BRA,1986,1986,INC,N,FALSE,PNAD,0,1981 - 2011,248
BRA,1987,1987,INC,N,FALSE,PNAD,0,1981 - 2011,249
BRA,1988,1988,INC,N,FALSE,PNAD,0,1981 - 2011,250
BRA,1989,1989,INC,N,FALSE,PNAD,0,1981 - 2011,251
BRA,1990,1990,INC,N,FALSE,PNAD,0,1981 - 2011,252
BRA,1992,1992,INC,N,FALSE,PNAD,0,1981 - 2011,253
BRA,1993,1993,INC,N,FALSE,PNAD,0,1981 - 2011,254
BRA,1995,1995,INC,N,FALSE,PNAD,0,1981 - 2011,255
BRA,1996,1996,INC,N,FALSE,PNAD,0,1981 - 2011,256
BRA,1997,1997,INC,N,FALSE,PNAD,0,1981 - 2011,257
BRA,1998,1998,INC,N,FALSE,PNAD,0,1981 - 2011,258
BRA,1999,1999,INC,N,FALSE,PNAD,0,1981 - 2011,259
BRA,2001,2001,INC,N,FALSE,PNAD,0,1981 - 2011,260
BRA,2002,2002,INC,N,FALSE,PNAD,0,1981 - 2011,261
BRA,2003,2003,INC,N,FALSE,PNAD,0,1981 - 2011,262
BRA,2004,2004,INC,N,FALSE,PNAD,0,1981 - 2011,263
BRA,2005,2005,INC,N,FALSE,PNAD,0,1981 - 2011,264
BRA,2006,2006,INC,N,FALSE,PNAD,0,1981 - 2011,265
BRA,2007,2007,INC,N,FALSE,PNAD,0,1981 - 2011,266
BRA,2008,2008,INC,N,FALSE,PNAD,0,1981 - 2011,267
BRA,2009,2009,INC,N,FALSE,PNAD,0,1981 - 2011,268
BRA,2011,2011,INC,N,FALSE,PNAD,0,1981 - 2011,269
BRA,2012,2012,INC,N,FALSE,PNADC-E1,1,2012 - 2023,270
BRA,2013,2013,INC,N,FALSE,PNADC-E1,1,2012 - 2023,271
BRA,2014,2014,INC,N,FALSE,PNADC-E1,1,2012 - 2023,272
BRA,2015,2015,INC,N,FALSE,PNADC-E1,1,2012 - 2023,273
BRA,2016,2016,INC,N,FALSE,PNADC-E1,1,2012 - 2023,274
BRA,2017,2017,INC,N,FALSE,PNADC-E1,1,2012 - 2023,275
BRA,2018,2018,INC,N,FALSE,PNADC-E1,1,2012 - 2023,276
BRA,2019,2019,INC,N,FALSE,PNADC-E1,1,2012 - 2023,277
BRA,2020,2020,INC,N,FALSE,PNADC-E5,1,2012 - 2023,278
BRA,2021,2021,INC,N,FALSE,PNADC-E5,1,2012 - 2023,279
BRA,2022,2022,INC,N,FALSE,PNADC-E1,1,2012 - 2023,280
BRA,2023,2023,INC,N,FALSE,PNADC-E1,1,2012 - 2023,281
BRB,2016,2016,CONS,N,FALSE,BSLC,0,2016,282
BTN,2003,2003,CONS,N,FALSE,BLSS,0,2003,283
BTN,2007,2007,CONS,N,FALSE,BLSS,1,2007 - 2017,284
BTN,2012,2012,CONS,N,FALSE,BLSS,1,2007 - 2017,285
BTN,2017,2017,CONS,N,FALSE,BLSS,1,2007 - 2017,286
BTN,2022,2022,CONS,N,FALSE,BLSS,2,2022,287
BWA,1985,1985.57,CONS,N,FALSE,HIES,0,1985 - 1993,288
BWA,1993,1993.33,CONS,N,FALSE,HIES,0,1985 - 1993,289
BWA,2002,2002.53,CONS,N,FALSE,HIES,1,2002 - 2015,290
BWA,2009,2009.25,CONS,N,FALSE,CWIS,1,2002 - 2015,291
BWA,2015,2015.85,CONS,N,FALSE,BMTHS,1,2002 - 2015,292
CAF,1992,1992.43,CONS,N,FALSE,EPCM,0,1992,293
CAF,2008,2008,CONS,N,FALSE,ECASEB,1,2008,294
CAF,2021,2021,CONS,N,FALSE,EHCVM,2,2021,295
CAN,1971,1971,INC,N,FALSE,SCF-LIS,0,1971 - 1995,296
CAN,1973,1973,INC,N,FALSE,SCF-LIS,0,1971 - 1995,297
CAN,1975,1975,INC,N,FALSE,SCF-LIS,0,1971 - 1995,298
CAN,1977,1977,INC,N,FALSE,SCF-LIS,0,1971 - 1995,299
CAN,1979,1979,INC,N,FALSE,SCF-LIS,0,1971 - 1995,300
CAN,1981,1981,INC,N,FALSE,SCF-LIS,0,1971 - 1995,301
CAN,1982,1982,INC,N,FALSE,SCF-LIS,0,1971 - 1995,302
CAN,1984,1984,INC,N,FALSE,SCF-LIS,0,1971 - 1995,303
CAN,1985,1985,INC,N,FALSE,SCF-LIS,0,1971 - 1995,304
CAN,1986,1986,INC,N,FALSE,SCF-LIS,0,1971 - 1995,305
CAN,1987,1987,INC,N,FALSE,SCF-LIS,0,1971 - 1995,306
CAN,1988,1988,INC,N,FALSE,SCF-LIS,0,1971 - 1995,307
CAN,1989,1989,INC,N,FALSE,SCF-LIS,0,1971 - 1995,308
CAN,1990,1990,INC,N,FALSE,SCF-LIS,0,1971 - 1995,309
CAN,1991,1991,INC,N,FALSE,SCF-LIS,0,1971 - 1995,310
CAN,1992,1992,INC,N,FALSE,SCF-LIS,0,1971 - 1995,311
CAN,1993,1993,INC,N,FALSE,SCF-LIS,0,1971 - 1995,312
CAN,1994,1994,INC,N,FALSE,SCF-LIS,0,1971 - 1995,313
CAN,1995,1995,INC,N,FALSE,SCF-LIS,0,1971 - 1995,314
CAN,1996,1996,INC,N,FALSE,SLID-LIS,1,1996 - 2011,315
CAN,1997,1997,INC,N,FALSE,SLID-LIS,1,1996 - 2011,316
CAN,1998,1998,INC,N,FALSE,SLID-LIS,1,1996 - 2011,317
CAN,1999,1999,INC,N,FALSE,SLID-LIS,1,1996 - 2011,318
CAN,2000,2000,INC,N,FALSE,SLID-LIS,1,1996 - 2011,319
CAN,2001,2001,INC,N,FALSE,SLID-LIS,1,1996 - 2011,320
CAN,2002,2002,INC,N,FALSE,SLID-LIS,1,1996 - 2011,321
CAN,2003,2003,INC,N,FALSE,SLID-LIS,1,1996 - 2011,322
CAN,2004,2004,INC,N,FALSE,SLID-LIS,1,1996 - 2011,323
CAN,2005,2005,INC,N,FALSE,SLID-LIS,1,1996 - 2011,324
CAN,2006,2006,INC,N,FALSE,SLID-LIS,1,1996 - 2011,325
CAN,2007,2007,INC,N,FALSE,SLID-LIS,1,1996 - 2011,326
CAN,2008,2008,INC,N,FALSE,SLID-LIS,1,1996 - 2011,327
CAN,2009,2009,INC,N,FALSE,SLID-LIS,1,1996 - 2011,328
CAN,2010,2010,INC,N,FALSE,SLID-LIS,1,1996 - 2011,329
CAN,2011,2011,INC,N,FALSE,SLID-LIS,1,1996 - 2011,330
CAN,2012,2012,INC,N,FALSE,CIS-LIS,2,2012 - 2020,331
CAN,2013,2013,INC,N,FALSE,CIS-LIS,2,2012 - 2020,332
CAN,2014,2014,INC,N,FALSE,CIS-LIS,2,2012 - 2020,333
CAN,2015,2015,INC,N,FALSE,CIS-LIS,2,2012 - 2020,334
CAN,2016,2016,INC,N,FALSE,CIS-LIS,2,2012 - 2020,335
CAN,2017,2017,INC,N,FALSE,CIS-LIS,2,2012 - 2020,336
CAN,2018,2018,INC,N,FALSE,CIS-LIS,2,2012 - 2020,337
CAN,2019,2019,INC,N,FALSE,CIS-LIS,2,2012 - 2020,338
CAN,2020,2020,INC,N,FALSE,CIS-LIS,2,2012 - 2020,339
CHE,1982,1982,INC,N,FALSE,SIWS-LIS,0,1982,340
CHE,1992,1992,INC,N,FALSE,NPS-LIS,1,1992,341
CHE,2000,2000,INC,N,FALSE,IES-LIS,2,2000 - 2004,342
CHE,2002,2002,INC,N,FALSE,IES-LIS,2,2000 - 2004,343
CHE,2004,2004,INC,N,FALSE,IES-LIS,2,2000 - 2004,344
CHE,2006,2006,INC,N,FALSE,EU-SILC,3,2006 - 2021,345
CHE,2007,2007,INC,N,FALSE,EU-SILC,3,2006 - 2021,346
CHE,2008,2008,INC,N,FALSE,EU-SILC,3,2006 - 2021,347
CHE,2009,2009,INC,N,FALSE,EU-SILC,3,2006 - 2021,348
CHE,2010,2010,INC,N,FALSE,EU-SILC,3,2006 - 2021,349
CHE,2011,2011,INC,N,FALSE,EU-SILC,3,2006 - 2021,350
CHE,2012,2012,INC,N,FALSE,EU-SILC,3,2006 - 2021,351
CHE,2013,2013,INC,N,FALSE,EU-SILC,3,2006 - 2021,352
CHE,2014,2014,INC,N,FALSE,EU-SILC,3,2006 - 2021,353
CHE,2015,2015,INC,N,FALSE,EU-SILC,3,2006 - 2021,354
CHE,2016,2016,INC,N,FALSE,EU-SILC,3,2006 - 2021,355
CHE,2017,2017,INC,N,FALSE,EU-SILC,3,2006 - 2021,356
CHE,2018,2018,INC,N,FALSE,EU-SILC,3,2006 - 2021,357
CHE,2019,2019,INC,N,FALSE,EU-SILC,3,2006 - 2021,358
CHE,2020,2020,INC,N,FALSE,EU-SILC,3,2006 - 2021,359
CHE,2021,2021,INC,N,FALSE,EU-SILC,3,2006 - 2021,360
CHL,1987,1987,INC,N,FALSE,CASEN,0,1987 - 1998,361
CHL,1990,1990,INC,N,FALSE,CASEN,0,1987 - 1998,362
CHL,1992,1992,INC,N,FALSE,CASEN,0,1987 - 1998,363
CHL,1994,1994,INC,N,FALSE,CASEN,0,1987 - 1998,364
CHL,1996,1996,INC,N,FALSE,CASEN,0,1987 - 1998,365
CHL,1998,1998,INC,N,FALSE,CASEN,0,1987 - 1998,366
CHL,2000,2000,INC,N,FALSE,CASEN,1,2000 - 2003,367
CHL,2003,2003,INC,N,FALSE,CASEN,1,2000 - 2003,368
CHL,2006,2006,INC,N,FALSE,CASEN,2,2006 - 2022,369
CHL,2009,2009,INC,N,FALSE,CASEN,2,2006 - 2022,370
CHL,2011,2011,INC,N,FALSE,CASEN,2,2006 - 2022,371
CHL,2013,2013,INC,N,FALSE,CASEN,2,2006 - 2022,372
CHL,2015,2015,INC,N,FALSE,CASEN,2,2006 - 2022,373
CHL,2017,2017,INC,N,FALSE,CASEN,2,2006 - 2022,374
CHL,2020,2020,INC,N,FALSE,CASEN,2,2006 - 2022,375
CHL,2022,2022,INC,N,FALSE,CASEN,2,2006 - 2022,376
CHN,1990,1990,CONS,N,FALSE,CRHS-CUHS,1,1990 - 2012,377
CHN,1993,1993,CONS,N,FALSE,CRHS-CUHS,1,1990 - 2012,378
CHN,1996,1996,CONS,N,FALSE,CRHS-CUHS,1,1990 - 2012,379
CHN,1999,1999,CONS,N,FALSE,CRHS-CUHS,1,1990 - 2012,380
CHN,2002,2002,CONS,N,FALSE,CRHS-CUHS,1,1990 - 2012,381
CHN,2005,2005,CONS,N,FALSE,CRHS-CUHS,1,1990 - 2012,382
CHN,2008,2008,CONS,N,FALSE,CRHS-CUHS,1,1990 - 2012,383
CHN,2010,2010,CONS,N,FALSE,CRHS-CUHS,1,1990 - 2012,384
CHN,2011,2011,CONS,N,FALSE,CRHS-CUHS,1,1990 - 2012,385
CHN,2012,2012,CONS,N,FALSE,CNIHS,1,1990 - 2012,386
CHN,2013,2013,CONS,N,FALSE,CNIHS,2,2013 - 2021,387
CHN,2014,2014,CONS,N,FALSE,CNIHS,2,2013 - 2021,388
CHN,2015,2015,CONS,N,FALSE,CNIHS,2,2013 - 2021,389
CHN,2016,2016,CONS,N,FALSE,CNIHS,2,2013 - 2021,390
CHN,2017,2017,CONS,N,FALSE,CNIHS,2,2013 - 2021,391
CHN,2018,2018,CONS,N,FALSE,CNIHS,2,2013 - 2021,392
CHN,2019,2019,CONS,N,FALSE,CNIHS,2,2013 - 2021,393
CHN,2020,2020,CONS,N,FALSE,CNIHS,2,2013 - 2021,394
CHN,2021,2021,CONS,N,FALSE,CNIHS,2,2013 - 2021,395
CIV,1985,1985.08,CONS,N,FALSE,EPAM,0,1985 - 1988,396
CIV,1986,1986.08,CONS,N,FALSE,EPAM,0,1985 - 1988,397
CIV,1987,1987.17,CONS,N,FALSE,EPAM,0,1985 - 1988,398
CIV,1988,1988.33,CONS,N,FALSE,EPAM,0,1985 - 1988,399
CIV,1992,1992.57,CONS,N,FALSE,EP,1,1992 - 1998,400
CIV,1995,1995,CONS,N,FALSE,ENV,1,1992 - 1998,401
CIV,1998,1998,CONS,N,FALSE,ENV,1,1992 - 1998,402
CIV,2002,2002,CONS,N,FALSE,ENV,2,2002 - 2015,403
CIV,2008,2008,CONS,N,FALSE,ENV,2,2002 - 2015,404
CIV,2015,2015,CONS,N,FALSE,ENV,2,2002 - 2015,405
CIV,2018,2018.5,CONS,N,FALSE,EHCVM,3,2018 - 2021,406
CIV,2021,2021.75,CONS,N,FALSE,EHCVM,3,2018 - 2021,407
CMR,1996,1996,CONS,N,FALSE,ECAM-I,0,1996,408
CMR,2001,2001,CONS,N,FALSE,ECAM-II,1,2001 - 2014,409
CMR,2007,2007,CONS,N,FALSE,ECAM-III,1,2001 - 2014,410
CMR,2014,2014,CONS,N,FALSE,ECAM-IV,1,2001 - 2014,411
CMR,2021,2021.67,CONS,N,FALSE,ECAM-V,2,2021,412
COD,2004,2004.89,CONS,N,FALSE,E123,0,2004 - 2012,413
COD,2012,2012.4,CONS,N,FALSE,E123,0,2004 - 2012,414
COD,2020,2020,CONS,N,FALSE,EGI-ODD,1,2020,415
COG,2005,2005,CONS,N,FALSE,ECOM,0,2005 - 2011,416
COG,2011,2011.67,CONS,N,FALSE,ECOM,0,2005 - 2011,417
COL,1980,1980,INC,U,FALSE,ENH,0,1980,418
COL,1988,1988,INC,U,FALSE,ENH,1,1988 - 2000,419
COL,1989,1989,INC,U,FALSE,ENH,1,1988 - 2000,420
COL,1991,1991,INC,U,FALSE,ENH,1,1988 - 2000,421
COL,1992,1992,INC,N,FALSE,ENH,1,1988 - 2000,422
COL,1996,1996,INC,N,FALSE,ENH,1,1988 - 2000,423
COL,1999,1999,INC,N,FALSE,ENH,1,1988 - 2000,424
COL,2000,2000,INC,N,FALSE,ENH,1,1988 - 2000,425
COL,2001,2001,INC,N,FALSE,ECH,2,2001,426
COL,2002,2002,INC,N,FALSE,ECH,3,2002 - 2005,427
COL,2003,2003,INC,N,FALSE,ECH,3,2002 - 2005,428
COL,2004,2004,INC,N,FALSE,ECH,3,2002 - 2005,429
COL,2005,2005,INC,N,FALSE,ECH,3,2002 - 2005,430
COL,2008,2008,INC,N,FALSE,GEIH,4,2008 - 2020,431
COL,2009,2009,INC,N,FALSE,GEIH,4,2008 - 2020,432
COL,2010,2010,INC,N,FALSE,GEIH,4,2008 - 2020,433
COL,2011,2011,INC,N,FALSE,GEIH,4,2008 - 2020,434
COL,2012,2012,INC,N,FALSE,GEIH,4,2008 - 2020,435
COL,2013,2013,INC,N,FALSE,GEIH,4,2008 - 2020,436
COL,2014,2014,INC,N,FALSE,GEIH,4,2008 - 2020,437
COL,2015,2015,INC,N,FALSE,GEIH,4,2008 - 2020,438
COL,2016,2016,INC,N,FALSE,GEIH,4,2008 - 2020,439
COL,2017,2017,INC,N,FALSE,GEIH,4,2008 - 2020,440
COL,2018,2018,INC,N,FALSE,GEIH,4,2008 - 2020,441
COL,2019,2019,INC,N,FALSE,GEIH,4,2008 - 2020,442
COL,2020,2020,INC,N,FALSE,GEIH,4,2008 - 2020,443
COL,2021,2021,INC,N,FALSE,GEIH,5,2021 - 2023,444
COL,2022,2022,INC,N,FALSE,GEIH,5,2021 - 2023,445
COL,2023,2023,INC,N,FALSE,GEIH,5,2021 - 2023,446
COM,2004,2004,CONS,N,FALSE,EIM,0,2004,447
COM,2014,2014,CONS,N,FALSE,EESIC,1,2014,448
CPV,2001,2001.77,CONS,N,FALSE,IDRF,0,2001,449
CPV,2007,2007.33,CONS,N,FALSE,QUIBB,1,2007,450
CPV,2015,2015,CONS,N,FALSE,IDRF,2,2015,451
CRI,1981,1981,INC,N,FALSE,ENH,0,1981 - 1986,452
CRI,1986,1986,INC,N,FALSE,ENH,0,1981 - 1986,453
CRI,1989,1989,INC,N,FALSE,EHPM,1,1989 - 2000,454
CRI,1990,1990,INC,N,FALSE,EHPM,1,1989 - 2000,455
CRI,1991,1991,INC,N,FALSE,EHPM,1,1989 - 2000,456
CRI,1992,1992,INC,N,FALSE,EHPM,1,1989 - 2000,457
CRI,1993,1993,INC,N,FALSE,EHPM,1,1989 - 2000,458
CRI,1994,1994,INC,N,FALSE,EHPM,1,1989 - 2000,459
CRI,1995,1995,INC,N,FALSE,EHPM,1,1989 - 2000,460
CRI,1996,1996,INC,N,FALSE,EHPM,1,1989 - 2000,461
CRI,1997,1997,INC,N,FALSE,EHPM,1,1989 - 2000,462
CRI,1998,1998,INC,N,FALSE,EHPM,1,1989 - 2000,463
CRI,1999,1999,INC,N,FALSE,EHPM,1,1989 - 2000,464
CRI,2000,2000,INC,N,FALSE,EHPM,1,1989 - 2000,465
CRI,2001,2001,INC,N,FALSE,EHPM,2,2001 - 2009,466
CRI,2002,2002,INC,N,FALSE,EHPM,2,2001 - 2009,467
CRI,2003,2003,INC,N,FALSE,EHPM,2,2001 - 2009,468
CRI,2004,2004,INC,N,FALSE,EHPM,2,2001 - 2009,469
CRI,2005,2005,INC,N,FALSE,EHPM,2,2001 - 2009,470
CRI,2006,2006,INC,N,FALSE,EHPM,2,2001 - 2009,471
CRI,2007,2007,INC,N,FALSE,EHPM,2,2001 - 2009,472
CRI,2008,2008,INC,N,FALSE,EHPM,2,2001 - 2009,473
CRI,2009,2009,INC,N,FALSE,EHPM,2,2001 - 2009,474
CRI,2010,2010,INC,N,FALSE,ENAHO,3,2010 - 2024,475
CRI,2011,2011,INC,N,FALSE,ENAHO,3,2010 - 2024,476
CRI,2012,2012,INC,N,FALSE,ENAHO,3,2010 - 2024,477
CRI,2013,2013,INC,N,FALSE,ENAHO,3,2010 - 2024,478
CRI,2014,2014,INC,N,FALSE,ENAHO,3,2010 - 2024,479
CRI,2015,2015,INC,N,FALSE,ENAHO,3,2010 - 2024,480
CRI,2016,2016,INC,N,FALSE,ENAHO,3,2010 - 2024,481
CRI,2017,2017,INC,N,FALSE,ENAHO,3,2010 - 2024,482
CRI,2018,2018,INC,N,FALSE,ENAHO,3,2010 - 2024,483
CRI,2019,2019,INC,N,FALSE,ENAHO,3,2010 - 2024,484
CRI,2020,2020,INC,N,FALSE,ENAHO,3,2010 - 2024,485
CRI,2021,2021,INC,N,FALSE,ENAHO,3,2010 - 2024,486
CRI,2022,2022,INC,N,FALSE,ENAHO,3,2010 - 2024,487
CRI,2023,2023,INC,N,FALSE,ENAHO,3,2010 - 2024,488
CRI,2024,2024,INC,N,FALSE,ENAHO,3,2010 - 2024,489
CYP,2004,2004,INC,N,FALSE,EU-SILC,0,2004 - 2022,490
CYP,2005,2005,INC,N,FALSE,EU-SILC,0,2004 - 2022,491
CYP,2006,2006,INC,N,FALSE,EU-SILC,0,2004 - 2022,492
CYP,2007,2007,INC,N,FALSE,EU-SILC,0,2004 - 2022,493
CYP,2008,2008,INC,N,FALSE,EU-SILC,0,2004 - 2022,494
CYP,2009,2009,INC,N,FALSE,EU-SILC,0,2004 - 2022,495
CYP,2010,2010,INC,N,FALSE,EU-SILC,0,2004 - 2022,496
CYP,2011,2011,INC,N,FALSE,EU-SILC,0,2004 - 2022,497
CYP,2012,2012,INC,N,FALSE,EU-SILC,0,2004 - 2022,498
CYP,2013,2013,INC,N,FALSE,EU-SILC,0,2004 - 2022,499
CYP,2014,2014,INC,N,FALSE,EU-SILC,0,2004 - 2022,500
CYP,2015,2015,INC,N,FALSE,EU-SILC,0,2004 - 2022,501
CYP,2016,2016,INC,N,FALSE,EU-SILC,0,2004 - 2022,502
CYP,2017,2017,INC,N,FALSE,EU-SILC,0,2004 - 2022,503
CYP,2018,2018,INC,N,FALSE,EU-SILC,0,2004 - 2022,504
CYP,2019,2019,INC,N,FALSE,EU-SILC,0,2004 - 2022,505
CYP,2020,2020,INC,N,FALSE,EU-SILC,0,2004 - 2022,506
CYP,2021,2021,INC,N,FALSE,EU-SILC,0,2004 - 2022,507
CYP,2022,2022,INC,N,FALSE,EU-SILC,0,2004 - 2022,508
CZE,1992,1992,INC,N,FALSE,MC-LIS,0,1992 - 2002,509
CZE,1993,1993,INC,N,FALSE,CM,0,1992 - 2002,510
CZE,1996,1996,INC,N,FALSE,MC-LIS,0,1992 - 2002,511
CZE,2002,2002,INC,N,FALSE,MC-LIS,0,1992 - 2002,512
CZE,2004,2004,INC,N,FALSE,EU-SILC,1,2004 - 2022,513
CZE,2005,2005,INC,N,FALSE,EU-SILC,1,2004 - 2022,514
CZE,2006,2006,INC,N,FALSE,EU-SILC,1,2004 - 2022,515
CZE,2007,2007,INC,N,FALSE,EU-SILC,1,2004 - 2022,516
CZE,2008,2008,INC,N,FALSE,EU-SILC,1,2004 - 2022,517
CZE,2009,2009,INC,N,FALSE,EU-SILC,1,2004 - 2022,518
CZE,2010,2010,INC,N,FALSE,EU-SILC,1,2004 - 2022,519
CZE,2011,2011,INC,N,FALSE,EU-SILC,1,2004 - 2022,520
CZE,2012,2012,INC,N,FALSE,EU-SILC,1,2004 - 2022,521
CZE,2013,2013,INC,N,FALSE,EU-SILC,1,2004 - 2022,522
CZE,2014,2014,INC,N,FALSE,EU-SILC,1,2004 - 2022,523
CZE,2015,2015,INC,N,FALSE,EU-SILC,1,2004 - 2022,524
CZE,2016,2016,INC,N,FALSE,EU-SILC,1,2004 - 2022,525
CZE,2017,2017,INC,N,FALSE,EU-SILC,1,2004 - 2022,526
CZE,2018,2018,INC,N,FALSE,EU-SILC,1,2004 - 2022,527
CZE,2019,2019,INC,N,FALSE,EU-SILC,1,2004 - 2022,528
CZE,2020,2020,INC,N,FALSE,EU-SILC,1,2004 - 2022,529
CZE,2021,2021,INC,N,FALSE,EU-SILC,1,2004 - 2022,530
CZE,2022,2022,INC,N,FALSE,EU-SILC,1,2004 - 2022,531
DEU,1991,1991,INC,N,FALSE,GSOEP-LIS,2,1991 - 2020,532
DEU,1992,1992,INC,N,FALSE,GSOEP-LIS,2,1991 - 2020,533
DEU,1993,1993,INC,N,FALSE,GSOEP-LIS,2,1991 - 2020,534
DEU,1994,1994,INC,N,FALSE,GSOEP-LIS,2,1991 - 2020,535
DEU,1995,1995,INC,N,FALSE,GSOEP-LIS,2,1991 - 2020,536
DEU,1996,1996,INC,N,FALSE,GSOEP-LIS,2,1991 - 2020,537
DEU,1997,1997,INC,N,FALSE,GSOEP-LIS,2,1991 - 2020,538
DEU,1998,1998,INC,N,FALSE,GSOEP-LIS,2,1991 - 2020,539
DEU,1999,1999,INC,N,FALSE,GSOEP-LIS,2,1991 - 2020,540
DEU,2000,2000,INC,N,FALSE,GSOEP-LIS,2,1991 - 2020,541
DEU,2001,2001,INC,N,FALSE,GSOEP-LIS,2,1991 - 2020,542
DEU,2002,2002,INC,N,FALSE,GSOEP-LIS,2,1991 - 2020,543
DEU,2003,2003,INC,N,FALSE,GSOEP-LIS,2,1991 - 2020,544
DEU,2004,2004,INC,N,FALSE,GSOEP-LIS,2,1991 - 2020,545
DEU,2005,2005,INC,N,FALSE,GSOEP-LIS,2,1991 - 2020,546
DEU,2006,2006,INC,N,FALSE,GSOEP-LIS,2,1991 - 2020,547
DEU,2007,2007,INC,N,FALSE,GSOEP-LIS,2,1991 - 2020,548
DEU,2008,2008,INC,N,FALSE,GSOEP-LIS,2,1991 - 2020,549
DEU,2009,2009,INC,N,FALSE,GSOEP-LIS,2,1991 - 2020,550
DEU,2010,2010,INC,N,FALSE,GSOEP-LIS,2,1991 - 2020,551
DEU,2011,2011,INC,N,FALSE,GSOEP-LIS,2,1991 - 2020,552
DEU,2012,2012,INC,N,FALSE,GSOEP-LIS,2,1991 - 2020,553
DEU,2013,2013,INC,N,FALSE,GSOEP-LIS,2,1991 - 2020,554
DEU,2014,2014,INC,N,FALSE,GSOEP-LIS,2,1991 - 2020,555
DEU,2015,2015,INC,N,FALSE,GSOEP-LIS,2,1991 - 2020,556
DEU,2016,2016,INC,N,FALSE,GSOEP-LIS,2,1991 - 2020,557
DEU,2017,2017,INC,N,FALSE,GSOEP-LIS,2,1991 - 2020,558
DEU,2018,2018,INC,N,FALSE,GSOEP-LIS,2,1991 - 2020,559
DEU,2019,2019,INC,N,FALSE,GSOEP-LIS,2,1991 - 2020,560
DEU,2020,2020,INC,N,FALSE,GSOEP-LIS,2,1991 - 2020,561
DJI,2002,2002,CONS,N,FALSE,EDAM,0,2002,562
DJI,2012,2012,CONS,N,FALSE,EDAM,1,2012,563
DJI,2013,2013,CONS,N,FALSE,EDAM,2,2013,564
DJI,2017,2017,CONS,N,FALSE,EDAM,3,2017,565
DNK,1987,1987,INC,N,FALSE,LM-LIS,0,1987 - 2000,566
DNK,1992,1992,INC,N,FALSE,LM-LIS,0,1987 - 2000,567
DNK,1995,1995,INC,N,FALSE,LM-LIS,0,1987 - 2000,568
DNK,2000,2000,INC,N,FALSE,LM-LIS,0,1987 - 2000,569
DNK,2003,2003,INC,N,FALSE,EU-SILC,1,2003 - 2022,570
DNK,2004,2004,INC,N,FALSE,EU-SILC,1,2003 - 2022,571
DNK,2005,2005,INC,N,FALSE,EU-SILC,1,2003 - 2022,572
DNK,2006,2006,INC,N,FALSE,EU-SILC,1,2003 - 2022,573
DNK,2007,2007,INC,N,FALSE,EU-SILC,1,2003 - 2022,574
DNK,2008,2008,INC,N,FALSE,EU-SILC,1,2003 - 2022,575
DNK,2009,2009,INC,N,FALSE,EU-SILC,1,2003 - 2022,576
DNK,2010,2010,INC,N,FALSE,EU-SILC,1,2003 - 2022,577
DNK,2011,2011,INC,N,FALSE,EU-SILC,1,2003 - 2022,578
DNK,2012,2012,INC,N,FALSE,EU-SILC,1,2003 - 2022,579
DNK,2013,2013,INC,N,FALSE,EU-SILC,1,2003 - 2022,580
DNK,2014,2014,INC,N,FALSE,EU-SILC,1,2003 - 2022,581
DNK,2015,2015,INC,N,FALSE,EU-SILC,1,2003 - 2022,582
DNK,2016,2016,INC,N,FALSE,EU-SILC,1,2003 - 2022,583
DNK,2017,2017,INC,N,FALSE,EU-SILC,1,2003 - 2022,584
DNK,2018,2018,INC,N,FALSE,EU-SILC,1,2003 - 2022,585
DNK,2019,2019,INC,N,FALSE,EU-SILC,1,2003 - 2022,586
DNK,2020,2020,INC,N,FALSE,EU-SILC,1,2003 - 2022,587
DNK,2021,2021,INC,N,FALSE,EU-SILC,1,2003 - 2022,588
DNK,2022,2022,INC,N,FALSE,EU-SILC,1,2003 - 2022,589
DOM,1986,1986,INC,N,FALSE,ENGSLF,0,1986,590
DOM,1989,1989,INC,N,FALSE,ENGSLF,1,1989,591
DOM,1992,1992,INC,N,FALSE,ICS,2,1992,592
DOM,1996,1996,INC,N,FALSE,ENFT,3,1996 - 1997,593
DOM,1997,1997,INC,N,FALSE,ENFT,3,1996 - 1997,594
DOM,2000,2000,INC,N,FALSE,ENFT,4,2000 - 2004,595
DOM,2001,2001,INC,N,FALSE,ENFT,4,2000 - 2004,596
DOM,2002,2002,INC,N,FALSE,ENFT,4,2000 - 2004,597
DOM,2003,2003,INC,N,FALSE,ENFT,4,2000 - 2004,598
DOM,2004,2004,INC,N,FALSE,ENFT,4,2000 - 2004,599
DOM,2005,2005,INC,N,FALSE,ENFT,5,2005 - 2016,600
DOM,2006,2006,INC,N,FALSE,ENFT,5,2005 - 2016,601
DOM,2007,2007,INC,N,FALSE,ENFT,5,2005 - 2016,602
DOM,2008,2008,INC,N,FALSE,ENFT,5,2005 - 2016,603
DOM,2009,2009,INC,N,FALSE,ENFT,5,2005 - 2016,604
DOM,2010,2010,INC,N,FALSE,ENFT,5,2005 - 2016,605
DOM,2011,2011,INC,N,FALSE,ENFT,5,2005 - 2016,606
DOM,2012,2012,INC,N,FALSE,ENFT,5,2005 - 2016,607
DOM,2013,2013,INC,N,FALSE,ENFT,5,2005 - 2016,608
DOM,2014,2014,INC,N,FALSE,ENFT,5,2005 - 2016,609
DOM,2015,2015,INC,N,FALSE,ENFT,5,2005 - 2016,610
DOM,2016,2016,INC,N,FALSE,ENFT,5,2005 - 2016,611
DOM,2017,2017,INC,N,FALSE,ECNFT-Q03,6,2017 - 2023,612
DOM,2018,2018,INC,N,FALSE,ECNFT-Q03,6,2017 - 2023,613
DOM,2019,2019,INC,N,FALSE,ECNFT-Q03,6,2017 - 2023,614
DOM,2020,2020,INC,N,FALSE,ECNFT-Q03,6,2017 - 2023,615
DOM,2021,2021,INC,N,FALSE,ECNFT-Q03,6,2017 - 2023,616
DOM,2022,2022,INC,N,FALSE,ECNFT-Q03,6,2017 - 2023,617
DOM,2023,2023,INC,N,FALSE,ECNFT-Q03,6,2017 - 2023,618
DZA,1988,1988,CONS,N,FALSE,EDCM,0,1988,619
DZA,1995,1995,CONS,N,FALSE,ENMNV,1,1995,620
DZA,2011,2011.17,CONS,N,FALSE,ENCNVM,2,2011,621
ECU,1987,1987,INC,U,FALSE,EPED,0,1987,622
ECU,1994,1994,INC,N,FALSE,ECV,1,1994,623
ECU,1995,1995,INC,U,FALSE,EPED,2,1995,624
ECU,1998,1998,INC,U,FALSE,EPED,3,1998,625
ECU,1999,1999,INC,N,FALSE,ECV,4,1999,626
ECU,2000,2000,INC,N,FALSE,EPED,5,2000,627
ECU,2003,2003,INC,N,FALSE,ENEMDU,6,2003 - 2006,628
ECU,2004,2004,INC,N,FALSE,ENEMDU,6,2003 - 2006,629
ECU,2005,2005,INC,N,FALSE,ENEMDU,6,2003 - 2006,630
ECU,2006,2006,INC,N,FALSE,ENEMDU,6,2003 - 2006,631
ECU,2007,2007,INC,N,FALSE,ENEMDU,7,2007 - 2023,632
ECU,2008,2008,INC,N,FALSE,ENEMDU,7,2007 - 2023,633
ECU,2009,2009,INC,N,FALSE,ENEMDU,7,2007 - 2023,634
ECU,2010,2010,INC,N,FALSE,ENEMDU,7,2007 - 2023,635
ECU,2011,2011,INC,N,FALSE,ENEMDU,7,2007 - 2023,636
ECU,2012,2012,INC,N,FALSE,ENEMDU,7,2007 - 2023,637
ECU,2013,2013,INC,N,FALSE,ENEMDU,7,2007 - 2023,638
ECU,2014,2014,INC,N,FALSE,ENEMDU,7,2007 - 2023,639
ECU,2015,2015,INC,N,FALSE,ENEMDU,7,2007 - 2023,640
ECU,2016,2016,INC,N,FALSE,ENEMDU,7,2007 - 2023,641
ECU,2017,2017,INC,N,FALSE,ENEMDU,7,2007 - 2023,642
ECU,2018,2018,INC,N,FALSE,ENEMDU,7,2007 - 2023,643
ECU,2019,2019,INC,N,FALSE,ENEMDU,7,2007 - 2023,644
ECU,2020,2020,INC,N,FALSE,ENEMDU,7,2007 - 2023,645
ECU,2021,2021,INC,N,FALSE,ENEMDU,7,2007 - 2023,646
ECU,2022,2022,INC,N,FALSE,ENEMDU,7,2007 - 2023,647
ECU,2023,2023,INC,N,FALSE,ENEMDU,7,2007 - 2023,648
EGY,1990,1990.5,CONS,N,FALSE,HIECS,0,1990 - 1995,649
EGY,1995,1995.75,CONS,N,FALSE,HIECS,0,1990 - 1995,650
EGY,1999,1999.75,CONS,N,FALSE,HIECS,1,1999,651
EGY,2004,2004.49,CONS,N,FALSE,HIECS,2,2004 - 2008,652
EGY,2008,2008.24,CONS,N,FALSE,HIECS,2,2004 - 2008,653
EGY,2010,2010.49,CONS,N,FALSE,HIECS,3,2010 - 2021,654
EGY,2012,2012.49,CONS,N,FALSE,HIECS,3,2010 - 2021,655
EGY,2015,2015,CONS,N,FALSE,HIECS,3,2010 - 2021,656
EGY,2017,2017.75,CONS,N,FALSE,HIECS,3,2010 - 2021,657
EGY,2019,2019.43,CONS,N,FALSE,HIECS,4,2019,658
EGY,2021,2021.77,CONS,N,FALSE,HIECS,3,2010 - 2021,659
ESP,1980,1980,INC,N,FALSE,HBS-LIS,0,1980 - 1990,660
ESP,1985,1985,INC,N,FALSE,HBCS-LIS,1,1985,661
ESP,1990,1990,INC,N,FALSE,HBS-LIS,0,1980 - 1990,662
ESP,1993,1993,INC,N,FALSE,ECHP-LIS,2,1993 - 2000,663
ESP,1994,1994,INC,N,FALSE,ECHP-LIS,2,1993 - 2000,664
ESP,1995,1995,INC,N,FALSE,ECHP-LIS,2,1993 - 2000,665
ESP,1996,1996,INC,N,FALSE,ECHP-LIS,2,1993 - 2000,666
ESP,1997,1997,INC,N,FALSE,ECHP-LIS,2,1993 - 2000,667
ESP,1998,1998,INC,N,FALSE,ECHP-LIS,2,1993 - 2000,668
ESP,1999,1999,INC,N,FALSE,ECHP-LIS,2,1993 - 2000,669
ESP,2000,2000,INC,N,FALSE,ECHP-LIS,2,1993 - 2000,670
ESP,2003,2003,INC,N,FALSE,EU-SILC,3,2003 - 2022,671
ESP,2004,2004,INC,N,FALSE,EU-SILC,3,2003 - 2022,672
ESP,2005,2005,INC,N,FALSE,EU-SILC,3,2003 - 2022,673
ESP,2006,2006,INC,N,FALSE,EU-SILC,3,2003 - 2022,674
ESP,2007,2007,INC,N,FALSE,EU-SILC,3,2003 - 2022,675
ESP,2008,2008,INC,N,FALSE,EU-SILC,3,2003 - 2022,676
ESP,2009,2009,INC,N,FALSE,EU-SILC,3,2003 - 2022,677
ESP,2010,2010,INC,N,FALSE,EU-SILC,3,2003 - 2022,678
ESP,2011,2011,INC,N,FALSE,EU-SILC,3,2003 - 2022,679
ESP,2012,2012,INC,N,FALSE,EU-SILC,3,2003 - 2022,680
ESP,2013,2013,INC,N,FALSE,EU-SILC,3,2003 - 2022,681
ESP,2014,2014,INC,N,FALSE,EU-SILC,3,2003 - 2022,682
ESP,2015,2015,INC,N,FALSE,EU-SILC,3,2003 - 2022,683
ESP,2016,2016,INC,N,FALSE,EU-SILC,3,2003 - 2022,684
ESP,2017,2017,INC,N,FALSE,EU-SILC,3,2003 - 2022,685
ESP,2018,2018,INC,N,FALSE,EU-SILC,3,2003 - 2022,686
ESP,2019,2019,INC,N,FALSE,EU-SILC,3,2003 - 2022,687
ESP,2020,2020,INC,N,FALSE,EU-SILC,3,2003 - 2022,688
ESP,2021,2021,INC,N,FALSE,EU-SILC,3,2003 - 2022,689
ESP,2022,2022,INC,N,FALSE,EU-SILC,3,2003 - 2022,690
EST,2003,2003,INC,N,FALSE,EU-SILC,3,2003 - 2022,691
EST,2004,2004,INC,N,FALSE,EU-SILC,3,2003 - 2022,692
EST,2005,2005,INC,N,FALSE,EU-SILC,3,2003 - 2022,693
EST,2006,2006,INC,N,FALSE,EU-SILC,3,2003 - 2022,694
EST,2007,2007,INC,N,FALSE,EU-SILC,3,2003 - 2022,695
EST,2008,2008,INC,N,FALSE,EU-SILC,3,2003 - 2022,696
EST,2009,2009,INC,N,FALSE,EU-SILC,3,2003 - 2022,697
EST,2010,2010,INC,N,FALSE,EU-SILC,3,2003 - 2022,698
EST,2011,2011,INC,N,FALSE,EU-SILC,3,2003 - 2022,699
EST,2012,2012,INC,N,FALSE,EU-SILC,3,2003 - 2022,700
EST,2013,2013,INC,N,FALSE,EU-SILC,3,2003 - 2022,701
EST,2014,2014,INC,N,FALSE,EU-SILC,3,2003 - 2022,702
EST,2015,2015,INC,N,FALSE,EU-SILC,3,2003 - 2022,703
EST,2016,2016,INC,N,FALSE,EU-SILC,3,2003 - 2022,704
EST,2017,2017,INC,N,FALSE,EU-SILC,3,2003 - 2022,705
EST,2018,2018,INC,N,FALSE,EU-SILC,3,2003 - 2022,706
EST,2019,2019,INC,N,FALSE,EU-SILC,3,2003 - 2022,707
EST,2020,2020,INC,N,FALSE,EU-SILC,3,2003 - 2022,708
EST,2021,2021,INC,N,FALSE,EU-SILC,3,2003 - 2022,709
EST,2022,2022,INC,N,FALSE,EU-SILC,3,2003 - 2022,710
ETH,1981,1981.33,CONS,R,FALSE,HICES,0,1981,711
ETH,1995,1995.25,CONS,N,FALSE,HICES,1,1995 - 2021,712
ETH,1999,1999.5,CONS,N,FALSE,HICES,1,1995 - 2021,713
ETH,2004,2004.5,CONS,N,FALSE,HICES,1,1995 - 2021,714
ETH,2010,2010.5,CONS,N,FALSE,HICES,1,1995 - 2021,715
ETH,2015,2015.5,CONS,N,FALSE,HICES,1,1995 - 2021,716
ETH,2021,2021,CONS,N,FALSE,HCES,1,1995 - 2021,717
FIN,1987,1987,INC,N,FALSE,IDS-LIS,0,1987 - 2000,718
FIN,1991,1991,INC,N,FALSE,IDS-LIS,0,1987 - 2000,719
FIN,1995,1995,INC,N,FALSE,IDS-LIS,0,1987 - 2000,720
FIN,2000,2000,INC,N,FALSE,IDS-LIS,0,1987 - 2000,721
FIN,2003,2003,INC,N,FALSE,EU-SILC,1,2003 - 2022,722
FIN,2004,2004,INC,N,FALSE,EU-SILC,1,2003 - 2022,723
FIN,2005,2005,INC,N,FALSE,EU-SILC,1,2003 - 2022,724
FIN,2006,2006,INC,N,FALSE,EU-SILC,1,2003 - 2022,725
FIN,2007,2007,INC,N,FALSE,EU-SILC,1,2003 - 2022,726
FIN,2008,2008,INC,N,FALSE,EU-SILC,1,2003 - 2022,727
FIN,2009,2009,INC,N,FALSE,EU-SILC,1,2003 - 2022,728
FIN,2010,2010,INC,N,FALSE,EU-SILC,1,2003 - 2022,729
FIN,2011,2011,INC,N,FALSE,EU-SILC,1,2003 - 2022,730
FIN,2012,2012,INC,N,FALSE,EU-SILC,1,2003 - 2022,731
FIN,2013,2013,INC,N,FALSE,EU-SILC,1,2003 - 2022,732
FIN,2014,2014,INC,N,FALSE,EU-SILC,1,2003 - 2022,733
FIN,2015,2015,INC,N,FALSE,EU-SILC,1,2003 - 2022,734
FIN,2016,2016,INC,N,FALSE,EU-SILC,1,2003 - 2022,735
FIN,2017,2017,INC,N,FALSE,EU-SILC,1,2003 - 2022,736
FIN,2018,2018,INC,N,FALSE,EU-SILC,1,2003 - 2022,737
FIN,2019,2019,INC,N,FALSE,EU-SILC,1,2003 - 2022,738
FIN,2020,2020,INC,N,FALSE,EU-SILC,1,2003 - 2022,739
FIN,2021,2021,INC,N,FALSE,EU-SILC,1,2003 - 2022,740
FIN,2022,2022,INC,N,FALSE,EU-SILC,1,2003 - 2022,741
FJI,2002,2002.5,CONS,N,FALSE,HIES,0,2002 - 2013,742
FJI,2008,2008.5,CONS,N,FALSE,HIES,0,2002 - 2013,743
FJI,2013,2013.24,CONS,N,FALSE,HIES,0,2002 - 2013,744
FJI,2019,2019.15,CONS,N,FALSE,HIES,1,2019,745
FRA,1970,1970,INC,N,FALSE,TIS-LIS,0,1970 - 1990,746
FRA,1975,1975,INC,N,FALSE,TIS-LIS,0,1970 - 1990,747
FRA,1979,1979,INC,N,FALSE,TIS-LIS,0,1970 - 1990,748
FRA,1984,1984,INC,N,FALSE,TIS-LIS,0,1970 - 1990,749
FRA,1990,1990,INC,N,FALSE,TIS-LIS,0,1970 - 1990,750
FRA,1996,1996,INC,N,FALSE,TSIS-LIS,1,1996 - 2002,751
FRA,1997,1997,INC,N,FALSE,TSIS-LIS,1,1996 - 2002,752
FRA,1998,1998,INC,N,FALSE,TSIS-LIS,1,1996 - 2002,753
FRA,1999,1999,INC,N,FALSE,TSIS-LIS,1,1996 - 2002,754
FRA,2000,2000,INC,N,FALSE,TSIS-LIS,1,1996 - 2002,755
FRA,2001,2001,INC,N,FALSE,TSIS-LIS,1,1996 - 2002,756
FRA,2002,2002,INC,N,FALSE,TSIS-LIS,1,1996 - 2002,757
FRA,2003,2003,INC,N,FALSE,EU-SILC,2,2003 - 2022,758
FRA,2004,2004,INC,N,FALSE,EU-SILC,2,2003 - 2022,759
FRA,2005,2005,INC,N,FALSE,EU-SILC,2,2003 - 2022,760
FRA,2006,2006,INC,N,FALSE,EU-SILC,2,2003 - 2022,761
FRA,2007,2007,INC,N,FALSE,EU-SILC,2,2003 - 2022,762
FRA,2008,2008,INC,N,FALSE,EU-SILC,2,2003 - 2022,763
FRA,2009,2009,INC,N,FALSE,EU-SILC,2,2003 - 2022,764
FRA,2010,2010,INC,N,FALSE,EU-SILC,2,2003 - 2022,765
FRA,2011,2011,INC,N,FALSE,EU-SILC,2,2003 - 2022,766
FRA,2012,2012,INC,N,FALSE,EU-SILC,2,2003 - 2022,767
FRA,2013,2013,INC,N,FALSE,EU-SILC,2,2003 - 2022,768
FRA,2014,2014,INC,N,FALSE,EU-SILC,2,2003 - 2022,769
FRA,2015,2015,INC,N,FALSE,EU-SILC,2,2003 - 2022,770
FRA,2016,2016,INC,N,FALSE,EU-SILC,2,2003 - 2022,771
FRA,2017,2017,INC,N,FALSE,EU-SILC,2,2003 - 2022,772
FRA,2018,2018,INC,N,FALSE,EU-SILC,2,2003 - 2022,773
FRA,2019,2019,INC,N,FALSE,EU-SILC,2,2003 - 2022,774
FRA,2020,2020,INC,N,FALSE,EU-SILC,2,2003 - 2022,775
FRA,2021,2021,INC,N,FALSE,EU-SILC,2,2003 - 2022,776
FRA,2022,2022,INC,N,FALSE,EU-SILC,2,2003 - 2022,777
FSM,2005,2005,CONS,N,FALSE,HIES,1,2005,778
FSM,2013,2013,CONS,N,FALSE,HIES,2,2013,779
GAB,2005,2005,CONS,N,FALSE,EGEP,0,2005,780
GAB,2017,2017,CONS,N,FALSE,EGEP,1,2017,781
GBR,1968,1968,INC,N,FALSE,FES-LIS,0,1968 - 1993,782
GBR,1969,1969,INC,N,FALSE,FES-LIS,0,1968 - 1993,783
GBR,1970,1970,INC,N,FALSE,FES-LIS,0,1968 - 1993,784
GBR,1971,1971,INC,N,FALSE,FES-LIS,0,1968 - 1993,785
GBR,1972,1972,INC,N,FALSE,FES-LIS,0,1968 - 1993,786
GBR,1973,1973,INC,N,FALSE,FES-LIS,0,1968 - 1993,787
GBR,1974,1974,INC,N,FALSE,FES-LIS,0,1968 - 1993,788
GBR,1975,1975,INC,N,FALSE,FES-LIS,0,1968 - 1993,789
GBR,1976,1976,INC,N,FALSE,FES-LIS,0,1968 - 1993,790
GBR,1977,1977,INC,N,FALSE,FES-LIS,0,1968 - 1993,791
GBR,1978,1978,INC,N,FALSE,FES-LIS,0,1968 - 1993,792
GBR,1979,1979,INC,N,FALSE,FES-LIS,0,1968 - 1993,793
GBR,1980,1980,INC,N,FALSE,FES-LIS,0,1968 - 1993,794
GBR,1981,1981,INC,N,FALSE,FES-LIS,0,1968 - 1993,795
GBR,1982,1982,INC,N,FALSE,FES-LIS,0,1968 - 1993,796
GBR,1983,1983,INC,N,FALSE,FES-LIS,0,1968 - 1993,797
GBR,1984,1984,INC,N,FALSE,FES-LIS,0,1968 - 1993,798
GBR,1985,1985,INC,N,FALSE,FES-LIS,0,1968 - 1993,799
GBR,1986,1986,INC,N,FALSE,FES-LIS,0,1968 - 1993,800
GBR,1987,1987,INC,N,FALSE,FES-LIS,0,1968 - 1993,801
GBR,1988,1988,INC,N,FALSE,FES-LIS,0,1968 - 1993,802
GBR,1989,1989,INC,N,FALSE,FES-LIS,0,1968 - 1993,803
GBR,1990,1990,INC,N,FALSE,FES-LIS,0,1968 - 1993,804
GBR,1991,1991,INC,N,FALSE,FES-LIS,0,1968 - 1993,805
GBR,1992,1992,INC,N,FALSE,FES-LIS,0,1968 - 1993,806
GBR,1993,1993,INC,N,FALSE,FES-LIS,0,1968 - 1993,807
GBR,1994,1994,INC,N,FALSE,FRS-LIS,1,1994 - 2021,808
GBR,1995,1995,INC,N,FALSE,FRS-LIS,1,1994 - 2021,809
GBR,1996,1996,INC,N,FALSE,FRS-LIS,1,1994 - 2021,810
GBR,1997,1997,INC,N,FALSE,FRS-LIS,1,1994 - 2021,811
GBR,1998,1998,INC,N,FALSE,FRS-LIS,1,1994 - 2021,812
GBR,1999,1999,INC,N,FALSE,FRS-LIS,1,1994 - 2021,813
GBR,2000,2000,INC,N,FALSE,FRS-LIS,1,1994 - 2021,814
GBR,2001,2001,INC,N,FALSE,FRS-LIS,1,1994 - 2021,815
GBR,2002,2002,INC,N,FALSE,FRS-LIS,1,1994 - 2021,816
GBR,2003,2003,INC,N,FALSE,FRS-LIS,1,1994 - 2021,817
GBR,2004,2004,INC,N,FALSE,FRS-LIS,1,1994 - 2021,818
GBR,2005,2005,INC,N,FALSE,FRS-LIS,1,1994 - 2021,819
GBR,2006,2006,INC,N,FALSE,FRS-LIS,1,1994 - 2021,820
GBR,2007,2007,INC,N,FALSE,FRS-LIS,1,1994 - 2021,821
GBR,2008,2008,INC,N,FALSE,FRS-LIS,1,1994 - 2021,822
GBR,2009,2009,INC,N,FALSE,FRS-LIS,1,1994 - 2021,823
GBR,2010,2010,INC,N,FALSE,FRS-LIS,1,1994 - 2021,824
GBR,2011,2011,INC,N,FALSE,FRS-LIS,1,1994 - 2021,825
GBR,2012,2012,INC,N,FALSE,FRS-LIS,1,1994 - 2021,826
GBR,2013,2013,INC,N,FALSE,FRS-LIS,1,1994 - 2021,827
GBR,2014,2014,INC,N,FALSE,FRS-LIS,1,1994 - 2021,828
GBR,2015,2015,INC,N,FALSE,FRS-LIS,1,1994 - 2021,829
GBR,2016,2016,INC,N,FALSE,FRS-LIS,1,1994 - 2021,830
GBR,2017,2017,INC,N,FALSE,FRS-LIS,1,1994 - 2021,831
GBR,2018,2018,INC,N,FALSE,FRS-LIS,1,1994 - 2021,832
GBR,2019,2019,INC,N,FALSE,FRS-LIS,1,1994 - 2021,833
GBR,2020,2020,INC,N,FALSE,FRS-LIS,1,1994 - 2021,834
GBR,2021,2021,INC,N,FALSE,FRS-LIS,1,1994 - 2021,835
GEO,1996,1996,CONS,N,FALSE,HIS,0,1996,836
GEO,1997,1997,CONS,N,FALSE,HIS,1,1997,837
GEO,1998,1998,CONS,N,FALSE,HIS,2,1998 - 2023,838
GEO,1999,1999,CONS,N,FALSE,HIS,2,1998 - 2023,839
GEO,2000,2000,CONS,N,FALSE,HIS,2,1998 - 2023,840
GEO,2001,2001,CONS,N,FALSE,HIS,2,1998 - 2023,841
GEO,2002,2002,CONS,N,FALSE,HIS,2,1998 - 2023,842
GEO,2003,2003,CONS,N,FALSE,HIS,2,1998 - 2023,843
GEO,2004,2004,CONS,N,FALSE,HIS,2,1998 - 2023,844
GEO,2005,2005,CONS,N,FALSE,HIS,2,1998 - 2023,845
GEO,2006,2006,CONS,N,FALSE,HIS,2,1998 - 2023,846
GEO,2007,2007,CONS,N,FALSE,HIS,2,1998 - 2023,847
GEO,2008,2008,CONS,N,FALSE,HIS,2,1998 - 2023,848
GEO,2009,2009,CONS,N,FALSE,HIS,2,1998 - 2023,849
GEO,2010,2010,CONS,N,FALSE,HIS,2,1998 - 2023,850
GEO,2011,2011,CONS,N,FALSE,HIS,2,1998 - 2023,851
GEO,2012,2012,CONS,N,FALSE,HIS,2,1998 - 2023,852
GEO,2013,2013,CONS,N,FALSE,HIS,2,1998 - 2023,853
GEO,2014,2014,CONS,N,FALSE,HIS,2,1998 - 2023,854
GEO,2015,2015,CONS,N,FALSE,HIS,2,1998 - 2023,855
GEO,2016,2016,CONS,N,FALSE,HIS,2,1998 - 2023,856
GEO,2017,2017,CONS,N,FALSE,HIS,2,1998 - 2023,857
GEO,2018,2018,CONS,N,FALSE,HIS,2,1998 - 2023,858
GEO,2019,2019,CONS,N,FALSE,HIS,2,1998 - 2023,859
GEO,2020,2020,CONS,N,FALSE,HIS,2,1998 - 2023,860
GEO,2021,2021,CONS,N,FALSE,HIS,2,1998 - 2023,861
GEO,2022,2022,CONS,N,FALSE,HIS,2,1998 - 2023,862
GEO,2023,2023,CONS,N,FALSE,HIS,2,1998 - 2023,863
GHA,1987,1987.5,CONS,N,FALSE,GLSS-I,0,1987 - 1988,864
GHA,1988,1988.5,CONS,N,FALSE,GLSS-II,0,1987 - 1988,865
GHA,1991,1991.73,CONS,N,FALSE,GLSS-III,1,1991 - 2016,866
GHA,1998,1998.18,CONS,N,FALSE,GLSS-IV,1,1991 - 2016,867
GHA,2005,2005.67,CONS,N,FALSE,GLSS-V,1,1991 - 2016,868
GHA,2012,2012.8,CONS,N,FALSE,GLSS-VI,1,1991 - 2016,869
GHA,2016,2016.75,CONS,N,FALSE,GLSS-VII,1,1991 - 2016,870
GIN,1991,1991,CONS,N,FALSE,ESIP,0,1991,871
GIN,1994,1994.08,CONS,N,FALSE,EIBC,1,1994,872
GIN,2002,2002.25,CONS,N,FALSE,EIBEP,2,2002,873
GIN,2007,2007,CONS,N,FALSE,ELEP,3,2007 - 2012,874
GIN,2012,2012,CONS,N,FALSE,ELEP,3,2007 - 2012,875
GIN,2018,2018.5,CONS,N,FALSE,EHCVM,4,2018,876
GMB,1998,1998,CONS,N,FALSE,HPS,0,1998,877
GMB,2003,2003.29,CONS,N,FALSE,HIS,1,2003,878
GMB,2010,2010.08,CONS,N,FALSE,IHS,2,2010,879
GMB,2015,2015.31,CONS,N,FALSE,IHS,3,2015 - 2020,880
GMB,2020,2020.08,CONS,N,FALSE,IHS,3,2015 - 2020,881
GNB,1991,1991,CONS,N,FALSE,ILJF,0,1991,882
GNB,1993,1993,CONS,N,FALSE,ICOF,1,1993,883
GNB,2002,2002,CONS,N,FALSE,ILAP-I,2,2002,884
GNB,2010,2010,CONS,N,FALSE,ILAP-II,3,2010,885
GNB,2018,2018.43,CONS,N,FALSE,EHCVM,4,2018 - 2021,886
GNB,2021,2021.75,CONS,N,FALSE,EHCVM,4,2018 - 2021,887
GNQ,2022,2022.61,CONS,N,FALSE,ENH2,0,2022,888
GRC,1995,1995,INC,N,FALSE,ECHP-LIS,0,1995 - 2000,889
GRC,2000,2000,INC,N,FALSE,ECHP-LIS,0,1995 - 2000,890
GRC,2003,2003,INC,N,FALSE,EU-SILC,1,2003 - 2022,891
GRC,2004,2004,INC,N,FALSE,EU-SILC,1,2003 - 2022,892
GRC,2005,2005,INC,N,FALSE,EU-SILC,1,2003 - 2022,893
GRC,2006,2006,INC,N,FALSE,EU-SILC,1,2003 - 2022,894
GRC,2007,2007,INC,N,FALSE,EU-SILC,1,2003 - 2022,895
GRC,2008,2008,INC,N,FALSE,EU-SILC,1,2003 - 2022,896
GRC,2009,2009,INC,N,FALSE,EU-SILC,1,2003 - 2022,897
GRC,2010,2010,INC,N,FALSE,EU-SILC,1,2003 - 2022,898
GRC,2011,2011,INC,N,FALSE,EU-SILC,1,2003 - 2022,899
GRC,2012,2012,INC,N,FALSE,EU-SILC,1,2003 - 2022,900
GRC,2013,2013,INC,N,FALSE,EU-SILC,1,2003 - 2022,901
GRC,2014,2014,INC,N,FALSE,EU-SILC,1,2003 - 2022,902
GRC,2015,2015,INC,N,FALSE,EU-SILC,1,2003 - 2022,903
GRC,2016,2016,INC,N,FALSE,EU-SILC,1,2003 - 2022,904
GRC,2017,2017,INC,N,FALSE,EU-SILC,1,2003 - 2022,905
GRC,2018,2018,INC,N,FALSE,EU-SILC,1,2003 - 2022,906
GRC,2019,2019,INC,N,FALSE,EU-SILC,1,2003 - 2022,907
GRC,2020,2020,INC,N,FALSE,EU-SILC,1,2003 - 2022,908
GRC,2021,2021,INC,N,FALSE,EU-SILC,1,2003 - 2022,909
GRC,2022,2022,INC,N,FALSE,EU-SILC,1,2003 - 2022,910
GRD,2018,2018.36,CONS,N,FALSE,SLCHB,0,2018,911
GTM,1986,1986.5,INC,N,FALSE,ENSD,0,1986 - 1989,912
GTM,1989,1989,INC,N,FALSE,ENSD,0,1986 - 1989,913
GTM,1998,1998,INC,N,FALSE,ENIGF,1,1998,914
GTM,2000,2000,INC,N,FALSE,ENCOVI,2,2000 - 2023,915
GTM,2006,2006,INC,N,FALSE,ENCOVI,2,2000 - 2023,916
GTM,2014,2014,INC,N,FALSE,ENCOVI,2,2000 - 2023,917
GTM,2023,2023,INC,N,FALSE,ENCOVI,2,2000 - 2023,918
GUY,1992,1992.5,INC,N,FALSE,GLSMS,0,1992 - 1998,919
GUY,1998,1998,INC,N,FALSE,GLSMS,0,1992 - 1998,920
HND,1986,1986,INC,U,FALSE,ECSFT,0,1986,921
HND,1989,1989,INC,N,FALSE,EPHPM,1,1989,922
HND,1990,1990,INC,N,FALSE,EPHPM,2,1990,923
HND,1991,1991,INC,N,FALSE,EPHPM,3,1991 - 1999,924
HND,1992,1992,INC,N,FALSE,EPHPM,3,1991 - 1999,925
HND,1993,1993,INC,N,FALSE,EPHPM,3,1991 - 1999,926
HND,1994,1994,INC,N,FALSE,EPHPM,3,1991 - 1999,927
HND,1995,1995,INC,N,FALSE,EPHPM,3,1991 - 1999,928
HND,1996,1996,INC,N,FALSE,EPHPM,3,1991 - 1999,929
HND,1997,1997,INC,N,FALSE,EPHPM,3,1991 - 1999,930
HND,1998,1998,INC,N,FALSE,EPHPM,3,1991 - 1999,931
HND,1999,1999,INC,N,FALSE,EPHPM,3,1991 - 1999,932
HND,2001,2001,INC,N,FALSE,EPHPM,4,2001 - 2010,933
HND,2002,2002,INC,N,FALSE,EPHPM,4,2001 - 2010,934
HND,2003,2003,INC,N,FALSE,EPHPM,4,2001 - 2010,935
HND,2004,2004,INC,N,FALSE,EPHPM,4,2001 - 2010,936
HND,2005,2005,INC,N,FALSE,EPHPM,4,2001 - 2010,937
HND,2006,2006,INC,N,FALSE,EPHPM,4,2001 - 2010,938
HND,2007,2007,INC,N,FALSE,EPHPM,4,2001 - 2010,939
HND,2008,2008,INC,N,FALSE,EPHPM,4,2001 - 2010,940
HND,2009,2009,INC,N,FALSE,EPHPM,4,2001 - 2010,941
HND,2010,2010,INC,N,FALSE,EPHPM,4,2001 - 2010,942
HND,2011,2011,INC,N,FALSE,EPHPM,5,2011 - 2023,943
HND,2012,2012,INC,N,FALSE,EPHPM,5,2011 - 2023,944
HND,2013,2013,INC,N,FALSE,EPHPM,5,2011 - 2023,945
HND,2014,2014,INC,N,FALSE,EPHPM,5,2011 - 2023,946
HND,2015,2015,INC,N,FALSE,EPHPM,5,2011 - 2023,947
HND,2016,2016,INC,N,FALSE,EPHPM,5,2011 - 2023,948
HND,2017,2017,INC,N,FALSE,EPHPM,5,2011 - 2023,949
HND,2018,2018,INC,N,FALSE,EPHPM,5,2011 - 2023,950
HND,2019,2019,INC,N,FALSE,EPHPM,5,2011 - 2023,951
HND,2023,2023,INC,N,FALSE,EPHPM,5,2011 - 2023,952
HRV,2009,2009,INC,N,FALSE,EU-SILC,3,2009 - 2022,953
HRV,2010,2010,INC,N,FALSE,EU-SILC,3,2009 - 2022,954
HRV,2011,2011,INC,N,FALSE,EU-SILC,3,2009 - 2022,955
HRV,2012,2012,INC,N,FALSE,EU-SILC,3,2009 - 2022,956
HRV,2013,2013,INC,N,FALSE,EU-SILC,3,2009 - 2022,957
HRV,2014,2014,INC,N,FALSE,EU-SILC,3,2009 - 2022,958
HRV,2015,2015,INC,N,FALSE,EU-SILC,3,2009 - 2022,959
HRV,2016,2016,INC,N,FALSE,EU-SILC,3,2009 - 2022,960
HRV,2017,2017,INC,N,FALSE,EU-SILC,3,2009 - 2022,961
HRV,2018,2018,INC,N,FALSE,EU-SILC,3,2009 - 2022,962
HRV,2019,2019,INC,N,FALSE,EU-SILC,3,2009 - 2022,963
HRV,2020,2020,INC,N,FALSE,EU-SILC,3,2009 - 2022,964
HRV,2021,2021,INC,N,FALSE,EU-SILC,3,2009 - 2022,965
HRV,2022,2022,INC,N,FALSE,EU-SILC,3,2009 - 2022,966
HTI,2001,2001,INC,N,FALSE,ECVH,0,2001,967
HTI,2012,2012,CONS,N,FALSE,ECVMAS,1,2012 - 2012,968
HUN,2004,2004,INC,N,FALSE,EU-SILC,4,2004 - 2022,969
HUN,2005,2005,INC,N,FALSE,EU-SILC,4,2004 - 2022,970
HUN,2006,2006,INC,N,FALSE,EU-SILC,4,2004 - 2022,971
HUN,2007,2007,INC,N,FALSE,EU-SILC,4,2004 - 2022,972
HUN,2008,2008,INC,N,FALSE,EU-SILC,4,2004 - 2022,973
HUN,2009,2009,INC,N,FALSE,EU-SILC,4,2004 - 2022,974
HUN,2010,2010,INC,N,FALSE,EU-SILC,4,2004 - 2022,975
HUN,2011,2011,INC,N,FALSE,EU-SILC,4,2004 - 2022,976
HUN,2012,2012,INC,N,FALSE,EU-SILC,4,2004 - 2022,977
HUN,2013,2013,INC,N,FALSE,EU-SILC,4,2004 - 2022,978
HUN,2014,2014,INC,N,FALSE,EU-SILC,4,2004 - 2022,979
HUN,2015,2015,INC,N,FALSE,EU-SILC,4,2004 - 2022,980
HUN,2016,2016,INC,N,FALSE,EU-SILC,4,2004 - 2022,981
HUN,2017,2017,INC,N,FALSE,EU-SILC,4,2004 - 2022,982
HUN,2018,2018,INC,N,FALSE,EU-SILC,4,2004 - 2022,983
HUN,2019,2019,INC,N,FALSE,EU-SILC,4,2004 - 2022,984
HUN,2020,2020,INC,N,FALSE,EU-SILC,4,2004 - 2022,985
HUN,2021,2021,INC,N,FALSE,EU-SILC,4,2004 - 2022,986
HUN,2022,2022,INC,N,FALSE,EU-SILC,4,2004 - 2022,987
IDN,1984,1984,CONS,N,FALSE,SUSENAS,0,1984 - 1990,988
IDN,1987,1987,CONS,N,FALSE,SUSENAS,0,1984 - 1990,989
IDN,1990,1990,CONS,N,FALSE,SUSENAS,0,1984 - 1990,990
IDN,1993,1993,CONS,N,FALSE,SUSENAS,1,1993 - 1999,991
IDN,1996,1996,CONS,N,FALSE,SUSENAS,1,1993 - 1999,992
IDN,1998,1998,CONS,N,FALSE,SUSENAS,1,1993 - 1999,993
IDN,1999,1999,CONS,N,FALSE,SUSENAS,1,1993 - 1999,994
IDN,2000,2000,CONS,N,FALSE,SUSENAS,2,2000 - 2001,995
IDN,2001,2001,CONS,N,FALSE,SUSENAS,2,2000 - 2001,996
IDN,2002,2002,CONS,N,FALSE,SUSENAS,3,2002 - 2004,997
IDN,2003,2003,CONS,N,FALSE,SUSENAS,3,2002 - 2004,998
IDN,2004,2004,CONS,N,FALSE,SUSENAS,3,2002 - 2004,999
IDN,2005,2005,CONS,N,FALSE,SUSENAS,4,2005 - 2010,1000
IDN,2006,2006,CONS,N,FALSE,SUSENAS,4,2005 - 2010,1001
IDN,2007,2007,CONS,N,FALSE,SUSENAS,4,2005 - 2010,1002
IDN,2008,2008,CONS,N,FALSE,SUSENAS,4,2005 - 2010,1003
IDN,2009,2009,CONS,N,FALSE,SUSENAS,4,2005 - 2010,1004
IDN,2010,2010,CONS,N,FALSE,SUSENAS,4,2005 - 2010,1005
IDN,2011,2011,CONS,N,FALSE,SUSENAS,5,2011 - 2014,1006
IDN,2012,2012,CONS,N,FALSE,SUSENAS,5,2011 - 2014,1007
IDN,2013,2013,CONS,N,FALSE,SUSENAS,5,2011 - 2014,1008
IDN,2014,2014,CONS,N,FALSE,SUSENAS,5,2011 - 2014,1009
IDN,2015,2015,CONS,N,FALSE,SUSENAS,6,2015 - 2024,1010
IDN,2016,2016,CONS,N,FALSE,SUSENAS,6,2015 - 2024,1011
IDN,2017,2017,CONS,N,FALSE,SUSENAS,6,2015 - 2024,1012
IDN,2018,2018,CONS,N,FALSE,SUSENAS,6,2015 - 2024,1013
IDN,2019,2019,CONS,N,FALSE,SUSENAS,6,2015 - 2024,1014
IDN,2020,2020,CONS,N,FALSE,SUSENAS,6,2015 - 2024,1015
IDN,2021,2021,CONS,N,FALSE,SUSENAS,6,2015 - 2024,1016
IDN,2022,2022,CONS,N,FALSE,SUSENAS,6,2015 - 2024,1017
IDN,2023,2023,CONS,N,FALSE,SUSENAS,6,2015 - 2024,1018
IDN,2024,2024,CONS,N,FALSE,SUSENAS,6,2015 - 2024,1019
IND,1977,1977.5,CONS,N,FALSE,NSS,0,1977,1020
IND,1983,1983,CONS,N,FALSE,NSS,1,1983,1021
IND,1987,1987.5,CONS,N,FALSE,NSS-SCH1,2,1987,1022
IND,1993,1993.5,CONS,N,FALSE,NSS-SCH1,3,1993 - 2009,1023
IND,2004,2004.5,CONS,N,FALSE,NSS-SCH1,3,1993 - 2009,1024
IND,2009,2009.5,CONS,N,FALSE,NSS-SCH1,3,1993 - 2009,1025
IND,2011,2011.5,CONS,N,FALSE,NSS-SCH2,7,2011 - 2022,1026
IND,2022,2022.58,CONS,N,FALSE,HCES,7,2011 - 2022,1027
IRL,1987,1987,INC,N,FALSE,SIDPUSS-LIS,0,1987,1028
IRL,1994,1994,INC,N,FALSE,LIS-ECHP-LIS,1,1994 - 2000,1029
IRL,1995,1995,INC,N,FALSE,LIS-ECHP-LIS,1,1994 - 2000,1030
IRL,1996,1996,INC,N,FALSE,LIS-ECHP-LIS,1,1994 - 2000,1031
IRL,2000,2000,INC,N,FALSE,LIS-ECHP-LIS,1,1994 - 2000,1032
IRL,2002,2002,INC,N,FALSE,SILC-LIS,2,2002,1033
IRL,2003,2003,INC,N,FALSE,EU-SILC,3,2003 - 2022,1034
IRL,2004,2004,INC,N,FALSE,EU-SILC,3,2003 - 2022,1035
IRL,2005,2005,INC,N,FALSE,EU-SILC,3,2003 - 2022,1036
IRL,2006,2006,INC,N,FALSE,EU-SILC,3,2003 - 2022,1037
IRL,2007,2007,INC,N,FALSE,EU-SILC,3,2003 - 2022,1038
IRL,2008,2008,INC,N,FALSE,EU-SILC,3,2003 - 2022,1039
IRL,2009,2009,INC,N,FALSE,EU-SILC,3,2003 - 2022,1040
IRL,2010,2010,INC,N,FALSE,EU-SILC,3,2003 - 2022,1041
IRL,2011,2011,INC,N,FALSE,EU-SILC,3,2003 - 2022,1042
IRL,2012,2012,INC,N,FALSE,EU-SILC,3,2003 - 2022,1043
IRL,2013,2013,INC,N,FALSE,EU-SILC,3,2003 - 2022,1044
IRL,2014,2014,INC,N,FALSE,EU-SILC,3,2003 - 2022,1045
IRL,2015,2015,INC,N,FALSE,EU-SILC,3,2003 - 2022,1046
IRL,2016,2016,INC,N,FALSE,EU-SILC,3,2003 - 2022,1047
IRL,2017,2017,INC,N,FALSE,EU-SILC,3,2003 - 2022,1048
IRL,2018,2018,INC,N,FALSE,EU-SILC,3,2003 - 2022,1049
IRL,2019,2019,INC,N,FALSE,EU-SILC,3,2003 - 2022,1050
IRL,2020,2020,INC,N,FALSE,EU-SILC,3,2003 - 2022,1051
IRL,2021,2021,INC,N,FALSE,EU-SILC,3,2003 - 2022,1052
IRL,2022,2022,INC,N,FALSE,EU-SILC,3,2003 - 2022,1053
IRN,1986,1986,CONS,N,FALSE,SECH,0,1986 - 1998,1054
IRN,1990,1990,CONS,N,FALSE,SECH,0,1986 - 1998,1055
IRN,1994,1994,CONS,N,FALSE,SECH,0,1986 - 1998,1056
IRN,1998,1998,CONS,N,FALSE,SECH,0,1986 - 1998,1057
IRN,2005,2005.23,CONS,N,FALSE,HEIS,1,2005 - 2023,1058
IRN,2006,2006.23,CONS,N,FALSE,HEIS,1,2005 - 2023,1059
IRN,2009,2009.23,CONS,N,FALSE,HEIS,1,2005 - 2023,1060
IRN,2011,2011.23,CONS,N,FALSE,HEIS,1,2005 - 2023,1061
IRN,2012,2012.23,CONS,N,FALSE,HEIS,1,2005 - 2023,1062
IRN,2013,2013.23,CONS,N,FALSE,HEIS,1,2005 - 2023,1063
IRN,2014,2014.23,CONS,N,FALSE,HEIS,1,2005 - 2023,1064
IRN,2015,2015.23,CONS,N,FALSE,HEIS,1,2005 - 2023,1065
IRN,2016,2016.23,CONS,N,FALSE,HEIS,1,2005 - 2023,1066
IRN,2017,2017.23,CONS,N,FALSE,HEIS,1,2005 - 2023,1067
IRN,2018,2018.23,CONS,N,FALSE,HEIS,1,2005 - 2023,1068
IRN,2019,2019.23,CONS,N,FALSE,HEIS,1,2005 - 2023,1069
IRN,2020,2020.23,CONS,N,FALSE,HEIS,1,2005 - 2023,1070
IRN,2021,2021.23,CONS,N,FALSE,HEIS,1,2005 - 2023,1071
IRN,2022,2022.23,CONS,N,FALSE,HEIS,1,2005 - 2023,1072
IRN,2023,2023.23,CONS,N,FALSE,HEIS,1,2005 - 2023,1073
IRQ,2006,2006.85,CONS,N,FALSE,IHSES,0,2006 - 2012,1074
IRQ,2012,2012,CONS,N,FALSE,IHSES,0,2006 - 2012,1075
IRQ,2023,2023,CONS,N,FALSE,IHSES,1,2023,1076
ISL,2003,2003,INC,N,FALSE,EU-SILC,0,2003 - 2018,1077
ISL,2004,2004,INC,N,FALSE,EU-SILC,0,2003 - 2018,1078
ISL,2005,2005,INC,N,FALSE,EU-SILC,0,2003 - 2018,1079
ISL,2006,2006,INC,N,FALSE,EU-SILC,0,2003 - 2018,1080
ISL,2007,2007,INC,N,FALSE,EU-SILC,0,2003 - 2018,1081
ISL,2008,2008,INC,N,FALSE,EU-SILC,0,2003 - 2018,1082
ISL,2009,2009,INC,N,FALSE,EU-SILC,0,2003 - 2018,1083
ISL,2010,2010,INC,N,FALSE,EU-SILC,0,2003 - 2018,1084
ISL,2011,2011,INC,N,FALSE,EU-SILC,0,2003 - 2018,1085
ISL,2012,2012,INC,N,FALSE,EU-SILC,0,2003 - 2018,1086
ISL,2013,2013,INC,N,FALSE,EU-SILC,0,2003 - 2018,1087
ISL,2014,2014,INC,N,FALSE,EU-SILC,0,2003 - 2018,1088
ISL,2015,2015,INC,N,FALSE,EU-SILC,0,2003 - 2018,1089
ISL,2016,2016,INC,N,FALSE,EU-SILC,0,2003 - 2018,1090
ISL,2017,2017,INC,N,FALSE,EU-SILC,0,2003 - 2018,1091
ISL,2018,2018,INC,N,FALSE,EU-SILC,0,2003 - 2018,1092
ISR,1979,1979,INC,N,FALSE,HES-LIS,0,1979 - 2021,1093
ISR,1986,1986,INC,N,FALSE,HES-LIS,0,1979 - 2021,1094
ISR,1992,1992,INC,N,FALSE,HES-LIS,0,1979 - 2021,1095
ISR,1997,1997,INC,N,FALSE,HES-LIS,0,1979 - 2021,1096
ISR,2001,2001,INC,N,FALSE,HES-LIS,0,1979 - 2021,1097
ISR,2002,2002,INC,N,FALSE,HES-LIS,0,1979 - 2021,1098
ISR,2003,2003,INC,N,FALSE,HES-LIS,0,1979 - 2021,1099
ISR,2004,2004,INC,N,FALSE,HES-LIS,0,1979 - 2021,1100
ISR,2005,2005,INC,N,FALSE,HES-LIS,0,1979 - 2021,1101
ISR,2006,2006,INC,N,FALSE,HES-LIS,0,1979 - 2021,1102
ISR,2007,2007,INC,N,FALSE,HES-LIS,0,1979 - 2021,1103
ISR,2008,2008,INC,N,FALSE,HES-LIS,0,1979 - 2021,1104
ISR,2009,2009,INC,N,FALSE,HES-LIS,0,1979 - 2021,1105
ISR,2010,2010,INC,N,FALSE,HES-LIS,0,1979 - 2021,1106
ISR,2011,2011,INC,N,FALSE,HES-LIS,0,1979 - 2021,1107
ISR,2012,2012,INC,N,FALSE,HES-LIS,0,1979 - 2021,1108
ISR,2013,2013,INC,N,FALSE,HES-LIS,0,1979 - 2021,1109
ISR,2014,2014,INC,N,FALSE,HES-LIS,0,1979 - 2021,1110
ISR,2015,2015,INC,N,FALSE,HES-LIS,0,1979 - 2021,1111
ISR,2016,2016,INC,N,FALSE,HES-LIS,0,1979 - 2021,1112
ISR,2017,2017,INC,N,FALSE,HES-LIS,0,1979 - 2021,1113
ISR,2018,2018,INC,N,FALSE,HES-LIS,0,1979 - 2021,1114
ISR,2019,2019,INC,N,FALSE,HES-LIS,0,1979 - 2021,1115
ISR,2020,2020,INC,N,FALSE,HES-LIS,0,1979 - 2021,1116
ISR,2021,2021,INC,N,FALSE,HES-LIS,0,1979 - 2021,1117
ITA,1977,1977,INC,N,FALSE,SHIW-LIS,0,1977 - 2002,1118
ITA,1978,1978,INC,N,FALSE,SHIW-LIS,0,1977 - 2002,1119
ITA,1979,1979,INC,N,FALSE,SHIW-LIS,0,1977 - 2002,1120
ITA,1980,1980,INC,N,FALSE,SHIW-LIS,0,1977 - 2002,1121
ITA,1981,1981,INC,N,FALSE,SHIW-LIS,0,1977 - 2002,1122
ITA,1982,1982,INC,N,FALSE,SHIW-LIS,0,1977 - 2002,1123
ITA,1983,1983,INC,N,FALSE,SHIW-LIS,0,1977 - 2002,1124
ITA,1984,1984,INC,N,FALSE,SHIW-LIS,0,1977 - 2002,1125
ITA,1986,1986,INC,N,FALSE,SHIW-LIS,0,1977 - 2002,1126
ITA,1987,1987,INC,N,FALSE,SHIW-LIS,0,1977 - 2002,1127
ITA,1989,1989,INC,N,FALSE,SHIW-LIS,0,1977 - 2002,1128
ITA,1991,1991,INC,N,FALSE,SHIW-LIS,0,1977 - 2002,1129
ITA,1993,1993,INC,N,FALSE,SHIW-LIS,0,1977 - 2002,1130
ITA,1995,1995,INC,N,FALSE,SHIW-LIS,0,1977 - 2002,1131
ITA,1998,1998,INC,N,FALSE,SHIW-LIS,0,1977 - 2002,1132
ITA,2000,2000,INC,N,FALSE,SHIW-LIS,0,1977 - 2002,1133
ITA,2002,2002,INC,N,FALSE,SHIW-LIS,0,1977 - 2002,1134
ITA,2003,2003,INC,N,FALSE,EU-SILC,1,2003 - 2022,1135
ITA,2004,2004,INC,N,FALSE,EU-SILC,1,2003 - 2022,1136
ITA,2005,2005,INC,N,FALSE,EU-SILC,1,2003 - 2022,1137
ITA,2006,2006,INC,N,FALSE,EU-SILC,1,2003 - 2022,1138
ITA,2007,2007,INC,N,FALSE,EU-SILC,1,2003 - 2022,1139
ITA,2008,2008,INC,N,FALSE,EU-SILC,1,2003 - 2022,1140
ITA,2009,2009,INC,N,FALSE,EU-SILC,1,2003 - 2022,1141
ITA,2010,2010,INC,N,FALSE,EU-SILC,1,2003 - 2022,1142
ITA,2011,2011,INC,N,FALSE,EU-SILC,1,2003 - 2022,1143
ITA,2012,2012,INC,N,FALSE,EU-SILC,1,2003 - 2022,1144
ITA,2013,2013,INC,N,FALSE,EU-SILC,1,2003 - 2022,1145
ITA,2014,2014,INC,N,FALSE,EU-SILC,1,2003 - 2022,1146
ITA,2015,2015,INC,N,FALSE,EU-SILC,1,2003 - 2022,1147
ITA,2016,2016,INC,N,FALSE,EU-SILC,1,2003 - 2022,1148
ITA,2017,2017,INC,N,FALSE,EU-SILC,1,2003 - 2022,1149
ITA,2018,2018,INC,N,FALSE,EU-SILC,1,2003 - 2022,1150
ITA,2019,2019,INC,N,FALSE,EU-SILC,1,2003 - 2022,1151
ITA,2020,2020,INC,N,FALSE,EU-SILC,1,2003 - 2022,1152
ITA,2021,2021,INC,N,FALSE,EU-SILC,1,2003 - 2022,1153
ITA,2022,2022,INC,N,FALSE,EU-SILC,1,2003 - 2022,1154
JAM,1988,1988,CONS,N,FALSE,SLC,0,1988 - 1993,1155
JAM,1990,1990,CONS,N,FALSE,SLC,1,1990 - 2004,1156
JAM,1993,1993,CONS,N,FALSE,SLC,0,1988 - 1993,1157
JAM,1996,1996,CONS,N,FALSE,SLC,1,1990 - 2004,1158
JAM,1999,1999,CONS,N,FALSE,SLC,1,1990 - 2004,1159
JAM,2002,2002,CONS,N,FALSE,SLC,1,1990 - 2004,1160
JAM,2004,2004,CONS,N,FALSE,SLC,1,1990 - 2004,1161
JAM,2018,2018,CONS,N,FALSE,JSLC,2,2018 - 2021,1162
JAM,2021,2021,CONS,N,FALSE,JSLC,2,2018 - 2021,1163
JOR,1986,1986.5,CONS,N,FALSE,HEIS,0,1986 - 1997,1164
JOR,1992,1992,CONS,N,FALSE,HEIS,0,1986 - 1997,1165
JOR,1997,1997,CONS,N,FALSE,HEIS,0,1986 - 1997,1166
JOR,2002,2002.5,CONS,N,FALSE,HEIS,1,2002,1167
JOR,2006,2006.14,CONS,N,FALSE,HEIS,2,2006,1168
JOR,2008,2008.16,CONS,N,FALSE,HEIS,3,2008 - 2010,1169
JOR,2010,2010.24,CONS,N,FALSE,HEIS,3,2008 - 2010,1170
JPN,2008,2008,INC,N,FALSE,JHPS-KHPS-LIS,0,2008 - 2020,1171
JPN,2009,2009,INC,N,FALSE,JHPS-KHPS-LIS,0,2008 - 2020,1172
JPN,2010,2010,INC,N,FALSE,JHPS-KHPS-LIS,0,2008 - 2020,1173
JPN,2011,2011,INC,N,FALSE,JHPS-KHPS-LIS,0,2008 - 2020,1174
JPN,2012,2012,INC,N,FALSE,JHPS-KHPS-LIS,0,2008 - 2020,1175
JPN,2013,2013,INC,N,FALSE,JHPS-KHPS-LIS,0,2008 - 2020,1176
JPN,2014,2014,INC,N,FALSE,JHPS-KHPS-LIS,0,2008 - 2020,1177
JPN,2015,2015,INC,N,FALSE,JHPS-KHPS-LIS,0,2008 - 2020,1178
JPN,2016,2016,INC,N,FALSE,JHPS-KHPS-LIS,0,2008 - 2020,1179
JPN,2017,2017,INC,N,FALSE,JHPS-KHPS-LIS,0,2008 - 2020,1180
JPN,2018,2018,INC,N,FALSE,JHPS-KHPS-LIS,0,2008 - 2020,1181
JPN,2019,2019,INC,N,FALSE,JHPS-KHPS-LIS,0,2008 - 2020,1182
JPN,2020,2020,INC,N,FALSE,JHPS-KHPS-LIS,0,2008 - 2020,1183
KAZ,1996,1996,CONS,N,FALSE,LSMS,1,1996,1184
KAZ,2001,2001,CONS,N,FALSE,HBS,2,2001 - 2004,1185
KAZ,2002,2002,CONS,N,FALSE,HBS,2,2001 - 2004,1186
KAZ,2003,2003,CONS,N,FALSE,HBS,2,2001 - 2004,1187
KAZ,2004,2004,CONS,N,FALSE,HBS,2,2001 - 2004,1188
KAZ,2005,2005,CONS,N,FALSE,HBS,3,2005 - 2021,1189
KAZ,2006,2006,CONS,N,FALSE,HBS,3,2005 - 2021,1190
KAZ,2007,2007,CONS,N,FALSE,HBS,3,2005 - 2021,1191
KAZ,2008,2008,CONS,N,FALSE,HBS,3,2005 - 2021,1192
KAZ,2009,2009,CONS,N,FALSE,HBS,3,2005 - 2021,1193
KAZ,2010,2010,CONS,N,FALSE,HBS,3,2005 - 2021,1194
KAZ,2011,2011,CONS,N,FALSE,HBS,3,2005 - 2021,1195
KAZ,2012,2012,CONS,N,FALSE,HBS,3,2005 - 2021,1196
KAZ,2013,2013,CONS,N,FALSE,HBS,3,2005 - 2021,1197
KAZ,2014,2014,CONS,N,FALSE,HBS,3,2005 - 2021,1198
KAZ,2015,2015,CONS,N,FALSE,HBS,3,2005 - 2021,1199
KAZ,2016,2016,CONS,N,FALSE,HBS,3,2005 - 2021,1200
KAZ,2017,2017,CONS,N,FALSE,HBS,3,2005 - 2021,1201
KAZ,2018,2018,CONS,N,FALSE,HBS,3,2005 - 2021,1202
KAZ,2019,2019,CONS,N,FALSE,HBS,3,2005 - 2021,1203
KAZ,2020,2020,CONS,N,FALSE,HBS,3,2005 - 2021,1204
KAZ,2021,2021,CONS,N,FALSE,HBS,3,2005 - 2021,1205
KEN,1992,1992,CONS,N,FALSE,WMS-I,0,1992,1206
KEN,1994,1994,CONS,N,FALSE,WMS-II,1,1994,1207
KEN,1997,1997,CONS,N,FALSE,WMS-III,2,1997,1208
KEN,2005,2005.38,CONS,N,FALSE,IHBS,3,2005 - 2021,1209
KEN,2015,2015.67,CONS,N,FALSE,IHBS,3,2005 - 2021,1210
KEN,2020,2020,CONS,N,FALSE,KCHS,3,2005 - 2021,1211
KEN,2021,2021,CONS,N,FALSE,KCHS,3,2005 - 2021,1212
KGZ,1998,1998,INC,N,FALSE,KPMS,0,1998,1213
KGZ,2000,2000,CONS,N,FALSE,HBS,1,2000 - 2003,1214
KGZ,2001,2001,CONS,N,FALSE,HBS,1,2000 - 2003,1215
KGZ,2002,2002,CONS,N,FALSE,HBS,1,2000 - 2003,1216
KGZ,2003,2003,CONS,N,FALSE,HBS,1,2000 - 2003,1217
KGZ,2004,2004,CONS,N,FALSE,KIHS,2,2004 - 2022,1218
KGZ,2005,2005,CONS,N,FALSE,KIHS,2,2004 - 2022,1219
KGZ,2006,2006,CONS,N,FALSE,KIHS,2,2004 - 2022,1220
KGZ,2007,2007,CONS,N,FALSE,KIHS,2,2004 - 2022,1221
KGZ,2008,2008,CONS,N,FALSE,KIHS,2,2004 - 2022,1222
KGZ,2009,2009,CONS,N,FALSE,KIHS,2,2004 - 2022,1223
KGZ,2010,2010,CONS,N,FALSE,KIHS,2,2004 - 2022,1224
KGZ,2011,2011,CONS,N,FALSE,KIHS,2,2004 - 2022,1225
KGZ,2012,2012,CONS,N,FALSE,KIHS,2,2004 - 2022,1226
KGZ,2013,2013,CONS,N,FALSE,KIHS,2,2004 - 2022,1227
KGZ,2014,2014,CONS,N,FALSE,KIHS,2,2004 - 2022,1228
KGZ,2015,2015,CONS,N,FALSE,KIHS,2,2004 - 2022,1229
KGZ,2016,2016,CONS,N,FALSE,KIHS,2,2004 - 2022,1230
KGZ,2017,2017,CONS,N,FALSE,KIHS,2,2004 - 2022,1231
KGZ,2018,2018,CONS,N,FALSE,KIHS,2,2004 - 2022,1232
KGZ,2019,2019,CONS,N,FALSE,KIHS,2,2004 - 2022,1233
KGZ,2020,2020,CONS,N,FALSE,KIHS,2,2004 - 2022,1234
KGZ,2021,2021,CONS,N,FALSE,KIHS,2,2004 - 2022,1235
KGZ,2022,2022,CONS,N,FALSE,KIHS,2,2004 - 2022,1236
KIR,2006,2006,CONS,N,FALSE,HIES,0,2006,1237
KIR,2019,2019.27,CONS,N,FALSE,HIES,1,2019,1238
KOR,2006,2006,INC,N,FALSE,HIES-FHES-LIS,0,2006 - 2014,1239
KOR,2008,2008,INC,N,FALSE,HIES-FHES-LIS,0,2006 - 2014,1240
KOR,2010,2010,INC,N,FALSE,HIES-FHES-LIS,0,2006 - 2014,1241
KOR,2012,2012,INC,N,FALSE,HIES-FHES-LIS,0,2006 - 2014,1242
KOR,2014,2014,INC,N,FALSE,HIES-FHES-LIS,0,2006 - 2014,1243
KOR,2016,2016,INC,N,FALSE,SHFLC-LIS,1,2016 - 2021,1244
KOR,2017,2017,INC,N,FALSE,SHFLC-LIS,1,2016 - 2021,1245
KOR,2018,2018,INC,N,FALSE,SHFLC-LIS,1,2016 - 2021,1246
KOR,2019,2019,INC,N,FALSE,SHFLC-LIS,1,2016 - 2021,1247
KOR,2020,2020,INC,N,FALSE,SHFLC-LIS,1,2016 - 2021,1248
KOR,2021,2021,INC,N,FALSE,SHFLC-LIS,1,2016 - 2021,1249
LAO,1992,1992.2,CONS,N,FALSE,LECS,0,1992 - 2007,1250
LAO,1997,1997.2,CONS,N,FALSE,LECS,0,1992 - 2007,1251
LAO,2002,2002.25,CONS,N,FALSE,LECS,0,1992 - 2007,1252
LAO,2007,2007.23,CONS,N,FALSE,LECS,0,1992 - 2007,1253
LAO,2012,2012.25,CONS,N,FALSE,LECS,1,2012 - 2018,1254
LAO,2018,2018.42,CONS,N,FALSE,LECS,1,2012 - 2018,1255
LBN,2011,2011.77,CONS,N,FALSE,HBS,0,2011,1256
LBN,2022,2022.8,CONS,N,FALSE,LHS,1,2022,1257
LBR,2007,2007,CONS,N,FALSE,CWIQ,0,2007,1258
LBR,2014,2014,CONS,N,FALSE,HIES,1,2014 - 2016,1259
LBR,2016,2016,CONS,N,FALSE,HIES,1,2014 - 2016,1260
LCA,1995,1995,INC,N,FALSE,LSMS,0,1995,1261
LCA,2015,2015.78,CONS,N,FALSE,SLCHBS,1,2015 - 2015,1262
LKA,1985,1985,CONS,N,FALSE,LFSS,0,1985,1263
LKA,1990,1990.5,CONS,N,FALSE,HIES,1,1990,1264
LKA,1995,1995.5,CONS,N,FALSE,SES,2,1995,1265
LKA,2002,2002,CONS,N,FALSE,HIES,3,2002 - 2019,1266
LKA,2006,2006.5,CONS,N,FALSE,HIES,3,2002 - 2019,1267
LKA,2009,2009.5,CONS,N,FALSE,HIES,3,2002 - 2019,1268
LKA,2012,2012.5,CONS,N,FALSE,HIES,3,2002 - 2019,1269
LKA,2016,2016,CONS,N,FALSE,HIES,3,2002 - 2019,1270
LKA,2019,2019,CONS,N,FALSE,HIES,3,2002 - 2019,1271
LSO,1986,1986.54,CONS,N,FALSE,HBS,0,1986,1272
LSO,1994,1994.45,CONS,N,FALSE,NHECS,1,1994,1273
LSO,2002,2002.75,CONS,N,FALSE,HBS,2,2002,1274
LSO,2017,2017.14,CONS,N,FALSE,CMSHBS,3,2017,1275
LTU,2004,2004,INC,N,FALSE,EU-SILC,3,2004 - 2022,1276
LTU,2005,2005,INC,N,FALSE,EU-SILC,3,2004 - 2022,1277
LTU,2006,2006,INC,N,FALSE,EU-SILC,3,2004 - 2022,1278
LTU,2007,2007,INC,N,FALSE,EU-SILC,3,2004 - 2022,1279
LTU,2008,2008,INC,N,FALSE,EU-SILC,3,2004 - 2022,1280
LTU,2009,2009,INC,N,FALSE,EU-SILC,3,2004 - 2022,1281
LTU,2010,2010,INC,N,FALSE,EU-SILC,3,2004 - 2022,1282
LTU,2011,2011,INC,N,FALSE,EU-SILC,3,2004 - 2022,1283
LTU,2012,2012,INC,N,FALSE,EU-SILC,3,2004 - 2022,1284
LTU,2013,2013,INC,N,FALSE,EU-SILC,3,2004 - 2022,1285
LTU,2014,2014,INC,N,FALSE,EU-SILC,3,2004 - 2022,1286
LTU,2015,2015,INC,N,FALSE,EU-SILC,3,2004 - 2022,1287
LTU,2016,2016,INC,N,FALSE,EU-SILC,3,2004 - 2022,1288
LTU,2017,2017,INC,N,FALSE,EU-SILC,3,2004 - 2022,1289
LTU,2018,2018,INC,N,FALSE,EU-SILC,3,2004 - 2022,1290
LTU,2019,2019,INC,N,FALSE,EU-SILC,3,2004 - 2022,1291
LTU,2020,2020,INC,N,FALSE,EU-SILC,3,2004 - 2022,1292
LTU,2021,2021,INC,N,FALSE,EU-SILC,3,2004 - 2022,1293
LTU,2022,2022,INC,N,FALSE,EU-SILC,3,2004 - 2022,1294
LUX,1985,1985,INC,N,FALSE,PSELL-LIS,0,1985 - 1993,1295
LUX,1986,1986,INC,N,FALSE,PSELL-LIS,0,1985 - 1993,1296
LUX,1987,1987,INC,N,FALSE,PSELL-LIS,0,1985 - 1993,1297
LUX,1988,1988,INC,N,FALSE,PSELL-LIS,0,1985 - 1993,1298
LUX,1989,1989,INC,N,FALSE,PSELL-LIS,0,1985 - 1993,1299
LUX,1990,1990,INC,N,FALSE,PSELL-LIS,0,1985 - 1993,1300
LUX,1991,1991,INC,N,FALSE,PSELL-LIS,0,1985 - 1993,1301
LUX,1992,1992,INC,N,FALSE,PSELL-LIS,0,1985 - 1993,1302
LUX,1993,1993,INC,N,FALSE,PSELL-LIS,0,1985 - 1993,1303
LUX,1994,1994,INC,N,FALSE,PSELL-ECHP-LIS,1,1994 - 2001,1304
LUX,1995,1995,INC,N,FALSE,PSELL-ECHP-LIS,1,1994 - 2001,1305
LUX,1996,1996,INC,N,FALSE,PSELL-ECHP-LIS,1,1994 - 2001,1306
LUX,1997,1997,INC,N,FALSE,PSELL-ECHP-LIS,1,1994 - 2001,1307
LUX,1998,1998,INC,N,FALSE,PSELL-ECHP-LIS,1,1994 - 2001,1308
LUX,1999,1999,INC,N,FALSE,PSELL-ECHP-LIS,1,1994 - 2001,1309
LUX,2000,2000,INC,N,FALSE,PSELL-ECHP-LIS,1,1994 - 2001,1310
LUX,2001,2001,INC,N,FALSE,PSELL-ECHP-LIS,1,1994 - 2001,1311
LUX,2002,2002,INC,N,FALSE,SEP-SILC-LIS,2,2002,1312
LUX,2003,2003,INC,N,FALSE,EU-SILC,3,2003 - 2022,1313
LUX,2004,2004,INC,N,FALSE,EU-SILC,3,2003 - 2022,1314
LUX,2005,2005,INC,N,FALSE,EU-SILC,3,2003 - 2022,1315
LUX,2006,2006,INC,N,FALSE,EU-SILC,3,2003 - 2022,1316
LUX,2007,2007,INC,N,FALSE,EU-SILC,3,2003 - 2022,1317
LUX,2008,2008,INC,N,FALSE,EU-SILC,3,2003 - 2022,1318
LUX,2009,2009,INC,N,FALSE,EU-SILC,3,2003 - 2022,1319
LUX,2010,2010,INC,N,FALSE,EU-SILC,3,2003 - 2022,1320
LUX,2011,2011,INC,N,FALSE,EU-SILC,3,2003 - 2022,1321
LUX,2012,2012,INC,N,FALSE,EU-SILC,3,2003 - 2022,1322
LUX,2013,2013,INC,N,FALSE,EU-SILC,3,2003 - 2022,1323
LUX,2014,2014,INC,N,FALSE,EU-SILC,3,2003 - 2022,1324
LUX,2015,2015,INC,N,FALSE,EU-SILC,3,2003 - 2022,1325
LUX,2016,2016,INC,N,FALSE,EU-SILC,3,2003 - 2022,1326
LUX,2017,2017,INC,N,FALSE,EU-SILC,3,2003 - 2022,1327
LUX,2018,2018,INC,N,FALSE,EU-SILC,3,2003 - 2022,1328
LUX,2019,2019,INC,N,FALSE,EU-SILC,3,2003 - 2022,1329
LUX,2020,2020,INC,N,FALSE,EU-SILC,3,2003 - 2022,1330
LUX,2021,2021,INC,N,FALSE,EU-SILC,3,2003 - 2022,1331
LUX,2022,2022,INC,N,FALSE,EU-SILC,3,2003 - 2022,1332
LVA,2004,2004,INC,N,FALSE,EU-SILC,2,2004 - 2022,1333
LVA,2005,2005,INC,N,FALSE,EU-SILC,2,2004 - 2022,1334
LVA,2006,2006,INC,N,FALSE,EU-SILC,2,2004 - 2022,1335
LVA,2007,2007,INC,N,FALSE,EU-SILC,2,2004 - 2022,1336
LVA,2008,2008,INC,N,FALSE,EU-SILC,2,2004 - 2022,1337
LVA,2009,2009,INC,N,FALSE,EU-SILC,2,2004 - 2022,1338
LVA,2010,2010,INC,N,FALSE,EU-SILC,2,2004 - 2022,1339
LVA,2011,2011,INC,N,FALSE,EU-SILC,2,2004 - 2022,1340
LVA,2012,2012,INC,N,FALSE,EU-SILC,2,2004 - 2022,1341
LVA,2013,2013,INC,N,FALSE,EU-SILC,2,2004 - 2022,1342
LVA,2014,2014,INC,N,FALSE,EU-SILC,2,2004 - 2022,1343
LVA,2015,2015,INC,N,FALSE,EU-SILC,2,2004 - 2022,1344
LVA,2016,2016,INC,N,FALSE,EU-SILC,2,2004 - 2022,1345
LVA,2017,2017,INC,N,FALSE,EU-SILC,2,2004 - 2022,1346
LVA,2018,2018,INC,N,FALSE,EU-SILC,2,2004 - 2022,1347
LVA,2019,2019,INC,N,FALSE,EU-SILC,2,2004 - 2022,1348
LVA,2020,2020,INC,N,FALSE,EU-SILC,2,2004 - 2022,1349
LVA,2021,2021,INC,N,FALSE,EU-SILC,2,2004 - 2022,1350
LVA,2022,2022,INC,N,FALSE,EU-SILC,2,2004 - 2022,1351
MAR,1984,1984.5,CONS,N,FALSE,ECDM,0,1984 - 1998,1352
MAR,1990,1990.77,CONS,N,FALSE,ENNVM,0,1984 - 1998,1353
MAR,1998,1998.15,CONS,N,FALSE,ENNVM,0,1984 - 1998,1354
MAR,2000,2000.83,CONS,N,FALSE,ENCDM,1,2000 - 2013,1355
MAR,2006,2006.91,CONS,N,FALSE,ENNVM,1,2000 - 2013,1356
MAR,2013,2013.5,CONS,N,FALSE,ENCDM,1,2000 - 2013,1357
MDA,1997,1997,CONS,N,FALSE,HBS,0,1997 - 2004,1358
MDA,1998,1998,CONS,N,FALSE,HBS,0,1997 - 2004,1359
MDA,1999,1999,CONS,N,FALSE,HBS,0,1997 - 2004,1360
MDA,2000,2000,CONS,N,FALSE,HBS,0,1997 - 2004,1361
MDA,2001,2001,CONS,N,FALSE,HBS,0,1997 - 2004,1362
MDA,2002,2002,CONS,N,FALSE,HBS,0,1997 - 2004,1363
MDA,2003,2003,CONS,N,FALSE,HBS,0,1997 - 2004,1364
MDA,2004,2004,CONS,N,FALSE,HBS,0,1997 - 2004,1365
MDA,2005,2005,CONS,N,FALSE,HBS,1,2005,1366
MDA,2006,2006,CONS,N,FALSE,HBS,2,2006 - 2018,1367
MDA,2007,2007,CONS,N,FALSE,HBS,2,2006 - 2018,1368
MDA,2008,2008,CONS,N,FALSE,HBS,2,2006 - 2018,1369
MDA,2009,2009,CONS,N,FALSE,HBS,2,2006 - 2018,1370
MDA,2010,2010,CONS,N,FALSE,HBS,2,2006 - 2018,1371
MDA,2011,2011,CONS,N,FALSE,HBS,2,2006 - 2018,1372
MDA,2012,2012,CONS,N,FALSE,HBS,2,2006 - 2018,1373
MDA,2013,2013,CONS,N,FALSE,HBS,2,2006 - 2018,1374
MDA,2014,2014,CONS,N,FALSE,HBS,2,2006 - 2018,1375
MDA,2015,2015,CONS,N,FALSE,HBS,2,2006 - 2018,1376
MDA,2016,2016,CONS,N,FALSE,HBS,2,2006 - 2018,1377
MDA,2017,2017,CONS,N,FALSE,HBS,2,2006 - 2018,1378
MDA,2018,2018,CONS,N,FALSE,HBS,2,2006 - 2018,1379
MDA,2019,2019,CONS,N,FALSE,HBS,3,2019 - 2022,1380
MDA,2021,2021,CONS,N,FALSE,HBS,3,2019 - 2022,1381
MDA,2022,2022,CONS,N,FALSE,HBS,3,2019 - 2022,1382
MDG,1980,1980,CONS,N,FALSE,EB,0,1980,1383
MDG,1993,1993.3,CONS,N,FALSE,EPM,1,1993,1384
MDG,1997,1997,CONS,N,FALSE,EPM,2,1997 - 1999,1385
MDG,1999,1999,CONS,N,FALSE,EPM,2,1997 - 1999,1386
MDG,2001,2001,CONS,N,FALSE,EPM,3,2001 - 2012,1387
MDG,2005,2005,CONS,N,FALSE,EPM,3,2001 - 2012,1388
MDG,2010,2010,CONS,N,FALSE,EPM,3,2001 - 2012,1389
MDG,2012,2012.73,CONS,N,FALSE,ENSOMD,3,2001 - 2012,1390
MDV,2002,2002.5,CONS,N,FALSE,HIES,0,2002,1391
MDV,2009,2009.5,CONS,N,FALSE,HIES,1,2009,1392
MDV,2016,2016,CONS,N,FALSE,HIES,2,2016,1393
MDV,2019,2019.6,CONS,N,FALSE,HIES,3,2019,1394
MEX,1989,1989,INC,N,FALSE,ENIGH,0,1984 - 2014,1395
MEX,1992,1992,INC,N,FALSE,ENIGH,0,1984 - 2014,1396
MEX,1994,1994,INC,N,FALSE,ENIGH,0,1984 - 2014,1397
MEX,1996,1996,INC,N,FALSE,ENIGH,0,1984 - 2014,1398
MEX,1998,1998,INC,N,FALSE,ENIGH,0,1984 - 2014,1399
MEX,2000,2000,INC,N,FALSE,ENIGH,0,1984 - 2014,1400
MEX,2002,2002,INC,N,FALSE,ENIGH,0,1984 - 2014,1401
MEX,2004,2004,INC,N,FALSE,ENIGH,0,1984 - 2014,1402
MEX,2005,2005,INC,N,FALSE,ENIGH,0,1984 - 2014,1403
MEX,2006,2006,INC,N,FALSE,ENIGH,0,1984 - 2014,1404
MEX,2008,2008,INC,N,FALSE,ENIGH,0,1984 - 2014,1405
MEX,2010,2010,INC,N,FALSE,ENIGH,0,1984 - 2014,1406
MEX,2012,2012,INC,N,FALSE,ENIGH,0,1984 - 2014,1407
MEX,2014,2014,INC,N,FALSE,ENIGH,0,1984 - 2014,1408
MEX,2016,2016,INC,N,FALSE,ENIGHNS,1,2016 - 2022,1409
MEX,2018,2018,INC,N,FALSE,ENIGHNS,1,2016 - 2022,1410
MEX,2020,2020,INC,N,FALSE,ENIGHNS,1,2016 - 2022,1411
MEX,2022,2022,INC,N,FALSE,ENIGHNS,1,2016 - 2022,1412
MHL,2019,2019.5,CONS,N,FALSE,HIES,0,2019,1413
MKD,2009,2009,INC,N,FALSE,SILC-C,2,2009 - 2019,1414
MKD,2010,2010,INC,N,FALSE,SILC-C,2,2009 - 2019,1415
MKD,2011,2011,INC,N,FALSE,SILC-C,2,2009 - 2019,1416
MKD,2012,2012,INC,N,FALSE,SILC-C,2,2009 - 2019,1417
MKD,2013,2013,INC,N,FALSE,SILC-C,2,2009 - 2019,1418
MKD,2014,2014,INC,N,FALSE,SILC-C,2,2009 - 2019,1419
MKD,2015,2015,INC,N,FALSE,SILC-C,2,2009 - 2019,1420
MKD,2016,2016,INC,N,FALSE,SILC-C,2,2009 - 2019,1421
MKD,2017,2017,INC,N,FALSE,SILC-C,2,2009 - 2019,1422
MKD,2018,2018,INC,N,FALSE,SILC-C,2,2009 - 2019,1423
MKD,2019,2019,INC,N,FALSE,SILC-C,2,2009 - 2019,1424
MLI,1994,1994,CONS,N,FALSE,EMCES,0,1994,1425
MLI,2001,2001.08,CONS,N,FALSE,EMEP,1,2001,1426
MLI,2006,2006.25,CONS,N,FALSE,ELIM,2,2006 - 2009,1427
MLI,2009,2009.89,CONS,N,FALSE,ELIM,2,2006 - 2009,1428
MLI,2018,2018.57,CONS,N,FALSE,EHCVM,3,2018 - 2021,1429
MLI,2021,2021.57,CONS,N,FALSE,EHCVM,3,2018 - 2021,1430
MLT,2006,2006,INC,N,FALSE,EU-SILC,0,2006 - 2022,1431
MLT,2007,2007,INC,N,FALSE,EU-SILC,0,2006 - 2022,1432
MLT,2008,2008,INC,N,FALSE,EU-SILC,0,2006 - 2022,1433
MLT,2009,2009,INC,N,FALSE,EU-SILC,0,2006 - 2022,1434
MLT,2010,2010,INC,N,FALSE,EU-SILC,0,2006 - 2022,1435
MLT,2011,2011,INC,N,FALSE,EU-SILC,0,2006 - 2022,1436
MLT,2012,2012,INC,N,FALSE,EU-SILC,0,2006 - 2022,1437
MLT,2013,2013,INC,N,FALSE,EU-SILC,0,2006 - 2022,1438
MLT,2014,2014,INC,N,FALSE,EU-SILC,0,2006 - 2022,1439
MLT,2015,2015,INC,N,FALSE,EU-SILC,0,2006 - 2022,1440
MLT,2016,2016,INC,N,FALSE,EU-SILC,0,2006 - 2022,1441
MLT,2017,2017,INC,N,FALSE,EU-SILC,0,2006 - 2022,1442
MLT,2018,2018,INC,N,FALSE,EU-SILC,0,2006 - 2022,1443
MLT,2019,2019,INC,N,FALSE,EU-SILC,0,2006 - 2022,1444
MLT,2020,2020,INC,N,FALSE,EU-SILC,0,2006 - 2022,1445
MLT,2021,2021,INC,N,FALSE,EU-SILC,0,2006 - 2022,1446
MLT,2022,2022,INC,N,FALSE,EU-SILC,0,2006 - 2022,1447
MMR,2015,2015,CONS,N,FALSE,MPLCS,0,2015 - 2017,1448
MMR,2017,2017,CONS,N,FALSE,MLCS,0,2015 - 2017,1449
MNE,2012,2012,INC,N,FALSE,SILC-C,1,2012 - 2021,1450
MNE,2013,2013,INC,N,FALSE,SILC-C,1,2012 - 2021,1451
MNE,2014,2014,INC,N,FALSE,SILC-C,1,2012 - 2021,1452
MNE,2015,2015,INC,N,FALSE,SILC-C,1,2012 - 2021,1453
MNE,2016,2016,INC,N,FALSE,SILC-C,1,2012 - 2021,1454
MNE,2017,2017,INC,N,FALSE,SILC-C,1,2012 - 2021,1455
MNE,2018,2018,INC,N,FALSE,SILC-C,1,2012 - 2021,1456
MNE,2019,2019,INC,N,FALSE,SILC-C,1,2012 - 2021,1457
MNE,2020,2020,INC,N,FALSE,SILC-C,1,2012 - 2021,1458
MNE,2021,2021,INC,N,FALSE,SILC-C,1,2012 - 2021,1459
MNG,1995,1995,CONS,N,FALSE,LSMS,0,1995 - 1998,1460
MNG,1998,1998,CONS,N,FALSE,LSMS,0,1995 - 1998,1461
MNG,2002,2002.15,CONS,N,FALSE,HIES-LSMS,1,2002,1462
MNG,2007,2007.5,CONS,N,FALSE,HSES,2,2007,1463
MNG,2010,2010,CONS,N,FALSE,HSES,3,2010 - 2018,1464
MNG,2011,2011,CONS,N,FALSE,HSES,3,2010 - 2018,1465
MNG,2012,2012,CONS,N,FALSE,HSES,3,2010 - 2018,1466
MNG,2014,2014,CONS,N,FALSE,HSES,3,2010 - 2018,1467
MNG,2016,2016,CONS,N,FALSE,HSES,3,2010 - 2018,1468
MNG,2018,2018,CONS,N,FALSE,HSES,3,2010 - 2018,1469
MNG,2022,2022,CONS,N,FALSE,HSES,4,2022,1470
MOZ,1996,1996.27,CONS,N,FALSE,NHS,0,1996 - 2019,1471
MOZ,2002,2002.5,CONS,N,FALSE,IAF,0,1996 - 2019,1472
MOZ,2008,2008.67,CONS,N,FALSE,IOF,0,1996 - 2019,1473
MOZ,2014,2014.44,CONS,N,FALSE,IOF,0,1996 - 2019,1474
MOZ,2019,2019.92,CONS,N,FALSE,IOF,0,1996 - 2019,1475
MRT,1987,1987,CONS,N,FALSE,EPCV,0,1987,1476
MRT,1993,1993,CONS,N,FALSE,EP,1,1993,1477
MRT,1995,1995.57,CONS,N,FALSE,EPCV,2,1995,1478
MRT,2000,2000.5,CONS,N,FALSE,EPCV,3,2000 - 2019,1479
MRT,2004,2004.55,CONS,N,FALSE,EPCV,3,2000 - 2019,1480
MRT,2008,2008.2,CONS,N,FALSE,EPCV,3,2000 - 2019,1481
MRT,2014,2014,CONS,N,FALSE,EPCV,3,2000 - 2019,1482
MRT,2019,2019.6,CONS,N,FALSE,EPCV,3,2000 - 2019,1483
MUS,2006,2006.5,CONS,N,FALSE,HBS,0,2006 - 2017,1484
MUS,2012,2012,CONS,N,FALSE,HBS,0,2006 - 2017,1485
MUS,2017,2017,CONS,N,FALSE,HBS,0,2006 - 2017,1486
MWI,1997,1997.83,CONS,N,FALSE,IHS-I,0,1997,1487
MWI,2004,2004.23,CONS,N,FALSE,IHS-II,1,2004 - 2019,1488
MWI,2010,2010.23,CONS,N,FALSE,IHS-III,1,2004 - 2019,1489
MWI,2016,2016.31,CONS,N,FALSE,IHS-IV,1,2004 - 2019,1490
MWI,2019,2019.31,CONS,N,FALSE,IHS-V,1,2004 - 2019,1491
MYS,1984,1984,INC,N,FALSE,HIS,0,1984 - 1997,1492
MYS,1987,1987,INC,N,FALSE,HIS,0,1984 - 1997,1493
MYS,1989,1989,INC,N,FALSE,HIS,0,1984 - 1997,1494
MYS,1992,1992,INC,N,FALSE,HIS,0,1984 - 1997,1495
MYS,1995,1995,INC,N,FALSE,HIS,0,1984 - 1997,1496
MYS,1997,1997,INC,N,FALSE,HIS,0,1984 - 1997,1497
MYS,2003,2003,INC,N,FALSE,HIS,1,2003 - 2021,1498
MYS,2006,2006,INC,N,FALSE,HIS,1,2003 - 2021,1499
MYS,2008,2008.25,INC,N,FALSE,HIS,1,2003 - 2021,1500
MYS,2011,2011,INC,N,FALSE,HIS,1,2003 - 2021,1501
MYS,2013,2013,INC,N,FALSE,HIS,1,2003 - 2021,1502
MYS,2015,2015.88,INC,N,FALSE,HIS,1,2003 - 2021,1503
MYS,2018,2018.46,INC,N,FALSE,HIESBA,1,2003 - 2021,1504
MYS,2021,2021.46,INC,N,FALSE,HIS,1,2003 - 2021,1505
NAM,2003,2003.67,CONS,N,FALSE,NHIES,1,2003 - 2015,1506
NAM,2009,2009.54,CONS,N,FALSE,NHIES,1,2003 - 2015,1507
NAM,2015,2015.27,CONS,N,FALSE,NHIES,1,2003 - 2015,1508
NER,1992,1992.85,CONS,N,FALSE,ENBCM,0,1992,1509
NER,1994,1994.36,CONS,N,FALSE,EPCES,1,1994,1510
NER,2005,2005,CONS,N,FALSE,ENCVM,2,2005,1511
NER,2007,2007.31,CONS,N,FALSE,ENBCM,3,2007,1512
NER,2011,2011,CONS,N,FALSE,ECVMA,4,2011 - 2014,1513
NER,2014,2014,CONS,N,FALSE,ECVMA,4,2011 - 2014,1514
NER,2018,2018.57,CONS,N,FALSE,EHCVM,5,2018 - 2021,1515
NER,2021,2021.5,CONS,N,FALSE,EHCVM,5,2018 - 2021,1516
NGA,1985,1985.25,CONS,N,FALSE,NCS,0,1985,1517
NGA,1992,1992,CONS,N,FALSE,NCS,1,1992,1518
NGA,1996,1996.25,CONS,N,FALSE,NCS,2,1996,1519
NGA,2003,2003.67,CONS,N,FALSE,LSS,3,2003,1520
NGA,2010,2010.5,CONS,N,FALSE,GHSP-W1,4,2010 - 2015,1521
NGA,2012,2012.5,CONS,N,FALSE,GHSP-W2,4,2010 - 2015,1522
NGA,2015,2015.5,CONS,N,FALSE,GHSP-W3,4,2010 - 2015,1523
NGA,2018,2018.75,CONS,N,FALSE,LSS,5,2018,1524
NIC,1993,1993,INC,N,FALSE,EMNV,0,1993 - 2001,1525
NIC,1998,1998,INC,N,FALSE,EMNV,0,1993 - 2001,1526
NIC,2001,2001,INC,N,FALSE,EMNV,0,1993 - 2001,1527
NIC,2005,2005,INC,N,FALSE,EMNV,1,2005 - 2014,1528
NIC,2009,2009,INC,N,FALSE,EMNV,1,2005 - 2014,1529
NIC,2014,2014,INC,N,FALSE,EMNV,1,2005 - 2014,1530
NLD,1983,1983,INC,N,FALSE,AVO-LIS,0,1983 - 1990,1531
NLD,1987,1987,INC,N,FALSE,AVO-LIS,0,1983 - 1990,1532
NLD,1990,1990,INC,N,FALSE,AVO-LIS,0,1983 - 1990,1533
NLD,1993,1993,INC,N,FALSE,SEP-LIS,1,1993 - 1999,1534
NLD,1999,1999,INC,N,FALSE,SEP-LIS,1,1993 - 1999,1535
NLD,2004,2004,INC,N,FALSE,EU-SILC,2,2004 - 2021,1536
NLD,2005,2005,INC,N,FALSE,EU-SILC,2,2004 - 2021,1537
NLD,2006,2006,INC,N,FALSE,EU-SILC,2,2004 - 2021,1538
NLD,2007,2007,INC,N,FALSE,EU-SILC,2,2004 - 2021,1539
NLD,2008,2008,INC,N,FALSE,EU-SILC,2,2004 - 2021,1540
NLD,2009,2009,INC,N,FALSE,EU-SILC,2,2004 - 2021,1541
NLD,2010,2010,INC,N,FALSE,EU-SILC,2,2004 - 2021,1542
NLD,2011,2011,INC,N,FALSE,EU-SILC,2,2004 - 2021,1543
NLD,2012,2012,INC,N,FALSE,EU-SILC,2,2004 - 2021,1544
NLD,2013,2013,INC,N,FALSE,EU-SILC,2,2004 - 2021,1545
NLD,2014,2014,INC,N,FALSE,EU-SILC,2,2004 - 2021,1546
NLD,2015,2015,INC,N,FALSE,EU-SILC,2,2004 - 2021,1547
NLD,2016,2016,INC,N,FALSE,EU-SILC,2,2004 - 2021,1548
NLD,2017,2017,INC,N,FALSE,EU-SILC,2,2004 - 2021,1549
NLD,2018,2018,INC,N,FALSE,EU-SILC,2,2004 - 2021,1550
NLD,2019,2019,INC,N,FALSE,EU-SILC,2,2004 - 2021,1551
NLD,2020,2020,INC,N,FALSE,EU-SILC,2,2004 - 2021,1552
NLD,2021,2021,INC,N,FALSE,EU-SILC,2,2004 - 2021,1553
NOR,1979,1979,INC,N,FALSE,IDS-LIS,0,1979 - 2000,1554
NOR,1986,1986,INC,N,FALSE,IDS-LIS,0,1979 - 2000,1555
NOR,1991,1991,INC,N,FALSE,IDS-LIS,0,1979 - 2000,1556
NOR,1995,1995,INC,N,FALSE,IDS-LIS,0,1979 - 2000,1557
NOR,2000,2000,INC,N,FALSE,IDS-LIS,0,1979 - 2000,1558
NOR,2003,2003,INC,N,FALSE,EU-SILC,1,2003 - 2022,1559
NOR,2004,2004,INC,N,FALSE,EU-SILC,1,2003 - 2022,1560
NOR,2005,2005,INC,N,FALSE,EU-SILC,1,2003 - 2022,1561
NOR,2006,2006,INC,N,FALSE,EU-SILC,1,2003 - 2022,1562
NOR,2007,2007,INC,N,FALSE,EU-SILC,1,2003 - 2022,1563
NOR,2008,2008,INC,N,FALSE,EU-SILC,1,2003 - 2022,1564
NOR,2009,2009,INC,N,FALSE,EU-SILC,1,2003 - 2022,1565
NOR,2010,2010,INC,N,FALSE,EU-SILC,1,2003 - 2022,1566
NOR,2011,2011,INC,N,FALSE,EU-SILC,1,2003 - 2022,1567
NOR,2012,2012,INC,N,FALSE,EU-SILC,1,2003 - 2022,1568
NOR,2013,2013,INC,N,FALSE,EU-SILC,1,2003 - 2022,1569
NOR,2014,2014,INC,N,FALSE,EU-SILC,1,2003 - 2022,1570
NOR,2015,2015,INC,N,FALSE,EU-SILC,1,2003 - 2022,1571
NOR,2016,2016,INC,N,FALSE,EU-SILC,1,2003 - 2022,1572
NOR,2017,2017,INC,N,FALSE,EU-SILC,1,2003 - 2022,1573
NOR,2018,2018,INC,N,FALSE,EU-SILC,1,2003 - 2022,1574
NOR,2019,2019,INC,N,FALSE,EU-SILC,1,2003 - 2022,1575
NOR,2020,2020,INC,N,FALSE,EU-SILC,1,2003 - 2022,1576
NOR,2021,2021,INC,N,FALSE,EU-SILC,1,2003 - 2022,1577
NOR,2022,2022,INC,N,FALSE,EU-SILC,1,2003 - 2022,1578
NPL,1995,1995.5,CONS,N,FALSE,LSS-I,1,1995 - 2003,1579
NPL,2003,2003.25,CONS,N,FALSE,LSS-II,1,1995 - 2003,1580
NPL,2010,2010.17,CONS,N,FALSE,LSS-III,2,2010,1581
NPL,2022,2022.5,CONS,N,FALSE,LSS-IV,3,2022,1582
NRU,2012,2012.69,CONS,N,FALSE,HIES,0,2012,1583
PAK,1987,1987,CONS,N,FALSE,HIES,0,1987 - 1998,1584
PAK,1990,1990.5,CONS,N,FALSE,HIES,0,1987 - 1998,1585
PAK,1996,1996.5,CONS,N,FALSE,IHS,0,1987 - 1998,1586
PAK,1998,1998.5,CONS,N,FALSE,HIES,0,1987 - 1998,1587
PAK,2001,2001.5,CONS,N,FALSE,PIHS,1,2001 - 2018,1588
PAK,2004,2004.5,CONS,N,FALSE,HIES,1,2001 - 2018,1589
PAK,2005,2005.5,CONS,N,FALSE,HIES,1,2001 - 2018,1590
PAK,2007,2007.5,CONS,N,FALSE,HIES,1,2001 - 2018,1591
PAK,2010,2010.5,CONS,N,FALSE,HIES,1,2001 - 2018,1592
PAK,2011,2011.5,CONS,N,FALSE,HIES,1,2001 - 2018,1593
PAK,2013,2013.5,CONS,N,FALSE,HIES,1,2001 - 2018,1594
PAK,2015,2015.5,CONS,N,FALSE,HIES,1,2001 - 2018,1595
PAK,2018,2018.5,CONS,N,FALSE,HIES,1,2001 - 2018,1596
PAN,1979,1979,INC,N,FALSE,EMO,0,1979,1597
PAN,1989,1989,INC,N,FALSE,EMO,1,1989,1598
PAN,1991,1991,INC,N,FALSE,EMO,2,1991,1599
PAN,1995,1995,INC,N,FALSE,EH,3,1995 - 2000,1600
PAN,1997,1997,INC,N,FALSE,EH,3,1995 - 2000,1601
PAN,1998,1998,INC,N,FALSE,EH,3,1995 - 2000,1602
PAN,1999,1999,INC,N,FALSE,EH,3,1995 - 2000,1603
PAN,2000,2000,INC,N,FALSE,EH,3,1995 - 2000,1604
PAN,2001,2001,INC,N,FALSE,EH,4,2001 - 2007,1605
PAN,2002,2002,INC,N,FALSE,EH,4,2001 - 2007,1606
PAN,2003,2003,INC,N,FALSE,EH,4,2001 - 2007,1607
PAN,2004,2004,INC,N,FALSE,EH,4,2001 - 2007,1608
PAN,2005,2005,INC,N,FALSE,EH,4,2001 - 2007,1609
PAN,2006,2006,INC,N,FALSE,EH,4,2001 - 2007,1610
PAN,2007,2007,INC,N,FALSE,EH,4,2001 - 2007,1611
PAN,2008,2008,INC,N,FALSE,EH,5,2008 - 2023,1612
PAN,2009,2009,INC,N,FALSE,EH,5,2008 - 2023,1613
PAN,2010,2010,INC,N,FALSE,EH,5,2008 - 2023,1614
PAN,2011,2011,INC,N,FALSE,EH,5,2008 - 2023,1615
PAN,2012,2012,INC,N,FALSE,EH,5,2008 - 2023,1616
PAN,2013,2013,INC,N,FALSE,EH,5,2008 - 2023,1617
PAN,2014,2014,INC,N,FALSE,EH,5,2008 - 2023,1618
PAN,2015,2015,INC,N,FALSE,EH,5,2008 - 2023,1619
PAN,2016,2016,INC,N,FALSE,EH,5,2008 - 2023,1620
PAN,2017,2017,INC,N,FALSE,EH,5,2008 - 2023,1621
PAN,2018,2018,INC,N,FALSE,EH,5,2008 - 2023,1622
PAN,2019,2019,INC,N,FALSE,EH,5,2008 - 2023,1623
PAN,2021,2021,INC,N,FALSE,EH,5,2008 - 2023,1624
PAN,2023,2023,INC,N,FALSE,EH,5,2008 - 2023,1625
PER,1997,1997,INC,N,FALSE,ENAHO,1,1997 - 1999,1626
PER,1998,1998,INC,N,FALSE,ENAHO,1,1997 - 1999,1627
PER,1999,1999,INC,N,FALSE,ENAHO,1,1997 - 1999,1628
PER,2000,2000,INC,N,FALSE,ENAHO,2,2000 - 2003,1629
PER,2001,2001,INC,N,FALSE,ENAHO,2,2000 - 2003,1630
PER,2002,2002,INC,N,FALSE,ENAHO,2,2000 - 2003,1631
PER,2003,2003,INC,N,FALSE,ENAHO,2,2000 - 2003,1632
PER,2004,2004,INC,N,FALSE,ENAHO,3,2004 - 2023,1633
PER,2005,2005,INC,N,FALSE,ENAHO,3,2004 - 2023,1634
PER,2006,2006,INC,N,FALSE,ENAHO,3,2004 - 2023,1635
PER,2007,2007,INC,N,FALSE,ENAHO,3,2004 - 2023,1636
PER,2008,2008,INC,N,FALSE,ENAHO,3,2004 - 2023,1637
PER,2009,2009,INC,N,FALSE,ENAHO,3,2004 - 2023,1638
PER,2010,2010,INC,N,FALSE,ENAHO,3,2004 - 2023,1639
PER,2011,2011,INC,N,FALSE,ENAHO,3,2004 - 2023,1640
PER,2012,2012,INC,N,FALSE,ENAHO,3,2004 - 2023,1641
PER,2013,2013,INC,N,FALSE,ENAHO,3,2004 - 2023,1642
PER,2014,2014,INC,N,FALSE,ENAHO,3,2004 - 2023,1643
PER,2015,2015,INC,N,FALSE,ENAHO,3,2004 - 2023,1644
PER,2016,2016,INC,N,FALSE,ENAHO,3,2004 - 2023,1645
PER,2017,2017,INC,N,FALSE,ENAHO,3,2004 - 2023,1646
PER,2018,2018,INC,N,FALSE,ENAHO,3,2004 - 2023,1647
PER,2019,2019,INC,N,FALSE,ENAHO,3,2004 - 2023,1648
PER,2020,2020,INC,N,FALSE,ENAHO,3,2004 - 2023,1649
PER,2021,2021,INC,N,FALSE,ENAHO,3,2004 - 2023,1650
PER,2022,2022,INC,N,FALSE,ENAHO,3,2004 - 2023,1651
PER,2023,2023,INC,N,FALSE,ENAHO,3,2004 - 2023,1652
PHL,2000,2000,INC,N,FALSE,FIES,2,2000 - 2000,1653
PHL,2003,2003,INC,N,FALSE,FIES,3,2003 - 2023,1654
PHL,2006,2006,INC,N,FALSE,FIES,3,2003 - 2023,1655
PHL,2009,2009,INC,N,FALSE,FIES,3,2003 - 2023,1656
PHL,2012,2012,INC,N,FALSE,FIES,3,2003 - 2023,1657
PHL,2015,2015,INC,N,FALSE,FIES,3,2003 - 2023,1658
PHL,2018,2018,INC,N,FALSE,FIES,3,2003 - 2023,1659
PHL,2021,2021,INC,N,FALSE,FIES,3,2003 - 2023,1660
PHL,2023,2023,INC,N,FALSE,FIES,3,2003 - 2023,1661
PNG,1996,1996,CONS,N,FALSE,HIES,0,1996,1662
PNG,2009,2009.67,CONS,N,FALSE,HIES,1,2009,1663
POL,2004,2004,INC,N,FALSE,EU-SILC,3,2004 - 2022,1664
POL,2005,2005,INC,N,FALSE,EU-SILC,3,2004 - 2022,1665
POL,2006,2006,INC,N,FALSE,EU-SILC,3,2004 - 2022,1666
POL,2007,2007,INC,N,FALSE,EU-SILC,3,2004 - 2022,1667
POL,2008,2008,INC,N,FALSE,EU-SILC,3,2004 - 2022,1668
POL,2009,2009,INC,N,FALSE,EU-SILC,3,2004 - 2022,1669
POL,2010,2010,INC,N,FALSE,EU-SILC,3,2004 - 2022,1670
POL,2011,2011,INC,N,FALSE,EU-SILC,3,2004 - 2022,1671
POL,2012,2012,INC,N,FALSE,EU-SILC,3,2004 - 2022,1672
POL,2013,2013,INC,N,FALSE,EU-SILC,3,2004 - 2022,1673
POL,2014,2014,INC,N,FALSE,EU-SILC,3,2004 - 2022,1674
POL,2015,2015,INC,N,FALSE,EU-SILC,3,2004 - 2022,1675
POL,2016,2016,INC,N,FALSE,EU-SILC,3,2004 - 2022,1676
POL,2017,2017,INC,N,FALSE,EU-SILC,3,2004 - 2022,1677
POL,2018,2018,INC,N,FALSE,EU-SILC,3,2004 - 2022,1678
POL,2019,2019,INC,N,FALSE,EU-SILC,3,2004 - 2022,1679
POL,2020,2020,INC,N,FALSE,EU-SILC,3,2004 - 2022,1680
POL,2021,2021,INC,N,FALSE,EU-SILC,3,2004 - 2022,1681
POL,2022,2022,INC,N,FALSE,EU-SILC,3,2004 - 2022,1682
PRT,2003,2003,INC,N,FALSE,EU-SILC,0,2003 - 2022,1683
PRT,2004,2004,INC,N,FALSE,EU-SILC,0,2003 - 2022,1684
PRT,2005,2005,INC,N,FALSE,EU-SILC,0,2003 - 2022,1685
PRT,2006,2006,INC,N,FALSE,EU-SILC,0,2003 - 2022,1686
PRT,2007,2007,INC,N,FALSE,EU-SILC,0,2003 - 2022,1687
PRT,2008,2008,INC,N,FALSE,EU-SILC,0,2003 - 2022,1688
PRT,2009,2009,INC,N,FALSE,EU-SILC,0,2003 - 2022,1689
PRT,2010,2010,INC,N,FALSE,EU-SILC,0,2003 - 2022,1690
PRT,2011,2011,INC,N,FALSE,EU-SILC,0,2003 - 2022,1691
PRT,2012,2012,INC,N,FALSE,EU-SILC,0,2003 - 2022,1692
PRT,2013,2013,INC,N,FALSE,EU-SILC,0,2003 - 2022,1693
PRT,2014,2014,INC,N,FALSE,EU-SILC,0,2003 - 2022,1694
PRT,2015,2015,INC,N,FALSE,EU-SILC,0,2003 - 2022,1695
PRT,2016,2016,INC,N,FALSE,EU-SILC,0,2003 - 2022,1696
PRT,2017,2017,INC,N,FALSE,EU-SILC,0,2003 - 2022,1697
PRT,2018,2018,INC,N,FALSE,EU-SILC,0,2003 - 2022,1698
PRT,2019,2019,INC,N,FALSE,EU-SILC,0,2003 - 2022,1699
PRT,2020,2020,INC,N,FALSE,EU-SILC,0,2003 - 2022,1700
PRT,2021,2021,INC,N,FALSE,EU-SILC,0,2003 - 2022,1701
PRT,2022,2022,INC,N,FALSE,EU-SILC,0,2003 - 2022,1702
PRY,1990,1990,INC,N,FALSE,EH,0,1990 - 1995,1703
PRY,1995,1995,INC,N,FALSE,EH,0,1990 - 1995,1704
PRY,1997,1997,INC,N,FALSE,EIH,1,1997 - 2001,1705
PRY,1999,1999,INC,N,FALSE,EPH,2,1999,1706
PRY,2001,2001,INC,N,FALSE,EIH,1,1997 - 2001,1707
PRY,2002,2002,INC,N,FALSE,EPH,3,2002 - 2021,1708
PRY,2003,2003,INC,N,FALSE,EPH,3,2002 - 2021,1709
PRY,2004,2004,INC,N,FALSE,EPH,3,2002 - 2021,1710
PRY,2005,2005,INC,N,FALSE,EPH,3,2002 - 2021,1711
PRY,2006,2006,INC,N,FALSE,EPH,3,2002 - 2021,1712
PRY,2007,2007,INC,N,FALSE,EPH,3,2002 - 2021,1713
PRY,2008,2008,INC,N,FALSE,EPH,3,2002 - 2021,1714
PRY,2009,2009,INC,N,FALSE,EPH,3,2002 - 2021,1715
PRY,2010,2010,INC,N,FALSE,EPH,3,2002 - 2021,1716
PRY,2011,2011,INC,N,FALSE,EPH,3,2002 - 2021,1717
PRY,2012,2012,INC,N,FALSE,EPH,3,2002 - 2021,1718
PRY,2013,2013,INC,N,FALSE,EPH,3,2002 - 2021,1719
PRY,2014,2014,INC,N,FALSE,EPH,3,2002 - 2021,1720
PRY,2015,2015,INC,N,FALSE,EPH,3,2002 - 2021,1721
PRY,2016,2016,INC,N,FALSE,EPH,3,2002 - 2021,1722
PRY,2017,2017,INC,N,FALSE,EPH,3,2002 - 2021,1723
PRY,2018,2018,INC,N,FALSE,EPH,3,2002 - 2021,1724
PRY,2019,2019,INC,N,FALSE,EPH,3,2002 - 2021,1725
PRY,2020,2020,INC,N,FALSE,EPH,3,2002 - 2021,1726
PRY,2021,2021,INC,N,FALSE,EPH,3,2002 - 2021,1727
PRY,2022,2022,INC,N,FALSE,EPHC,4,2022 - 2023,1728
PRY,2023,2023,INC,N,FALSE,EPHC,4,2022 - 2023,1729
PSE,2004,2004,CONS,N,FALSE,PECS,0,2004 - 2009,1730
PSE,2005,2005,CONS,N,FALSE,PECS,0,2004 - 2009,1731
PSE,2006,2006,CONS,N,FALSE,PECS,0,2004 - 2009,1732
PSE,2007,2007,CONS,N,FALSE,PECS,0,2004 - 2009,1733
PSE,2009,2009,CONS,N,FALSE,PECS,0,2004 - 2009,1734
PSE,2010,2010,CONS,N,FALSE,PECS,1,2010 - 2023,1735
PSE,2011,2011,CONS,N,FALSE,PECS,1,2010 - 2023,1736
PSE,2016,2016.75,CONS,N,FALSE,PECS,1,2010 - 2023,1737
PSE,2023,2023,CONS,N,FALSE,PECS,1,2010 - 2023,1738
QAT,2017,2017.5,INC,N,FALSE,HIES,0,2017,1739
ROU,2006,2006,INC,N,FALSE,EU-SILC,3,2006 - 2022,1740
ROU,2007,2007,INC,N,FALSE,EU-SILC,3,2006 - 2022,1741
ROU,2008,2008,INC,N,FALSE,EU-SILC,3,2006 - 2022,1742
ROU,2009,2009,INC,N,FALSE,EU-SILC,3,2006 - 2022,1743
ROU,2010,2010,INC,N,FALSE,EU-SILC,3,2006 - 2022,1744
ROU,2011,2011,INC,N,FALSE,EU-SILC,3,2006 - 2022,1745
ROU,2012,2012,INC,N,FALSE,EU-SILC,3,2006 - 2022,1746
ROU,2013,2013,INC,N,FALSE,EU-SILC,3,2006 - 2022,1747
ROU,2014,2014,INC,N,FALSE,EU-SILC,3,2006 - 2022,1748
ROU,2015,2015,INC,N,FALSE,EU-SILC,3,2006 - 2022,1749
ROU,2016,2016,INC,N,FALSE,EU-SILC,3,2006 - 2022,1750
ROU,2017,2017,INC,N,FALSE,EU-SILC,3,2006 - 2022,1751
ROU,2018,2018,INC,N,FALSE,EU-SILC,3,2006 - 2022,1752
ROU,2019,2019,INC,N,FALSE,EU-SILC,3,2006 - 2022,1753
ROU,2020,2020,INC,N,FALSE,EU-SILC,3,2006 - 2022,1754
ROU,2021,2021,INC,N,FALSE,EU-SILC,3,2006 - 2022,1755
ROU,2022,2022,INC,N,FALSE,EU-SILC,3,2006 - 2022,1756
RUS,2014,2014,INC,N,FALSE,VNDN,3,2014 - 2021,1757
RUS,2015,2015,INC,N,FALSE,VNDN,3,2014 - 2021,1758
RUS,2016,2016,INC,N,FALSE,VNDN,3,2014 - 2021,1759
RUS,2017,2017,INC,N,FALSE,VNDN,3,2014 - 2021,1760
RUS,2018,2018,INC,N,FALSE,VNDN,3,2014 - 2021,1761
RUS,2019,2019,INC,N,FALSE,VNDN,3,2014 - 2021,1762
RUS,2020,2020,INC,N,FALSE,VNDN,3,2014 - 2021,1763
RUS,2021,2021,INC,N,FALSE,VNDN,3,2014 - 2021,1764
RWA,1984,1984.5,CONS,R,FALSE,ENBCM,0,1984,1765
RWA,2000,2000.38,CONS,N,FALSE,EICV-I,1,2000 - 2016,1766
RWA,2005,2005.75,CONS,N,FALSE,EICV-II,1,2000 - 2016,1767
RWA,2010,2010.83,CONS,N,FALSE,EICV-III,1,2000 - 2016,1768
RWA,2013,2013.75,CONS,N,FALSE,EICV-IV,1,2000 - 2016,1769
RWA,2016,2016.77,CONS,N,FALSE,EICV-V,1,2000 - 2016,1770
SDN,2009,2009,CONS,N,FALSE,NBHS,0,2009,1771
SDN,2014,2014,CONS,N,FALSE,NBHS,1,2014,1772
SEN,1991,1991.25,CONS,N,FALSE,EP,0,1991,1773
SEN,1994,1994.33,CONS,N,FALSE,ESAM,1,1994,1774
SEN,2001,2001.31,CONS,N,FALSE,ESAM-II,2,2001,1775
SEN,2005,2005.8,CONS,N,FALSE,ESPS-I,3,2005 - 2011,1776
SEN,2011,2011.29,CONS,N,FALSE,ESPS-II,3,2005 - 2011,1777
SEN,2018,2018.5,CONS,N,FALSE,EHCVM,4,2018 - 2021,1778
SEN,2021,2021.71,CONS,N,FALSE,EHCVM,4,2018 - 2021,1779
SLB,2005,2005.5,CONS,N,FALSE,HIES,0,2005,1780
SLB,2012,2012.79,CONS,N,FALSE,HIES,1,2012,1781
SLE,2003,2003.25,CONS,N,FALSE,SLIHS,1,2003 - 2018,1782
SLE,2011,2011,CONS,N,FALSE,SLIHS,1,2003 - 2018,1783
SLE,2018,2018,CONS,N,FALSE,SLIHS,1,2003 - 2018,1784
SLV,1989,1989,INC,N,FALSE,EHPM,0,1989 - 1999,1785
SLV,1991,1991,INC,N,FALSE,EHPM,0,1989 - 1999,1786
SLV,1995,1995,INC,N,FALSE,EHPM,0,1989 - 1999,1787
SLV,1996,1996,INC,N,FALSE,EHPM,0,1989 - 1999,1788
SLV,1998,1998,INC,N,FALSE,EHPM,0,1989 - 1999,1789
SLV,1999,1999,INC,N,FALSE,EHPM,0,1989 - 1999,1790
SLV,2000,2000,INC,N,FALSE,EHPM,1,2000 - 2023,1791
SLV,2001,2001,INC,N,FALSE,EHPM,1,2000 - 2023,1792
SLV,2002,2002,INC,N,FALSE,EHPM,1,2000 - 2023,1793
SLV,2003,2003,INC,N,FALSE,EHPM,1,2000 - 2023,1794
SLV,2004,2004,INC,N,FALSE,EHPM,1,2000 - 2023,1795
SLV,2005,2005,INC,N,FALSE,EHPM,1,2000 - 2023,1796
SLV,2006,2006,INC,N,FALSE,EHPM,1,2000 - 2023,1797
SLV,2007,2007,INC,N,FALSE,EHPM,1,2000 - 2023,1798
SLV,2008,2008,INC,N,FALSE,EHPM,1,2000 - 2023,1799
SLV,2009,2009,INC,N,FALSE,EHPM,1,2000 - 2023,1800
SLV,2010,2010,INC,N,FALSE,EHPM,1,2000 - 2023,1801
SLV,2011,2011,INC,N,FALSE,EHPM,1,2000 - 2023,1802
SLV,2012,2012,INC,N,FALSE,EHPM,1,2000 - 2023,1803
SLV,2013,2013,INC,N,FALSE,EHPM,1,2000 - 2023,1804
SLV,2014,2014,INC,N,FALSE,EHPM,1,2000 - 2023,1805
SLV,2015,2015,INC,N,FALSE,EHPM,1,2000 - 2023,1806
SLV,2016,2016,INC,N,FALSE,EHPM,1,2000 - 2023,1807
SLV,2017,2017,INC,N,FALSE,EHPM,1,2000 - 2023,1808
SLV,2018,2018,INC,N,FALSE,EHPM,1,2000 - 2023,1809
SLV,2019,2019,INC,N,FALSE,EHPM,1,2000 - 2023,1810
SLV,2021,2021,INC,N,FALSE,EHPM,1,2000 - 2023,1811
SLV,2022,2022,INC,N,FALSE,EHPM,1,2000 - 2023,1812
SLV,2023,2023,INC,N,FALSE,EHPM,1,2000 - 2023,1813
SRB,2012,2012,INC,N,FALSE,EU-SILC,2,2012 - 2022,1814
SRB,2013,2013,INC,N,FALSE,EU-SILC,2,2012 - 2022,1815
SRB,2014,2014,INC,N,FALSE,EU-SILC,2,2012 - 2022,1816
SRB,2015,2015,INC,N,FALSE,EU-SILC,2,2012 - 2022,1817
SRB,2016,2016,INC,N,FALSE,EU-SILC,2,2012 - 2022,1818
SRB,2017,2017,INC,N,FALSE,EU-SILC,2,2012 - 2022,1819
SRB,2018,2018,INC,N,FALSE,EU-SILC,2,2012 - 2022,1820
SRB,2019,2019,INC,N,FALSE,EU-SILC,2,2012 - 2022,1821
SRB,2020,2020,INC,N,FALSE,EU-SILC,2,2012 - 2022,1822
SRB,2021,2021,INC,N,FALSE,EU-SILC,2,2012 - 2022,1823
SRB,2022,2022,INC,N,FALSE,EU-SILC,2,2012 - 2022,1824
SSD,2009,2009,CONS,N,FALSE,NBHS,0,2009,1825
SSD,2016,2016.5,CONS,N,FALSE,HFS-W3,1,2016,1826
STP,2000,2000.5,CONS,N,FALSE,IOF,0,2000,1827
STP,2010,2010,CONS,N,FALSE,IOF,1,2010,1828
STP,2017,2017,CONS,N,FALSE,IOF,2,2017,1829
SUR,1999,1999,INC,U,FALSE,EHS,0,1999,1830
SUR,2022,2022,CONS,N,FALSE,SSLC,1,2022,1831
SVK,2004,2004,INC,N,FALSE,EU-SILC,2,2004 - 2022,1832
SVK,2005,2005,INC,N,FALSE,EU-SILC,2,2004 - 2022,1833
SVK,2006,2006,INC,N,FALSE,EU-SILC,2,2004 - 2022,1834
SVK,2007,2007,INC,N,FALSE,EU-SILC,2,2004 - 2022,1835
SVK,2008,2008,INC,N,FALSE,EU-SILC,2,2004 - 2022,1836
SVK,2009,2009,INC,N,FALSE,EU-SILC,2,2004 - 2022,1837
SVK,2010,2010,INC,N,FALSE,EU-SILC,2,2004 - 2022,1838
SVK,2011,2011,INC,N,FALSE,EU-SILC,2,2004 - 2022,1839
SVK,2012,2012,INC,N,FALSE,EU-SILC,2,2004 - 2022,1840
SVK,2013,2013,INC,N,FALSE,EU-SILC,2,2004 - 2022,1841
SVK,2014,2014,INC,N,FALSE,EU-SILC,2,2004 - 2022,1842
SVK,2015,2015,INC,N,FALSE,EU-SILC,2,2004 - 2022,1843
SVK,2016,2016,INC,N,FALSE,EU-SILC,2,2004 - 2022,1844
SVK,2017,2017,INC,N,FALSE,EU-SILC,2,2004 - 2022,1845
SVK,2018,2018,INC,N,FALSE,EU-SILC,2,2004 - 2022,1846
SVK,2019,2019,INC,N,FALSE,EU-SILC,2,2004 - 2022,1847
SVK,2020,2020,INC,N,FALSE,EU-SILC,2,2004 - 2022,1848
SVK,2021,2021,INC,N,FALSE,EU-SILC,2,2004 - 2022,1849
SVK,2022,2022,INC,N,FALSE,EU-SILC,2,2004 - 2022,1850
SVN,2004,2004,INC,N,FALSE,EU-SILC,3,2004 - 2022,1851
SVN,2005,2005,INC,N,FALSE,EU-SILC,3,2004 - 2022,1852
SVN,2006,2006,INC,N,FALSE,EU-SILC,3,2004 - 2022,1853
SVN,2007,2007,INC,N,FALSE,EU-SILC,3,2004 - 2022,1854
SVN,2008,2008,INC,N,FALSE,EU-SILC,3,2004 - 2022,1855
SVN,2009,2009,INC,N,FALSE,EU-SILC,3,2004 - 2022,1856
SVN,2010,2010,INC,N,FALSE,EU-SILC,3,2004 - 2022,1857
SVN,2011,2011,INC,N,FALSE,EU-SILC,3,2004 - 2022,1858
SVN,2012,2012,INC,N,FALSE,EU-SILC,3,2004 - 2022,1859
SVN,2013,2013,INC,N,FALSE,EU-SILC,3,2004 - 2022,1860
SVN,2014,2014,INC,N,FALSE,EU-SILC,3,2004 - 2022,1861
SVN,2015,2015,INC,N,FALSE,EU-SILC,3,2004 - 2022,1862
SVN,2016,2016,INC,N,FALSE,EU-SILC,3,2004 - 2022,1863
SVN,2017,2017,INC,N,FALSE,EU-SILC,3,2004 - 2022,1864
SVN,2018,2018,INC,N,FALSE,EU-SILC,3,2004 - 2022,1865
SVN,2019,2019,INC,N,FALSE,EU-SILC,3,2004 - 2022,1866
SVN,2020,2020,INC,N,FALSE,EU-SILC,3,2004 - 2022,1867
SVN,2021,2021,INC,N,FALSE,EU-SILC,3,2004 - 2022,1868
SVN,2022,2022,INC,N,FALSE,EU-SILC,3,2004 - 2022,1869
SWE,1975,1975,INC,N,FALSE,HIS-LIS,1,1975 - 2002,1870
SWE,1981,1981,INC,N,FALSE,HIS-LIS,1,1975 - 2002,1871
SWE,1987,1987,INC,N,FALSE,HIS-LIS,1,1975 - 2002,1872
SWE,1992,1992,INC,N,FALSE,HIS-LIS,1,1975 - 2002,1873
SWE,1995,1995,INC,N,FALSE,HIS-LIS,1,1975 - 2002,1874
SWE,2000,2000,INC,N,FALSE,HIS-LIS,1,1975 - 2002,1875
SWE,2001,2001,INC,N,FALSE,HIS-LIS,1,1975 - 2002,1876
SWE,2002,2002,INC,N,FALSE,HIS-LIS,1,1975 - 2002,1877
SWE,2003,2003,INC,N,FALSE,EU-SILC,2,2003 - 2022,1878
SWE,2004,2004,INC,N,FALSE,EU-SILC,2,2003 - 2022,1879
SWE,2005,2005,INC,N,FALSE,EU-SILC,2,2003 - 2022,1880
SWE,2006,2006,INC,N,FALSE,EU-SILC,2,2003 - 2022,1881
SWE,2007,2007,INC,N,FALSE,EU-SILC,2,2003 - 2022,1882
SWE,2008,2008,INC,N,FALSE,EU-SILC,2,2003 - 2022,1883
SWE,2009,2009,INC,N,FALSE,EU-SILC,2,2003 - 2022,1884
SWE,2010,2010,INC,N,FALSE,EU-SILC,2,2003 - 2022,1885
SWE,2011,2011,INC,N,FALSE,EU-SILC,2,2003 - 2022,1886
SWE,2012,2012,INC,N,FALSE,EU-SILC,2,2003 - 2022,1887
SWE,2013,2013,INC,N,FALSE,EU-SILC,2,2003 - 2022,1888
SWE,2014,2014,INC,N,FALSE,EU-SILC,2,2003 - 2022,1889
SWE,2015,2015,INC,N,FALSE,EU-SILC,2,2003 - 2022,1890
SWE,2016,2016,INC,N,FALSE,EU-SILC,2,2003 - 2022,1891
SWE,2017,2017,INC,N,FALSE,EU-SILC,2,2003 - 2022,1892
SWE,2018,2018,INC,N,FALSE,EU-SILC,2,2003 - 2022,1893
SWE,2019,2019,INC,N,FALSE,EU-SILC,2,2003 - 2022,1894
SWE,2020,2020,INC,N,FALSE,EU-SILC,2,2003 - 2022,1895
SWE,2021,2021,INC,N,FALSE,EU-SILC,2,2003 - 2022,1896
SWE,2022,2022,INC,N,FALSE,EU-SILC,2,2003 - 2022,1897
SWZ,1994,1994.83,CONS,N,FALSE,HIES,0,1994,1898
SWZ,2000,2000.92,CONS,N,FALSE,HIES,1,2000 - 2016,1899
SWZ,2009,2009.25,CONS,N,FALSE,HIES,1,2000 - 2016,1900
SWZ,2016,2016.17,CONS,N,FALSE,HIES,1,2000 - 2016,1901
SYC,2013,2013,INC,N,FALSE,HBS,2,2013 - 2018,1902
SYC,2018,2018.08,INC,N,FALSE,HBS,2,2013 - 2018,1903
SYR,1996,1996.75,CONS,N,FALSE,HIES,0,1996 - 2003,1904
SYR,2003,2003.5,CONS,N,FALSE,HIES,0,1996 - 2003,1905
SYR,2006,2006.83,CONS,N,FALSE,HIES,1,2006 - 2009,1906
SYR,2009,2009,CONS,N,FALSE,HIES,1,2006 - 2009,1907
SYR,2022,2022,CONS,N,FALSE,HNAP,2,2022,1908
TCD,2003,2003,CONS,N,FALSE,ECOSIT-II,0,2003 - 2011,1909
TCD,2011,2011,CONS,N,FALSE,ECOSIT-III,0,2003 - 2011,1910
TCD,2018,2018.5,CONS,N,FALSE,EHCVM,1,2018 - 2022,1911
TCD,2022,2022,CONS,N,FALSE,EHCVM,1,2018 - 2022,1912
TGO,2006,2006,CONS,N,FALSE,QUIBB,0,2006 - 2015,1913
TGO,2011,2011,CONS,N,FALSE,QUIBB,0,2006 - 2015,1914
TGO,2015,2015,CONS,N,FALSE,QUIBB,0,2006 - 2015,1915
TGO,2018,2018.43,CONS,N,FALSE,EHCVM,1,2018 - 2021,1916
TGO,2021,2021.63,CONS,N,FALSE,EHCVM,1,2018 - 2021,1917
THA,1981,1981,CONS,N,FALSE,SES,0,1981 - 1988,1918
THA,1988,1988,CONS,N,FALSE,SES,0,1981 - 1988,1919
THA,1990,1990,CONS,N,FALSE,SES,1,1990 - 1999,1920
THA,1992,1992,CONS,N,FALSE,SES,1,1990 - 1999,1921
THA,1994,1994,CONS,N,FALSE,SES,1,1990 - 1999,1922
THA,1996,1996,CONS,N,FALSE,SES,1,1990 - 1999,1923
THA,1998,1998,CONS,N,FALSE,SES,1,1990 - 1999,1924
THA,1999,1999,CONS,N,FALSE,SES,1,1990 - 1999,1925
THA,2000,2000,CONS,N,FALSE,SES,2,2000 - 2013,1926
THA,2002,2002,CONS,N,FALSE,SES,2,2000 - 2013,1927
THA,2004,2004,CONS,N,FALSE,SES,2,2000 - 2013,1928
THA,2006,2006,CONS,N,FALSE,SES,2,2000 - 2013,1929
THA,2007,2007,CONS,N,FALSE,SES,2,2000 - 2013,1930
THA,2008,2008,CONS,N,FALSE,SES,2,2000 - 2013,1931
THA,2009,2009,CONS,N,FALSE,SES,2,2000 - 2013,1932
THA,2010,2010,CONS,N,FALSE,SES,2,2000 - 2013,1933
THA,2011,2011,CONS,N,FALSE,SES,2,2000 - 2013,1934
THA,2012,2012,CONS,N,FALSE,SES,2,2000 - 2013,1935
THA,2013,2013,CONS,N,FALSE,SES,2,2000 - 2013,1936
THA,2014,2014,CONS,N,FALSE,SES,3,2014 - 2023,1937
THA,2015,2015,CONS,N,FALSE,SES,3,2014 - 2023,1938
THA,2016,2016,CONS,N,FALSE,SES,3,2014 - 2023,1939
THA,2017,2017,CONS,N,FALSE,SES,3,2014 - 2023,1940
THA,2018,2018,CONS,N,FALSE,SES,3,2014 - 2023,1941
THA,2019,2019,CONS,N,FALSE,SES,3,2014 - 2023,1942
THA,2020,2020,CONS,N,FALSE,SES,3,2014 - 2023,1943
THA,2021,2021,CONS,N,FALSE,SES,3,2014 - 2023,1944
THA,2022,2022,CONS,N,FALSE,SES,3,2014 - 2023,1945
THA,2023,2023,CONS,N,FALSE,SES,3,2014 - 2023,1946
TJK,1999,1999,CONS,N,FALSE,TLSS,0,1999 - 2015,1947
TJK,2003,2003,CONS,N,FALSE,TLSS,0,1999 - 2015,1948
TJK,2004,2004,CONS,N,FALSE,HBS,1,2004,1949
TJK,2007,2007,CONS,N,FALSE,TLSS,0,1999 - 2015,1950
TJK,2009,2009,CONS,N,FALSE,TLSS,0,1999 - 2015,1951
TJK,2015,2015,CONS,N,FALSE,HSITAFIEN,0,1999 - 2015,1952
TKM,1998,1998,CONS,N,FALSE,LSMS,0,1998,1953
TLS,2001,2001,CONS,N,FALSE,TLSS,0,2001 - 2014,1954
TLS,2007,2007,CONS,N,FALSE,TLSLS,0,2001 - 2014,1955
TLS,2014,2014,CONS,N,FALSE,TLSLS,0,2001 - 2014,1956
TON,2000,2000.75,CONS,N,FALSE,HIES,0,2000,1957
TON,2009,2009,CONS,N,FALSE,HIES,1,2009 - 2015,1958
TON,2015,2015,CONS,N,FALSE,HIES,1,2009 - 2015,1959
TON,2021,2021,CONS,N,FALSE,HIES,2,2021,1960
TTO,1988,1988,INC,N,FALSE,SLC,0,1988,1961
TTO,1992,1992,INC,N,FALSE,PHC,1,1992,1962
TUN,1985,1985,CONS,N,FALSE,HBCS,0,1985 - 1990,1963
TUN,1990,1990,CONS,N,FALSE,HBCS,0,1985 - 1990,1964
TUN,1995,1995,CONS,N,FALSE,LSS,1,1995 - 2000,1965
TUN,2000,2000,CONS,N,FALSE,LSS,1,1995 - 2000,1966
TUN,2005,2005.34,CONS,N,FALSE,NSHBCSL,2,2005 - 2021,1967
TUN,2010,2010.41,CONS,N,FALSE,NSHBCSL,2,2005 - 2021,1968
TUN,2015,2015.42,CONS,N,FALSE,NSHBCSL,2,2005 - 2021,1969
TUN,2021,2021.23,CONS,N,FALSE,NSHBCSL,2,2005 - 2021,1970
TUR,2017,2017,INC,N,FALSE,SILC-C,2,2017 - 2022,1971
TUR,2018,2018,INC,N,FALSE,SILC-C,2,2017 - 2022,1972
TUR,2019,2019,INC,N,FALSE,SILC-C,2,2017 - 2022,1973
TUR,2020,2020,INC,N,FALSE,SILC-C,2,2017 - 2022,1974
TUR,2021,2021,INC,N,FALSE,SILC-C,2,2017 - 2022,1975
TUR,2022,2022,INC,N,FALSE,SILC-C,2,2017 - 2022,1976
TUV,2010,2010,CONS,N,FALSE,HIES,0,2010,1977
TWN,1981,1981,INC,N,FALSE,FIDES-LIS,0,1981 - 2021,1978
TWN,1986,1986,INC,N,FALSE,FIDES-LIS,0,1981 - 2021,1979
TWN,1991,1991,INC,N,FALSE,FIDES-LIS,0,1981 - 2021,1980
TWN,1995,1995,INC,N,FALSE,FIDES-LIS,0,1981 - 2021,1981
TWN,1997,1997,INC,N,FALSE,FIDES-LIS,0,1981 - 2021,1982
TWN,2000,2000,INC,N,FALSE,FIDES-LIS,0,1981 - 2021,1983
TWN,2005,2005,INC,N,FALSE,FIDES-LIS,0,1981 - 2021,1984
TWN,2007,2007,INC,N,FALSE,FIDES-LIS,0,1981 - 2021,1985
TWN,2010,2010,INC,N,FALSE,FIDES-LIS,0,1981 - 2021,1986
TWN,2013,2013,INC,N,FALSE,FIDES-LIS,0,1981 - 2021,1987
TWN,2016,2016,INC,N,FALSE,FIDES-LIS,0,1981 - 2021,1988
TWN,2017,2017,INC,N,FALSE,FIDES-LIS,0,1981 - 2021,1989
TWN,2018,2018,INC,N,FALSE,FIDES-LIS,0,1981 - 2021,1990
TWN,2019,2019,INC,N,FALSE,FIDES-LIS,0,1981 - 2021,1991
TWN,2020,2020,INC,N,FALSE,FIDES-LIS,0,1981 - 2021,1992
TWN,2021,2021,INC,N,FALSE,FIDES-LIS,0,1981 - 2021,1993
TZA,1991,1991.92,CONS,N,FALSE,HBS,0,1991,1994
TZA,2000,2000.33,CONS,N,FALSE,HBS,1,2000 - 2018,1995
TZA,2007,2007,CONS,N,FALSE,HBS,1,2000 - 2018,1996
TZA,2011,2011.77,CONS,N,FALSE,HBS,1,2000 - 2018,1997
TZA,2018,2017.92,CONS,N,FALSE,HBS,1,2000 - 2018,1998
UGA,1989,1989,CONS,N,FALSE,HBS,0,1989,1999
UGA,1992,1992.23,CONS,N,FALSE,NIHS,1,1992 - 1999,2000
UGA,1996,1996.2,CONS,N,FALSE,NIHS,1,1992 - 1999,2001
UGA,1999,1999.55,CONS,N,FALSE,NIHS,1,1992 - 1999,2002
UGA,2002,2002.36,CONS,N,FALSE,UNHS,2,2002 - 2019,2003
UGA,2005,2005.33,CONS,N,FALSE,UNHS,2,2002 - 2019,2004
UGA,2009,2009.4,CONS,N,FALSE,UNHS,2,2002 - 2019,2005
UGA,2012,2012.45,CONS,N,FALSE,UNHS,2,2002 - 2019,2006
UGA,2016,2016.5,CONS,N,FALSE,UNHS,2,2002 - 2019,2007
UGA,2019,2019.64,CONS,N,FALSE,UNHS,2,2002 - 2019,2008
UKR,1992,1992,CONS,N,FALSE,HS,0,1992 - 1993,2009
UKR,1993,1993,CONS,N,FALSE,HS,0,1992 - 1993,2010
UKR,1995,1995,CONS,N,FALSE,HIES,1,1995,2011
UKR,1996,1996,CONS,N,FALSE,HIES,2,1996,2012
UKR,2002,2002,CONS,N,FALSE,HLCS,4,2002 - 2020,2013
UKR,2003,2003,CONS,N,FALSE,HLCS,4,2002 - 2020,2014
UKR,2004,2004,CONS,N,FALSE,HLCS,4,2002 - 2020,2015
UKR,2005,2005,CONS,N,FALSE,HLCS,4,2002 - 2020,2016
UKR,2006,2006,CONS,N,FALSE,HLCS,4,2002 - 2020,2017
UKR,2007,2007,CONS,N,FALSE,HLCS,4,2002 - 2020,2018
UKR,2008,2008,CONS,N,FALSE,HLCS,4,2002 - 2020,2019
UKR,2009,2009,CONS,N,FALSE,HLCS,4,2002 - 2020,2020
UKR,2010,2010,CONS,N,FALSE,HLCS,4,2002 - 2020,2021
UKR,2011,2011,CONS,N,FALSE,HLCS,4,2002 - 2020,2022
UKR,2012,2012,CONS,N,FALSE,HLCS,4,2002 - 2020,2023
UKR,2013,2013,CONS,N,FALSE,HLCS,4,2002 - 2020,2024
UKR,2014,2014,CONS,N,FALSE,HLCS,4,2002 - 2020,2025
UKR,2015,2015,CONS,N,FALSE,HLCS,4,2002 - 2020,2026
UKR,2016,2016,CONS,N,FALSE,HLCS,4,2002 - 2020,2027
UKR,2017,2017,CONS,N,FALSE,HLCS,4,2002 - 2020,2028
UKR,2018,2018,CONS,N,FALSE,HLCS,4,2002 - 2020,2029
UKR,2019,2019,CONS,N,FALSE,HLCS,4,2002 - 2020,2030
UKR,2020,2020,CONS,N,FALSE,HLCS,4,2002 - 2020,2031
URY,1981,1981,INC,U,FALSE,ENH,0,1981,2032
URY,1989,1989,INC,U,FALSE,ENH,1,1989,2033
URY,1992,1992,INC,U,FALSE,ECH,2,1992 - 2005,2034
URY,1995,1995,INC,U,FALSE,ECH,2,1992 - 2005,2035
URY,1996,1996,INC,U,FALSE,ECH,2,1992 - 2005,2036
URY,1997,1997,INC,U,FALSE,ECH,2,1992 - 2005,2037
URY,1998,1998,INC,U,FALSE,ECH,2,1992 - 2005,2038
URY,2000,2000,INC,U,FALSE,ECH,2,1992 - 2005,2039
URY,2001,2001,INC,U,FALSE,ECH,2,1992 - 2005,2040
URY,2002,2002,INC,U,FALSE,ECH,2,1992 - 2005,2041
URY,2003,2003,INC,U,FALSE,ECH,2,1992 - 2005,2042
URY,2004,2004,INC,U,FALSE,ECH,2,1992 - 2005,2043
URY,2005,2005,INC,U,FALSE,ECH,2,1992 - 2005,2044
URY,2006,2006,INC,N,FALSE,ECH,3,2006 - 2019,2045
URY,2007,2007,INC,N,FALSE,ECH,3,2006 - 2019,2046
URY,2008,2008,INC,N,FALSE,ECH,3,2006 - 2019,2047
URY,2009,2009,INC,N,FALSE,ECH,3,2006 - 2019,2048
URY,2010,2010,INC,N,FALSE,ECH,3,2006 - 2019,2049
URY,2011,2011,INC,N,FALSE,ECH,3,2006 - 2019,2050
URY,2012,2012,INC,N,FALSE,ECH,3,2006 - 2019,2051
URY,2013,2013,INC,N,FALSE,ECH,3,2006 - 2019,2052
URY,2014,2014,INC,N,FALSE,ECH,3,2006 - 2019,2053
URY,2015,2015,INC,N,FALSE,ECH,3,2006 - 2019,2054
URY,2016,2016,INC,N,FALSE,ECH,3,2006 - 2019,2055
URY,2017,2017,INC,N,FALSE,ECH,3,2006 - 2019,2056
URY,2018,2018,INC,N,FALSE,ECH,3,2006 - 2019,2057
URY,2019,2019,INC,N,FALSE,ECH,3,2006 - 2019,2058
URY,2020,2020,INC,N,FALSE,ECH,4,2020,2059
URY,2021,2021,INC,N,FALSE,ECH-S2,5,2021,2060
URY,2022,2022,INC,N,FALSE,ECH,6,2022 - 2023,2061
URY,2023,2023,INC,N,FALSE,ECH,6,2022 - 2023,2062
USA,1963,1963,INC,N,FALSE,CPS-LIS,0,1963 - 2001,2063
USA,1964,1964,INC,N,FALSE,CPS-LIS,0,1963 - 2001,2064
USA,1965,1965,INC,N,FALSE,CPS-LIS,0,1963 - 2001,2065
USA,1966,1966,INC,N,FALSE,CPS-LIS,0,1963 - 2001,2066
USA,1967,1967,INC,N,FALSE,CPS-LIS,0,1963 - 2001,2067
USA,1968,1968,INC,N,FALSE,CPS-LIS,0,1963 - 2001,2068
USA,1969,1969,INC,N,FALSE,CPS-LIS,0,1963 - 2001,2069
USA,1970,1970,INC,N,FALSE,CPS-LIS,0,1963 - 2001,2070
USA,1971,1971,INC,N,FALSE,CPS-LIS,0,1963 - 2001,2071
USA,1972,1972,INC,N,FALSE,CPS-LIS,0,1963 - 2001,2072
USA,1973,1973,INC,N,FALSE,CPS-LIS,0,1963 - 2001,2073
USA,1974,1974,INC,N,FALSE,CPS-LIS,0,1963 - 2001,2074
USA,1975,1975,INC,N,FALSE,CPS-LIS,0,1963 - 2001,2075
USA,1976,1976,INC,N,FALSE,CPS-LIS,0,1963 - 2001,2076
USA,1977,1977,INC,N,FALSE,CPS-LIS,0,1963 - 2001,2077
USA,1978,1978,INC,N,FALSE,CPS-LIS,0,1963 - 2001,2078
USA,1979,1979,INC,N,FALSE,CPS-LIS,0,1963 - 2001,2079
USA,1980,1980,INC,N,FALSE,CPS-LIS,0,1963 - 2001,2080
USA,1981,1981,INC,N,FALSE,CPS-LIS,0,1963 - 2001,2081
USA,1982,1982,INC,N,FALSE,CPS-LIS,0,1963 - 2001,2082
USA,1983,1983,INC,N,FALSE,CPS-LIS,0,1963 - 2001,2083
USA,1984,1984,INC,N,FALSE,CPS-LIS,0,1963 - 2001,2084
USA,1985,1985,INC,N,FALSE,CPS-LIS,0,1963 - 2001,2085
USA,1986,1986,INC,N,FALSE,CPS-LIS,0,1963 - 2001,2086
USA,1987,1987,INC,N,FALSE,CPS-LIS,0,1963 - 2001,2087
USA,1988,1988,INC,N,FALSE,CPS-LIS,0,1963 - 2001,2088
USA,1989,1989,INC,N,FALSE,CPS-LIS,0,1963 - 2001,2089
USA,1990,1990,INC,N,FALSE,CPS-LIS,0,1963 - 2001,2090
USA,1991,1991,INC,N,FALSE,CPS-LIS,0,1963 - 2001,2091
USA,1992,1992,INC,N,FALSE,CPS-LIS,0,1963 - 2001,2092
USA,1993,1993,INC,N,FALSE,CPS-LIS,0,1963 - 2001,2093
USA,1994,1994,INC,N,FALSE,CPS-LIS,0,1963 - 2001,2094
USA,1995,1995,INC,N,FALSE,CPS-LIS,0,1963 - 2001,2095
USA,1996,1996,INC,N,FALSE,CPS-LIS,0,1963 - 2001,2096
USA,1997,1997,INC,N,FALSE,CPS-LIS,0,1963 - 2001,2097
USA,1998,1998,INC,N,FALSE,CPS-LIS,0,1963 - 2001,2098
USA,1999,1999,INC,N,FALSE,CPS-LIS,0,1963 - 2001,2099
USA,2000,2000,INC,N,FALSE,CPS-LIS,0,1963 - 2001,2100
USA,2001,2001,INC,N,FALSE,CPS-LIS,0,1963 - 2001,2101
USA,2002,2002,INC,N,FALSE,CPS-ASEC-LIS,1,2002 - 2023,2102
USA,2003,2003,INC,N,FALSE,CPS-ASEC-LIS,1,2002 - 2023,2103
USA,2004,2004,INC,N,FALSE,CPS-ASEC-LIS,1,2002 - 2023,2104
USA,2005,2005,INC,N,FALSE,CPS-ASEC-LIS,1,2002 - 2023,2105
USA,2006,2006,INC,N,FALSE,CPS-ASEC-LIS,1,2002 - 2023,2106
USA,2007,2007,INC,N,FALSE,CPS-ASEC-LIS,1,2002 - 2023,2107
USA,2008,2008,INC,N,FALSE,CPS-ASEC-LIS,1,2002 - 2023,2108
USA,2009,2009,INC,N,FALSE,CPS-ASEC-LIS,1,2002 - 2023,2109
USA,2010,2010,INC,N,FALSE,CPS-ASEC-LIS,1,2002 - 2023,2110
USA,2011,2011,INC,N,FALSE,CPS-ASEC-LIS,1,2002 - 2023,2111
USA,2012,2012,INC,N,FALSE,CPS-ASEC-LIS,1,2002 - 2023,2112
USA,2013,2013,INC,N,FALSE,CPS-ASEC-LIS,1,2002 - 2023,2113
USA,2014,2014,INC,N,FALSE,CPS-ASEC-LIS,1,2002 - 2023,2114
USA,2015,2015,INC,N,FALSE,CPS-ASEC-LIS,1,2002 - 2023,2115
USA,2016,2016,INC,N,FALSE,CPS-ASEC-LIS,1,2002 - 2023,2116
USA,2017,2017,INC,N,FALSE,CPS-ASEC-LIS,1,2002 - 2023,2117
USA,2018,2018,INC,N,FALSE,CPS-ASEC-LIS,1,2002 - 2023,2118
USA,2019,2019,INC,N,FALSE,CPS-ASEC-LIS,1,2002 - 2023,2119
USA,2020,2020,INC,N,FALSE,CPS-ASEC-LIS,1,2002 - 2023,2120
USA,2021,2021,INC,N,FALSE,CPS-ASEC-LIS,1,2002 - 2023,2121
USA,2022,2022,INC,N,FALSE,CPS-ASEC-LIS,1,2002 - 2023,2122
USA,2023,2023,INC,N,FALSE,CPS-ASEC-LIS,1,2002 - 2023,2123
UZB,1998,1998,CONS,N,FALSE,HBS,0,1998 - 2003,2124
UZB,2000,2000,CONS,N,FALSE,HBS,0,1998 - 2003,2125
UZB,2002,2002,CONS,N,FALSE,HBS,0,1998 - 2003,2126
UZB,2003,2003,CONS,N,FALSE,HBS,0,1998 - 2003,2127
UZB,2021,2021,INC,N,FALSE,HBS,1,2021 - 2023,2128
UZB,2022,2022,INC,N,FALSE,HBS,1,2021 - 2023,2129
UZB,2023,2023,INC,N,FALSE,HBS,1,2021 - 2023,2130
VEN,1981,1981,INC,N,FALSE,EHM,0,1981 - 1987,2131
VEN,1987,1987,INC,N,FALSE,EHM,0,1981 - 1987,2132
VEN,1989,1989,INC,N,FALSE,EHM,1,1989 - 1999,2133
VEN,1992,1992,INC,N,FALSE,EHM,1,1989 - 1999,2134
VEN,1995,1995,INC,N,FALSE,EHM,1,1989 - 1999,2135
VEN,1998,1998,INC,N,FALSE,EHM,1,1989 - 1999,2136
VEN,1999,1999,INC,N,FALSE,EHM,1,1989 - 1999,2137
VEN,2001,2001,INC,N,FALSE,EHM,2,2001 - 2006,2138
VEN,2002,2002,INC,N,FALSE,EHM,2,2001 - 2006,2139
VEN,2003,2003,INC,N,FALSE,EHM,2,2001 - 2006,2140
VEN,2004,2004,INC,N,FALSE,EHM,2,2001 - 2006,2141
VEN,2005,2005,INC,N,FALSE,EHM,2,2001 - 2006,2142
VEN,2006,2006,INC,N,FALSE,EHM,2,2001 - 2006,2143
VNM,1992,1992.77,CONS,N,FALSE,VLSS,0,1992 - 1997,2144
VNM,1997,1997.92,CONS,N,FALSE,VLSS,0,1992 - 1997,2145
VNM,2002,2002,CONS,N,FALSE,VHLSS,1,2002 - 2008,2146
VNM,2004,2004,CONS,N,FALSE,VHLSS,1,2002 - 2008,2147
VNM,2006,2006,CONS,N,FALSE,VHLSS,1,2002 - 2008,2148
VNM,2008,2008,CONS,N,FALSE,VHLSS,1,2002 - 2008,2149
VNM,2010,2010,CONS,N,FALSE,VHLSS,2,2010 - 2022,2150
VNM,2012,2012,CONS,N,FALSE,VHLSS,2,2010 - 2022,2151
VNM,2014,2014,CONS,N,FALSE,VHLSS,2,2010 - 2022,2152
VNM,2016,2016,CONS,N,FALSE,VHLSS,2,2010 - 2022,2153
VNM,2018,2018,CONS,N,FALSE,VHLSS,2,2010 - 2022,2154
VNM,2020,2020,CONS,N,FALSE,VHLSS,2,2010 - 2022,2155
VNM,2022,2022,CONS,N,FALSE,VHLSS,2,2010 - 2022,2156
VUT,2010,2010,CONS,N,FALSE,HIES,0,2010,2157
VUT,2019,2019.21,CONS,N,FALSE,NSDP,1,2019,2158
WSM,2002,2002,CONS,N,FALSE,HIES,0,2002 - 2013,2159
WSM,2008,2008,CONS,N,FALSE,HIES,0,2002 - 2013,2160
WSM,2013,2013.25,CONS,N,FALSE,HIES,0,2002 - 2013,2161
XKX,2017,2017,INC,N,FALSE,SILC-C,2,2017 - 2021,2162
XKX,2018,2018,INC,N,FALSE,SILC-C,2,2017 - 2021,2163
XKX,2019,2019,INC,N,FALSE,SILC-C,2,2017 - 2021,2164
XKX,2020,2020,INC,N,FALSE,SILC-C,2,2017 - 2021,2165
XKX,2021,2021,INC,N,FALSE,SILC-C,2,2017 - 2021,2166
YEM,1998,1998,CONS,N,FALSE,HBS,0,1998,2167
YEM,2005,2005.25,CONS,N,FALSE,HBS,1,2005 - 2014,2168
YEM,2014,2014,CONS,N,FALSE,HBS,1,2005 - 2014,2169
ZAF,1993,1993,CONS,N,FALSE,KIDS,0,1993,2170
ZAF,2000,2000.75,CONS,N,FALSE,HIES,2,2000,2171
ZAF,2005,2005,CONS,N,FALSE,IES,3,2005 - 2014,2172
ZAF,2008,2008.67,CONS,N,FALSE,LCS,3,2005 - 2014,2173
ZAF,2010,2010,CONS,N,FALSE,IES,3,2005 - 2014,2174
ZAF,2014,2014.83,CONS,N,FALSE,LCS,3,2005 - 2014,2175
ZMB,1991,1991,CONS,N,FALSE,HBS,0,1991,2176
ZMB,1993,1993,CONS,N,FALSE,HBS,1,1993,2177
ZMB,1996,1996,CONS,N,FALSE,LCMS-I,2,1996,2178
ZMB,1998,1998,CONS,N,FALSE,LCMS-II,3,1998 - 2006,2179
ZMB,2002,2002.83,CONS,N,FALSE,LCMS-III,3,1998 - 2006,2180
ZMB,2004,2004.67,CONS,N,FALSE,LCMS-IV,3,1998 - 2006,2181
ZMB,2006,2006.5,CONS,N,FALSE,LCMS-V,3,1998 - 2006,2182
ZMB,2010,2010,CONS,N,FALSE,LCMS-VI,4,2010 - 2022,2183
ZMB,2015,2015,CONS,N,FALSE,LCMS-VII,4,2010 - 2022,2184
ZMB,2022,2022,CONS,N,FALSE,LCMS-VIII,4,2010 - 2022,2185
ZWE,2011,2011,CONS,N,FALSE,ICES,0,2011 - 2019,2186
ZWE,2017,2017,CONS,N,FALSE,PICES,0,2011 - 2019,2187
ZWE,2019,2019,CONS,N,FALSE,PICES,0,2011 - 2019,2188
