xyzDMxyzCountry,xyzDMxyzRequestYear,xyzDPxyzsp_pop_totl,xyzDPxyzny_gnp_pcap_cd,xyzDPxyzny_gdp_mktp_kd_zg
ABW,1960,.054922,,
ABW,1961,.055578,,
ABW,1962,.05632,,
ABW,1963,.057002,,
ABW,1964,.057619,,
ABW,1965,.05819,,
ABW,1966,.058694,,
ABW,1967,.05899,,
ABW,1968,.059069,,
ABW,1969,.059052,,
ABW,1970,.05895,,
ABW,1971,.058781,,
ABW,1972,.058047,,
ABW,1973,.058299,,
ABW,1974,.058349,,
ABW,1975,.058295,,
ABW,1976,.058368,,
ABW,1977,.05858,,
ABW,1978,.058776,,
ABW,1979,.059191,,
ABW,1980,.059909,,
ABW,1981,.060563,,
ABW,1982,.061276,,
ABW,1983,.062228,,
ABW,1984,.062901,,
ABW,1985,.061728,,
ABW,1986,.059931,,
ABW,1987,.059159,,16.07843
ABW,1988,.059331,10670,18.64865
ABW,1989,.060443,11870,12.12984
ABW,1990,.062753,12120,3.961402
ABW,1991,.065896,12940,7.962872
ABW,1992,.069005,13840,5.882354
ABW,1993,.073685,14380,7.307693
ABW,1994,.077595,15460,8.203901
ABW,1995,.079805,16340,2.547144
ABW,1996,.083021,16410,1.185789
ABW,1997,.086301,17050,7.046875
ABW,1998,.088451,17390,1.991984
ABW,1999,.089659,17750,1.238042
ABW,2000,.090588,20060,7.622921
ABW,2001,.091439,20340,4.182002
ABW,2002,.092074,19220,-.9449535
ABW,2003,.093128,21020,1.110505
ABW,2004,.095138,23610,7.293728
ABW,2005,.097635,19720,-.3831377
ABW,2006,.099405,23920,1.127411
ABW,2007,.10015,22600,3.089544
ABW,2008,.100917,26780,1.835755
ABW,2009,.101604,24340,-11.67774
ABW,2010,.101838,23050,-2.733457
ABW,2011,.102591,23100,3.369237
ABW,2012,.10411,23970,-1.0408
ABW,2013,.105675,24830,6.431483
ABW,2014,.106807,24750,-1.586575
ABW,2015,.107906,24460,-.6236259
ABW,2016,.108727,25270,1.719625
ABW,2017,.108735,27110,7.048533
ABW,2018,.108908,28130,2.397086
ABW,2019,.109203,28720,-2.232442
ABW,2020,.108587,22220,-26.21182
ABW,2021,.1077,28020,24.13263
ABW,2022,.10731,30590,8.517918
ABW,2023,.107359,30120,4.26372
ABW,2024,.107624,,
AFE,1960,130.07573,,
AFE,1961,133.53492,,.4697078
AFE,1962,137.17166,189.382,7.868623
AFE,1963,140.94554,202.9908,5.622472
AFE,1964,144.90409,204.8151,4.689533
AFE,1965,149.03347,217.1808,5.159536
AFE,1966,153.2812,227.0565,4.822258
AFE,1967,157.70438,239.8486,5.373938
AFE,1968,162.3294,251.3635,4.153383
AFE,1969,167.08825,266.5182,5.091807
AFE,1970,171.98498,267.2444,1.135154
AFE,1971,177.02231,287.7104,5.479342
AFE,1972,182.12656,305.2081,2.771158
AFE,1973,187.52414,362.0048,4.60645
AFE,1974,193.18664,444.2181,5.475813
AFE,1975,198.91457,501.2909,1.404329
AFE,1976,204.80298,492.6231,2.382201
AFE,1977,210.68084,491.0989,1.120648
AFE,1978,217.07429,527.6088,1.508609
AFE,1979,223.97412,616.0455,2.930523
AFE,1980,230.79273,737.4421,5.464293
AFE,1981,238.0431,798.4165,4.014091
AFE,1982,245.82201,755.2872,.3151527
AFE,1983,253.64464,688.077,.0393285
AFE,1984,261.4582,652.5587,3.36528
AFE,1985,269.45041,582.3586,-.1280365
AFE,1986,277.62177,572.3367,2.266005
AFE,1987,286.06735,615.683,3.954524
AFE,1988,294.49863,691.8543,4.27411
AFE,1989,302.93912,724.3865,2.696342
AFE,1990,311.74868,726.9343,.1758673
AFE,1991,320.44296,758.397,-.0954637
AFE,1992,329.08271,712.2303,-2.35016
AFE,1993,338.324,704.5551,-.5994377
AFE,1994,347.44181,688.247,1.932031
AFE,1995,356.58038,723.7208,4.282648
AFE,1996,366.13852,740.8972,5.454335
AFE,1997,375.64623,744.5355,3.841977
AFE,1998,385.50576,686.7915,1.752629
AFE,1999,395.75093,665.0654,2.649285
AFE,2000,406.15666,656.6651,3.212168
AFE,2001,416.80787,629.1863,3.505488
AFE,2002,427.82036,614.1825,3.833848
AFE,2003,439.17329,664.2482,2.952939
AFE,2004,450.92804,808.1251,5.554448
AFE,2005,463.07664,1011.063,6.162493
AFE,2006,475.60621,1137.367,6.577439
AFE,2007,488.58071,1245.573,6.646935
AFE,2008,502.07076,1328.087,4.366173
AFE,2009,516.00345,1343.972,.8926514
AFE,2010,530.30839,1409.158,5.207943
AFE,2011,544.73798,1532.212,4.058923
AFE,2012,559.60996,1634.91,1.767969
AFE,2013,575.2027,1658.506,4.317725
AFE,2014,590.96899,1634.851,4.01435
AFE,2015,607.12327,1523.369,3.003367
AFE,2016,623.3694,1389.994,2.195991
AFE,2017,640.05874,1361.351,2.696238
AFE,2018,657.80108,1427.54,2.665038
AFE,2019,675.95019,1489.938,2.200341
AFE,2020,694.4461,1381.686,-2.859784
AFE,2021,713.09093,1452.457,4.563568
AFE,2022,731.82139,1535.049,3.555769
AFE,2023,750.50376,1565.553,1.891307
AFE,2024,769.29462,1575.408,2.766804
AFG,1960,9.035043,,
AFG,1961,9.214083,,
AFG,1962,9.404406,,
AFG,1963,9.604487,,
AFG,1964,9.814318,,
AFG,1965,10.036008,,
AFG,1966,10.266395,,
AFG,1967,10.505959,,
AFG,1968,10.756922,,
AFG,1969,11.017409,,
AFG,1970,11.290128,,
AFG,1971,11.567667,,
AFG,1972,11.853696,,
AFG,1973,12.157999,,
AFG,1974,12.469127,,
AFG,1975,12.773954,,
AFG,1976,13.059851,,
AFG,1977,13.340756,,
AFG,1978,13.611441,,
AFG,1979,13.655567,,
AFG,1980,13.169311,,
AFG,1981,11.937581,,
AFG,1982,10.991378,,
AFG,1983,10.917982,,
AFG,1984,11.190221,,
AFG,1985,11.426852,,
AFG,1986,11.420074,,
AFG,1987,11.387818,,
AFG,1988,11.523298,,
AFG,1989,11.874088,,
AFG,1990,12.04566,,
AFG,1991,12.238879,,
AFG,1992,13.278974,,
AFG,1993,14.943172,,
AFG,1994,16.250794,,
AFG,1995,17.065836,,
AFG,1996,17.763266,,
AFG,1997,18.452091,,
AFG,1998,19.159996,,
AFG,1999,19.887785,,
AFG,2000,20.130327,,
AFG,2001,20.284307,,-9.431974
AFG,2002,21.378117,180,28.6
AFG,2003,22.733049,190,8.832278
AFG,2004,23.560654,210,1.414118
AFG,2005,24.404567,250,11.22971
AFG,2006,25.424094,270,5.357403
AFG,2007,25.909852,330,13.82632
AFG,2008,26.482622,370,3.924984
AFG,2009,27.466101,460,21.39053
AFG,2010,28.284089,530,14.36244
AFG,2011,29.347708,550,.4263548
AFG,2012,30.560034,640,12.75229
AFG,2013,31.622704,670,5.600745
AFG,2014,32.792523,640,2.724543
AFG,2015,33.831764,590,1.451315
AFG,2016,34.700612,560,2.260314
AFG,2017,35.688935,530,2.647003
AFG,2018,36.743039,520,1.189228
AFG,2019,37.856121,520,3.911603
AFG,2020,39.068979,490,-2.351101
AFG,2021,40.000412,380,-20.73884
AFG,2022,40.578842,370,-6.240172
AFG,2023,41.454761,370,2.266944
AFG,2024,42.647492,,
AFW,1960,97.630925,,
AFW,1961,99.706674,,1.869637
AFW,1962,101.85476,,3.72594
AFW,1963,104.08917,,7.039191
AFW,1964,106.38844,,5.364761
AFW,1965,108.77263,,4.105616
AFW,1966,111.24695,,-1.512989
AFW,1967,113.79502,,-8.967443
AFW,1968,116.44464,,1.558993
AFW,1969,119.20352,,15.12719
AFW,1970,122.08654,,17.38253
AFW,1971,125.07295,,10.45327
AFW,1972,128.17649,,3.153188
AFW,1973,131.44994,,3.952264
AFW,1974,134.91158,,9.975607
AFW,1975,138.56992,,-2.077795
AFW,1976,142.33727,,8.394825
AFW,1977,146.25858,,4.551446
AFW,1978,150.40262,,-1.917931
AFW,1979,154.72171,,5.00167
AFW,1980,159.16652,,1.905791
AFW,1981,163.76247,,-6.701354
AFW,1982,168.58512,,-3.222917
AFW,1983,173.25516,,-6.252459
AFW,1984,177.88075,,.5418581
AFW,1985,182.81104,,5.394643
AFW,1986,187.88914,,1.337552
AFW,1987,193.10435,,1.429752
AFW,1988,198.48503,,4.679828
AFW,1989,204.06227,,1.726727
AFW,1990,209.56603,,5.69688
AFW,1991,215.17871,,1.067232
AFW,1992,221.19137,,2.35022
AFW,1993,227.24678,,-1.362645
AFW,1994,233.3601,,-.2831964
AFW,1995,239.80187,,1.859801
AFW,1996,246.41545,,4.629126
AFW,1997,253.20758,,4.403075
AFW,1998,260.29783,,3.62342
AFW,1999,267.5063,,1.528189
AFW,2000,274.96845,,3.842479
AFW,2001,282.78072,,5.207033
AFW,2002,290.84179,,9.968802
AFW,2003,299.14285,,5.597677
AFW,2004,307.7251,,8.094673
AFW,2005,316.58848,,5.912111
AFW,2006,325.66316,,5.355184
AFW,2007,334.98418,,5.502329
AFW,2008,344.58611,1420.867,6.276134
AFW,2009,354.34384,1486.765,6.125529
AFW,2010,364.35827,1546.434,7.032025
AFW,2011,374.79014,1583.01,4.946666
AFW,2012,385.36035,1753.889,5.140575
AFW,2013,396.03021,1910.169,6.028023
AFW,2014,406.99205,2075.902,5.712459
AFW,2015,418.12784,1989.451,2.92801
AFW,2016,429.45474,1765.801,.1941775
AFW,2017,440.88291,1584.339,2.296168
AFW,2018,452.19592,1614.098,2.904654
AFW,2019,463.36543,1687.6,3.282163
AFW,2020,474.56935,1690.5,-.9841174
AFW,2021,485.921,1746.697,4.03
AFW,2022,497.38718,1792.832,3.974963
AFW,2023,509.39859,1697.191,3.357987
AFW,2024,521.76408,1421.569,4.176103
AGO,1960,5.231654,,
AGO,1961,5.301583,,
AGO,1962,5.35431,,
AGO,1963,5.40832,,
AGO,1964,5.464187,,
AGO,1965,5.521981,,
AGO,1966,5.581386,,
AGO,1967,5.641807,,
AGO,1968,5.702699,,
AGO,1969,5.763685,,
AGO,1970,5.852788,,
AGO,1971,5.991102,,
AGO,1972,6.174262,,
AGO,1973,6.388528,,
AGO,1974,6.613367,,
AGO,1975,6.842947,,
AGO,1976,7.074664,,
AGO,1977,7.317829,,
AGO,1978,7.576734,,
AGO,1979,7.847207,,
AGO,1980,8.133872,,
AGO,1981,8.435607,,-4.400001
AGO,1982,8.751648,,0
AGO,1983,9.082983,,4.200001
AGO,1984,9.425917,,6.000002
AGO,1985,9.77912,600,3.5
AGO,1986,10.13945,690,2.900002
AGO,1987,10.497858,680,4.082748
AGO,1988,10.861291,660,6.128891
AGO,1989,11.238562,870,.0416215
AGO,1990,11.62636,790,-3.450099
AGO,1991,12.023529,920,.9913593
AGO,1992,12.423712,340,-5.838281
AGO,1993,12.827135,290,-23.98342
AGO,1994,13.249764,190,1.339363
AGO,1995,13.699778,370,15
AGO,1996,14.170973,370,13.54437
AGO,1997,14.660413,450,7.274277
AGO,1998,15.15937,420,4.691146
AGO,1999,15.667235,340,2.18149
AGO,2000,16.194869,360,3.054624
AGO,2001,16.747208,400,4.205998
AGO,2002,17.327699,600,13.66569
AGO,2003,17.943712,710,2.99
AGO,2004,18.600423,1020,10.95
AGO,2005,19.291161,1380,15.03
AGO,2006,20.015279,1830,11.55
AGO,2007,20.778561,2480,14.01
AGO,2008,21.578655,3040,11.17
AGO,2009,22.414773,3180,.86
AGO,2010,23.294825,3240,4.398376
AGO,2011,24.218352,3410,3.472053
AGO,2012,25.177394,4160,8.542107
AGO,2013,26.16562,4700,4.954613
AGO,2014,27.160769,4800,4.822559
AGO,2015,28.157798,3920,.9435716
AGO,2016,29.18307,2540,-2.58005
AGO,2017,30.234839,2090,-.1472129
AGO,2018,31.297155,1970,-1.316362
AGO,2019,32.375632,2110,-.702273
AGO,2020,33.451132,1680,-5.638215
AGO,2021,34.532429,1640,1.199211
AGO,2022,35.635029,1870,3.044727
AGO,2023,36.749906,2130,1.078099
AGO,2024,37.885849,2220,4.423904
ALB,1960,1.6088,,
ALB,1961,1.6598,,
ALB,1962,1.711319,,
ALB,1963,1.762621,,
ALB,1964,1.814135,,
ALB,1965,1.864791,,
ALB,1966,1.914573,,
ALB,1967,1.965598,,
ALB,1968,2.022272,,
ALB,1969,2.081695,,
ALB,1970,2.135479,,
ALB,1971,2.187853,,
ALB,1972,2.243126,,
ALB,1973,2.296752,,
ALB,1974,2.350124,,
ALB,1975,2.404831,,
ALB,1976,2.458526,,
ALB,1977,2.513546,,
ALB,1978,2.566266,,
ALB,1979,2.617832,,
ALB,1980,2.671997,,
ALB,1981,2.726056,,5.745636
ALB,1982,2.784278,,2.948597
ALB,1983,2.84396,,1.104938
ALB,1984,2.904429,630,-1.251597
ALB,1985,2.964762,640,1.780644
ALB,1986,3.022635,700,5.637243
ALB,1987,3.083605,730,-.7878426
ALB,1988,3.142336,730,-1.42004
ALB,1989,3.227943,760,9.836549
ALB,1990,3.286542,650,-9.57564
ALB,1991,3.26679,410,-28.00214
ALB,1992,3.247039,280,-7.187111
ALB,1993,3.227287,320,9.559412
ALB,1994,3.207536,380,8.302867
ALB,1995,3.187784,670,13.32233
ALB,1996,3.168033,940,7.336329
ALB,1997,3.148281,860,-11.71157
ALB,1998,3.12853,870,8.310025
ALB,1999,3.108778,960,12.25073
ALB,2000,3.089027,1130,7.462859
ALB,2001,3.060173,1320,8.86373
ALB,2002,3.05101,1420,4.628396
ALB,2003,3.039616,1700,5.333264
ALB,2004,3.026939,2170,5.266262
ALB,2005,3.011487,2690,5.130822
ALB,2006,2.992547,3130,6.018981
ALB,2007,2.970017,3580,6.500093
ALB,2008,2.947314,4160,6.907063
ALB,2009,2.927519,4390,2.690752
ALB,2010,2.913021,4430,2.973155
ALB,2011,2.905195,4460,2.463517
ALB,2012,2.900401,4370,.9841299
ALB,2013,2.895092,4560,1.707228
ALB,2014,2.889104,4570,2.240227
ALB,2015,2.880703,4410,2.227704
ALB,2016,2.876101,4370,3.908936
ALB,2017,2.873457,4340,3.283176
ALB,2018,2.866376,4910,3.671419
ALB,2019,2.854191,5300,2.062578
ALB,2020,2.837849,5320,-3.313756
ALB,2021,2.811666,6150,8.969576
ALB,2022,2.777689,6820,4.826696
ALB,2023,2.745972,7680,3.936617
ALB,2024,2.714617,8690,3.961719
AND,1960,.00951,,
AND,1961,.010283,,
AND,1962,.011086,,
AND,1963,.011915,,
AND,1964,.012764,,
AND,1965,.013634,,
AND,1966,.014626,,
AND,1967,.015837,,
AND,1968,.017176,,
AND,1969,.018555,,
AND,1970,.019977,,
AND,1971,.021442,,4.649466
AND,1972,.022957,,8.149743
AND,1973,.024523,,7.788467
AND,1974,.02613,,5.61879
AND,1975,.027773,,.5422057
AND,1976,.029436,,3.303787
AND,1977,.031097,,2.838576
AND,1978,.032735,,1.463
AND,1979,.034306,,.0415572
AND,1980,.035782,,2.208728
AND,1981,.037169,,-.1324745
AND,1982,.038764,,1.246461
AND,1983,.040565,,1.770118
AND,1984,.042273,,1.784687
AND,1985,.043825,,2.321433
AND,1986,.045734,,3.253322
AND,1987,.047653,,5.547122
AND,1988,.049416,,5.094326
AND,1989,.05062,,4.827034
AND,1990,.052597,,3.781388
AND,1991,.056667,,2.546004
AND,1992,.0602,,.9292141
AND,1993,.063272,,-1.031484
AND,1994,.064612,,2.383182
AND,1995,.063912,,2.757502
AND,1996,.063984,,4.649739
AND,1997,.0647,,9.067672
AND,1998,.065382,,3.194793
AND,1999,.06571,,4.099079
AND,2000,.065685,,3.528362
AND,2001,.065852,,8.119358
AND,2002,.066506,,4.546362
AND,2003,.069486,,8.694203
AND,2004,.074325,,8.135676
AND,2005,.077421,,5.397796
AND,2006,.079585,,4.808689
AND,2007,.081877,,1.553188
AND,2008,.083495,,-5.559186
AND,2009,.083888,,-5.302846
AND,2010,.080706,,-1.974958
AND,2011,.077783,,-.0080698
AND,2012,.076834,,-4.974444
AND,2013,.075194,,-3.547596
AND,2014,.073737,,2.504466
AND,2015,.072174,,1.43414
AND,2016,.072181,,3.709678
AND,2017,.073763,,.3460719
AND,2018,.075162,,1.588766
AND,2019,.076474,46450,2.015548
AND,2020,.07738,42450,-11.18394
AND,2021,.078364,44720,8.286778
AND,2022,.079705,47590,9.564612
AND,2023,.080856,47920,2.583555
AND,2024,.081938,48870,3.37182
ARB,1960,91.540853,,
ARB,1961,93.931683,,
ARB,1962,96.428599,,
ARB,1963,99.038509,,
ARB,1964,101.72976,,
ARB,1965,104.49401,,
ARB,1966,107.40305,,
ARB,1967,110.49171,,6.786398
ARB,1968,113.71217,297.0052,10.78065
ARB,1969,117.05322,325.3132,7.454781
ARB,1970,120.46926,357.6759,22.94141
ARB,1971,123.95081,388.721,7.489614
ARB,1972,127.53556,471.9259,13.95169
ARB,1973,131.33566,562.8339,13.32173
ARB,1974,135.28286,823.6866,10.52142
ARB,1975,139.49584,1131.641,-.0412933
ARB,1976,144.01414,1536.237,14.31952
ARB,1977,148.59934,1650.979,6.614441
ARB,1978,153.56866,1828.091,2.935369
ARB,1979,159.05412,2283.168,10.65265
ARB,1980,164.65732,2782.235,6.297068
ARB,1981,170.01549,3019.672,.8521898
ARB,1982,175.37036,2837.436,-5.988762
ARB,1983,180.97329,2509.74,-3.764753
ARB,1984,186.73396,2401.715,1.240729
ARB,1985,192.56324,2324.993,-.8462194
ARB,1986,198.50977,2295.518,-.8005754
ARB,1987,204.5246,2346.542,.2537429
ARB,1988,210.2697,2376.167,3.272483
ARB,1989,215.96907,2353.035,3.81828
ARB,1990,223.18429,2627.49,7.85552
ARB,1991,228.40232,2084.88,-.6930038
ARB,1992,234.32156,2137.783,6.560069
ARB,1993,240.92621,2073.472,3.257052
ARB,1994,247.62651,2066.38,3.358834
ARB,1995,253.95254,2099.319,2.799896
ARB,1996,260.22912,2174.048,4.820131
ARB,1997,266.56518,2271.748,5.449261
ARB,1998,273.0942,2250.497,4.761529
ARB,1999,279.70963,2245.053,2.77576
ARB,2000,286.5481,2432.125,6.346471
ARB,2001,293.58025,2526.705,2.095304
ARB,2002,300.69151,2475.519,1.220928
ARB,2003,307.81511,2616.4,4.300554
ARB,2004,315.06028,3044.999,9.075083
ARB,2005,322.62845,3487.144,5.57112
ARB,2006,330.52631,4027.311,6.282426
ARB,2007,338.94798,4613.98,4.599762
ARB,2008,347.68462,5393.013,5.568566
ARB,2009,356.38667,5459.995,.6426643
ARB,2010,363.56853,5770.588,4.837717
ARB,2011,372.05493,6074.064,3.786213
ARB,2012,381.03018,6913.054,5.098311
ARB,2013,390.95428,7328.777,2.659523
ARB,2014,400.23101,7380.578,2.589733
ARB,2015,410.19068,6906,3.294224
ARB,2016,419.80834,6448.768,3.549284
ARB,2017,428.31589,6030.376,1.604826
ARB,2018,435.99806,6303.389,2.642845
ARB,2019,444.28132,6555.713,1.726916
ARB,2020,453.72324,6057.375,-4.757145
ARB,2021,460.6466,6459.958,4.404576
ARB,2022,471.35207,7259.297,6.995414
ARB,2023,482.10598,7591.192,1.504355
ARB,2024,492.57981,7568.394,1.548919
ARE,1960,.131334,,
ARE,1961,.137989,,
ARE,1962,.144946,,
ARE,1963,.152211,,
ARE,1964,.159692,,
ARE,1965,.167103,,
ARE,1966,.173976,,
ARE,1967,.1797,,
ARE,1968,.199416,,
ARE,1969,.23966,,
ARE,1970,.286536,,
ARE,1971,.335027,,36.61238
ARE,1972,.385014,5160,39.07964
ARE,1973,.436399,6600,76.62016
ARE,1974,.489087,11910,14.49804
ARE,1975,.542856,20330,6.227401
ARE,1976,.615866,30320,16.52686
ARE,1977,.710209,33860,21.43933
ARE,1978,.809274,32030,-1.589603
ARE,1979,.91201,39670,20.92357
ARE,1980,1.0157,46940,23.87477
ARE,1981,1.099855,47820,4.659177
ARE,1982,1.16637,41910,-6.719316
ARE,1983,1.235305,35220,-4.745821
ARE,1984,1.305996,33790,4.016951
ARE,1985,1.377911,30820,-3.594476
ARE,1986,1.467383,23880,-14.95814
ARE,1987,1.574244,24940,3.381982
ARE,1988,1.681788,24020,-2.618908
ARE,1989,1.789851,25390,12.33789
ARE,1990,1.89822,29240,18.32799
ARE,1991,2.006626,27120,.860082
ARE,1992,2.11473,27190,3.344945
ARE,1993,2.222093,26150,1.261191
ARE,1994,2.328188,26670,6.896149
ARE,1995,2.434662,28240,6.687886
ARE,1996,2.597564,28320,5.798404
ARE,1997,2.81741,28830,8.190398
ARE,1998,3.040421,26620,.2919943
ARE,1999,3.266009,24390,2.902214
ARE,2000,3.493575,28170,10.8527
ARE,2001,3.72359,28360,1.399085
ARE,2002,3.956826,27200,2.433457
ARE,2003,4.192457,29030,8.800541
ARE,2004,4.428967,33220,9.566437
ARE,2005,4.66479,36880,4.855141
ARE,2006,5.0091,41670,9.837319
ARE,2007,5.624635,43420,3.18439
ARE,2008,6.302664,44890,3.191836
ARE,2009,6.707058,41310,-5.242922
ARE,2010,6.869838,42040,1.60285
ARE,2011,7.104538,44790,6.216122
ARE,2012,7.391448,49010,1.824481
ARE,2013,7.693031,52160,5.05556
ARE,2014,8.05944,51990,4.165692
ARE,2015,8.505237,48510,6.786773
ARE,2016,8.935095,44750,5.561491
ARE,2017,9.223225,41390,.7350687
ARE,2018,9.346701,43370,1.313914
ARE,2019,9.445785,45070,1.108348
ARE,2020,9.401038,41100,-4.957052
ARE,2021,9.575152,42640,4.354755
ARE,2022,10.074977,46070,7.509697
ARE,2023,10.483751,49020,3.618706
ARE,2024,10.876981,49500,3.761616
ARG,1960,20.386045,,
ARG,1961,20.726276,,5.427843
ARG,1962,21.072538,900,-.8520215
ARG,1963,21.421705,880,-5.308197
ARG,1964,21.769453,1020,10.1303
ARG,1965,22.112629,1230,10.56943
ARG,1966,22.453893,1350,-.6597261
ARG,1967,22.799059,1240,3.191997
ARG,1968,23.150583,1210,4.822501
ARG,1969,23.508711,1300,9.679526
ARG,1970,23.878327,1320,3.045643
ARG,1971,24.257208,1470,5.658131
ARG,1972,24.644328,1470,1.628417
ARG,1973,25.046005,1820,2.811754
ARG,1974,25.461351,2470,5.533804
ARG,1975,25.874107,2720,-.0284121
ARG,1976,26.282283,2360,-2.018251
ARG,1977,26.701805,2210,6.934148
ARG,1978,27.132158,2480,-4.506125
ARG,1979,27.568895,2950,10.22276
ARG,1980,28.011596,3260,1.518784
ARG,1981,28.463959,2800,-5.189789
ARG,1982,28.924262,2660,-.7356592
ARG,1983,29.391332,2860,4.349093
ARG,1984,29.863093,3200,1.570739
ARG,1985,30.336441,3070,-5.189024
ARG,1986,30.81198,3380,6.153377
ARG,1987,31.291762,3490,2.704869
ARG,1988,31.780532,3860,-1.089933
ARG,1989,32.270948,2910,-7.15695
ARG,1990,32.755901,3180,-2.467214
ARG,1991,33.230294,3850,9.133111
ARG,1992,33.693527,6040,7.937292
ARG,1993,34.152717,7080,8.206979
ARG,1994,34.613491,7570,5.836201
ARG,1995,35.07002,7310,-2.84521
ARG,1996,35.513793,7680,5.52669
ARG,1997,35.947791,8080,8.111047
ARG,1998,36.37286,7960,3.850179
ARG,1999,36.794682,7510,-3.385457
ARG,2000,37.213984,7400,-.788999
ARG,2001,37.624825,6930,-4.40884
ARG,2002,38.029349,4010,-10.89448
ARG,2003,38.424282,3620,8.837041
ARG,2004,38.815916,3340,9.029573
ARG,2005,39.216789,4230,8.85166
ARG,2006,39.622115,5440,8.047152
ARG,2007,40.016763,6460,9.007651
ARG,2008,40.424148,7600,4.057233
ARG,2009,40.854831,7720,-5.918525
ARG,2010,41.288694,9160,10.1254
ARG,2011,41.73066,10590,6.003952
ARG,2012,42.161721,11770,-1.02642
ARG,2013,42.582455,12760,2.405324
ARG,2014,43.024071,12240,-2.512615
ARG,2015,43.477012,12500,2.73116
ARG,2016,43.900313,12130,-2.080328
ARG,2017,44.288894,13070,2.818503
ARG,2018,44.654882,12390,-2.617396
ARG,2019,44.973465,11210,-2.000861
ARG,2020,45.191965,9040,-9.900485
ARG,2021,45.312281,10070,10.44181
ARG,2022,45.407904,11820,5.26988
ARG,2023,45.538401,12890,-1.611002
ARG,2024,45.696159,13440,-1.719105
ARM,1960,1.863705,,
ARM,1961,1.927484,,
ARM,1962,1.991689,,
ARM,1963,2.056023,,
ARM,1964,2.120135,,
ARM,1965,2.183635,,
ARM,1966,2.246159,,
ARM,1967,2.307492,,
ARM,1968,2.367319,,
ARM,1969,2.42403,,
ARM,1970,2.475633,,
ARM,1971,2.525345,,
ARM,1972,2.577079,,
ARM,1973,2.63086,,
ARM,1974,2.686445,,
ARM,1975,2.74366,,
ARM,1976,2.818165,,
ARM,1977,2.912827,,
ARM,1978,3.012807,,
ARM,1979,3.078501,,
ARM,1980,3.107415,,
ARM,1981,3.135349,,
ARM,1982,3.163144,,
ARM,1983,3.191539,,
ARM,1984,3.224547,,
ARM,1985,3.260432,,
ARM,1986,3.294847,,
ARM,1987,3.32852,,
ARM,1988,3.355125,,
ARM,1989,3.4431,,
ARM,1990,3.552128,,
ARM,1991,3.613977,,-11.7
ARM,1992,3.571861,300,-41.8
ARM,1993,3.453332,350,-8.799999
ARM,1994,3.36461,390,5.400003
ARM,1995,3.307581,460,6.899998
ARM,1996,3.278735,500,5.865401
ARM,1997,3.246289,540,3.32108
ARM,1998,3.208401,570,7.3
ARM,1999,3.167286,600,3.3
ARM,2000,3.2211,630,5.9
ARM,2001,3.2118,680,9.6
ARM,2002,3.1998,760,13.2
ARM,2003,3.1825,910,14
ARM,2004,3.1649,1120,10.5
ARM,2005,3.1464,1460,13.9
ARM,2006,3.1271,1910,13.2
ARM,2007,3.1074,2600,13.7
ARM,2008,3.0871,3390,6.9
ARM,2009,3.066,3140,-14.1
ARM,2010,3.0448,3280,2.2
ARM,2011,3.0279,3360,4.7
ARM,2012,3.0241,3700,7.2
ARM,2013,3.022,3940,3.3
ARM,2014,3.0138,4000,3.6
ARM,2015,3.0046,3910,3.2
ARM,2016,2.9923,3690,.2
ARM,2017,2.9794,3900,7.5
ARM,2018,2.969,4220,5.2
ARM,2019,2.9625,4650,7.6
ARM,2020,2.9615,4230,-7.2
ARM,2021,2.9623,4580,5.8
ARM,2022,2.9692,5680,12.6
ARM,2023,2.9643,6840,8.3
ARM,2024,3.0335,7780,5.9
ASM,1960,.020133,,
ASM,1961,.020666,,
ASM,1962,.021298,,
ASM,1963,.021966,,
ASM,1964,.022673,,
ASM,1965,.023406,,
ASM,1966,.024136,,
ASM,1967,.024863,,
ASM,1968,.025614,,
ASM,1969,.026375,,
ASM,1970,.027026,,
ASM,1971,.027533,,
ASM,1972,.027995,,
ASM,1973,.028436,,
ASM,1974,.028875,,
ASM,1975,.02939,,
ASM,1976,.029959,,
ASM,1977,.030521,,
ASM,1978,.031076,,
ASM,1979,.031611,,
ASM,1980,.032403,,
ASM,1981,.033584,,
ASM,1982,.034909,,
ASM,1983,.036271,,
ASM,1984,.037667,,
ASM,1985,.039103,,
ASM,1986,.040571,,
ASM,1987,.042072,,
ASM,1988,.043615,,
ASM,1989,.045191,,
ASM,1990,.04664,,
ASM,1991,.047882,,
ASM,1992,.049038,,
ASM,1993,.050159,,
ASM,1994,.051251,,
ASM,1995,.052316,,
ASM,1996,.053353,,
ASM,1997,.054362,,
ASM,1998,.055334,,
ASM,1999,.056248,,
ASM,2000,.056855,,
ASM,2001,.057053,,
ASM,2002,.057062,,
ASM,2003,.056971,,.9655172
ASM,2004,.056818,,.4098361
ASM,2005,.056617,,-.4081633
ASM,2006,.056374,,-4.098361
ASM,2007,.056113,,1.851852
ASM,2008,.055828,,-2.657343
ASM,2009,.055528,,-4.166667
ASM,2010,.055228,,.2998501
ASM,2011,.054895,,0
ASM,2012,.054489,,-4.334828
ASM,2013,.054006,,-2.5
ASM,2014,.053466,,1.76282
ASM,2015,.052878,,3.149606
ASM,2016,.052245,,-1.679389
ASM,2017,.051586,,-6.987577
ASM,2018,.050908,,2.671118
ASM,2019,.050209,,-.4878049
ASM,2020,.049761,,4.411765
ASM,2021,.049225,,-.7824726
ASM,2022,.048342,,1.735016
ASM,2023,.047521,,
ASM,2024,.046765,,
ATG,1960,.055603,,
ATG,1961,.05654,,
ATG,1962,.057336,,
ATG,1963,.058138,,
ATG,1964,.05902,,
ATG,1965,.05997,,
ATG,1966,.0609,,
ATG,1967,.061837,,
ATG,1968,.062809,,
ATG,1969,.063819,,
ATG,1970,.064528,,
ATG,1971,.064729,,
ATG,1972,.064615,,
ATG,1973,.064342,,
ATG,1974,.064058,,
ATG,1975,.063839,,
ATG,1976,.063762,,
ATG,1977,.063862,,
ATG,1978,.064038,,4.383512
ATG,1979,.064274,1680,8.079446
ATG,1980,.064513,2100,8.161983
ATG,1981,.064665,2340,3.814448
ATG,1982,.064785,2380,-.0835067
ATG,1983,.064934,2600,5.363819
ATG,1984,.064882,3070,10.16523
ATG,1985,.064591,3520,7.643845
ATG,1986,.064276,3910,11.49367
ATG,1987,.063946,4840,6.626135
ATG,1988,.063623,6050,5.213132
ATG,1989,.063325,6550,5.252302
ATG,1990,.063066,7040,3.011813
ATG,1991,.063387,7550,2.176852
ATG,1992,.064404,7850,1.158551
ATG,1993,.065587,8410,5.279887
ATG,1994,.066843,9000,6.676406
ATG,1995,.068189,8730,-4.359785
ATG,1996,.069612,9380,6.604945
ATG,1997,.071053,9850,5.471256
ATG,1998,.072412,10130,4.731279
ATG,1999,.073666,10590,3.707746
ATG,2000,.074912,11200,6.203552
ATG,2001,.076069,10610,-4.54811
ATG,2002,.077032,10710,1.027235
ATG,2003,.077884,11680,6.076637
ATG,2004,.078719,12850,5.767103
ATG,2005,.079611,14050,6.47369
ATG,2006,.080604,15740,12.70815
ATG,2007,.081704,17310,9.315183
ATG,2008,.082912,17750,-.0140066
ATG,2009,.084173,15750,-11.96288
ATG,2010,.08532,14390,-7.840507
ATG,2011,.086332,14100,-1.958743
ATG,2012,.08726,14530,3.373143
ATG,2013,.088064,14500,-.6009823
ATG,2014,.088765,14830,2.198292
ATG,2015,.089409,14550,1.42162
ATG,2016,.089969,15080,4.120368
ATG,2017,.090468,15860,2.712727
ATG,2018,.090926,17460,6.712005
ATG,2019,.091364,18250,3.172222
ATG,2020,.091846,15390,-18.86878
ATG,2021,.092349,16680,8.172863
ATG,2022,.09284,18850,9.107806
ATG,2023,.093316,19880,2.427363
ATG,2024,.093772,21380,4.327521
AUS,1960,10.276477,,
AUS,1961,10.483,,2.482331
AUS,1962,10.742,1870,1.294221
AUS,1963,10.95,1970,6.216179
AUS,1964,11.167,2110,6.980166
AUS,1965,11.388,2270,5.98014
AUS,1966,11.651,2350,2.379005
AUS,1967,11.799,2540,6.304878
AUS,1968,12.009,2730,5.093706
AUS,1969,12.263,2980,7.045274
AUS,1970,12.507,3270,7.175695
AUS,1971,12.937,3470,4.000579
AUS,1972,13.177,3890,3.910453
AUS,1973,13.38,4650,2.619598
AUS,1974,13.723,5950,4.107113
AUS,1975,13.893,7220,1.33577
AUS,1976,14.033,7870,2.588438
AUS,1977,14.192,8080,3.595124
AUS,1978,14.358,8470,.8934907
AUS,1979,14.514,9600,4.050419
AUS,1980,14.692,10830,3.035656
AUS,1981,14.92326,11870,3.339964
AUS,1982,15.184247,12080,3.325386
AUS,1983,15.393472,11570,-2.224351
AUS,1984,15.579391,12000,4.593744
AUS,1985,15.788312,11990,5.278455
AUS,1986,16.01835,12310,3.966329
AUS,1987,16.263874,12560,2.559622
AUS,1988,16.532164,14140,5.757819
AUS,1989,16.814416,15600,3.873359
AUS,1990,17.065128,17340,3.577411
AUS,1991,17.284036,18240,-.3822602
AUS,1992,17.478635,18570,.4282895
AUS,1993,17.634808,18950,4.046728
AUS,1994,17.805468,18930,3.980388
AUS,1995,18.004882,19370,3.885926
AUS,1996,18.224767,20590,3.863889
AUS,1997,18.423037,22060,3.913247
AUS,1998,18.607584,21920,4.663215
AUS,1999,18.812264,21610,5.027684
AUS,2000,19.028802,21300,3.921503
AUS,2001,19.274701,20330,2.025105
AUS,2002,19.49521,20210,3.979586
AUS,2003,19.720737,21380,3.090762
AUS,2004,19.932722,25850,4.224285
AUS,2005,20.176844,30740,3.154167
AUS,2006,20.450966,34600,2.755346
AUS,2007,20.827622,37390,3.773322
AUS,2008,21.249199,42410,3.586267
AUS,2009,21.691653,44100,1.892556
AUS,2010,22.03175,46750,2.21998
AUS,2011,22.340024,50410,2.40708
AUS,2012,22.733465,60290,3.916709
AUS,2013,23.128129,66080,2.602193
AUS,2014,23.475686,65220,2.595284
AUS,2015,23.815995,60520,2.190169
AUS,2016,24.190907,54100,2.759386
AUS,2017,24.592588,51480,2.279592
AUS,2018,24.963258,53080,2.87847
AUS,2019,25.334826,54890,2.171545
AUS,2020,25.649248,53630,-.1195907
AUS,2021,25.685412,57180,2.111168
AUS,2022,26.014399,60710,4.242385
AUS,2023,26.652777,63160,3.441992
AUS,2024,27.204809,62550,1.431113
AUT,1960,7.047539,,
AUT,1961,7.086299,,5.537979
AUT,1962,7.129864,1080,2.648675
AUT,1963,7.175811,1160,4.138268
AUT,1964,7.223801,1270,6.124354
AUT,1965,7.270889,1370,3.480175
AUT,1966,7.322066,1500,5.642861
AUT,1967,7.376998,1590,3.008048
AUT,1968,7.415403,1720,4.472313
AUT,1969,7.441055,1890,6.275867
AUT,1970,7.467086,2080,7.122876
AUT,1971,7.500482,2320,5.114968
AUT,1972,7.544201,2750,6.20786
AUT,1973,7.586115,3560,4.890436
AUT,1974,7.599038,4630,3.942138
AUT,1975,7.578903,5520,-.3637358
AUT,1976,7.565525,5950,4.578445
AUT,1977,7.56843,6630,5.079981
AUT,1978,7.562305,7510,-.2106536
AUT,1979,7.549425,9580,5.3567
AUT,1980,7.549433,11420,1.731485
AUT,1981,7.56871,11130,-.1442947
AUT,1982,7.57414,10340,2.011255
AUT,1983,7.56191,9560,2.973088
AUT,1984,7.561434,9240,.0512752
AUT,1985,7.564985,9330,2.498679
AUT,1986,7.569794,10770,2.301393
AUT,1987,7.574586,13760,1.357168
AUT,1988,7.585317,18000,3.29588
AUT,1989,7.619567,19220,3.887075
AUT,1990,7.67785,20550,4.345642
AUT,1991,7.754891,21720,3.441628
AUT,1992,7.840709,24430,2.093524
AUT,1993,7.905633,24770,.5268098
AUT,1994,7.936118,26040,2.402118
AUT,1995,7.948278,28080,2.667984
AUT,1996,7.959017,29930,2.215767
AUT,1997,7.968041,29410,2.145835
AUT,1998,7.976789,27810,3.49288
AUT,1999,7.992324,26980,3.761924
AUT,2000,8.011566,26660,3.189523
AUT,2001,8.042293,25190,1.316988
AUT,2002,8.081957,24860,1.484369
AUT,2003,8.121423,27950,1.141565
AUT,2004,8.171966,33610,2.565255
AUT,2005,8.227829,38510,2.320365
AUT,2006,8.268641,41170,3.269336
AUT,2007,8.295487,44230,3.775225
AUT,2008,8.321496,48890,1.453306
AUT,2009,8.343323,48900,-3.586265
AUT,2010,8.363404,49460,1.808982
AUT,2011,8.391643,50380,2.927468
AUT,2012,8.429991,49760,.6282462
AUT,2013,8.479823,50260,-.2507264
AUT,2014,8.546356,49960,.7557989
AUT,2015,8.642699,47190,1.303523
AUT,2016,8.736668,45980,2.11722
AUT,2017,8.797566,44800,2.27225
AUT,2018,8.840521,48710,2.484221
AUT,2019,8.87992,50900,1.754976
AUT,2020,8.916864,49000,-6.318255
AUT,2021,8.955797,53400,4.795329
AUT,2022,9.041851,56320,5.277894
AUT,2023,9.131761,55220,-.9549626
AUT,2024,9.178482,54160,-1.173541
AZE,1960,3.8945,,
AZE,1961,4.04575,,
AZE,1962,4.16815,,
AZE,1963,4.29355,,
AZE,1964,4.43925,,
AZE,1965,4.57465,,
AZE,1966,4.70815,,
AZE,1967,4.832,,
AZE,1968,4.9485,,
AZE,1969,5.0633,,
AZE,1970,5.17205,,
AZE,1971,5.28295,,
AZE,1972,5.39145,,
AZE,1973,5.4939,,
AZE,1974,5.5941,,
AZE,1975,5.68905,,
AZE,1976,5.781,,
AZE,1977,5.87615,,
AZE,1978,5.97615,,
AZE,1979,6.0713,,
AZE,1980,6.1605,,
AZE,1981,6.25775,,
AZE,1982,6.35755,,
AZE,1983,6.4598,,
AZE,1984,6.56785,,
AZE,1985,6.67015,,
AZE,1986,6.7703,,
AZE,1987,6.87535,,
AZE,1988,6.9746,,
AZE,1989,7.07655,,
AZE,1990,7.1752,,
AZE,1991,7.2713,,-.7000002
AZE,1992,7.38205,160,-22.6
AZE,1993,7.4948,110,-23.1
AZE,1994,7.59655,80,-19.7
AZE,1995,7.68485,180,-11.8
AZE,1996,7.763,240,1.299999
AZE,1997,7.83825,410,5.8
AZE,1998,7.913,510,10
AZE,1999,7.98275,600,7.400002
AZE,2000,8.0486,630,11.1
AZE,2001,8.1112,680,9.9
AZE,2002,8.17195,740,9.438916
AZE,2003,8.2341,840,10.2083
AZE,2004,8.3065,960,9.253801
AZE,2005,8.39185,1290,27.96154
AZE,2006,8.48455,1920,34.46621
AZE,2007,8.5813,2740,25.46322
AZE,2008,8.7634,3900,10.59144
AZE,2009,8.947243,4820,9.369503
AZE,2010,9.054332,5400,4.788833
AZE,2011,9.173082,5490,-1.572998
AZE,2012,9.295784,6440,2.202939
AZE,2013,9.416801,7450,5.843416
AZE,2014,9.535079,7740,2.797585
AZE,2015,9.649341,6610,1.049546
AZE,2016,9.757812,4790,-3.063598
AZE,2017,9.854033,4110,.1536146
AZE,2018,9.939771,4080,1.500402
AZE,2019,10.024283,4510,2.479809
AZE,2020,10.093121,4480,-4.198961
AZE,2021,10.13775,4910,5.61644
AZE,2022,10.141756,5670,4.71468
AZE,2023,10.153958,6670,1.354477
AZE,2024,10.20285,7310,4.071402
BDI,1960,2.764258,,
BDI,1961,2.835119,,-13.74613
BDI,1962,2.907943,70,9.063158
BDI,1963,2.969841,80,4.135407
BDI,1964,3.05565,80,6.273038
BDI,1965,3.141367,70,3.967226
BDI,1966,3.21796,60,4.612993
BDI,1967,3.30069,50,13.82152
BDI,1968,3.380387,50,-.2978837
BDI,1969,3.45459,50,-1.459541
BDI,1970,3.530432,70,21.32567
BDI,1971,3.617289,70,2.746829
BDI,1972,3.617128,70,-6.403965
BDI,1973,3.611991,80,6.88905
BDI,1974,3.70359,90,-.7268395
BDI,1975,3.796612,110,.6979203
BDI,1976,3.882626,120,7.942661
BDI,1977,3.983582,140,11.46945
BDI,1978,4.100338,140,-.940576
BDI,1979,4.20353,170,1.664955
BDI,1980,4.383706,200,.9910557
BDI,1981,4.566014,240,12.16328
BDI,1982,4.68139,220,-1.0536
BDI,1983,4.808528,210,3.715327
BDI,1984,4.926465,200,.155544
BDI,1985,5.034042,220,11.78318
BDI,1986,5.129414,230,3.25018
BDI,1987,5.247787,250,5.503096
BDI,1988,5.365327,240,5.031024
BDI,1989,5.471706,220,1.349502
BDI,1990,5.587052,210,3.499822
BDI,1991,5.703857,210,4.996837
BDI,1992,5.858407,200,1.009998
BDI,1993,5.676843,180,-6.24
BDI,1994,5.713854,170,-3.83
BDI,1995,6.066316,150,-7.92
BDI,1996,6.070506,140,-8
BDI,1997,6.070042,150,-1.59
BDI,1998,6.187108,150,4.75
BDI,1999,6.337155,140,-1.01
BDI,2000,6.470194,130,-.856864
BDI,2001,6.634365,130,2.055807
BDI,2002,6.824132,130,4.446519
BDI,2003,7.043154,120,-1.223728
BDI,2004,7.310656,120,4.833658
BDI,2005,7.587299,130,.9
BDI,2006,7.865547,150,5.413807
BDI,2007,8.161874,160,3.451949
BDI,2008,8.505637,180,4.861716
BDI,2009,8.947646,190,3.812745
BDI,2010,9.376444,200,5.12416
BDI,2011,9.717978,220,4.0326
BDI,2012,10.071028,230,4.446706
BDI,2013,10.439341,240,4.92419
BDI,2014,10.799785,240,4.24065
BDI,2015,11.04758,240,-3.9
BDI,2016,11.239451,240,-.6000009
BDI,2017,11.506762,240,.5000013
BDI,2018,11.859446,230,1.609935
BDI,2019,12.255336,220,1.812565
BDI,2020,12.617036,210,.3271569
BDI,2021,12.965481,220,3.1
BDI,2022,13.321097,230,1.848999
BDI,2023,13.68945,220,2.66554
BDI,2024,14.047786,190,3.489232
BEL,1960,9.153489,,
BEL,1961,9.183948,,4.978423
BEL,1962,9.220578,1480,5.212004
BEL,1963,9.28977,1560,4.351584
BEL,1964,9.378113,1700,6.956685
BEL,1965,9.463667,1840,3.56066
BEL,1966,9.527807,1980,3.155895
BEL,1967,9.580991,2130,3.868147
BEL,1968,9.618756,2310,4.194129
BEL,1969,9.646032,2560,6.6298
BEL,1970,9.655549,2830,6.352672
BEL,1971,9.673162,3100,3.985827
BEL,1972,9.711115,3640,5.295605
BEL,1973,9.74172,4690,6.381702
BEL,1974,9.772419,6000,4.565259
BEL,1975,9.8007,6910,-1.965942
BEL,1976,9.818227,7580,5.652746
BEL,1977,9.830358,8220,.6261546
BEL,1978,9.839534,9560,2.841897
BEL,1979,9.848382,11730,2.341073
BEL,1980,9.859242,13980,4.444054
BEL,1981,9.858982,13190,-.2792836
BEL,1982,9.856303,11180,.5949868
BEL,1983,9.85552,9430,.311843
BEL,1984,9.855372,8860,2.466383
BEL,1985,9.858308,8820,1.651793
BEL,1986,9.861823,10170,1.822762
BEL,1987,9.870234,13090,2.30666
BEL,1988,9.901664,17010,4.723209
BEL,1989,9.937697,18030,3.469167
BEL,1990,9.967379,19310,3.137402
BEL,1991,10.004486,20580,1.833074
BEL,1992,10.045158,23170,1.530655
BEL,1993,10.084475,23410,-.9618731
BEL,1994,10.115603,25090,3.226971
BEL,1995,10.136811,27070,2.384757
BEL,1996,10.156637,28550,1.321432
BEL,1997,10.181245,28450,3.793672
BEL,1998,10.203008,26530,1.961832
BEL,1999,10.226419,25980,3.542718
BEL,2000,10.25125,25890,3.716705
BEL,2001,10.28657,24460,1.099604
BEL,2002,10.332785,24060,1.706894
BEL,2003,10.376133,27100,1.037955
BEL,2004,10.421137,32910,3.571207
BEL,2005,10.478617,37780,2.321738
BEL,2006,10.547958,39940,2.552341
BEL,2007,10.6257,42740,3.676925
BEL,2008,10.709973,46570,.4469051
BEL,2009,10.796493,47120,-1.906441
BEL,2010,10.895586,47110,2.710311
BEL,2011,11.038264,46720,1.931155
BEL,2012,11.106932,47170,.2158036
BEL,2013,11.159407,47950,.3054945
BEL,2014,11.209057,48050,1.76554
BEL,2015,11.274196,45520,1.474164
BEL,2016,11.331422,43240,1.193503
BEL,2017,11.375158,42310,1.474468
BEL,2018,11.427054,45980,1.877968
BEL,2019,11.48898,48070,2.44289
BEL,2020,11.538604,46330,-4.792984
BEL,2021,11.586195,51130,6.2076
BEL,2022,11.68021,54410,4.259361
BEL,2023,11.787423,55020,1.201692
BEL,2024,11.876844,54840,1.018899
BEN,1960,2.517286,,
BEN,1961,2.559223,,3.14128
BEN,1962,2.604659,90,-3.42641
BEN,1963,2.652908,90,4.730028
BEN,1964,2.704003,100,6.650759
BEN,1965,2.757936,110,5.293863
BEN,1966,2.814317,110,3.575863
BEN,1967,2.872997,110,1.078399
BEN,1968,2.934257,110,3.842336
BEN,1969,2.998222,110,2.877498
BEN,1970,3.065057,110,2.097758
BEN,1971,3.134767,110,-1.496842
BEN,1972,3.207543,120,6.426368
BEN,1973,3.283496,150,3.706165
BEN,1974,3.362633,180,3.339312
BEN,1975,3.445407,190,-4.895345
BEN,1976,3.532196,200,.8843563
BEN,1977,3.623202,220,4.983664
BEN,1978,3.718305,240,1.255078
BEN,1979,3.818528,290,6.535748
BEN,1980,3.925251,370,6.781764
BEN,1981,4.038307,390,9.954231
BEN,1982,4.156596,340,2.235066
BEN,1983,4.278978,270,-4.347823
BEN,1984,4.405895,250,7.92984
BEN,1985,4.538012,250,7.530325
BEN,1986,4.67542,260,2.171142
BEN,1987,4.818486,290,-1.500003
BEN,1988,4.967341,340,3.405245
BEN,1989,5.121657,320,-2.854161
BEN,1990,5.281479,350,8.976134
BEN,1991,5.446932,360,4.2258
BEN,1992,5.617844,350,2.957711
BEN,1993,5.872706,360,5.836172
BEN,1994,6.096506,310,2.020401
BEN,1995,6.226773,340,6.045198
BEN,1996,6.391858,330,4.324284
BEN,1997,6.583365,360,5.734688
BEN,1998,6.789489,350,3.961012
BEN,1999,7.002818,390,5.341449
BEN,2000,7.221619,450,5.857714
BEN,2001,7.445596,510,5.333136
BEN,2002,7.675426,510,4.643031
BEN,2003,7.91307,570,3.443577
BEN,2004,8.159094,690,4.429685
BEN,2005,8.426144,780,1.713165
BEN,2006,8.693242,810,3.943739
BEN,2007,8.953969,870,5.986349
BEN,2008,9.228466,970,4.896577
BEN,2009,9.509423,1020,2.319292
BEN,2010,9.797484,1020,2.114065
BEN,2011,10.093623,1030,2.963753
BEN,2012,10.397657,1050,4.811224
BEN,2013,10.708834,1140,7.191434
BEN,2014,11.030004,1180,6.357679
BEN,2015,11.360681,1100,1.778151
BEN,2016,11.697842,1040,3.339674
BEN,2017,12.03978,1020,5.671562
BEN,2018,12.383347,1120,6.697254
BEN,2019,12.726755,1170,6.865686
BEN,2020,13.070169,1190,3.848792
BEN,2021,13.413417,1280,7.155452
BEN,2022,13.759501,1360,6.252947
BEN,2023,14.111034,1390,6.352777
BEN,2024,14.462724,1430,7.453115
BFA,1960,4.778621,,
BFA,1961,4.848224,,4.043928
BFA,1962,4.919672,80,6.128799
BFA,1963,4.993623,80,-1.268016
BFA,1964,5.071034,80,2.282819
BFA,1965,5.152833,80,3.764545
BFA,1966,5.237933,80,.5376131
BFA,1967,5.326348,90,8.823315
BFA,1968,5.418644,90,3.070774
BFA,1969,5.513177,90,2.026081
BFA,1970,5.610304,90,.1170196
BFA,1971,5.707999,90,1.41334
BFA,1972,5.807234,90,2.311499
BFA,1973,5.911927,110,.4493274
BFA,1974,6.024904,140,8.286427
BFA,1975,6.147569,160,2.998383
BFA,1976,6.280635,170,8.534895
BFA,1977,6.428734,170,.3703535
BFA,1978,6.590984,200,4.607825
BFA,1979,6.763903,250,3.664622
BFA,1980,6.9479,290,.7968789
BFA,1981,7.140271,290,4.255303
BFA,1982,7.340197,280,9.562197
BFA,1983,7.551129,230,.3459847
BFA,1984,7.772256,200,-1.778697
BFA,1985,7.999935,200,8.517365
BFA,1986,8.228847,230,7.955363
BFA,1987,8.457109,260,-.2363368
BFA,1988,8.687435,310,5.795593
BFA,1989,8.921175,320,2.150267
BFA,1990,9.159356,320,-.6029285
BFA,1991,9.394632,340,9.069984
BFA,1992,9.629275,360,.2327108
BFA,1993,9.871713,350,3.461385
BFA,1994,10.123798,270,1.315007
BFA,1995,10.386722,250,5.716374
BFA,1996,10.655942,240,11.01474
BFA,1997,10.934223,250,6.316835
BFA,1998,11.240664,240,7.30772
BFA,1999,11.574928,260,7.395238
BFA,2000,11.925546,260,1.888474
BFA,2001,12.295001,270,6.613406
BFA,2002,12.680897,260,4.352964
BFA,2003,13.082532,310,7.802494
BFA,2004,13.500533,370,4.478452
BFA,2005,13.932123,440,8.661873
BFA,2006,14.373707,470,6.253165
BFA,2007,14.816307,490,4.111379
BFA,2008,15.258093,550,5.799992
BFA,2009,15.710066,590,2.961951
BFA,2010,16.176498,630,8.446281
BFA,2011,16.661908,660,6.622562
BFA,2012,17.172287,710,6.452672
BFA,2013,17.695409,750,5.792585
BFA,2014,18.229461,730,4.326846
BFA,2015,18.777487,680,3.921229
BFA,2016,19.334856,650,5.957977
BFA,2017,19.894407,650,6.203489
BFA,2018,20.438288,730,6.604569
BFA,2019,20.961952,750,5.889205
BFA,2020,21.47869,780,2.010773
BFA,2021,21.995243,830,6.942525
BFA,2022,22.509038,860,1.49724
BFA,2023,23.025776,860,2.960181
BFA,2024,23.548781,880,4.985103
BGD,1960,51.82866,,
BGD,1961,53.310348,,6.058161
BGD,1962,54.881146,,5.453031
BGD,1963,56.504402,,-.4558943
BGD,1964,58.178374,,10.95279
BGD,1965,59.902519,,1.606258
BGD,1966,61.669806,,2.566812
BGD,1967,63.510929,,-1.875864
BGD,1968,65.408276,,9.489454
BGD,1969,67.294133,,1.220858
BGD,1970,69.058894,,5.619852
BGD,1971,70.276758,,-5.479483
BGD,1972,71.641519,,-13.97373
BGD,1973,73.722294,110,3.32568
BGD,1974,75.839348,140,9.591956
BGD,1975,77.854351,190,-4.088214
BGD,1976,79.855318,180,5.661361
BGD,1977,81.867264,160,2.673056
BGD,1978,83.889655,150,7.073838
BGD,1979,85.935072,170,4.801635
BGD,1980,88.016432,210,.8191419
BGD,1981,90.303105,240,7.233943
BGD,1982,92.814507,230,2.134328
BGD,1983,95.335155,210,3.881046
BGD,1984,97.814966,200,4.80331
BGD,1985,100.25383,200,3.342015
BGD,1986,102.63557,220,4.173383
BGD,1987,104.95929,250,3.772402
BGD,1988,107.21601,270,2.416257
BGD,1989,109.4338,280,2.836582
BGD,1990,111.63372,290,5.622258
BGD,1991,113.78711,300,3.485228
BGD,1992,115.95219,300,5.442686
BGD,1993,118.13236,300,4.711562
BGD,1994,120.34318,300,3.890126
BGD,1995,122.60037,320,5.121278
BGD,1996,124.86218,350,4.522919
BGD,1997,127.19807,370,4.489896
BGD,1998,129.62233,390,5.177027
BGD,1999,132.10807,400,4.670156
BGD,2000,134.5443,410,5.293295
BGD,2001,136.80581,420,5.077288
BGD,2002,138.93366,420,3.833124
BGD,2003,140.97035,440,4.739567
BGD,2004,142.90286,490,5.239533
BGD,2005,144.71579,530,6.535945
BGD,2006,146.40597,550,6.671905
BGD,2007,147.98928,580,7.058599
BGD,2008,149.47426,640,6.01379
BGD,2009,150.87371,700,5.045125
BGD,2010,152.20198,780,5.571788
BGD,2011,153.59108,870,6.464379
BGD,2012,155.0701,950,6.521459
BGD,2013,156.53214,1010,6.013606
BGD,2014,157.96493,1080,6.061059
BGD,2015,159.38318,1200,6.55264
BGD,2016,160.81193,1400,7.113478
BGD,2017,162.18615,1640,6.59025
BGD,2018,163.5231,2020,7.319413
BGD,2019,164.91306,2220,7.881915
BGD,2020,166.29802,2320,3.448018
BGD,2021,167.65885,2600,6.938679
BGD,2022,169.3849,2850,7.099829
BGD,2023,171.46699,2880,5.775112
BGD,2024,173.56236,2820,4.223259
BGR,1960,7.867374,,
BGR,1961,7.943118,,
BGR,1962,8.012946,,
BGR,1963,8.078145,,
BGR,1964,8.14434,,
BGR,1965,8.204168,,
BGR,1966,8.258057,,
BGR,1967,8.310226,,
BGR,1968,8.369603,,
BGR,1969,8.434172,,
BGR,1970,8.489574,,
BGR,1971,8.536395,,
BGR,1972,8.5762,,
BGR,1973,8.620967,,
BGR,1974,8.678745,,
BGR,1975,8.720742,,
BGR,1976,8.758599,,
BGR,1977,8.804183,,
BGR,1978,8.814032,,
BGR,1979,8.82594,,
BGR,1980,8.861535,,
BGR,1981,8.891117,,4.900162
BGR,1982,8.917457,2360,2.334566
BGR,1983,8.939738,2090,3.430306
BGR,1984,8.960679,2010,3.396444
BGR,1985,8.960547,1950,2.683441
BGR,1986,8.958171,2190,4.207602
BGR,1987,8.971359,2720,6.054514
BGR,1988,8.981446,3110,10.94469
BGR,1989,8.876972,2830,-3.289882
BGR,1990,8.718289,2250,-9.117377
BGR,1991,8.632367,1340,-8.445355
BGR,1992,8.540164,1140,-7.272388
BGR,1993,8.472313,1030,-1.480215
BGR,1994,8.443591,1170,1.818011
BGR,1995,8.406067,1520,2.862019
BGR,1996,8.362826,1590,5.205392
BGR,1997,8.312068,1460,-14.11538
BGR,1998,8.256786,1440,3.78912
BGR,1999,8.210624,1480,-8.396091
BGR,2000,8.170172,1660,4.587225
BGR,2001,8.009142,1770,3.823704
BGR,2002,7.837161,1970,5.871931
BGR,2003,7.775327,2370,5.237154
BGR,2004,7.71686,3060,6.510425
BGR,2005,7.658972,3800,7.056349
BGR,2006,7.601022,4300,6.802589
BGR,2007,7.545338,4820,6.654387
BGR,2008,7.492561,6070,6.129559
BGR,2009,7.444443,6680,-3.347141
BGR,2010,7.395599,7010,1.55536
BGR,2011,7.348328,7260,2.090175
BGR,2012,7.305888,7490,.7488149
BGR,2013,7.160005,7700,-.5427516
BGR,2014,7.073572,7850,.949449
BGR,2015,6.984225,7620,3.397553
BGR,2016,6.894139,7630,3.026629
BGR,2017,6.803468,7900,2.745926
BGR,2018,6.710798,8870,2.549464
BGR,2019,6.616726,9940,3.78885
BGR,2020,6.550696,10100,-3.215737
BGR,2021,6.507301,11720,7.780615
BGR,2022,6.465097,13100,4.038777
BGR,2023,6.446596,14270,1.886815
BGR,2024,6.444366,15320,2.810828
BHR,1960,.165477,,
BHR,1961,.172346,,
BHR,1962,.179349,,
BHR,1963,.186501,,
BHR,1964,.193816,,
BHR,1965,.200866,,
BHR,1966,.207543,,
BHR,1967,.214189,,
BHR,1968,.219337,,
BHR,1969,.222469,,
BHR,1970,.224809,,
BHR,1971,.230733,,1.607143
BHR,1972,.242113,,11.07206
BHR,1973,.25532,,13.92405
BHR,1974,.269038,,8.472222
BHR,1975,.283243,,-8.834827
BHR,1976,.297863,,30.4763
BHR,1977,.312823,,13.01765
BHR,1978,.328046,,3.862269
BHR,1979,.343457,,3.469268
BHR,1980,.358978,7600,2.580279
BHR,1981,.373524,8530,-5.316697
BHR,1982,.386983,8500,-7.556218
BHR,1983,.400707,9060,6.376377
BHR,1984,.415154,9130,5.003646
BHR,1985,.430358,7700,-4.758268
BHR,1986,.446286,7020,1.182994
BHR,1987,.462854,7470,10.39901
BHR,1988,.479929,7560,6.999991
BHR,1989,.497327,7410,.3640071
BHR,1990,.514797,8740,4.437997
BHR,1991,.503052,9930,11.23
BHR,1992,.516458,10010,6.689998
BHR,1993,.530225,10150,12.87001
BHR,1994,.544366,9780,-.2500014
BHR,1995,.558879,10470,3.929992
BHR,1996,.573792,10880,4.110006
BHR,1997,.589115,10410,3.092999
BHR,1998,.604842,10210,4.790004
BHR,1999,.620989,10120,4.299998
BHR,2000,.637582,12500,5.300069
BHR,2001,.661316,12730,2.490949
BHR,2002,.710553,12480,3.348551
BHR,2003,.764517,13180,6.296441
BHR,2004,.823741,14680,6.980962
BHR,2005,.888822,16550,6.768997
BHR,2006,.960424,17850,6.467
BHR,2007,1.039295,19600,8.293962
BHR,2008,1.103496,21070,6.245011
BHR,2009,1.178415,18940,2.539886
BHR,2010,1.228543,19510,4.334299
BHR,2011,1.19502,20040,1.928158
BHR,2012,1.208964,24670,3.803029
BHR,2013,1.253191,25970,5.292622
BHR,2014,1.314562,25480,4.308857
BHR,2015,1.370322,23640,2.507872
BHR,2016,1.423726,22720,3.814993
BHR,2017,1.501116,22360,4.953835
BHR,2018,1.503091,24200,2.052589
BHR,2019,1.483756,25800,2.052878
BHR,2020,1.472204,23870,-5.911363
BHR,2021,1.504365,25240,4.350041
BHR,2022,1.524693,28300,6.180161
BHR,2023,1.577059,28460,3.878116
BHR,2024,1.58867,28810,3.017248
BHS,1960,.116317,,
BHS,1961,.122197,,10.6671
BHS,1962,.128493,1460,10.45197
BHS,1963,.135087,1560,10.52406
BHS,1964,.141528,1660,10.50157
BHS,1965,.147952,1800,10.4256
BHS,1966,.154874,1940,9.071929
BHS,1967,.162267,2120,9.598114
BHS,1968,.170089,2340,8.421763
BHS,1969,.177981,2600,8.981663
BHS,1970,.184982,2710,-5.64965
BHS,1971,.190857,2860,1.626509
BHS,1972,.196055,2890,-3.497336
BHS,1973,.200791,3380,7.567569
BHS,1974,.205342,3460,-16.75423
BHS,1975,.209886,4180,-14.80313
BHS,1976,.214501,2800,5.185185
BHS,1977,.219157,3030,9.154929
BHS,1978,.223761,3350,14.17952
BHS,1979,.22823,4690,26.1393
BHS,1980,.232526,5480,6.495282
BHS,1981,.236614,5270,-9.226405
BHS,1982,.240614,5820,6.698898
BHS,1983,.244698,6110,3.597052
BHS,1984,.248863,7120,14.17115
BHS,1985,.253154,7890,4.82918
BHS,1986,.257536,8720,1.797
BHS,1987,.261935,10030,2.984519
BHS,1988,.266448,10880,2.309708
BHS,1989,.271178,11540,6.72733
BHS,1990,.275945,11020,-1.596249
BHS,1991,.280731,10530,-4.181785
BHS,1992,.285927,10750,-3.825582
BHS,1993,.291339,10530,.3078066
BHS,1994,.296509,10790,3.148916
BHS,1995,.301461,13250,4.378752
BHS,1996,.306268,14770,4.22353
BHS,1997,.310904,13460,1.287753
BHS,1998,.315368,16180,4.716799
BHS,1999,.319614,22250,7.144104
BHS,2000,.323835,23880,4.148419
BHS,2001,.327836,24520,2.62601
BHS,2002,.331614,25220,2.704956
BHS,2003,.335618,25900,-1.264917
BHS,2004,.339782,27470,.8823738
BHS,2005,.343894,28880,3.396084
BHS,2006,.348375,29230,2.516592
BHS,2007,.353334,29690,1.4461
BHS,2008,.35812,29660,-2.323648
BHS,2009,.36281,27920,-4.175428
BHS,2010,.367478,27320,1.538662
BHS,2011,.371729,26990,.6131707
BHS,2012,.375469,27910,4.520124
BHS,2013,.378953,26870,-2.86328
BHS,2014,.382298,27220,1.847306
BHS,2015,.385346,27620,.9967489
BHS,2016,.388055,27820,-1.156267
BHS,2017,.390485,29570,3.371237
BHS,2018,.392717,30650,2.39852
BHS,2019,.394675,31630,-.8390513
BHS,2020,.395863,25180,-20.08956
BHS,2021,.396373,29910,17.5869
BHS,2022,.397538,33790,10.87745
BHS,2023,.39944,35540,3.048775
BHS,2024,.401283,,3.378507
BIH,1960,3.281381,,
BIH,1961,3.348035,,
BIH,1962,3.407532,,
BIH,1963,3.461942,,
BIH,1964,3.513441,,
BIH,1965,3.562834,,
BIH,1966,3.610562,,
BIH,1967,3.656223,,
BIH,1968,3.698794,,
BIH,1969,3.737765,,
BIH,1970,3.773247,,
BIH,1971,3.809376,,
BIH,1972,3.848271,,
BIH,1973,3.887376,,
BIH,1974,3.926472,,
BIH,1975,3.965743,,
BIH,1976,4.004552,,
BIH,1977,4.042124,,
BIH,1978,4.07824,,
BIH,1979,4.1133,,
BIH,1980,4.148426,,
BIH,1981,4.184217,,
BIH,1982,4.2211,,
BIH,1983,4.258728,,
BIH,1984,4.295536,,
BIH,1985,4.330364,,
BIH,1986,4.362115,,
BIH,1987,4.390246,,
BIH,1988,4.414404,,
BIH,1989,4.433983,,
BIH,1990,4.448652,,
BIH,1991,4.458343,,-9.348025
BIH,1992,4.234616,1140,-6.436908
BIH,1993,3.904482,980,-2.181349
BIH,1994,3.725412,580,11.13197
BIH,1995,3.715564,510,15.9683
BIH,1996,3.875246,640,54.1993
BIH,1997,4.018227,900,36.64113
BIH,1998,4.089356,1230,16.61637
BIH,1999,4.130305,1270,9.52157
BIH,2000,4.159771,1330,5.414316
BIH,2001,4.179438,1420,2.423313
BIH,2002,4.188002,1570,5.027444
BIH,2003,4.178523,1830,3.867139
BIH,2004,4.140987,2450,6.325266
BIH,2005,4.096493,2810,3.897178
BIH,2006,4.063272,3160,5.414003
BIH,2007,4.013424,3680,5.857126
BIH,2008,3.947544,4500,5.443831
BIH,2009,3.879794,4790,-3.004456
BIH,2010,3.811472,4820,.8656693
BIH,2011,3.741798,4900,.9595112
BIH,2012,3.670113,4900,-.8218365
BIH,2013,3.610859,5170,2.349857
BIH,2014,3.564829,5180,1.153851
BIH,2015,3.518541,5140,4.314751
BIH,2016,3.473003,5070,3.242255
BIH,2017,3.428682,5070,3.244101
BIH,2018,3.387,5720,3.827499
BIH,2019,3.345533,6180,2.887343
BIH,2020,3.299349,6160,-3.015095
BIH,2021,3.244907,6970,7.389962
BIH,2022,3.204802,7710,4.226811
BIH,2023,3.185073,8270,1.994395
BIH,2024,3.164253,8630,2.480047
BLR,1960,8.198,,
BLR,1961,8.271216,,
BLR,1962,8.351928,,
BLR,1963,8.437232,,
BLR,1964,8.524224,,
BLR,1965,8.61,,
BLR,1966,8.696496,,
BLR,1967,8.785648,,
BLR,1968,8.874552,,
BLR,1969,8.960304,,
BLR,1970,9.04,,
BLR,1971,9.115576,,
BLR,1972,9.188968,,
BLR,1973,9.257272,,
BLR,1974,9.317584,,
BLR,1975,9.367,,
BLR,1976,9.411,,
BLR,1977,9.463,,
BLR,1978,9.525,,
BLR,1979,9.584,,
BLR,1980,9.643,,
BLR,1981,9.71,,
BLR,1982,9.776,,
BLR,1983,9.843,,
BLR,1984,9.91,,
BLR,1985,9.975,,
BLR,1986,10.043,,
BLR,1987,10.111,,
BLR,1988,10.14,,
BLR,1989,10.17,,
BLR,1990,10.189348,,
BLR,1991,10.19405,,-1.199996
BLR,1992,10.21647,1680,-9.600001
BLR,1993,10.23905,1610,-7.600002
BLR,1994,10.226955,1460,-11.7
BLR,1995,10.193831,1370,-10.4
BLR,1996,10.159569,1450,2.800004
BLR,1997,10.117433,1540,11.40001
BLR,1998,10.071963,1560,8.399991
BLR,1999,10.026738,1410,3.399999
BLR,2000,9.97961,1380,5.800003
BLR,2001,9.928549,1300,4.725306
BLR,2002,9.865548,1380,5.045268
BLR,2003,9.796749,1630,7.043192
BLR,2004,9.730146,2170,11.44974
BLR,2005,9.663915,2820,9.400002
BLR,2006,9.604924,3510,9.999994
BLR,2007,9.560953,4310,8.600007
BLR,2008,9.527985,5470,10.2
BLR,2009,9.504583,5660,.1999952
BLR,2010,9.483836,6150,7.750017
BLR,2011,9.461643,6350,5.549975
BLR,2012,9.446836,6630,1.707853
BLR,2013,9.443211,7030,.9987193
BLR,2014,9.448515,7620,1.651125
BLR,2015,9.461076,6740,-3.829571
BLR,2016,9.469379,5640,-2.526446
BLR,2017,9.458989,5320,2.532183
BLR,2018,9.438785,5730,3.149198
BLR,2019,9.419758,6370,1.446455
BLR,2020,9.379952,6410,-.672743
BLR,2021,9.302585,7040,2.438862
BLR,2022,9.228071,7210,-4.658396
BLR,2023,9.178298,7850,4.12654
BLR,2024,9.133712,8240,4.009849
BLZ,1960,.091318,,
BLZ,1961,.093632,,4.892277
BLZ,1962,.096042,330,4.892652
BLZ,1963,.098704,340,4.956434
BLZ,1964,.101603,350,4.99988
BLZ,1965,.104675,370,4.930541
BLZ,1966,.107906,400,4.770845
BLZ,1967,.111272,430,4.913123
BLZ,1968,.114713,430,7.367226
BLZ,1969,.11804,420,5.106375
BLZ,1970,.120736,430,4.807693
BLZ,1971,.122805,460,3.959441
BLZ,1972,.124676,530,10.2183
BLZ,1973,.126445,610,5.351894
BLZ,1974,.128185,750,13.55999
BLZ,1975,.130387,860,3.592824
BLZ,1976,.133099,810,-.0340209
BLZ,1977,.135887,860,6.496594
BLZ,1978,.138713,930,7.920807
BLZ,1979,.141678,1120,7.517022
BLZ,1980,.145062,1530,12.10875
BLZ,1981,.148786,1690,1.133297
BLZ,1982,.152548,1720,-.1067236
BLZ,1983,.156297,1560,-2.147436
BLZ,1984,.160044,1600,1.976198
BLZ,1985,.163796,1660,1.006424
BLZ,1986,.167554,1860,4.547382
BLZ,1987,.171338,2200,10.72696
BLZ,1988,.17518,2550,9.788481
BLZ,1989,.179107,2830,13.01084
BLZ,1990,.183076,3080,11.44649
BLZ,1991,.18704,3330,11.78068
BLZ,1992,.190983,3690,12.73104
BLZ,1993,.194902,3840,6.138
BLZ,1994,.199097,3800,-.0198049
BLZ,1995,.204146,3900,.7329273
BLZ,1996,.21031,3910,1.10614
BLZ,1997,.217446,3950,4.235146
BLZ,1998,.225173,3860,3.89047
BLZ,1999,.233059,4060,9.424812
BLZ,2000,.240799,4480,12.24046
BLZ,2001,.248379,4470,4.993968
BLZ,2002,.256009,4550,5.397124
BLZ,2003,.26378,4830,9.666656
BLZ,2004,.271688,5000,4.78084
BLZ,2005,.279731,5050,2.219539
BLZ,2006,.287878,5160,4.511447
BLZ,2007,.2961,5210,3.353248
BLZ,2008,.304361,5170,-1.682116
BLZ,2009,.312614,5280,-.3893215
BLZ,2010,.320245,5050,1.114036
BLZ,2011,.327298,5150,-.2445438
BLZ,2012,.334414,5310,3.737776
BLZ,2013,.341627,5580,4.454326
BLZ,2014,.348923,5670,4.030846
BLZ,2015,.356333,5790,2.876184
BLZ,2016,.364705,5650,.0545517
BLZ,2017,.373202,5490,-1.812854
BLZ,2018,.380226,5630,1.110571
BLZ,2019,.385829,5870,4.267637
BLZ,2020,.390812,5170,-13.90291
BLZ,2021,.395346,6090,17.74617
BLZ,2022,.402733,6710,9.652978
BLZ,2023,.411106,6890,1.149017
BLZ,2024,.417072,7640,8.15179
BMU,1960,.042208,,
BMU,1961,.043123,,4.68
BMU,1962,.044239,,4.47
BMU,1963,.04534,,1.07
BMU,1964,.04641,,11.11
BMU,1965,.047461,,4.76
BMU,1966,.048534,,14.36364
BMU,1967,.049514,,13.27504
BMU,1968,.050404,,2.105263
BMU,1969,.051306,,3.436426
BMU,1970,.052124,,6.312293
BMU,1971,.052607,,3.4375
BMU,1972,.052803,,1.812689
BMU,1973,.052946,,1.48368
BMU,1974,.053056,,.877193
BMU,1975,.053129,,3.768116
BMU,1976,.05321,,8.938547
BMU,1977,.053322,,5.897436
BMU,1978,.053431,,1.452785
BMU,1979,.053517,,2.147971
BMU,1980,.053673,,7.943925
BMU,1981,.053997,,2.380952
BMU,1982,.054387,,-5.285412
BMU,1983,.054777,,2.008929
BMU,1984,.055169,,.4814004
BMU,1985,.055547,,-2.003484
BMU,1986,.055889,,6.666667
BMU,1987,.056265,,3.75
BMU,1988,.056699,,4.056225
BMU,1989,.057129,,.4438441
BMU,1990,.057559,,.0192123
BMU,1991,.057984,,-3.534382
BMU,1992,.058407,,-.0597382
BMU,1993,.058816,,3.008567
BMU,1994,.059194,,.5996134
BMU,1995,.059526,,4.399148
BMU,1996,.059813,,2.600475
BMU,1997,.060177,,4.600001
BMU,1998,.060639,,3.9
BMU,1999,.061124,,3.382647
BMU,2000,.06155,,9.317157
BMU,2001,.061867,,7.222435
BMU,2002,.062142,,-1.477791
BMU,2003,.062386,,3.410707
BMU,2004,.062555,,2.321267
BMU,2005,.062711,,1.674206
BMU,2006,.062834,,5.543866
BMU,2007,.06301,,3.34514
BMU,2008,.0633,,-1.865956
BMU,2009,.063565,,-5.626698
BMU,2010,.063725,105750,-2.502878
BMU,2011,.063733,102930,-3.742744
BMU,2012,.063646,101910,-5.305299
BMU,2013,.063574,104040,-.2797085
BMU,2014,.063529,102450,-3.701068
BMU,2015,.063464,103940,.7755297
BMU,2016,.063449,105430,-.6572063
BMU,2017,.063578,113460,3.61142
BMU,2018,.063831,117160,-.4328013
BMU,2019,.064107,116920,.3071065
BMU,2020,.064382,110960,-6.827573
BMU,2021,.064648,120410,4.607429
BMU,2022,.064749,132200,6.476226
BMU,2023,.064698,134500,4.917215
BMU,2024,.064636,140280,2.105369
BOL,1960,3.702323,,
BOL,1961,3.778731,,2.089296
BOL,1962,3.857493,,5.578918
BOL,1963,3.938913,,6.797626
BOL,1964,4.022996,,3.956597
BOL,1965,4.109796,,4.913442
BOL,1966,4.19955,,7.170589
BOL,1967,4.292572,,6.31722
BOL,1968,4.388944,,8.529443
BOL,1969,4.488232,,4.474097
BOL,1970,4.59001,,5.23103
BOL,1971,4.694342,,5.063336
BOL,1972,4.800978,,7.967485
BOL,1973,4.9102,,5.739161
BOL,1974,5.022475,,2.939568
BOL,1975,5.137539,,7.311018
BOL,1976,5.256496,530,4.614567
BOL,1977,5.379166,570,4.971216
BOL,1978,5.504123,630,2.052695
BOL,1979,5.630849,740,.1333441
BOL,1980,5.7589,790,-1.371773
BOL,1981,5.888109,870,.2756164
BOL,1982,6.018088,820,-3.938738
BOL,1983,6.14906,800,-4.042121
BOL,1984,6.281868,820,-.2006657
BOL,1985,6.416185,800,-1.67639
BOL,1986,6.552479,710,-2.573884
BOL,1987,6.692162,690,2.463485
BOL,1988,6.835508,690,2.909498
BOL,1989,6.981766,690,3.790131
BOL,1990,7.130142,690,4.635787
BOL,1991,7.280289,710,5.266527
BOL,1992,7.430336,740,1.646498
BOL,1993,7.579195,760,4.269296
BOL,1994,7.727322,790,4.667265
BOL,1995,7.874676,820,4.678277
BOL,1996,8.021736,870,4.361342
BOL,1997,8.1679,930,4.954209
BOL,1998,8.313394,960,5.029355
BOL,1999,8.459806,950,.4268854
BOL,2000,8.606326,960,2.507811
BOL,2001,8.752736,930,1.683799
BOL,2002,8.900355,900,2.485566
BOL,2003,9.0507,890,2.71134
BOL,2004,9.204287,940,4.173295
BOL,2005,9.360754,1000,4.421433
BOL,2006,9.521689,1090,4.797009
BOL,2007,9.68596,1210,4.564384
BOL,2008,9.850858,1460,6.148498
BOL,2009,10.016275,1600,3.357
BOL,2010,10.182345,1760,4.126723
BOL,2011,10.348929,1970,5.204093
BOL,2012,10.515807,2220,5.122275
BOL,2013,10.682608,2550,6.796011
BOL,2014,10.848888,2800,5.460569
BOL,2015,11.014705,2920,4.857187
BOL,2016,11.18002,3000,4.263921
BOL,2017,11.344587,3050,4.195206
BOL,2018,11.508368,3320,4.223624
BOL,2019,11.671386,3470,2.216706
BOL,2020,11.816299,3150,-8.737885
BOL,2021,11.93736,3330,6.111372
BOL,2022,12.077154,3530,3.60568
BOL,2023,12.244159,3620,3.081965
BOL,2024,12.413315,3690,1.384683
BRA,1960,72.388126,,
BRA,1961,74.605447,,8.6
BRA,1962,76.865323,260,6.6
BRA,1963,79.164235,260,.6
BRA,1964,81.488595,270,3.4
BRA,1965,83.817583,270,2.4
BRA,1966,86.139359,270,6.7
BRA,1967,88.446124,310,4.2
BRA,1968,90.74124,370,9.8
BRA,1969,93.045777,420,9.5
BRA,1970,95.375651,450,10.4
BRA,1971,97.739273,510,11.34292
BRA,1972,100.1468,590,11.94035
BRA,1973,102.60098,730,13.96872
BRA,1974,105.08967,960,8.153938
BRA,1975,107.61956,1180,5.166649
BRA,1976,110.21335,1400,10.25713
BRA,1977,112.87529,1510,4.934328
BRA,1978,115.60094,1700,4.969898
BRA,1979,118.38082,1990,6.75956
BRA,1980,121.20746,2170,9.2
BRA,1981,124.06311,2110,-4.25
BRA,1982,126.92315,2060,.83
BRA,1983,129.79008,1770,-2.93
BRA,1984,132.65886,1680,5.4
BRA,1985,135.51559,1540,7.85
BRA,1986,138.33637,1750,7.49
BRA,1987,141.10494,2030,3.53
BRA,1988,143.82636,2300,-.06
BRA,1989,146.50297,2630,3.16
BRA,1990,149.14322,2470,-4.35
BRA,1991,151.72426,2510,1.03219
BRA,1992,154.27508,2330,-.544072
BRA,1993,156.79458,2310,4.92469
BRA,1994,159.26501,2620,5.85287
BRA,1995,161.73507,3440,4.223794
BRA,1996,164.20255,4420,2.208864
BRA,1997,166.66166,5110,3.394846
BRA,1998,169.15965,4980,.3380979
BRA,1999,171.64154,4230,.4679376
BRA,2000,174.01828,3950,4.387949
BRA,2001,176.3012,3370,1.389896
BRA,2002,178.50348,3120,3.053462
BRA,2003,180.62269,3010,1.140829
BRA,2004,182.67514,3370,5.759964
BRA,2005,184.6881,4030,3.202132
BRA,2006,186.65311,4890,3.961989
BRA,2007,188.55232,6240,6.06987
BRA,2008,190.3673,7680,5.094195
BRA,2009,192.07995,8400,-.125812
BRA,2010,193.70193,9750,7.528226
BRA,2011,195.28473,11210,3.974423
BRA,2012,196.87611,12460,1.921176
BRA,2013,198.4783,12950,3.004823
BRA,2014,200.08513,12280,.5039557
BRA,2015,201.67553,10330,-3.545763
BRA,2016,203.21811,9050,-3.275917
BRA,2017,204.70344,8830,1.322869
BRA,2018,206.10726,9320,1.783667
BRA,2019,207.45546,9410,1.220778
BRA,2020,208.66084,8080,-3.276759
BRA,2021,209.55029,8060,4.762604
BRA,2022,210.30641,8440,3.016694
BRA,2023,211.14073,9310,3.241655
BRA,2024,211.99857,9950,3.395866
BRB,1960,.230893,,
BRB,1961,.233148,,7.69653
BRB,1962,.235224,520,9.060759
BRB,1963,.237557,510,-5.078421
BRB,1964,.239958,540,5.004876
BRB,1965,.242417,620,11.43484
BRB,1966,.244996,620,4.003371
BRB,1967,.247091,680,10.63614
BRB,1968,.24854,720,6.921821
BRB,1969,.249444,770,7.518405
BRB,1970,.249387,860,9.509403
BRB,1971,.249168,960,3.912722
BRB,1972,.249658,1070,1.273801
BRB,1973,.250322,1300,1.3407
BRB,1974,.250777,1570,-4.650841
BRB,1975,.251175,1760,-1.9
BRB,1976,.251442,2070,4.360211
BRB,1977,.251626,2340,3.642206
BRB,1978,.251551,2670,4.876939
BRB,1979,.251269,3270,7.893008
BRB,1980,.251524,3460,4.373065
BRB,1981,.25227,4110,-1.899752
BRB,1982,.253095,4410,-4.900939
BRB,1983,.253992,4480,.5012531
BRB,1984,.25492,4960,3.600374
BRB,1985,.25582,5320,1.09824
BRB,1986,.256618,5920,5.104167
BRB,1987,.257279,6710,2.590967
BRB,1988,.257763,7460,3.505382
BRB,1989,.258109,7920,3.6
BRB,1990,.258582,7670,-3.307593
BRB,1991,.259373,7640,-3.899907
BRB,1992,.260267,7540,-5.692521
BRB,1993,.261027,7770,.7930682
BRB,1994,.26162,8110,2.010782
BRB,1995,.262039,8470,2.013998
BRB,1996,.262284,8850,3.976476
BRB,1997,.262392,9250,4.740103
BRB,1998,.262436,9670,3.728464
BRB,1999,.262517,10110,.3346561
BRB,2000,.262063,11170,4.44719
BRB,2001,.262425,11030,-2.365465
BRB,2002,.264148,11030,.787402
BRB,2003,.265776,11660,2.175481
BRB,2004,.267298,12660,1.411598
BRB,2005,.268706,13610,3.955457
BRB,2006,.270002,14630,6.070546
BRB,2007,.271288,15950,2.079184
BRB,2008,.272714,16600,.6334606
BRB,2009,.274123,16150,-5.017275
BRB,2010,.275243,16710,-2.217711
BRB,2011,.276139,16990,-.7314346
BRB,2012,.276938,18550,-.3133112
BRB,2013,.277665,18530,-1.010382
BRB,2014,.278348,18450,.0824055
BRB,2015,.27899,18010,-.8460985
BRB,2016,.279598,18070,1.79193
BRB,2017,.280171,18240,.128446
BRB,2018,.280711,18820,-1.174065
BRB,2019,.281207,19490,.6525854
BRB,2020,.281698,17610,-15.05436
BRB,2021,.282147,18320,-.2549659
BRB,2022,.282318,22290,17.83286
BRB,2023,.282336,22870,4.09382
BRB,2024,.282467,23660,3.8
BRN,1960,.088347,,
BRN,1961,.092517,,
BRN,1962,.096719,,
BRN,1963,.101159,,
BRN,1964,.105922,,
BRN,1965,.110838,,
BRN,1966,.115874,,
BRN,1967,.121017,,
BRN,1968,.126222,,
BRN,1969,.131446,,
BRN,1970,.135138,,
BRN,1971,.137921,,
BRN,1972,.142189,,
BRN,1973,.147369,,
BRN,1974,.152656,,
BRN,1975,.15807,,-.6452916
BRN,1976,.163607,,20.87414
BRN,1977,.169277,,9.934035
BRN,1978,.174884,,7.019134
BRN,1979,.180422,,24.33839
BRN,1980,.186111,,-9.70796
BRN,1981,.191977,,-22.38482
BRN,1982,.198165,,2.30153
BRN,1983,.204741,,.3993773
BRN,1984,.211661,,-2.376594
BRN,1985,.218919,,-2.907244
BRN,1986,.226495,,-5.40722
BRN,1987,.23386,,2.083544
BRN,1988,.240913,,-1.535863
BRN,1989,.248064,20550,-2.726214
BRN,1990,.255292,21430,2.643074
BRN,1991,.262596,23400,2.910656
BRN,1992,.269839,23920,-3.120619
BRN,1993,.276971,23250,-.6336498
BRN,1994,.284091,23220,.9927347
BRN,1995,.291195,24460,1.347294
BRN,1996,.298276,25200,-.0273152
BRN,1997,.305341,26590,6.343945
BRN,1998,.312385,21000,-6.657159
BRN,1999,.319411,19960,4.260723
BRN,2000,.326424,19390,3.474676
BRN,2001,.333345,19270,1.466061
BRN,2002,.340099,18960,3.961439
BRN,2003,.346637,19840,3.583429
BRN,2004,.352911,22190,.1045384
BRN,2005,.358916,25670,-.0039252
BRN,2006,.364663,30720,4.098413
BRN,2007,.370873,33470,-3.763623
BRN,2008,.377793,36700,-3.900711
BRN,2009,.384952,35470,-1.900254
BRN,2010,.392332,35370,2.741364
BRN,2011,.399389,36520,3.744406
BRN,2012,.405557,41690,.9131353
BRN,2013,.411202,44580,-2.124783
BRN,2014,.41675,42370,-2.507887
BRN,2015,.422212,38180,-.3923835
BRN,2016,.427564,32570,-2.477918
BRN,2017,.432772,29230,1.328727
BRN,2018,.43781,28790,.0523711
BRN,2019,.44268,31550,3.868844
BRN,2020,.447404,30810,1.133573
BRN,2021,.451721,29890,-1.590762
BRN,2022,.45537,30970,-1.628332
BRN,2023,.458949,34390,1.127644
BRN,2024,.462721,36150,4.200373
BTN,1960,.224084,,
BTN,1961,.230602,,
BTN,1962,.237636,,
BTN,1963,.245156,,
BTN,1964,.252987,,
BTN,1965,.2612,,
BTN,1966,.26982,,
BTN,1967,.278852,,
BTN,1968,.288311,,
BTN,1969,.298214,,
BTN,1970,.308528,,
BTN,1971,.319211,,2.6771
BTN,1972,.330264,170,1.163257
BTN,1973,.341705,190,1.46709
BTN,1974,.353538,220,5.158265
BTN,1975,.365791,220,-3.307321
BTN,1976,.37849,210,8.95465
BTN,1977,.391639,210,7.901235
BTN,1978,.405243,210,7.126512
BTN,1979,.4192,220,4.790967
BTN,1980,.433404,250,5.008736
BTN,1981,.447836,270,15.12229
BTN,1982,.462485,250,3.439774
BTN,1983,.47746,230,10.43102
BTN,1984,.492784,260,4.556659
BTN,1985,.508392,260,4.028533
BTN,1986,.524324,300,11.3922
BTN,1987,.540557,430,29.05432
BTN,1988,.556986,480,4.767373
BTN,1989,.573586,500,7.355567
BTN,1990,.589287,500,10.38312
BTN,1991,.599784,430,-.4078757
BTN,1992,.577774,420,4.600891
BTN,1993,.554673,400,1.986367
BTN,1994,.554497,430,4.951504
BTN,1995,.547989,450,7.074118
BTN,1996,.548784,500,5.565173
BTN,1997,.558697,550,5.373838
BTN,1998,.569435,520,5.914031
BTN,1999,.582579,550,7.983972
BTN,2000,.596863,710,3.355068
BTN,2001,.610794,780,7.328374
BTN,2002,.624409,860,10.44378
BTN,2003,.637663,960,7.786561
BTN,2004,.650544,1090,5.157258
BTN,2005,.661865,1260,6.935071
BTN,2006,.670799,1390,5.640805
BTN,2007,.678641,1700,16.10478
BTN,2008,.686351,1850,4.529449
BTN,2009,.693988,1980,7.667492
BTN,2010,.701632,2180,11.93187
BTN,2011,.709377,2430,8.489259
BTN,2012,.717279,2620,5.16482
BTN,2013,.725273,2630,1.73634
BTN,2014,.733139,2670,5.881085
BTN,2015,.740618,2740,6.660801
BTN,2016,.747866,2880,8.475944
BTN,2017,.754335,2960,2.086845
BTN,2018,.759759,3150,3.501872
BTN,2019,.764824,3370,5.755148
BTN,2020,.770006,3040,-10.2184
BTN,2021,.775442,3300,4.421367
BTN,2022,.780914,3600,5.213868
BTN,2023,.786385,3740,4.882594
BTN,2024,.791524,,
BWA,1960,.516165,,
BWA,1961,.527942,,6.343284
BWA,1962,.540186,70,6.666668
BWA,1963,.552966,80,5.921045
BWA,1964,.566266,80,6.832301
BWA,1965,.574664,90,5.813955
BWA,1966,.577866,100,6.344019
BWA,1967,.580933,100,5.92456
BWA,1968,.583966,120,10.56706
BWA,1969,.587066,150,15.1234
BWA,1970,.590334,170,17.12027
BWA,1971,.600481,220,25.82111
BWA,1972,.622407,280,26.36194
BWA,1973,.652408,370,21.30318
BWA,1974,.685448,460,8.797795
BWA,1975,.72038,540,8.44625
BWA,1976,.758508,550,10.64738
BWA,1977,.799574,590,12.01204
BWA,1978,.849239,670,14.3328
BWA,1979,.901742,850,12.14859
BWA,1980,.937485,1060,11.9869
BWA,1981,.969996,1290,9.064857
BWA,1982,1.009269,1230,12.16553
BWA,1983,1.046137,1110,13.14673
BWA,1984,1.08366,1030,8.545383
BWA,1985,1.121945,1020,7.125271
BWA,1986,1.16065,1100,8.172924
BWA,1987,1.199167,1290,11.88193
BWA,1988,1.235476,1930,19.44997
BWA,1989,1.270274,2270,13.05941
BWA,1990,1.305696,2680,6.772822
BWA,1991,1.341756,3030,7.458709
BWA,1992,1.380033,3230,2.91707
BWA,1993,1.420115,3280,1.916107
BWA,1994,1.460023,2900,3.627916
BWA,1995,1.498836,3200,7.03041
BWA,1996,1.535914,3120,5.8298
BWA,1997,1.571691,3260,8.325891
BWA,1998,1.606899,3150,.4436636
BWA,1999,1.641997,3090,9.667241
BWA,2000,1.677382,3110,1.987696
BWA,2001,1.712254,3190,.250574
BWA,2002,1.744763,2860,6.069531
BWA,2003,1.775736,3300,4.625895
BWA,2004,1.807146,3830,2.705822
BWA,2005,1.839877,4830,4.556646
BWA,2006,1.874516,5400,8.363871
BWA,2007,1.911201,5620,5.792556
BWA,2008,1.94997,5470,3.252073
BWA,2009,1.990673,4890,-14.14423
BWA,2010,2.033111,5370,10.11972
BWA,2011,2.073535,6500,6.83841
BWA,2012,2.108617,6910,-.1708571
BWA,2013,2.140682,6950,11.10291
BWA,2014,2.172044,6990,5.697144
BWA,2015,2.203273,6140,-4.851325
BWA,2016,2.234776,6060,7.204425
BWA,2017,2.266747,6210,4.114378
BWA,2018,2.299141,6680,4.188693
BWA,2019,2.332083,7520,3.031773
BWA,2020,2.365894,6600,-8.728883
BWA,2021,2.401441,7530,11.91627
BWA,2022,2.439892,8250,5.486017
BWA,2023,2.480244,8360,3.208068
BWA,2024,2.521139,7750,-2.989869
CAF,1960,1.702346,,
CAF,1961,1.73458,,4.953554
CAF,1962,1.768115,70,-3.7138
CAF,1963,1.803063,70,-.7070107
CAF,1964,1.839583,70,2.080325
CAF,1965,1.877854,80,.9475787
CAF,1966,1.918082,80,.6447837
CAF,1967,1.960444,90,4.676613
CAF,1968,2.0051,90,1.404113
CAF,1969,2.051515,100,7.091543
CAF,1970,2.097505,100,2.332881
CAF,1971,2.14145,100,1.130202
CAF,1972,2.183769,100,-.0008672
CAF,1973,2.226008,120,1.88894
CAF,1974,2.269338,140,6.339034
CAF,1975,2.313916,160,.4049871
CAF,1976,2.348566,180,5.432519
CAF,1977,2.37293,210,3.806235
CAF,1978,2.397961,240,1.209235
CAF,1979,2.423794,280,-2.465138
CAF,1980,2.450535,320,-4.478639
CAF,1981,2.478402,320,-1.544466
CAF,1982,2.507375,320,7.715784
CAF,1983,2.537399,260,-8.126513
CAF,1984,2.56861,260,9.481727
CAF,1985,2.600932,280,3.92722
CAF,1986,2.634258,340,3.577979
CAF,1987,2.669155,410,-4.938988
CAF,1988,2.713965,480,1.710165
CAF,1989,2.78397,480,1.97727
CAF,1990,2.87191,470,-2.147528
CAF,1991,2.963191,460,-.552543
CAF,1992,3.058831,460,-6.424078
CAF,1993,3.157839,430,.3352757
CAF,1994,3.257954,360,4.89995
CAF,1995,3.348052,340,7.200046
CAF,1996,3.435965,290,-4.000093
CAF,1997,3.5317,290,5.299936
CAF,1998,3.628827,270,4.700142
CAF,1999,3.72945,260,3.599975
CAF,2000,3.833416,240,-2.489432
CAF,2001,3.919487,240,4.464739
CAF,2002,4.006077,240,3.616542
CAF,2003,4.103086,250,-5.397485
CAF,2004,4.192826,290,5.994884
CAF,2005,4.28881,320,.9082105
CAF,2006,4.377579,330,4.771085
CAF,2007,4.46277,360,4.607535
CAF,2008,4.558984,390,2.054131
CAF,2009,4.529047,460,8.58726
CAF,2010,4.492995,500,4.630818
CAF,2011,4.565021,510,4.194615
CAF,2012,4.610848,540,5.053761
CAF,2013,4.642419,360,-36.39198
CAF,2014,4.623182,380,.0810705
CAF,2015,4.62932,390,4.337121
CAF,2016,4.713663,400,4.750317
CAF,2017,4.793511,420,4.527278
CAF,2018,4.878657,470,3.789443
CAF,2019,4.944703,500,3.1
CAF,2020,5.026628,490,.9
CAF,2021,5.1121,510,.98292
CAF,2022,5.098039,520,.4539019
CAF,2023,5.152421,530,.6999684
CAF,2024,5.33069,520,1.539632
CAN,1960,17.909356,,
CAN,1961,18.271,,3.163292
CAN,1962,18.614,2380,7.427837
CAN,1963,18.964,2410,5.29744
CAN,1964,19.325,2520,6.656
CAN,1965,19.678,2720,6.3172
CAN,1966,20.048,2980,6.75969
CAN,1967,20.412,3150,3.065421
CAN,1968,20.744,3430,5.008274
CAN,1969,21.028,3740,5.067032
CAN,1970,21.324,4010,2.918713
CAN,1971,21.962032,4360,4.018845
CAN,1972,22.218463,5010,5.51967
CAN,1973,22.491777,6040,6.728642
CAN,1974,22.807969,7190,3.357776
CAN,1975,23.143275,8020,1.545403
CAN,1976,23.449808,8780,5.889276
CAN,1977,23.725843,9130,3.534827
CAN,1978,23.963203,9750,3.735976
CAN,1979,24.201544,10600,3.725199
CAN,1980,24.515667,11600,2.177199
CAN,1981,24.819915,12370,3.415065
CAN,1982,25.116942,11900,-3.16615
CAN,1983,25.366451,12180,2.562253
CAN,1984,25.607053,13150,5.89857
CAN,1985,25.842116,13940,4.737681
CAN,1986,26.100278,14560,2.121481
CAN,1987,26.446601,16320,4.072016
CAN,1988,26.791747,18620,4.410839
CAN,1989,27.276781,19860,2.33733
CAN,1990,27.691138,20650,.2029479
CAN,1991,28.03742,20990,-2.091055
CAN,1992,28.371264,21420,.8904662
CAN,1993,28.684764,21270,2.657707
CAN,1994,29.000663,20890,4.494049
CAN,1995,29.302311,20850,2.682328
CAN,1996,29.610218,20820,1.688961
CAN,1997,29.905948,21330,4.280167
CAN,1998,30.155173,20900,3.892887
CAN,1999,30.401286,21450,5.141004
CAN,2000,30.68573,22740,5.138539
CAN,2001,31.020855,23120,1.875098
CAN,2002,31.359199,23590,2.999255
CAN,2003,31.642461,25480,1.806385
CAN,2004,31.938807,29530,3.092364
CAN,2005,32.242732,34310,3.210454
CAN,2006,32.571193,37900,2.637944
CAN,2007,32.888886,41540,2.049905
CAN,2008,33.247298,44930,.9954063
CAN,2009,33.630069,43230,-2.915086
CAN,2010,34.005902,44490,3.090806
CAN,2011,34.339221,47190,3.137194
CAN,2012,34.713395,51080,1.755661
CAN,2013,35.080992,52800,2.325814
CAN,2014,35.434066,52200,2.873467
CAN,2015,35.704498,47580,.649971
CAN,2016,36.110803,43900,1.038551
CAN,2017,36.545075,42900,3.033835
CAN,2018,37.07262,45060,2.742964
CAN,2019,37.618495,46580,1.908432
CAN,2020,38.028638,43900,-5.038233
CAN,2021,38.239864,49080,5.950528
CAN,2022,38.935934,53850,4.189036
CAN,2023,40.083484,54660,1.528746
CAN,2024,41.288599,53340,1.528081
CEB,1960,91.401309,,
CEB,1961,92.231375,,
CEB,1962,93.008589,,
CEB,1963,93.840016,,
CEB,1964,94.715795,,
CEB,1965,95.440988,,
CEB,1966,96.146336,,
CEB,1967,97.04327,,
CEB,1968,97.884022,,
CEB,1969,98.60663,,
CEB,1970,99.134548,,
CEB,1971,99.635258,,
CEB,1972,100.35716,,
CEB,1973,101.11268,,
CEB,1974,101.93992,,
CEB,1975,102.86057,,
CEB,1976,103.77607,,
CEB,1977,104.61688,,
CEB,1978,105.3294,,
CEB,1979,105.94862,,
CEB,1980,106.54132,,
CEB,1981,107.12939,,
CEB,1982,107.73038,,
CEB,1983,108.29784,,
CEB,1984,108.83807,,
CEB,1985,109.33828,,
CEB,1986,109.82417,,
CEB,1987,110.29642,,
CEB,1988,110.68674,,
CEB,1989,110.80164,,
CEB,1990,110.74313,,
CEB,1991,110.46947,,-10.87214
CEB,1992,110.11145,2172.5,-4.935356
CEB,1993,110.04192,2389.554,.2089222
CEB,1994,110.02159,2679.16,3.688439
CEB,1995,109.86425,3184.497,5.71009
CEB,1996,109.62619,3622.667,4.486052
CEB,1997,109.42201,3820.336,2.235321
CEB,1998,109.23834,3866.692,2.633679
CEB,1999,109.06095,3923.019,1.901171
CEB,2000,108.44782,4099.041,3.946046
CEB,2001,107.66004,4174.68,3.005418
CEB,2002,106.95975,4425.178,3.542436
CEB,2003,106.62417,5185.146,3.996868
CEB,2004,106.33172,6384.553,5.874052
CEB,2005,106.04191,7730.084,4.909841
CEB,2006,105.77248,8849.502,6.641156
CEB,2007,105.37875,10312,6.338838
CEB,2008,105.00188,12375.51,3.962065
CEB,2009,104.80048,12737.3,-3.622351
CEB,2010,104.42145,12812.51,1.538566
CEB,2011,104.17404,13024.98,3.601186
CEB,2012,103.92949,13193.3,.8372297
CEB,2013,103.57006,13442.07,.6682094
CEB,2014,103.28048,13624.28,3.262021
CEB,2015,102.97317,13304.66,4.001783
CEB,2016,102.64794,12899.04,2.807055
CEB,2017,102.3375,13154.5,5.107008
CEB,2018,102.0742,14837.79,5.06413
CEB,2019,101.86427,16132.8,4.026711
CEB,2020,101.21576,16136.17,-3.315368
CEB,2021,100.20573,18081.53,6.546077
CEB,2022,100.07187,19558.11,4.036664
CEB,2023,100.17586,20661.32,.7632781
CEB,2024,100.05007,21764.74,1.963305
CHE,1960,5.327827,,
CHE,1961,5.434294,,8.108672
CHE,1962,5.573815,2160,4.789941
CHE,1963,5.694247,2320,4.879199
CHE,1964,5.789228,2520,5.256351
CHE,1965,5.856472,2650,2.104555
CHE,1966,5.918002,2840,2.461457
CHE,1967,5.991785,3020,3.055922
CHE,1968,6.067714,3270,3.588026
CHE,1969,6.136387,3550,5.632912
CHE,1970,6.180877,4220,6.377407
CHE,1971,6.213399,4700,4.075443
CHE,1972,6.260956,5510,3.200509
CHE,1973,6.307347,7230,3.049907
CHE,1974,6.341405,9290,1.454908
CHE,1975,6.338632,10530,-7.283175
CHE,1976,6.302504,11210,-1.403676
CHE,1977,6.281174,12370,2.433652
CHE,1978,6.281738,14400,.4090838
CHE,1979,6.294365,17980,2.491512
CHE,1980,6.319408,22320,4.601977
CHE,1981,6.354074,21930,1.601336
CHE,1982,6.391309,19650,-1.309418
CHE,1983,6.418773,18230,.6390794
CHE,1984,6.441865,18470,3.008456
CHE,1985,6.470365,18580,3.673596
CHE,1986,6.504124,20930,1.858633
CHE,1987,6.545106,26360,1.585478
CHE,1988,6.593386,34580,3.277596
CHE,1989,6.646912,36220,4.330794
CHE,1990,6.715519,37950,3.674625
CHE,1991,6.799978,38580,-.9158166
CHE,1992,6.875364,42050,-.043733
CHE,1993,6.938265,41950,-.1259835
CHE,1994,6.993795,43050,1.269758
CHE,1995,7.040687,46700,.4808664
CHE,1996,7.07185,49670,.47128
CHE,1997,7.088906,49290,2.261325
CHE,1998,7.110001,46130,3.029969
CHE,1999,7.143991,44190,1.662701
CHE,2000,7.18425,44580,3.95872
CHE,2001,7.229854,42010,1.575662
CHE,2002,7.284753,40640,-.0732173
CHE,2003,7.339001,46660,-.0323984
CHE,2004,7.389625,55000,2.701709
CHE,2005,7.437115,62770,2.749699
CHE,2006,7.483934,65290,4.073628
CHE,2007,7.551117,64120,3.916376
CHE,2008,7.647675,64870,2.807984
CHE,2009,7.743831,71800,-2.297374
CHE,2010,7.824909,79040,3.243397
CHE,2011,7.912398,81330,1.813108
CHE,2012,7.996861,86720,1.179254
CHE,2013,8.089346,90590,1.792144
CHE,2014,8.188649,88250,2.349881
CHE,2015,8.282396,86810,1.644627
CHE,2016,8.373338,83360,2.06869
CHE,2017,8.45184,80770,1.3628
CHE,2018,8.514329,82470,2.860446
CHE,2019,8.57528,83160,1.141982
CHE,2020,8.638167,81740,-2.141737
CHE,2021,8.704546,89120,5.55962
CHE,2022,8.777088,95600,3.044061
CHE,2023,8.888093,95750,.6833282
CHE,2024,9.034102,95900,1.302333
CHI,1960,.110808,,
CHI,1961,.111782,,
CHI,1962,.112953,,
CHI,1963,.114234,,
CHI,1964,.115561,,
CHI,1965,.116879,,
CHI,1966,.118186,,
CHI,1967,.119505,,
CHI,1968,.120793,,
CHI,1969,.122039,,
CHI,1970,.123288,,
CHI,1971,.124555,,
CHI,1972,.125764,,
CHI,1973,.126873,,
CHI,1974,.127893,,
CHI,1975,.128781,,
CHI,1976,.129391,,
CHI,1977,.129726,,
CHI,1978,.129981,,
CHI,1979,.13022,,
CHI,1980,.130462,,
CHI,1981,.131078,,
CHI,1982,.132172,,
CHI,1983,.133413,,
CHI,1984,.134727,,
CHI,1985,.136075,,
CHI,1986,.137413,,
CHI,1987,.138743,,
CHI,1988,.140089,,
CHI,1989,.141501,,
CHI,1990,.143087,,
CHI,1991,.144269,,
CHI,1992,.144733,,
CHI,1993,.144984,,
CHI,1994,.145163,,
CHI,1995,.145247,,
CHI,1996,.145565,,
CHI,1997,.146214,,
CHI,1998,.146906,,
CHI,1999,.147554,,
CHI,2000,.14811,,
CHI,2001,.14885,,
CHI,2002,.149881,,
CHI,2003,.15096,,
CHI,2004,.152039,,
CHI,2005,.153126,,
CHI,2006,.154214,,
CHI,2007,.155309,,
CHI,2008,.156408,,
CHI,2009,.157511,,
CHI,2010,.158621,,-3.606632
CHI,2011,.159706,,1.125043
CHI,2012,.160767,,-5.753661
CHI,2013,.161777,,.4939311
CHI,2014,.162726,,2.427102
CHI,2015,.163454,,.3743671
CHI,2016,.163883,,1.213024
CHI,2017,.164319,,1.806481
CHI,2018,.164949,,1.122244
CHI,2019,.165639,,1.573356
CHI,2020,.166235,,-8.896779
CHI,2021,.166741,,9.936801
CHI,2022,.167215,,5.341961
CHI,2023,.167691,,3.715006
CHI,2024,.168126,,
CHL,1960,8.15335,,
CHL,1961,8.324802,,5.519611
CHL,1962,8.497059,610,3.930785
CHL,1963,8.670144,660,5.686672
CHL,1964,8.842525,680,2.461134
CHL,1965,9.012938,670,.6708387
CHL,1966,9.181722,760,11.46342
CHL,1967,9.348939,780,3.588111
CHL,1968,9.514716,800,3.573717
CHL,1969,9.680282,830,4.10318
CHL,1970,9.845344,890,1.694473
CHL,1971,10.009701,1060,9.571074
CHL,1972,10.174678,1160,-.7123659
CHL,1973,10.340362,1370,-5.037756
CHL,1974,10.505817,1660,1.24958
CHL,1975,10.671559,1170,-12.27376
CHL,1976,10.838251,1030,3.604695
CHL,1977,11.005519,1080,11.14919
CHL,1978,11.172695,1390,8.026825
CHL,1979,11.339779,1820,8.435822
CHL,1980,11.50855,2340,8.172283
CHL,1981,11.678717,2820,6.718639
CHL,1982,11.850214,2050,-11.50206
CHL,1983,12.026138,1660,-4.93523
CHL,1984,12.207733,1470,3.98371
CHL,1985,12.395274,1430,3.552399
CHL,1986,12.588914,1480,5.405564
CHL,1987,12.79015,1670,6.738842
CHL,1988,12.999424,1940,7.350811
CHL,1989,13.215005,2200,10.35836
CHL,1990,13.437176,2340,3.598723
CHL,1991,13.662491,2600,7.756202
CHL,1992,13.884577,3120,11.50193
CHL,1993,14.102276,3450,6.685585
CHL,1994,14.316256,3740,5.076804
CHL,1995,14.527381,4430,9.255427
CHL,1996,14.734046,5070,7.114862
CHL,1997,14.932434,5580,7.391739
CHL,1998,15.127799,5470,4.180887
CHL,1999,15.319313,5100,-.2736314
CHL,2000,15.503635,5030,4.971622
CHL,2001,15.683849,4780,3.154035
CHL,2002,15.857925,4520,3.202799
CHL,2003,16.024752,4570,4.723245
CHL,2004,16.187322,5200,6.674254
CHL,2005,16.348778,6200,5.837046
CHL,2006,16.509195,7350,6.049991
CHL,2007,16.671581,8700,5.168231
CHL,2008,16.838988,9950,3.789393
CHL,2009,17.009731,9880,-1.118037
CHL,2010,17.181464,10720,5.851651
CHL,2011,17.351816,11860,6.223897
CHL,2012,17.519119,14170,6.15534
CHL,2013,17.687006,15080,3.308508
CHL,2014,17.864195,14690,1.79265
CHL,2015,18.047625,14080,2.151942
CHL,2016,18.267221,13310,1.753039
CHL,2017,18.558868,13200,1.357695
CHL,2018,18.893191,14460,3.99003
CHL,2019,19.197744,14690,.6343675
CHL,2020,19.370624,12960,-6.143475
CHL,2021,19.456334,14790,11.31492
CHL,2022,19.553036,15440,2.153994
CHL,2023,19.658835,15950,.521368
CHL,2024,19.764771,15750,2.644312
CHN,1960,667.07,,
CHN,1961,660.33,,-27.27
CHN,1962,665.77,70,-5.58
CHN,1963,682.335,80,10.3
CHN,1964,698.355,90,18.18
CHN,1965,715.185,100,16.95
CHN,1966,735.4,110,10.65
CHN,1967,754.55,100,-5.77
CHN,1968,774.51,90,-4.1
CHN,1969,796.025,110,16.94
CHN,1970,818.315,120,19.3
CHN,1971,841.105,130,7.06
CHN,1972,862.03,130,3.81
CHN,1973,881.94,160,7.76
CHN,1974,900.35,180,2.31
CHN,1975,916.395,200,8.72
CHN,1976,930.685,190,-1.57
CHN,1977,943.455,200,7.57
CHN,1978,956.165,200,11.32598
CHN,1979,969.005,210,7.591325
CHN,1980,981.235,220,7.834145
CHN,1981,993.885,220,5.112761
CHN,1982,1008.63,220,9.059284
CHN,1983,1023.31,220,10.72737
CHN,1984,1036.825,250,15.23256
CHN,1985,1051.04,290,13.43547
CHN,1986,1066.79,310,8.935065
CHN,1987,1084.035,320,11.62822
CHN,1988,1101.63,330,11.2226
CHN,1989,1118.65,320,4.206335
CHN,1990,1135.185,330,3.941631
CHN,1991,1150.78,360,9.361702
CHN,1992,1164.97,400,14.29961
CHN,1993,1178.44,420,13.92908
CHN,1994,1191.835,470,13.07271
CHN,1995,1204.855,540,11.03281
CHN,1996,1217.55,660,9.9762
CHN,1997,1230.075,760,9.287646
CHN,1998,1241.935,800,7.920792
CHN,1999,1252.735,860,7.737003
CHN,2000,1262.645,950,8.586432
CHN,2001,1271.85,1020,8.312639
CHN,2002,1280.4,1130,9.243393
CHN,2003,1288.4,1300,10.11819
CHN,2004,1296.075,1530,10.13141
CHN,2005,1303.72,1790,11.45824
CHN,2006,1311.02,2090,12.67467
CHN,2007,1317.885,2550,14.14999
CHN,2008,1324.655,3140,9.670246
CHN,2009,1331.26,3740,9.402699
CHN,2010,1337.705,4410,10.59627
CHN,2011,1345.035,5130,9.461336
CHN,2012,1354.19,6010,7.856174
CHN,2013,1363.24,6860,7.778724
CHN,2014,1371.86,7600,7.4619
CHN,2015,1379.86,8040,6.97878
CHN,2016,1387.79,8360,6.775556
CHN,2017,1396.215,8830,6.891266
CHN,2018,1402.76,9720,6.756718
CHN,2019,1407.745,10510,6.068502
CHN,2020,1411.1,10740,2.340189
CHN,2021,1412.36,12220,8.570086
CHN,2022,1412.175,13170,3.134189
CHN,2023,1410.71,13730,5.414843
CHN,2024,1408.975,13660,4.977356
CIV,1960,3.673666,,
CIV,1961,3.810151,,9.932555
CIV,1962,3.956939,160,1.226995
CIV,1963,4.112061,180,14.49036
CIV,1964,4.273952,210,17.61309
CIV,1965,4.442377,200,-3.109654
CIV,1966,4.617519,220,11.57736
CIV,1967,4.799744,220,4.598152
CIV,1968,4.990021,250,12.54825
CIV,1969,5.192221,270,9.539219
CIV,1970,5.411567,280,10.37503
CIV,1971,5.650868,290,9.456637
CIV,1972,5.909716,300,4.236625
CIV,1973,6.184944,360,5.939198
CIV,1974,6.474057,450,4.327381
CIV,1975,6.776297,560,8.252887
CIV,1976,7.057958,650,12.9164
CIV,1977,7.32195,750,7.314459
CIV,1978,7.60313,920,10.90945
CIV,1979,7.902267,1100,2.394408
CIV,1980,8.220714,1130,-10.9577
CIV,1981,8.556596,1110,3.500499
CIV,1982,8.907936,940,.2008224
CIV,1983,9.272744,710,-3.90024
CIV,1984,9.650516,650,-2.701262
CIV,1985,10.040483,630,4.501223
CIV,1986,10.440917,720,3.259349
CIV,1987,10.851475,800,-.3489729
CIV,1988,11.275189,900,1.136484
CIV,1989,11.719771,810,2.948005
CIV,1990,12.189778,760,-1.095908
CIV,1991,12.68387,740,.0409252
CIV,1992,13.20031,760,-.2445606
CIV,1993,13.735951,720,-.1924851
CIV,1994,14.287201,660,.8112067
CIV,1995,14.855565,670,7.125745
CIV,1996,15.442312,510,7.729327
CIV,1997,16.04717,630,9.64884
CIV,1998,16.663948,710,4.263906
CIV,1999,17.215935,680,1.16686
CIV,2000,17.699004,610,-.2657894
CIV,2001,18.178913,550,-2.154012
CIV,2002,18.654771,530,-2.730526
CIV,2003,19.125542,580,-4.725867
CIV,2004,19.595,710,3.185038
CIV,2005,20.068458,850,.9960656
CIV,2006,20.546802,850,2.815579
CIV,2007,21.030558,880,1.10143
CIV,2008,21.514439,1000,4.782666
CIV,2009,21.99794,1080,3.603322
CIV,2010,22.488065,1120,6.848049
CIV,2011,22.982,1020,-5.370447
CIV,2012,23.467078,1140,7.620412
CIV,2013,23.939775,1240,10.76021
CIV,2014,24.527395,1860,9.372
CIV,2015,25.246342,1880,7.19495
CIV,2016,25.989405,1880,7.17276
CIV,2017,26.733372,1870,7.410762
CIV,2018,27.464173,2010,4.843146
CIV,2019,28.193009,2120,6.721372
CIV,2020,28.915449,2120,.6997286
CIV,2021,29.639736,2300,7.063329
CIV,2022,30.395002,2440,6.399884
CIV,2023,31.165654,2500,6.450458
CIV,2024,31.93423,2510,5.95
CMR,1960,5.159057,,
CMR,1961,5.239273,,1.183681
CMR,1962,5.33862,,3.041559
CMR,1963,5.456623,,3.74255
CMR,1964,5.578257,,3.54716
CMR,1965,5.704686,,2.026054
CMR,1966,5.837295,,4.614955
CMR,1967,5.977318,120,-10.91207
CMR,1968,6.125863,140,6.346324
CMR,1969,6.283462,160,4.90148
CMR,1970,6.449793,160,3.092068
CMR,1971,6.624408,170,3.479708
CMR,1972,6.806872,190,2.673843
CMR,1973,6.99666,220,5.355681
CMR,1974,7.193583,290,10.73426
CMR,1975,7.39712,360,11.24506
CMR,1976,7.597962,340,-5.495138
CMR,1977,7.796501,350,13.73987
CMR,1978,8.011921,530,22.003
CMR,1979,8.239641,650,6.035119
CMR,1980,8.512219,650,-1.965292
CMR,1981,8.816377,800,17.08268
CMR,1982,9.028678,790,7.516202
CMR,1983,9.215397,720,6.86683
CMR,1984,9.475078,740,7.474573
CMR,1985,9.76173,800,8.063162
CMR,1986,10.060342,980,6.771663
CMR,1987,10.370749,1150,-2.14665
CMR,1988,10.684968,1230,-7.823632
CMR,1989,11.002745,1120,-1.819121
CMR,1990,11.331821,1000,-6.105698
CMR,1991,11.66718,930,-3.808599
CMR,1992,12.006353,960,-3.100003
CMR,1993,12.353131,990,-7.932066
CMR,1994,12.704903,890,1.876809
CMR,1995,13.058516,870,2.894001
CMR,1996,13.414757,770,4.215072
CMR,1997,13.775214,790,4.527314
CMR,1998,14.14486,770,4.725535
CMR,1999,14.52514,760,4.511304
CMR,2000,14.912631,730,3.832418
CMR,2001,15.30949,700,4.324261
CMR,2002,15.725528,700,4.477027
CMR,2003,16.16034,820,5.453154
CMR,2004,16.610487,1030,7.048863
CMR,2005,17.074594,1140,2.22827
CMR,2006,17.550407,1200,3.809583
CMR,2007,18.049896,1250,4.327589
CMR,2008,18.574056,1360,2.847678
CMR,2009,19.113974,1460,2.579252
CMR,2010,19.668066,1450,2.899025
CMR,2011,20.232304,1470,3.379211
CMR,2012,20.809529,1470,4.625979
CMR,2013,21.402376,1530,4.995529
CMR,2014,22.059893,1570,5.719818
CMR,2015,22.763414,1530,5.666953
CMR,2016,23.454161,1470,4.535794
CMR,2017,24.128601,1410,3.541177
CMR,2018,24.806383,1520,3.955514
CMR,2019,25.506095,1560,3.47506
CMR,2020,26.210558,1540,.2599329
CMR,2021,26.915758,1610,3.338857
CMR,2022,27.632771,1660,3.736784
CMR,2023,28.372687,1690,3.248345
CMR,2024,29.123744,1680,3.670743
COD,1960,15.264846,,
COD,1961,15.662374,,-10.85138
COD,1962,16.075724,230,21.2007
COD,1963,16.507599,270,5.21399
COD,1964,16.955327,230,-2.440223
COD,1965,17.427802,230,.9973488
COD,1966,17.931929,220,6.775486
COD,1967,18.462782,220,-.9857386
COD,1968,19.012189,220,4.332698
COD,1969,19.570445,230,9.328837
COD,1970,20.137436,240,-.2450566
COD,1971,20.695569,270,6.005018
COD,1972,21.25116,280,.1511355
COD,1973,21.827665,350,8.137276
COD,1974,22.418878,430,3.130586
COD,1975,23.021101,460,-4.981631
COD,1976,23.624031,430,-5.309002
COD,1977,24.229061,460,.7607936
COD,1978,24.992689,510,-5.345292
COD,1979,25.886782,600,.4300883
COD,1980,26.711099,640,2.194913
COD,1981,27.500515,560,2.350524
COD,1982,28.33819,480,-.4576776
COD,1983,29.250963,410,1.411704
COD,1984,30.245081,340,5.541074
COD,1985,31.264816,260,.467851
COD,1986,32.265196,250,4.71721
COD,1987,33.298904,240,2.675642
COD,1988,34.382752,250,.4703813
COD,1989,35.486866,240,-1.266051
COD,1990,36.684063,230,-6.568311
COD,1991,37.925817,190,-8.421051
COD,1992,39.22891,200,-10.50001
COD,1993,40.656336,200,-13.46905
COD,1994,42.626876,150,-3.899997
COD,1995,44.433704,140,.6999989
COD,1996,45.296124,120,-1.023173
COD,1997,46.029902,110,-5.617047
COD,1998,47.2976,110,-1.624154
COD,1999,48.912971,100,-4.270141
COD,2000,50.507442,130,-6.910927
COD,2001,52.132646,130,-2.100173
COD,2002,53.750524,180,2.947765
COD,2003,55.343867,160,5.577822
COD,2004,56.997741,180,6.738374
COD,2005,58.775724,190,6.135151
COD,2006,60.615908,210,5.32098
COD,2007,62.477752,240,6.259478
COD,2008,64.390664,270,6.225894
COD,2009,66.412044,280,2.855064
COD,2010,68.563038,300,7.107976
COD,2011,70.849311,320,6.874671
COD,2012,73.254618,350,7.086899
COD,2013,75.789395,380,8.481956
COD,2014,78.403242,420,9.470288
COD,2015,81.035531,430,6.916167
COD,2016,83.956415,440,2.399399
COD,2017,87.083398,430,3.726948
COD,2018,90.047644,460,5.821121
COD,2019,92.947442,490,4.384529
COD,2020,95.989998,520,1.735423
COD,2021,99.148932,540,6.200154
COD,2022,102.39697,590,8.924448
COD,2023,105.78973,640,8.60909
COD,2024,109.27626,640,6.675931
COG,1960,1.056732,,
COG,1961,1.084389,,8.350727
COG,1962,1.113175,140,5.202309
COG,1963,1.143263,140,-4.0293
COG,1964,1.174816,150,3.816796
COG,1965,1.20788,160,3.676468
COG,1966,1.242534,170,1.358982
COG,1967,1.278691,180,2.116272
COG,1968,1.316519,190,7.631326
COG,1969,1.356182,200,7.548525
COG,1970,1.397638,210,6.35847
COG,1971,1.441039,220,7.753036
COG,1972,1.486468,260,8.617551
COG,1973,1.53368,320,8.231189
COG,1974,1.582301,400,7.885521
COG,1975,1.627032,470,7.731597
COG,1976,1.667225,460,.9162868
COG,1977,1.707568,430,-8.953428
COG,1978,1.748089,470,6.359747
COG,1979,1.788524,590,9.813225
COG,1980,1.828985,800,17.63661
COG,1981,1.869759,1070,17.61972
COG,1982,1.91043,1210,23.5977
COG,1983,1.950321,1070,5.853963
COG,1984,1.999528,1060,6.976131
COG,1985,2.059311,990,-1.185661
COG,1986,2.120602,980,-6.861526
COG,1987,2.183473,1050,.1893766
COG,1988,2.247653,920,1.766263
COG,1989,2.313558,940,2.599876
COG,1990,2.38056,920,1.000004
COG,1991,2.449229,950,2.395367
COG,1992,2.519465,1050,2.611948
COG,1993,2.595124,900,-.9796832
COG,1994,2.673144,750,-5.493076
COG,1995,2.749461,470,3.985324
COG,1996,2.826785,460,4.290482
COG,1997,2.887862,590,-.6248121
COG,1998,2.952061,580,3.737553
COG,1999,3.032874,490,-2.582199
COG,2000,3.151345,560,7.57598
COG,2001,3.272537,620,3.802602
COG,2002,3.350771,670,4.58187
COG,2003,3.445753,690,.8132641
COG,2004,3.565554,760,3.476632
COG,2005,3.696393,1100,7.755759
COG,2006,3.837409,1560,7.986238
COG,2007,3.98043,1650,-6.613995
COG,2008,4.113517,2090,6.306376
COG,2009,4.281219,2410,11.63729
COG,2010,4.46229,2640,9.931266
COG,2011,4.609724,2580,2.205919
COG,2012,4.74045,3330,9.947153
COG,2013,4.857099,3560,-.7124345
COG,2014,4.97588,3800,6.646065
COG,2015,5.097581,3080,.4151931
COG,2016,5.222536,2260,-8.685244
COG,2017,5.351011,1740,-5.594774
COG,2018,5.483118,2070,-2.304318
COG,2019,5.616661,2180,1.124474
COG,2020,5.752791,2230,-6.267772
COG,2021,5.892183,2040,1.01507
COG,2022,6.035104,2170,1.475356
COG,2023,6.182885,2450,1.906864
COG,2024,6.332961,2410,2.579666
COL,1960,15.606209,,
COL,1961,16.095203,,5.089217
COL,1962,16.599029,290,5.41189
COL,1963,17.113823,290,3.286708
COL,1964,17.637411,320,6.166941
COL,1965,18.16905,320,3.600011
COL,1966,18.702688,330,5.236736
COL,1967,19.235618,300,4.134864
COL,1968,19.766796,310,5.933118
COL,1969,20.291942,330,6.102517
COL,1970,20.811782,340,6.207797
COL,1971,21.319096,370,5.960728
COL,1972,21.819563,410,7.669147
COL,1973,22.325374,470,6.722955
COL,1974,22.833469,560,5.745757
COL,1975,23.344644,610,2.323255
COL,1976,23.85881,640,4.728369
COL,1977,24.393494,710,4.158505
COL,1978,24.950337,880,8.469901
COL,1979,25.515626,1090,5.379119
COL,1980,26.104498,1290,4.087354
COL,1981,26.713267,1390,2.276873
COL,1982,27.338331,1370,.9484208
COL,1983,27.988173,1320,1.573956
COL,1984,28.64269,1310,3.350684
COL,1985,29.26847,1240,3.107106
COL,1986,29.879112,1240,5.824076
COL,1987,30.499467,1270,5.368932
COL,1988,31.130524,1330,4.064173
COL,1989,31.776279,1280,3.414096
COL,1990,32.440069,1350,4.281998
COL,1991,33.098372,1410,2.001608
COL,1992,33.760571,1600,4.04493
COL,1993,34.441473,1780,5.38541
COL,1994,35.12741,2080,5.814662
COL,1995,35.804662,2390,5.202437
COL,1996,36.462745,2580,2.055855
COL,1997,37.121149,2700,3.430294
COL,1998,37.792165,2600,.5697841
COL,1999,38.454863,2370,-4.204015
COL,2000,39.089934,2370,2.924861
COL,2001,39.709262,2360,1.677898
COL,2002,40.32468,2410,2.50398
COL,2003,40.937429,2410,3.918272
COL,2004,41.543171,2650,5.333022
COL,2005,42.128977,3030,4.828761
COL,2006,42.691084,3540,6.716869
COL,2007,43.235374,4170,6.738194
COL,2008,43.758808,4770,3.283446
COL,2009,44.271541,5200,1.139649
COL,2010,44.777319,5690,4.494659
COL,2011,45.259614,6370,6.947892
COL,2012,45.71581,7340,3.912636
COL,2013,46.151584,8010,5.133994
COL,2014,46.565429,8280,4.49903
COL,2015,46.96994,7420,2.955901
COL,2016,47.437512,6560,2.087383
COL,2017,48.131078,6030,1.359361
COL,2018,49.024465,6350,2.564324
COL,2019,49.907985,6630,3.186855
COL,2020,50.629997,5850,-7.185914
COL,2021,51.188173,6310,10.8012
COL,2022,51.737944,6560,7.328277
COL,2023,52.321152,6720,.7123801
COL,2024,52.886363,7040,1.743801
COM,1960,.1977,,
COM,1961,.201201,,
COM,1962,.204702,,
COM,1963,.208185,,
COM,1964,.211644,,
COM,1965,.214967,,
COM,1966,.218663,,
COM,1967,.223859,,
COM,1968,.230244,,
COM,1969,.237001,,
COM,1970,.244185,,
COM,1971,.251865,,
COM,1972,.260077,,
COM,1973,.26882,,
COM,1974,.278075,,
COM,1975,.287692,,
COM,1976,.297538,,
COM,1977,.307579,,
COM,1978,.317688,,
COM,1979,.327791,,
COM,1980,.337721,,
COM,1981,.347382,,3.864929
COM,1982,.357139,610,6.383317
COM,1983,.367233,540,4.821402
COM,1984,.377637,510,4.1103
COM,1985,.388352,500,2.279961
COM,1986,.399318,570,1.867612
COM,1987,.410439,710,1.637784
COM,1988,.421687,880,2.687379
COM,1989,.433103,860,-3.180257
COM,1990,.444596,910,5.091237
COM,1991,.455556,890,-5.395637
COM,1992,.465113,1030,8.530982
COM,1993,.473682,1030,3.006061
COM,1994,.482142,840,-5.276783
COM,1995,.490586,820,3.610206
COM,1996,.499107,770,-1.291689
COM,1997,.507777,780,4.030154
COM,1998,.516597,730,1.282516
COM,1999,.525886,710,1.924409
COM,2000,.53608,730,10.84788
COM,2001,.54722,710,2.332907
COM,2002,.558923,690,2.324945
COM,2003,.569798,800,2.103872
COM,2004,.580704,970,1.91966
COM,2005,.592677,1120,2.837548
COM,2006,.604753,1170,2.646955
COM,2007,.616927,1210,.8000423
COM,2008,.629307,1350,3.964611
COM,2009,.641947,1470,6.486929
COM,2010,.654836,1480,4.801058
COM,2011,.668056,1510,5.888153
COM,2012,.68163,1540,6.31064
COM,2013,.696192,1650,8.92727
COM,2014,.711503,1630,3.895693
COM,2015,.726682,1500,1.992065
COM,2016,.741741,1410,2.780229
COM,2017,.756669,1390,5.596189
COM,2018,.77159,1500,4.059606
COM,2019,.786578,1550,3.62877
COM,2020,.802163,1580,4.005318
COM,2021,.818174,1620,2.725798
COM,2022,.834188,1640,2.818395
COM,2023,.850387,1660,3.064662
COM,2024,.866628,1690,3.388783
CPV,1960,.210024,,
CPV,1961,.215087,,
CPV,1962,.221919,,
CPV,1963,.229373,,
CPV,1964,.237006,,
CPV,1965,.244856,,
CPV,1966,.252976,,
CPV,1967,.261404,,
CPV,1968,.270164,,
CPV,1969,.279248,,
CPV,1970,.287885,,
CPV,1971,.294046,,
CPV,1972,.297386,,
CPV,1973,.299881,,
CPV,1974,.30257,,
CPV,1975,.305847,,
CPV,1976,.309455,,
CPV,1977,.312834,,
CPV,1978,.316147,,
CPV,1979,.31948,,
CPV,1980,.323301,,
CPV,1981,.327846,,8.451563
CPV,1982,.332724,450,2.82503
CPV,1983,.337654,420,9.52075
CPV,1984,.342505,400,3.783271
CPV,1985,.347365,400,8.642087
CPV,1986,.352312,460,2.871455
CPV,1987,.357302,580,4.309064
CPV,1988,.362329,750,5.996855
CPV,1989,.367803,810,5.697949
CPV,1990,.375428,810,.6921719
CPV,1991,.384586,820,1.404147
CPV,1992,.393415,940,10.93765
CPV,1993,.401965,1080,8.708312
CPV,1994,.410228,1190,19.18264
CPV,1995,.418104,1300,14.21164
CPV,1996,.425581,1250,11.34653
CPV,1997,.432798,1260,11.11843
CPV,1998,.439784,1240,12.51729
CPV,1999,.446519,1290,11.22265
CPV,2000,.453317,1330,14.28487
CPV,2001,.460293,1270,2.231655
CPV,2002,.467046,1230,5.250891
CPV,2003,.473383,1440,4.17626
CPV,2004,.47937,1810,10.19707
CPV,2005,.485115,2070,6.912458
CPV,2006,.490728,2200,7.98375
CPV,2007,.49619,2770,15.17069
CPV,2008,.501355,3360,7.039011
CPV,2009,.506141,3650,-1.503587
CPV,2010,.509784,3600,1.836419
CPV,2011,.511447,3760,3.924718
CPV,2012,.511955,3730,1.083648
CPV,2013,.512225,3840,.6321367
CPV,2014,.512326,3750,.6966668
CPV,2015,.512394,3620,.9360265
CPV,2016,.512554,3580,4.280715
CPV,2017,.512893,3620,4.551315
CPV,2018,.513415,4040,3.706964
CPV,2019,.514104,4420,6.947826
CPV,2020,.514679,3510,-20.80527
CPV,2021,.516649,3870,7.03353
CPV,2022,.519741,4550,15.84368
CPV,2023,.522331,4780,5.391144
CPV,2024,.524877,5000,7.271882
CRI,1960,1.327496,,
CRI,1961,1.37792,,1.879277
CRI,1962,1.429445,360,5.442391
CRI,1963,1.481604,350,6.898923
CRI,1964,1.53396,350,3.659048
CRI,1965,1.586208,370,8.190528
CRI,1966,1.638116,390,6.969319
CRI,1967,1.689523,410,5.650126
CRI,1968,1.739731,440,8.473305
CRI,1969,1.789276,470,5.4918
CRI,1970,1.838949,520,7.503134
CRI,1971,1.888539,570,6.778505
CRI,1972,1.938248,630,8.178045
CRI,1973,1.988343,760,7.708916
CRI,1974,2.039643,880,5.5449
CRI,1975,2.092719,970,2.100071
CRI,1976,2.147774,1050,5.517564
CRI,1977,2.205025,1250,8.904474
CRI,1978,2.26451,1480,6.267687
CRI,1979,2.32649,1740,4.939124
CRI,1980,2.390633,1940,.7518954
CRI,1981,2.456637,1420,-2.261656
CRI,1982,2.524806,1020,-7.285569
CRI,1983,2.595153,940,2.862993
CRI,1984,2.667595,1110,8.024108
CRI,1985,2.741894,1240,.7216017
CRI,1986,2.817216,1430,5.536251
CRI,1987,2.892699,1590,4.764533
CRI,1988,2.968103,1650,3.432147
CRI,1989,3.043827,1660,5.665976
CRI,1990,3.121706,1740,3.553063
CRI,1991,3.202176,1950,2.265655
CRI,1992,3.284258,2350,9.201104
CRI,1993,3.367434,2740,7.097191
CRI,1994,3.451122,2990,4.519028
CRI,1995,3.535176,3190,4.153953
CRI,1996,3.619013,3250,1.350459
CRI,1997,3.701711,3360,5.476166
CRI,1998,3.782838,3420,7.155309
CRI,1999,3.862101,3480,4.214811
CRI,2000,3.937739,3590,3.868718
CRI,2001,4.008947,3700,3.49117
CRI,2002,4.075705,3790,3.416876
CRI,2003,4.138784,4050,4.31718
CRI,2004,4.200078,4400,4.4246
CRI,2005,4.26124,4670,3.976666
CRI,2006,4.32134,5090,7.326695
CRI,2007,4.380248,5710,8.215132
CRI,2008,4.440056,6440,4.738175
CRI,2009,4.499791,6570,-.8734559
CRI,2010,4.555962,7290,5.360343
CRI,2011,4.609833,8130,4.403159
CRI,2012,4.663934,9330,4.882592
CRI,2013,4.716147,9990,2.494766
CRI,2014,4.767119,10410,3.54211
CRI,2015,4.818038,10770,3.652081
CRI,2016,4.866998,11170,4.204323
CRI,2017,4.913177,11580,4.157699
CRI,2018,4.957818,12070,2.615904
CRI,2019,4.999553,12240,2.417512
CRI,2020,5.03432,11700,-4.273355
CRI,2021,5.059988,12630,7.935762
CRI,2022,5.081765,13210,4.551492
CRI,2023,5.105525,14260,5.111922
CRI,2024,5.12991,15620,4.321224
CSS,1960,2.558348,,
CSS,1961,2.614258,,9.704357
CSS,1962,2.670187,463.581,5.307244
CSS,1963,2.728278,494.5023,2.292332
CSS,1964,2.784804,533.2745,8.154308
CSS,1965,2.839698,575.1823,7.016108
CSS,1966,2.894435,575.4077,6.939735
CSS,1967,2.948759,608.0765,6.603136
CSS,1968,3.002786,631.8142,6.148545
CSS,1969,3.055925,663.251,5.911343
CSS,1970,3.104308,694.0561,2.005662
CSS,1971,3.14856,735.1369,2.326798
CSS,1972,3.185617,809.5841,1.024616
CSS,1973,3.215024,949.3914,2.483033
CSS,1974,3.242803,1134.976,-2.884085
CSS,1975,3.269733,1501.853,-1.708039
CSS,1976,3.29641,1562.24,5.370136
CSS,1977,3.322722,1714.586,6.774691
CSS,1978,3.348386,1995.563,8.009158
CSS,1979,3.373242,2392.383,7.452295
CSS,1980,3.399087,2939.203,5.209579
CSS,1981,3.425354,3339.706,.4042304
CSS,1982,3.450895,3592.236,.5869008
CSS,1983,3.476621,3406.151,-3.648956
CSS,1984,3.502418,3518.623,1.897995
CSS,1985,3.53057,3616.821,1.07944
CSS,1986,3.55987,3532.639,1.290977
CSS,1987,3.586018,3495.877,.1033888
CSS,1988,3.610609,3642.045,1.693023
CSS,1989,3.634409,3572.444,3.175064
CSS,1990,3.654949,3516.038,-.2722308
CSS,1991,3.677765,3542.233,.0125606
CSS,1992,3.706523,3804.001,2.183174
CSS,1993,3.735156,3737.096,.4573833
CSS,1994,3.763806,3777.844,3.357146
CSS,1995,3.795917,4105.429,3.099315
CSS,1996,3.829184,4441.189,4.930083
CSS,1997,3.861673,4506.359,4.613887
CSS,1998,3.893594,4833.27,4.938098
CSS,1999,3.925229,5471.753,5.133704
CSS,2000,3.956229,5923.865,4.695999
CSS,2001,3.987087,6145.224,2.166202
CSS,2002,4.018796,6478.699,4.029406
CSS,2003,4.05099,7125.608,6.154871
CSS,2004,4.080569,8028.953,4.702784
CSS,2005,4.049468,8983.197,4.401646
CSS,2006,4.072929,10024.02,7.856433
CSS,2007,4.098855,11073.49,3.868529
CSS,2008,4.124966,12416.55,1.711232
CSS,2009,4.146899,11996.6,-3.372673
CSS,2010,4.173335,12183.75,1.894729
CSS,2011,4.201107,11847.93,.8543923
CSS,2012,4.228445,13151.85,4.404159
CSS,2013,4.257682,13862.28,1.470561
CSS,2014,4.286546,14118.37,2.561657
CSS,2015,4.314191,14054.78,-.1309587
CSS,2016,4.341333,13032.28,-3.025265
CSS,2017,4.36614,12857.24,-.7877019
CSS,2018,4.407658,13089.3,1.231056
CSS,2019,4.443134,13489.69,.9191341
CSS,2020,4.459302,11901.08,-9.113253
CSS,2021,4.479167,12859.91,6.479069
CSS,2022,4.49731,14492.38,15.01816
CSS,2023,4.519904,17014.84,9.007952
CSS,2024,4.53906,17870.03,13.34433
CUB,1960,7.238081,,
CUB,1961,7.387117,,
CUB,1962,7.541098,,
CUB,1963,7.70166,,
CUB,1964,7.86602,,
CUB,1965,8.030797,,
CUB,1966,8.19345,,
CUB,1967,8.352625,,
CUB,1968,8.509522,,
CUB,1969,8.66664,,
CUB,1970,8.824382,,
CUB,1971,8.979085,,8.583859
CUB,1972,9.123891,840,4.826686
CUB,1973,9.255328,1030,3.434489
CUB,1974,9.374183,1230,.9844918
CUB,1975,9.479726,1500,9.476426
CUB,1976,9.571242,1550,5.42796
CUB,1977,9.64844,1600,8.709503
CUB,1978,9.71198,1790,6.595999
CUB,1979,9.763355,2000,1.088183
CUB,1980,9.804796,2150,-4.849443
CUB,1981,9.84932,2440,19.68833
CUB,1982,9.912681,2350,8.918235
CUB,1983,9.991026,2180,5.411471
CUB,1984,10.073299,2300,7.929717
CUB,1985,10.157228,2300,1.596675
CUB,1986,10.244247,2370,.0953034
CUB,1987,10.335342,2470,-2.402173
CUB,1988,10.432585,2770,3.70554
CUB,1989,10.533243,2740,.6800832
CUB,1990,10.631799,2640,-2.948565
CUB,1991,10.71764,2330,-10.6927
CUB,1992,10.785801,2120,-11.5806
CUB,1993,10.841031,1870,-14.87818
CUB,1994,10.886021,2130,.7169303
CUB,1995,10.925362,2540,2.457201
CUB,1996,10.96201,2700,7.83875
CUB,1997,10.997934,2500,2.783425
CUB,1998,11.034712,2240,.1591461
CUB,1999,11.07223,2400,6.188756
CUB,2000,11.109109,2620,5.91476
CUB,2001,11.144132,2760,3.18503
CUB,2002,11.177418,2830,1.424821
CUB,2003,11.209383,3100,3.79274
CUB,2004,11.238756,3490,5.770538
CUB,2005,11.262554,3960,11.20166
CUB,2006,11.27855,4410,12.06586
CUB,2007,11.287272,4740,7.262137
CUB,2008,11.291762,5030,4.116828
CUB,2009,11.294719,5080,1.451305
CUB,2010,11.297409,5170,2.390352
CUB,2011,11.301571,5590,2.802301
CUB,2012,11.303175,6090,3.0149
CUB,2013,11.298167,6640,2.747602
CUB,2014,11.285775,6850,1.047577
CUB,2015,11.275065,7270,4.438334
CUB,2016,11.265612,7530,.5128431
CUB,2017,11.247829,8010,1.809792
CUB,2018,11.227118,8710,2.247949
CUB,2019,11.202846,9010,-.1630872
CUB,2020,11.176354,,-10.94908
CUB,2021,11.122168,,1.253693
CUB,2022,11.05982,,1.775049
CUB,2023,11.019931,,-1.929371
CUB,2024,10.979783,,
CUW,1960,.124826,,
CUW,1961,.126125,,
CUW,1962,.128414,,
CUW,1963,.13086,,
CUW,1964,.133148,,
CUW,1965,.135266,,
CUW,1966,.136682,,
CUW,1967,.13814,,
CUW,1968,.140298,,
CUW,1969,.142581,,
CUW,1970,.144739,,
CUW,1971,.147389,,
CUW,1972,.14771,,
CUW,1973,.146912,,
CUW,1974,.148351,,
CUW,1975,.149129,,
CUW,1976,.149399,,
CUW,1977,.149459,,
CUW,1978,.148341,,
CUW,1979,.147851,,
CUW,1980,.148041,,
CUW,1981,.148629,,
CUW,1982,.150101,,
CUW,1983,.151159,,
CUW,1984,.15194,,
CUW,1985,.152711,,
CUW,1986,.152662,,
CUW,1987,.151456,,
CUW,1988,.149254,,
CUW,1989,.146937,,
CUW,1990,.1454,,
CUW,1991,.144403,,
CUW,1992,.143912,,
CUW,1993,.144299,,
CUW,1994,.14463,,
CUW,1995,.145139,,
CUW,1996,.146306,,
CUW,1997,.146956,,
CUW,1998,.144472,,
CUW,1999,.139428,,
CUW,2000,.13386,,
CUW,2001,.129047,,-.6957537
CUW,2002,.129205,,.3970652
CUW,2003,.131897,,.2881867
CUW,2004,.134192,,.2084611
CUW,2005,.137658,17910,.6764253
CUW,2006,.141239,17930,1.635935
CUW,2007,.144056,18390,2.469963
CUW,2008,.14588,19020,2.188043
CUW,2009,.146833,19100,-.5313082
CUW,2010,.148703,19540,.0823066
CUW,2011,.150831,19420,.5084575
CUW,2012,.152088,19330,-.3489508
CUW,2013,.153822,19020,-.6356969
CUW,2014,.155909,18980,-.6373973
CUW,2015,.15798,18780,.4581515
CUW,2016,.159664,18260,-1.067708
CUW,2017,.160175,18230,-1.276208
CUW,2018,.159336,18820,-2.104111
CUW,2019,.157441,19140,-3.206132
CUW,2020,.154947,16250,-18.43847
CUW,2021,.152369,18130,4.183712
CUW,2022,.149996,21070,7.923
CUW,2023,.1558,20990,4.202
CUW,2024,.1559,,
CYM,1960,.008428,,
CYM,1961,.008601,,
CYM,1962,.008781,,
CYM,1963,.00897,,
CYM,1964,.009166,,
CYM,1965,.009361,,
CYM,1966,.00956,,
CYM,1967,.009769,,
CYM,1968,.009971,,
CYM,1969,.010165,,
CYM,1970,.010517,,
CYM,1971,.011098,,
CYM,1972,.011764,,
CYM,1973,.012438,,
CYM,1974,.013114,,
CYM,1975,.013788,,
CYM,1976,.014454,,
CYM,1977,.015105,,
CYM,1978,.015727,,
CYM,1979,.016351,,
CYM,1980,.017079,,
CYM,1981,.017905,,
CYM,1982,.01875,,
CYM,1983,.019598,,
CYM,1984,.020454,,
CYM,1985,.021324,,
CYM,1986,.022197,,
CYM,1987,.023073,,
CYM,1988,.023951,,
CYM,1989,.024874,,
CYM,1990,.025999,,
CYM,1991,.027294,,
CYM,1992,.028621,,
CYM,1993,.029976,,
CYM,1994,.031352,,
CYM,1995,.032743,,
CYM,1996,.034143,,
CYM,1997,.035543,,
CYM,1998,.036922,,
CYM,1999,.038284,,
CYM,2000,.039674,,
CYM,2001,.041089,,
CYM,2002,.042514,,
CYM,2003,.043934,,
CYM,2004,.045352,,
CYM,2005,.046788,,
CYM,2006,.048232,,
CYM,2007,.049687,,3.162625
CYM,2008,.051151,,-.3574012
CYM,2009,.052618,,-7.200482
CYM,2010,.054099,73550,-2.715635
CYM,2011,.055606,73950,1.169062
CYM,2012,.057136,51150,1.229754
CYM,2013,.058655,44990,1.279331
CYM,2014,.06016,43420,2.654528
CYM,2015,.061642,44430,2.833122
CYM,2016,.0631,47830,3.239974
CYM,2017,.064535,51890,3.184046
CYM,2018,.065941,57880,4.267267
CYM,2019,.067327,64520,3.915635
CYM,2020,.068684,56260,-4.954806
CYM,2021,.070108,67650,4.90493
CYM,2022,.071591,61780,5.15633
CYM,2023,.073038,,4.359676
CYM,2024,.074457,,
CYP,1960,.58649,,
CYP,1961,.595514,,
CYP,1962,.601466,,
CYP,1963,.607252,,
CYP,1964,.612521,,
CYP,1965,.617736,,
CYP,1966,.62339,,
CYP,1967,.629251,,
CYP,1968,.635157,,
CYP,1969,.641189,,
CYP,1970,.647446,,
CYP,1971,.65405,,
CYP,1972,.661063,,
CYP,1973,.665937,,
CYP,1974,.663254,,
CYP,1975,.659405,,
CYP,1976,.662032,,20.26629
CYP,1977,.667101,1520,16.362
CYP,1978,.672249,1800,7.777403
CYP,1979,.677549,2400,9.905569
CYP,1980,.683076,3390,5.753245
CYP,1981,.688893,4050,2.516999
CYP,1982,.696497,4490,6.021709
CYP,1983,.707225,4220,5.582182
CYP,1984,.719334,4360,8.757895
CYP,1985,.731277,4480,4.882541
CYP,1986,.743105,5020,3.70395
CYP,1987,.754785,6300,7.065251
CYP,1988,.766235,7910,8.646778
CYP,1989,.77742,8570,7.947425
CYP,1990,.788351,9300,7.403999
CYP,1991,.798944,9460,.7395012
CYP,1992,.810341,11020,9.399999
CYP,1993,.826034,10970,.7000005
CYP,1994,.844667,11680,5.899999
CYP,1995,.862695,12810,8.36247
CYP,1996,.88029,13880,1.248541
CYP,1997,.897568,14280,2.640931
CYP,1998,.914548,15490,6.110883
CYP,1999,.931234,14340,4.997955
CYP,2000,.947667,14180,5.965304
CYP,2001,.964127,14170,3.952563
CYP,2002,.98144,14510,3.722975
CYP,2003,.99959,16710,2.6233
CYP,2004,1.017875,20260,5.026272
CYP,2005,1.036151,23990,4.852988
CYP,2006,1.054418,25600,4.713784
CYP,2007,1.072714,27340,5.098226
CYP,2008,1.091026,31970,3.646989
CYP,2009,1.109371,32820,-2.015082
CYP,2010,1.127816,32170,2.282671
CYP,2011,1.146493,32680,.4167119
CYP,2012,1.165397,29760,-3.447381
CYP,2013,1.183895,27860,-6.587478
CYP,2014,1.201801,26590,-1.776059
CYP,2015,1.219502,26090,3.41892
CYP,2016,1.237112,24840,6.573591
CYP,2017,1.254275,25020,5.750833
CYP,2018,1.270737,27570,6.271664
CYP,2019,1.286671,28840,5.875596
CYP,2020,1.302247,27280,-3.22063
CYP,2021,1.317309,30270,11.38819
CYP,2022,1.33137,33020,7.204868
CYP,2023,1.344976,32960,2.76391
CYP,2024,1.358282,32980,3.448062
CZE,1960,9.602006,,
CZE,1961,9.586651,,
CZE,1962,9.62466,,
CZE,1963,9.670685,,
CZE,1964,9.727804,,
CZE,1965,9.779358,,
CZE,1966,9.82104,,
CZE,1967,9.852899,,
CZE,1968,9.876346,,
CZE,1969,9.89658,,
CZE,1970,9.858071,,
CZE,1971,9.826815,,
CZE,1972,9.867632,,
CZE,1973,9.922266,,
CZE,1974,9.988459,,
CZE,1975,10.05862,,
CZE,1976,10.125939,,
CZE,1977,10.186755,,
CZE,1978,10.242098,,
CZE,1979,10.292341,,
CZE,1980,10.304193,,
CZE,1981,10.300591,,
CZE,1982,10.314826,,
CZE,1983,10.323856,,
CZE,1984,10.330213,,
CZE,1985,10.337118,,
CZE,1986,10.342227,,
CZE,1987,10.347318,,
CZE,1988,10.355276,,
CZE,1989,10.361068,,
CZE,1990,10.333355,,
CZE,1991,10.308578,,-11.61494
CZE,1992,10.319123,3380,-.5065423
CZE,1993,10.329855,3530,.0619042
CZE,1994,10.333587,4200,2.909309
CZE,1995,10.327253,5170,6.221406
CZE,1996,10.315241,6010,4.168584
CZE,1997,10.304131,6200,-.5958384
CZE,1998,10.294373,6140,-.3931502
CZE,1999,10.28386,6150,1.378361
CZE,2000,10.255063,6380,4.01067
CZE,2001,10.216605,6380,2.91722
CZE,2002,10.196916,6680,1.513459
CZE,2003,10.193998,8130,3.300837
CZE,2004,10.197101,10280,4.73634
CZE,2005,10.211216,12480,6.375029
CZE,2006,10.238905,13990,6.623173
CZE,2007,10.298828,15830,5.488826
CZE,2008,10.384603,18480,2.612268
CZE,2009,10.443936,18790,-4.798324
CZE,2010,10.47441,19420,2.714665
CZE,2011,10.496088,19600,1.772381
CZE,2012,10.510785,19650,-.7706682
CZE,2013,10.514272,19600,-.0418124
CZE,2014,10.525347,19080,2.245212
CZE,2015,10.546059,18340,4.958758
CZE,2016,10.566332,17660,2.58087
CZE,2017,10.594438,18350,5.173565
CZE,2018,10.629928,20700,2.830306
CZE,2019,10.67187,22440,3.565777
CZE,2020,10.697858,22190,-5.30488
CZE,2021,10.505772,25500,4.029018
CZE,2022,10.672118,27210,2.847171
CZE,2023,10.864042,29130,-.0552618
CZE,2024,10.882164,29140,1.120385
DEU,1960,72.8149,,
DEU,1961,73.377632,,4.29844
DEU,1962,74.025784,1370,4.623471
DEU,1963,74.714353,1470,2.735296
DEU,1964,75.318337,1610,6.63947
DEU,1965,75.963695,1750,5.244164
DEU,1966,76.600311,1860,2.812181
DEU,1967,76.951336,1900,-.3302565
DEU,1968,77.294314,2080,5.668773
DEU,1969,77.909682,2300,7.418103
DEU,1970,78.169289,2600,5.103145
DEU,1971,78.312842,2980,3.1327
DEU,1972,78.688452,3610,4.300341
DEU,1973,78.936666,4690,4.777487
DEU,1974,78.967433,5810,.8900687
DEU,1975,78.673554,6740,-.8667389
DEU,1976,78.33695,7150,4.949258
DEU,1977,78.159814,7690,3.347218
DEU,1978,78.09182,8890,3.008493
DEU,1979,78.12635,11090,4.150363
DEU,1980,78.288576,13050,1.408829
DEU,1981,78.407907,12580,.5292405
DEU,1982,78.333366,11150,-.3948408
DEU,1983,78.128282,10050,1.57241
DEU,1984,77.858685,9900,2.822948
DEU,1985,77.684873,9860,2.327935
DEU,1986,77.720436,11270,2.287339
DEU,1987,77.83992,14280,1.402152
DEU,1988,78.144619,18670,3.707236
DEU,1989,78.751283,19810,3.896552
DEU,1990,79.433029,21360,5.255006
DEU,1991,80.013896,22950,5.108262
DEU,1992,80.624598,25890,2.014184
DEU,1993,81.156363,26080,-.9733037
DEU,1994,81.438348,27630,2.597585
DEU,1995,81.678051,29650,1.505406
DEU,1996,81.914831,31020,1.038156
DEU,1997,82.034771,30270,1.854817
DEU,1998,82.047195,28070,2.096161
DEU,1999,82.100243,27020,2.130117
DEU,2000,82.211508,26380,2.877246
DEU,2001,82.349925,24990,1.636541
DEU,2002,82.488495,23920,-.2283102
DEU,2003,82.534176,26470,-.529929
DEU,2004,82.51626,32080,1.162368
DEU,2005,82.469422,36310,.8856972
DEU,2006,82.376451,38890,3.855736
DEU,2007,82.266372,41130,2.890107
DEU,2008,82.110097,44370,.9104032
DEU,2009,81.902307,44480,-5.545165
DEU,2010,81.77693,45540,4.146768
DEU,2011,80.274983,48220,3.757969
DEU,2012,80.425823,47490,.4742913
DEU,2013,80.645605,48160,.3862246
DEU,2014,80.9825,48610,2.169499
DEU,2015,81.686611,46590,1.65272
DEU,2016,82.348669,45360,2.294711
DEU,2017,82.657002,44700,2.716025
DEU,2018,82.905782,48730,1.116443
DEU,2019,83.092962,50310,.9878933
DEU,2020,83.160871,48510,-4.095138
DEU,2021,83.196078,52750,3.67
DEU,2022,83.797985,54730,1.369731
DEU,2023,83.901923,54960,-.2664384
DEU,2024,83.51095,54960,-.2385269
DJI,1960,.086024,,
DJI,1961,.08939,,
DJI,1962,.093283,,
DJI,1963,.097872,,
DJI,1964,.103198,,
DJI,1965,.109092,,
DJI,1966,.115269,,
DJI,1967,.121649,,
DJI,1968,.12825,,
DJI,1969,.136078,,
DJI,1970,.145175,,
DJI,1971,.155136,,
DJI,1972,.166256,,
DJI,1973,.178449,,
DJI,1974,.192613,,
DJI,1975,.209908,,
DJI,1976,.230737,,
DJI,1977,.254613,,
DJI,1978,.280031,,
DJI,1979,.304513,,
DJI,1980,.325815,,
DJI,1981,.343047,,
DJI,1982,.35688,,
DJI,1983,.369553,,
DJI,1984,.384053,,
DJI,1985,.402687,,
DJI,1986,.426341,,
DJI,1987,.454399,,
DJI,1988,.484523,,
DJI,1989,.523355,,
DJI,1990,.579538,,
DJI,1991,.631092,,
DJI,1992,.62601,,
DJI,1993,.614245,,
DJI,1994,.62671,,
DJI,1995,.633074,,
DJI,1996,.648348,,
DJI,1997,.671817,,
DJI,1998,.699352,,
DJI,1999,.724218,,
DJI,2000,.747318,,
DJI,2001,.771313,,
DJI,2002,.795574,,
DJI,2003,.813519,,
DJI,2004,.826124,,
DJI,2005,.839167,,
DJI,2006,.855764,,
DJI,2007,.874528,,
DJI,2008,.892734,,
DJI,2009,.911527,,
DJI,2010,.930251,,
DJI,2011,.948558,,
DJI,2012,.966747,,
DJI,2013,.984824,,
DJI,2014,1.002717,,7.192987
DJI,2015,1.020313,2280,7.308986
DJI,2016,1.037653,2370,7.123432
DJI,2017,1.054841,2450,5.458092
DJI,2018,1.071882,2600,4.774339
DJI,2019,1.088709,2780,5.545081
DJI,2020,1.105188,2780,1.202115
DJI,2021,1.121248,2990,4.407156
DJI,2022,1.137096,3310,5.166537
DJI,2023,1.152944,3510,7.372071
DJI,2024,1.168722,3540,5.95383
DMA,1960,.059372,,
DMA,1961,.060209,,
DMA,1962,.060948,,
DMA,1963,.061739,,
DMA,1964,.062587,,
DMA,1965,.063505,,
DMA,1966,.064507,,
DMA,1967,.065585,,
DMA,1968,.066732,,
DMA,1969,.067934,,
DMA,1970,.068908,,
DMA,1971,.069532,,
DMA,1972,.07006,,
DMA,1973,.070585,,
DMA,1974,.071091,,
DMA,1975,.07157,,
DMA,1976,.072017,,
DMA,1977,.072406,,
DMA,1978,.072724,,10.53575
DMA,1979,.072959,730,-18.35929
DMA,1980,.073083,990,13.38318
DMA,1981,.072986,1200,10.82933
DMA,1982,.072688,1250,4.127684
DMA,1983,.072365,1260,2.556318
DMA,1984,.072056,1370,4.196647
DMA,1985,.071744,1510,1.420933
DMA,1986,.071406,1820,7.073357
DMA,1987,.071023,2190,6.307561
DMA,1988,.070608,2580,7.816623
DMA,1989,.070153,2620,-.1911364
DMA,1990,.069627,2840,5.417984
DMA,1991,.069296,3010,1.347765
DMA,1992,.069325,3260,2.029421
DMA,1993,.069433,3480,2.161414
DMA,1994,.069477,3570,.0344815
DMA,1995,.069469,3800,3.030863
DMA,1996,.06941,3970,3.104202
DMA,1997,.069299,4090,2.185628
DMA,1998,.069124,4260,3.774227
DMA,1999,.06887,4260,.354079
DMA,2000,.068511,4290,2.340219
DMA,2001,.068288,4750,-.0638447
DMA,2002,.068367,4720,-3.08742
DMA,2003,.068531,5310,5.804955
DMA,2004,.068649,5640,4.097836
DMA,2005,.068734,5670,.9152865
DMA,2006,.068806,6070,4.400775
DMA,2007,.068847,6280,5.357937
DMA,2008,.068854,6880,7.121312
DMA,2009,.068864,7080,-1.135751
DMA,2010,.068859,7250,-.1056109
DMA,2011,.069053,7510,.0427389
DMA,2012,.069118,7530,-.1573918
DMA,2013,.069715,7440,.004504
DMA,2014,.070373,7670,2.335217
DMA,2015,.07041,7510,-3.373383
DMA,2016,.069606,8000,1.447246
DMA,2017,.068496,8070,-7.544364
DMA,2018,.068174,8880,2.964011
DMA,2019,.06788,9350,3.948097
DMA,2020,.067573,8230,-15.7064
DMA,2021,.067202,8660,5.379838
DMA,2022,.066826,9740,10.39681
DMA,2023,.06651,9990,3.65221
DMA,2024,.066205,10220,2.052738
DNK,1960,4.579603,,
DNK,1961,4.611687,,6.378832
DNK,1962,4.647727,1630,5.666822
DNK,1963,4.684483,1720,.6370212
DNK,1964,4.722072,1970,9.269938
DNK,1965,4.759012,2180,4.555255
DNK,1966,4.797381,2370,2.74091
DNK,1967,4.835354,2640,5.886231
DNK,1968,4.864883,2870,5.852997
DNK,1969,4.89186,3140,6.79912
DNK,1970,4.928757,3310,1.856002
DNK,1971,4.963126,3670,3.177822
DNK,1972,4.991596,4310,3.797598
DNK,1973,5.021861,5600,4.719493
DNK,1974,5.045297,6820,-.9642674
DNK,1975,5.059862,8090,-1.4099
DNK,1976,5.072596,8960,5.993402
DNK,1977,5.088419,9780,1.98543
DNK,1978,5.104248,11170,2.416994
DNK,1979,5.116801,13560,4.0533
DNK,1980,5.123027,15110,-.75143
DNK,1981,5.121572,14190,-.7409864
DNK,1982,5.11781,12860,3.892112
DNK,1983,5.114297,11700,2.654804
DNK,1984,5.111619,11520,4.339345
DNK,1985,5.113691,11840,4.153084
DNK,1986,5.120534,14050,4.733406
DNK,1987,5.127024,17740,.4629558
DNK,1988,5.129516,22120,.2729511
DNK,1989,5.132594,23060,.6971732
DNK,1990,5.140939,24380,1.660268
DNK,1991,5.154298,25540,1.45818
DNK,1992,5.17137,28690,2.022811
DNK,1993,5.188628,28550,-.0789004
DNK,1994,5.20618,30330,5.294696
DNK,1995,5.233373,32530,3.038022
DNK,1996,5.263074,34740,2.895751
DNK,1997,5.284991,35090,3.168481
DNK,1998,5.304219,33440,2.326303
DNK,1999,5.321799,33050,2.967305
DNK,2000,5.339616,32560,3.724009
DNK,2001,5.358783,31430,.9500322
DNK,2002,5.375931,30870,.45653
DNK,2003,5.390574,34800,.441091
DNK,2004,5.404523,42740,2.776352
DNK,2005,5.419432,49750,2.359609
DNK,2006,5.437272,53630,3.816488
DNK,2007,5.461438,55870,.9871738
DNK,2008,5.493621,60620,-.4171785
DNK,2009,5.523095,60300,-4.974479
DNK,2010,5.547683,61290,1.582897
DNK,2011,5.570572,62050,1.310804
DNK,2012,5.591572,61570,-.0054323
DNK,2013,5.614932,63400,1.392673
DNK,2014,5.643475,63650,1.278
DNK,2015,5.683483,60350,2.104414
DNK,2016,5.72801,57830,3.073045
DNK,2017,5.76498,56600,3.056477
DNK,2018,5.793636,61090,1.860008
DNK,2019,5.814422,63020,1.711401
DNK,2020,5.831404,62710,-1.780106
DNK,2021,5.856733,70310,7.382066
DNK,2022,5.903037,73320,1.540173
DNK,2023,5.946952,73340,2.495184
DNK,2024,5.976992,73790,3.676197
DOM,1960,3.268336,,
DOM,1961,3.373233,,-2.313249
DOM,1962,3.479936,220,17.04724
DOM,1963,3.588287,240,6.502903
DOM,1964,3.698559,270,6.764865
DOM,1965,3.808963,240,-12.48183
DOM,1966,3.921847,260,13.46334
DOM,1967,4.038928,260,3.327542
DOM,1968,4.157189,260,.2388605
DOM,1969,4.277035,290,10.89145
DOM,1970,4.39929,340,18.22668
DOM,1971,4.524234,380,10.87147
DOM,1972,4.651883,440,10.39416
DOM,1973,4.782227,530,12.89576
DOM,1974,4.914197,620,6.001903
DOM,1975,5.046776,730,5.193254
DOM,1976,5.180404,790,6.728123
DOM,1977,5.315443,840,4.981784
DOM,1978,5.451882,910,2.140685
DOM,1979,5.58969,1040,4.531399
DOM,1980,5.729037,1180,7.968739
DOM,1981,5.868453,1270,4.279868
DOM,1982,6.007114,1300,1.698709
DOM,1983,6.147248,1340,4.627946
DOM,1984,6.28904,1480,1.252896
DOM,1985,6.430404,1100,-2.122535
DOM,1986,6.571208,1030,3.521993
DOM,1987,6.712515,940,10.11737
DOM,1988,6.855734,920,2.155963
DOM,1989,7.002295,910,4.400539
DOM,1990,7.151166,870,-5.454312
DOM,1991,7.299853,1040,.9441389
DOM,1992,7.447474,1350,11.23746
DOM,1993,7.594572,1610,7.366695
DOM,1994,7.741694,1740,2.593783
DOM,1995,7.888115,1940,5.699988
DOM,1996,8.032894,2150,5.961193
DOM,1997,8.174078,2340,8.899552
DOM,1998,8.310362,2420,6.705856
DOM,1999,8.446208,2510,5.95651
DOM,2000,8.58419,2650,4.651725
DOM,2001,8.720283,2700,2.46937
DOM,2002,8.852235,2850,4.486504
DOM,2003,8.98062,2600,-1.349357
DOM,2004,9.104892,2520,2.585567
DOM,2005,9.225034,3000,9.431789
DOM,2006,9.341183,3590,9.171206
DOM,2007,9.455658,4380,7.418406
DOM,2008,9.57313,4700,3.268087
DOM,2009,9.695265,4860,1.003453
DOM,2010,9.820175,5260,8.401145
DOM,2011,9.945621,5460,3.191962
DOM,2012,10.070411,5700,2.775671
DOM,2013,10.193833,5940,4.934733
DOM,2014,10.315528,6230,7.111226
DOM,2015,10.434829,6470,6.987711
DOM,2016,10.55143,6750,6.719741
DOM,2017,10.666843,6920,3.933862
DOM,2018,10.782053,7600,7.097517
DOM,2019,10.894043,7940,4.89403
DOM,2020,11.0083,7080,-7.929052
DOM,2021,11.123476,8160,14.01243
DOM,2022,11.230734,9150,5.237957
DOM,2023,11.331265,9700,2.192298
DOM,2024,11.427557,10280,4.951697
DZA,1960,11.424922,,
DZA,1961,11.628883,,-13.60544
DZA,1962,11.800771,180,-19.68504
DZA,1963,11.982118,230,34.31373
DZA,1964,12.179813,240,5.839413
DZA,1965,12.365976,250,6.206898
DZA,1966,12.590069,230,-4.804971
DZA,1967,12.876118,260,9.452963
DZA,1968,13.172614,290,10.79624
DZA,1969,13.47596,320,8.43328
DZA,1970,13.783719,350,8.862658
DZA,1971,14.098936,330,-11.33172
DZA,1972,14.427072,460,27.42397
DZA,1973,14.771147,570,3.813176
DZA,1974,15.133502,760,7.494918
DZA,1975,15.678596,970,5.045341
DZA,1976,16.40917,1100,8.386757
DZA,1977,17.015994,1140,5.258586
DZA,1978,17.506974,1370,9.214836
DZA,1979,18.036655,1700,7.477827
DZA,1980,18.607174,2050,.790607
DZA,1981,19.220704,2270,2.999996
DZA,1982,19.872348,2330,6.400004
DZA,1983,20.558115,2250,5.400003
DZA,1984,21.271969,2320,5.599997
DZA,1985,22.008544,2450,3.699997
DZA,1986,22.745499,2630,.400001
DZA,1987,23.443624,2850,-.6999975
DZA,1988,24.109536,2780,-1.000005
DZA,1989,24.754485,2590,4.400002
DZA,1990,25.37581,2400,.8000006
DZA,1991,25.987928,2010,-1.200001
DZA,1992,26.628568,1930,1.800002
DZA,1993,27.277048,1750,-2.100001
DZA,1994,27.887279,1640,-.8999966
DZA,1995,28.470191,1570,3.799995
DZA,1996,29.033044,1530,4.099998
DZA,1997,29.579301,1510,1.1
DZA,1998,30.054133,1550,5.100004
DZA,1999,30.474354,1540,3.200001
DZA,2000,30.903893,1600,3.8
DZA,2001,31.331221,1720,3
DZA,2002,31.750835,1840,5.4
DZA,2003,32.175818,2090,6.5
DZA,2004,32.628286,2440,4.5
DZA,2005,33.109249,2910,5.4
DZA,2006,33.623506,3310,2.9
DZA,2007,34.189416,3780,3.1
DZA,2008,34.816961,4430,2.5
DZA,2009,35.490445,4570,1.2
DZA,2010,36.188236,4870,4.8
DZA,2011,36.903376,5050,3
DZA,2012,37.646166,5630,2.4
DZA,2013,38.414171,5970,2.6
DZA,2014,39.205031,6030,4.1
DZA,2015,40.019529,5390,3.2
DZA,2016,40.850721,4920,3.9
DZA,2017,41.689299,4440,1.5
DZA,2018,42.505035,4450,1.4
DZA,2019,43.294546,4480,.9
DZA,2020,44.042091,4020,-5
DZA,2021,44.761099,4120,3.8
DZA,2022,45.477389,4430,3.6
DZA,2023,46.164219,4950,4.1
DZA,2024,46.814308,5320,3.3
EAP,1960,895.96154,,
EAP,1961,895.53458,,-13.4346
EAP,1962,907.47302,72.60778,-.671942
EAP,1963,930.81084,78.78561,6.462934
EAP,1964,953.78347,87.10905,10.83151
EAP,1965,977.36693,98.51314,10.8233
EAP,1966,1004.2715,106.4444,8.021073
EAP,1967,1030.4711,100.5333,-1.452205
EAP,1968,1057.6978,97.60694,1.732766
EAP,1969,1086.6625,109.4374,11.42094
EAP,1970,1116.3952,122.3776,13.482
EAP,1971,1146.6495,125.7762,6.775981
EAP,1972,1175.1762,132.7822,4.895687
EAP,1973,1202.7157,160.3199,8.262936
EAP,1974,1228.6885,187.8984,3.920543
EAP,1975,1252.1742,218.7641,6.722131
EAP,1976,1273.9224,214.3931,2.756128
EAP,1977,1294.3031,227.7859,7.471205
EAP,1978,1314.7755,241.7197,9.187909
EAP,1979,1335.6376,266.9221,7.016912
EAP,1980,1356.2265,295.1704,7.467432
EAP,1981,1377.4739,312.4057,5.573855
EAP,1982,1401.0816,312.0922,6.44438
EAP,1983,1424.9716,307.7377,7.681333
EAP,1984,1447.8711,325.5241,10.02112
EAP,1985,1471.3403,347.7575,7.932368
EAP,1986,1496.1243,369.2843,7.144884
EAP,1987,1522.3746,385.968,9.176477
EAP,1988,1549.0386,405.9009,9.77657
EAP,1989,1575.1013,407.9947,5.686182
EAP,1990,1600.7392,423.5347,5.154024
EAP,1991,1625.4984,453.9157,8.095127
EAP,1992,1648.8728,504.2796,11.25115
EAP,1993,1671.6044,547.7698,11.31453
EAP,1994,1694.2445,614.4457,10.94902
EAP,1995,1716.6024,707.1451,9.936843
EAP,1996,1738.6324,822.9108,9.106395
EAP,1997,1760.5124,891.1363,7.396482
EAP,1998,1781.5465,835.9045,3.003647
EAP,1999,1800.9328,859.3252,6.451333
EAP,2000,1819.0115,916.5215,7.728796
EAP,2001,1836.2609,988.0059,6.980592
EAP,2002,1852.6592,1070.369,8.155155
EAP,2003,1868.41,1217.9,9.023983
EAP,2004,1883.6752,1432.96,9.149139
EAP,2005,1898.8537,1650.998,10.04938
EAP,2006,1914.0021,1909.557,11.0703
EAP,2007,1929.1851,2289.878,12.45175
EAP,2008,1944.3059,2791.605,8.648826
EAP,2009,1959.0175,3246.785,8.016032
EAP,2010,1973.6022,3796.831,9.897952
EAP,2011,1989.1067,4387.273,8.584804
EAP,2012,2006.5664,5126.875,7.579138
EAP,2013,2023.8502,5762.392,7.317537
EAP,2014,2040.3838,6271.24,7.02298
EAP,2015,2056.0509,6528.671,6.661428
EAP,2016,2071.4861,6739.835,6.510077
EAP,2017,2087.2385,7083.011,6.666691
EAP,2018,2100.6988,7773.364,6.53719
EAP,2019,2112.2899,8375.157,5.885794
EAP,2020,2121.8663,8460.52,1.345289
EAP,2021,2128.5537,9496.88,7.719799
EAP,2022,2133.5604,10236.18,3.545375
EAP,2023,2137.5278,10656.9,5.254778
EAP,2024,2141.1223,10629.7,4.9626
EAR,1960,968.90936,,
EAR,1961,994.17684,,4.794996
EAR,1962,1020.1307,157.0012,4.031359
EAR,1963,1046.6975,164.0463,5.319937
EAR,1964,1074.0213,177.5558,8.352884
EAR,1965,1101.2643,192.1101,6.164018
EAR,1966,1128.4747,197.1184,4.340618
EAR,1967,1156.8173,201.3209,5.666564
EAR,1968,1185.9368,208.8591,7.228128
EAR,1969,1215.5367,223.9502,6.738826
EAR,1970,1245.9608,237.7757,8.420913
EAR,1971,1276.1418,251.9813,5.445054
EAR,1972,1307.0096,271.6047,6.805807
EAR,1973,1339.6714,322.9191,7.051141
EAR,1974,1373.2198,414.6049,6.902148
EAR,1975,1407.6367,499.0902,2.890288
EAR,1976,1442.754,544.7515,6.992279
EAR,1977,1478.4797,557.7036,3.975554
EAR,1978,1514.5728,604.1608,2.17038
EAR,1979,1552.1947,703.1007,4.144386
EAR,1980,1591.9617,829.9922,3.409185
EAR,1981,1634.1072,924.8557,3.736985
EAR,1982,1677.5328,902.5149,.4667515
EAR,1983,1721.104,842.1153,.5524073
EAR,1984,1765.2691,815.4027,2.069332
EAR,1985,1810.0192,809.8312,1.051893
EAR,1986,1855.3912,824.2306,1.438285
EAR,1987,1901.4055,860.1139,2.884578
EAR,1988,1947.929,891.8029,3.149897
EAR,1989,1994.667,861.2693,2.360328
EAR,1990,2044.2415,897.986,5.043797
EAR,1991,2092.1025,937.7231,4.276169
EAR,1992,2138.8542,1023.886,4.093622
EAR,1993,2184.6561,1060.806,3.590161
EAR,1994,2228.7192,1106.921,3.447235
EAR,1995,2273.6922,1131.026,2.482007
EAR,1996,2321.2842,1179.518,5.772846
EAR,1997,2369.0424,1213.551,4.93278
EAR,1998,2416.1197,1179.959,2.457622
EAR,1999,2462.7041,1191.552,2.336216
EAR,2000,2509.4315,1254.731,4.371125
EAR,2001,2556.3354,1273.078,1.140687
EAR,2002,2601.9176,1244.251,1.920994
EAR,2003,2647.1093,1318.911,5.173867
EAR,2004,2693.185,1494.528,6.191053
EAR,2005,2738.8469,1708.051,5.895146
EAR,2006,2784.7266,1912.688,6.071715
EAR,2007,2830.532,2157.876,5.713218
EAR,2008,2875.944,2411.786,3.450057
EAR,2009,2921.5636,2492.179,.7237596
EAR,2010,2967.1045,2717.44,6.503629
EAR,2011,3013.4769,2966.078,4.978265
EAR,2012,3058.8694,3271.539,4.208405
EAR,2013,3103.6773,3398.569,4.071111
EAR,2014,3146.8001,3432.009,4.134333
EAR,2015,3190.3187,3313.823,4.413747
EAR,2016,3233.0337,3276.164,4.403903
EAR,2017,3274.0604,3336.352,4.648945
EAR,2018,3314.2452,3518.256,3.841098
EAR,2019,3355.0148,3589.105,2.387191
EAR,2020,3396.0512,3315.111,-4.215304
EAR,2021,3432.0261,3648.237,7.506481
EAR,2022,3470.6448,4012.913,5.960195
EAR,2023,3511.6076,4259.17,4.610901
EAR,2024,3552.2786,4372.524,3.582461
EAS,1960,1042.8186,,
EAS,1961,1044.7499,,3.780563
EAS,1962,1059.2166,151.24,5.435912
EAS,1963,1085.0954,165.1165,7.766738
EAS,1964,1110.6512,184.1688,10.40594
EAS,1965,1136.8692,202.7756,6.982318
EAS,1966,1166.2235,222.0902,8.610274
EAS,1967,1194.6331,233.0281,7.328656
EAS,1968,1224.3974,252.8645,9.309999
EAS,1969,1256.168,287.7524,11.4816
EAS,1970,1288.7215,313.1201,3.908255
EAS,1971,1322.8565,340.624,5.281487
EAS,1972,1354.2283,398.2483,7.158183
EAS,1973,1384.605,506.4973,7.66527
EAS,1974,1413.4966,614.7109,1.015651
EAS,1975,1439.6343,716.0687,3.547574
EAS,1976,1463.7478,741.5468,4.176921
EAS,1977,1486.3974,801.1041,5.200321
EAS,1978,1509.0731,945.733,5.796247
EAS,1979,1532.2617,1148.146,5.928107
EAS,1980,1555.0559,1303.601,3.749846
EAS,1981,1578.5888,1357.054,4.629409
EAS,1982,1604.4603,1307.131,4.153925
EAS,1983,1630.4628,1268.728,4.420716
EAS,1984,1655.2633,1310.261,6.172312
EAS,1985,1680.4677,1403.217,5.704922
EAS,1986,1706.8484,1609.382,4.919988
EAS,1987,1734.7036,1959.301,6.269584
EAS,1988,1762.9362,2503.602,7.608776
EAS,1989,1790.597,2695.718,5.140263
EAS,1990,1817.7359,2804.813,5.069409
EAS,1991,1844.19,2908.633,4.883598
EAS,1992,1869.0746,3110.384,4.266926
EAS,1993,1893.2586,3375.185,4.230129
EAS,1994,1917.3892,3695.118,5.257097
EAS,1995,1941.1852,4159.46,5.698564
EAS,1996,1964.8301,4370.447,5.643451
EAS,1997,1988.0676,4235.736,4.095228
EAS,1998,2010.4435,3704.972,.4916812
EAS,1999,2030.9125,3664.651,3.777261
EAS,2000,2050.1496,3874.374,5.438451
EAS,2001,2068.6821,3960.967,3.318064
EAS,2002,2086.1444,3914.965,4.435269
EAS,2003,2102.7619,4100.038,5.005001
EAS,2004,2118.7479,4612.369,5.90043
EAS,2005,2134.5731,5052.382,5.9586
EAS,2006,2150.6889,5338.329,6.48509
EAS,2007,2167.0465,5704.426,7.485764
EAS,2008,2183.4724,6215.609,4.43597
EAS,2009,2199.1487,6568.37,2.623567
EAS,2010,2214.6138,7389.387,7.618037
EAS,2011,2230.8266,8199.09,5.458255
EAS,2012,2249.0814,9165.388,5.205234
EAS,2013,2267.0721,9764.019,5.273683
EAS,2014,2284.3855,9995.599,4.80299
EAS,2015,2300.8443,9883.726,4.720186
EAS,2016,2317.0761,9963.816,4.646375
EAS,2017,2333.4755,10304.3,5.049622
EAS,2018,2347.5763,11179.59,4.784313
EAS,2019,2359.7711,11786.6,4.043729
EAS,2020,2369.4387,11754.77,-.0541287
EAS,2021,2375.1444,12977.73,6.339736
EAS,2022,2379.6482,13675.5,2.990472
EAS,2023,2384.4793,13919.05,4.193955
EAS,2024,2388.3785,13725.54,3.894593
ECA,1960,128.81045,,
ECA,1961,131.61793,,
ECA,1962,134.40042,,
ECA,1963,137.18783,,
ECA,1964,139.97397,,
ECA,1965,142.66857,,
ECA,1966,145.37153,,
ECA,1967,148.08798,,
ECA,1968,150.77758,,
ECA,1969,153.46275,,
ECA,1970,155.91882,,
ECA,1971,158.42859,,
ECA,1972,161.04905,,
ECA,1973,163.60119,,
ECA,1974,166.12181,,
ECA,1975,168.59446,,
ECA,1976,171.11986,,
ECA,1977,173.72698,,
ECA,1978,176.31564,,
ECA,1979,178.77451,,
ECA,1980,181.30943,,
ECA,1981,183.74632,,
ECA,1982,186.27261,,
ECA,1983,188.97998,,
ECA,1984,191.75537,,
ECA,1985,194.52519,,
ECA,1986,197.34498,,
ECA,1987,200.19402,,
ECA,1988,202.99033,,3.292643
ECA,1989,205.7332,,1.246396
ECA,1990,208.21287,1493.974,2.750693
ECA,1991,210.16911,1551.348,-4.692858
ECA,1992,212.03232,1615.308,-4.731779
ECA,1993,213.39595,1612.36,-2.056421
ECA,1994,214.3299,1382.439,-10.00651
ECA,1995,215.11496,1421.208,.9313155
ECA,1996,216.0021,1457.976,3.935514
ECA,1997,216.67206,1576.718,5.595637
ECA,1998,217.10473,1657.951,2.348416
ECA,1999,217.57995,1669.743,-1.263565
ECA,2000,218.4866,1830.458,6.77911
ECA,2001,219.43506,1629.148,-.1019558
ECA,2002,220.40026,1672.304,6.403966
ECA,2003,221.39969,1916.19,6.598559
ECA,2004,222.41329,2523.248,9.534902
ECA,2005,223.36014,3218.858,8.467658
ECA,2006,224.41751,3821.357,8.182775
ECA,2007,225.01607,4546.87,7.150183
ECA,2008,226.52448,5282.729,3.047593
ECA,2009,228.25091,5306.397,-3.45862
ECA,2010,230.10644,5764.975,7.060405
ECA,2011,231.98844,6204.721,8.430008
ECA,2012,233.91489,6796.9,4.046617
ECA,2013,235.98334,7381.879,6.508565
ECA,2014,238.11466,7398.433,3.361947
ECA,2015,240.23279,6947.465,3.569413
ECA,2016,242.41081,6306.718,2.781794
ECA,2017,244.53382,6100.543,5.819172
ECA,2018,246.65913,6091.53,3.497398
ECA,2019,248.86307,6054.493,2.306489
ECA,2020,250.66061,5856.489,.2950238
ECA,2021,252.18963,6412.871,9.044768
ECA,2022,250.8404,6886.379,3.105834
ECA,2023,249.05326,7754.05,5.07584
ECA,2024,250.48594,8565.039,3.751939
ECS,1960,667.88736,,
ECS,1961,675.54863,,5.178773
ECS,1962,683.3412,731.6516,4.704849
ECS,1963,691.1894,789.6509,4.869614
ECS,1964,699.05844,862.2421,5.832675
ECS,1965,706.68342,935.8015,4.458113
ECS,1966,713.44357,1008.425,3.805948
ECS,1967,720.14632,1072.404,3.462953
ECS,1968,726.63417,1153.25,5.406978
ECS,1969,733.04442,1246.491,5.954675
ECS,1970,738.72407,1351.509,5.000228
ECS,1971,744.43296,1489.254,3.725212
ECS,1972,750.72866,1732.125,4.674695
ECS,1973,756.77546,2195.164,5.923306
ECS,1974,762.54655,2679.531,2.230272
ECS,1975,768.08068,3085.013,-.8305249
ECS,1976,773.61971,3258.3,4.412971
ECS,1977,779.1178,3477.685,2.891814
ECS,1978,784.55625,3932.386,3.103984
ECS,1979,789.86214,4861.835,3.724949
ECS,1980,795.36284,5825.204,1.490304
ECS,1981,800.54242,5852.738,.5190327
ECS,1982,805.24748,5358.752,.95147
ECS,1983,809.94736,4795.902,1.954584
ECS,1984,814.85698,4625.405,2.669844
ECS,1985,819.87411,4608.12,2.767303
ECS,1986,825.0347,5265.951,2.751604
ECS,1987,830.2948,6649.828,3.095739
ECS,1988,835.60159,8521.431,4.215299
ECS,1989,840.88151,9096.114,3.52033
ECS,1990,845.29025,9761.427,2.289361
ECS,1991,849.16938,10359.86,.1807838
ECS,1992,852.6645,11416.87,-.698734
ECS,1993,855.55422,11258.86,-.7553169
ECS,1994,857.72459,11451.82,1.260688
ECS,1995,859.50475,11947.59,2.183753
ECS,1996,861.07343,12669.61,1.808499
ECS,1997,862.33506,12933.3,3.100409
ECS,1998,863.31761,12541.88,2.610888
ECS,1999,864.30693,12415.35,2.912091
ECS,2000,865.39248,12514.34,4.381299
ECS,2001,866.5907,12111.91,2.247638
ECS,2002,868.23484,12035.71,1.575249
ECS,2003,870.52945,13617.74,1.814173
ECS,2004,873.06946,16574.16,3.195316
ECS,2005,875.56392,19217.08,2.710983
ECS,2006,878.16693,20802.08,3.909873
ECS,2007,880.65635,22546.41,3.645027
ECS,2008,884.22467,24558.26,.9986476
ECS,2009,887.74113,24346.36,-4.433391
ECS,2010,890.99037,24593.55,2.625562
ECS,2011,893.00959,25083.51,2.376612
ECS,2012,896.5542,25379.92,.3110775
ECS,2013,899.98536,26097.55,.8715646
ECS,2014,903.67641,26162.79,1.943634
ECS,2015,907.6769,24760.33,2.098007
ECS,2016,911.76565,23457.97,1.881968
ECS,2017,915.291,22957.51,2.873175
ECS,2018,918.9479,24538.73,2.124173
ECS,2019,922.21855,25469.34,1.856815
ECS,2020,923.97384,24151.85,-5.407885
ECS,2021,924.70298,26898.48,6.766425
ECS,2022,925.06127,28658.92,3.301157
ECS,2023,925.6408,29376.04,1.069447
ECS,2024,928.46574,29795.83,1.515785
ECU,1960,4.590891,,
ECU,1961,4.722331,,5.124415
ECU,1962,4.859269,380,4.919147
ECU,1963,5.001716,350,2.106368
ECU,1964,5.149918,380,7.407245
ECU,1965,5.303963,430,3.275083
ECU,1966,5.463748,440,-.3395256
ECU,1967,5.629057,460,4.621074
ECU,1968,5.79968,460,1.909438
ECU,1969,5.975236,490,4.669238
ECU,1970,6.155387,510,6.871929
ECU,1971,6.340052,500,6.292606
ECU,1972,6.529034,500,5.017641
ECU,1973,6.722033,590,13.95068
ECU,1974,6.918573,810,11.20851
ECU,1975,7.118251,1070,10.97215
ECU,1976,7.320912,1260,7.397188
ECU,1977,7.526819,1330,1.604842
ECU,1978,7.736167,1520,5.706825
ECU,1979,7.948869,1780,3.734048
ECU,1980,8.165877,2060,3.708683
ECU,1981,8.38691,2400,5.612864
ECU,1982,8.611298,2340,.6148453
ECU,1983,8.840417,2060,-.3368688
ECU,1984,9.074782,1850,2.625273
ECU,1985,9.311154,1770,3.935001
ECU,1986,9.545998,1720,3.464782
ECU,1987,9.77929,1590,-.2590987
ECU,1988,10.010808,1470,5.890467
ECU,1989,10.241852,1330,1.005778
ECU,1990,10.473673,1340,3.679914
ECU,1991,10.70238,1450,4.291342
ECU,1992,10.930128,1570,2.114311
ECU,1993,11.154274,1640,1.973218
ECU,1994,11.372197,1790,4.25825
ECU,1995,11.590514,1950,2.252549
ECU,1996,11.81095,2060,1.731748
ECU,1997,12.031127,2170,4.327865
ECU,1998,12.251184,2150,3.266529
ECU,1999,12.470795,1780,-4.739386
ECU,2000,12.689206,1500,1.091802
ECU,2001,12.91074,1490,4.206272
ECU,2002,13.138472,1650,4.928095
ECU,2003,13.372306,2010,2.8845
ECU,2004,13.608701,2410,6.832397
ECU,2005,13.846163,2750,5.398623
ECU,2006,14.086131,3000,4.341132
ECU,2007,14.328773,3210,1.902429
ECU,2008,14.575202,3770,6.564921
ECU,2009,14.825954,3970,1.091013
ECU,2010,15.076695,4290,4.029138
ECU,2011,15.326227,4770,8.481477
ECU,2012,15.572194,5320,5.783212
ECU,2013,15.807128,5880,7.211236
ECU,2014,16.035124,6190,4.226065
ECU,2015,16.266225,5970,.1196921
ECU,2016,16.505139,5750,-.6879542
ECU,2017,16.759519,5930,5.970399
ECU,2018,17.049547,6120,1.044295
ECU,2019,17.340021,6100,.1654045
ECU,2020,17.546065,5410,-9.245096
ECU,2021,17.682454,6100,9.421893
ECU,2022,17.823897,6550,5.868423
ECU,2023,17.980083,6590,1.988238
ECU,2024,18.135478,6430,-2.001255
EGY,1960,26.896479,,
EGY,1961,27.600898,,5.161114
EGY,1962,28.337013,,3.875617
EGY,1963,29.091869,,10.51809
EGY,1964,29.858922,,11.50758
EGY,1965,30.629174,160,4.914042
EGY,1966,31.406541,170,5.046404
EGY,1967,32.19636,170,.8052641
EGY,1968,32.998319,170,-1.606792
EGY,1969,33.811615,190,5.279518
EGY,1970,34.62399,220,5.598515
EGY,1971,35.433368,240,4.057346
EGY,1972,36.258328,260,3.055681
EGY,1973,37.102043,290,3.50683
EGY,1974,37.969667,300,1.558939
EGY,1975,38.875327,330,8.939147
EGY,1976,39.795557,340,13.27969
EGY,1977,40.74887,370,9.003044
EGY,1978,41.761431,380,8.628768
EGY,1979,42.818628,410,4.547689
EGY,1980,43.950413,480,10.01133
EGY,1981,45.147224,510,7.348554
EGY,1982,46.407611,540,9.907171
EGY,1983,47.786402,550,5.094407
EGY,1984,49.247334,620,9.745763
EGY,1985,50.734968,660,5.791506
EGY,1986,52.206295,720,4.744525
EGY,1987,53.674435,840,3.832753
EGY,1988,55.187681,810,5.46132
EGY,1989,56.710642,760,4.920868
EGY,1990,58.396618,730,5.667029
EGY,1991,60.028997,710,1.125405
EGY,1992,61.48066,720,4.472859
EGY,1993,62.915681,720,2.900791
EGY,1994,64.285589,780,3.973172
EGY,1995,65.652622,880,4.642459
EGY,1996,67.028048,970,4.98873
EGY,1997,68.43174,1070,5.492355
EGY,1998,69.943294,1140,5.575498
EGY,1999,71.520954,1240,6.053439
EGY,2000,73.083284,1330,6.370004
EGY,2001,74.652029,1350,3.535252
EGY,2002,76.239137,1250,2.390204
EGY,2003,77.853548,1160,3.193455
EGY,2004,79.477443,1120,4.092072
EGY,2005,81.101004,1130,4.471745
EGY,2006,82.700403,1230,6.843838
EGY,2007,84.276225,1420,7.087827
EGY,2008,85.864789,1710,7.156283
EGY,2009,87.501636,1970,4.6736
EGY,2010,89.196072,2200,5.147235
EGY,2011,91.093059,2380,1.764572
EGY,2012,93.161001,2630,2.2262
EGY,2013,95.333553,2810,2.185466
EGY,2014,97.528654,3000,2.915912
EGY,2015,99.597342,3100,4.372019
EGY,2016,101.64459,3200,4.346643
EGY,2017,103.69606,2880,4.181221
EGY,2018,105.68209,2710,5.331109
EGY,2019,107.55316,2640,5.552093
EGY,2020,109.31512,2960,3.550165
EGY,2021,110.95701,3470,3.290646
EGY,2022,112.61825,4040,6.587846
EGY,2023,114.53577,3840,3.760281
EGY,2024,116.53826,3510,2.399169
EMU,1960,270.14897,,
EMU,1961,272.47295,,5.715925
EMU,1962,274.81518,1094.365,5.762373
EMU,1963,277.20535,1192.049,4.892638
EMU,1964,279.62106,1310.172,5.835112
EMU,1965,282.02835,1438.598,5.038944
EMU,1966,284.2992,1561.207,4.397082
EMU,1967,286.29851,1662.127,3.459135
EMU,1968,288.20617,1809.732,5.660944
EMU,1969,290.17938,1993.225,7.134574
EMU,1970,291.83436,2193.099,5.608778
EMU,1971,293.5161,2427.845,3.763596
EMU,1972,295.52744,2843.025,4.898048
EMU,1973,297.41365,3649.093,6.202724
EMU,1974,299.06514,4525.775,3.287193
EMU,1975,300.51673,5224.313,-.8058968
EMU,1976,301.80432,5539.674,5.035504
EMU,1977,303.02176,5948.871,3.105536
EMU,1978,304.27509,6758.766,3.101033
EMU,1979,305.54154,8385.432,3.902665
EMU,1980,306.89434,10061.06,2.182004
EMU,1981,308.12742,9959.563,.5454475
EMU,1982,308.90112,9021.074,.6889652
EMU,1983,309.54345,8041.476,1.39546
EMU,1984,310.04646,7819.272,2.404519
EMU,1985,310.61766,7827.702,2.304758
EMU,1986,311.37273,9034.651,2.519389
EMU,1987,312.22305,11544.33,2.532724
EMU,1988,313.27252,15007.99,4.318415
EMU,1989,314.63407,16093.63,4.111171
EMU,1990,316.08701,17347.48,3.591051
EMU,1991,317.40791,18583.98,2.362984
EMU,1992,318.74297,20864.46,1.122151
EMU,1993,320.05318,20571.94,-.6826791
EMU,1994,321.02403,21115.93,2.515514
EMU,1995,321.80818,22262.57,2.469772
EMU,1996,322.56838,23528.85,1.743059
EMU,1997,323.30628,23517.54,2.764258
EMU,1998,323.97636,22488.5,3.000842
EMU,1999,324.78195,22100.74,3.010343
EMU,2000,325.78963,21915.83,3.901857
EMU,2001,326.8612,21041.34,2.185342
EMU,2002,328.46968,20546.49,.9469976
EMU,2003,330.28634,23165.91,.7533705
EMU,2004,332.14012,28163.81,2.31219
EMU,2005,333.89775,32287.12,1.771919
EMU,2006,335.4997,34396.35,3.321602
EMU,2007,337.28298,36555.82,3.011506
EMU,2008,338.97848,39379.21,.4165019
EMU,2009,340.13684,39540.32,-4.482852
EMU,2010,341.0028,39718.66,2.121339
EMU,2011,340.36737,40243.9,1.778223
EMU,2012,341.10066,39133.46,-.917843
EMU,2013,341.63953,39435.39,-.169752
EMU,2014,342.22856,39442.45,1.452001
EMU,2015,343.18048,37749.87,2.141032
EMU,2016,344.13298,36421.76,1.822469
EMU,2017,344.81018,35880.39,2.597495
EMU,2018,345.86463,38899.32,1.770513
EMU,2019,346.4966,40341.89,1.627561
EMU,2020,346.98614,38234.48,-6.046391
EMU,2021,347.20719,42427.07,6.358448
EMU,2022,348.70089,44501.41,3.543154
EMU,2023,350.29273,44564.67,.4186963
EMU,2024,351.1258,44549.43,.863297
ERI,1960,.972547,,
ERI,1961,.995573,,
ERI,1962,1.019788,,
ERI,1963,1.045092,,
ERI,1964,1.071287,,
ERI,1965,1.098335,,
ERI,1966,1.124957,,
ERI,1967,1.152339,,
ERI,1968,1.181737,,
ERI,1969,1.212005,,
ERI,1970,1.243453,,
ERI,1971,1.276154,,
ERI,1972,1.309235,,
ERI,1973,1.342669,,
ERI,1974,1.375688,,
ERI,1975,1.40821,,
ERI,1976,1.443807,,
ERI,1977,1.482565,,
ERI,1978,1.522378,,
ERI,1979,1.563332,,
ERI,1980,1.605797,,
ERI,1981,1.649939,,
ERI,1982,1.695461,,
ERI,1983,1.73616,,
ERI,1984,1.77173,,
ERI,1985,1.807816,,
ERI,1986,1.845164,,
ERI,1987,1.888669,,
ERI,1988,1.938255,,
ERI,1989,1.987017,,
ERI,1990,2.032737,,
ERI,1991,1.919571,,
ERI,1992,1.798748,,
ERI,1993,1.856006,,13.45476
ERI,1994,1.913915,310,21.22141
ERI,1995,2.025267,300,2.858379
ERI,1996,2.128464,310,9.258839
ERI,1997,2.152135,330,7.908685
ERI,1998,2.180419,330,1.772583
ERI,1999,2.21278,320,.0134801
ERI,2000,2.247031,310,-3.141986
ERI,2001,2.312079,320,8.755436
ERI,2002,2.392978,310,3.005429
ERI,2003,2.493903,310,-2.655516
ERI,2004,2.598284,350,1.451736
ERI,2005,2.661215,410,2.57445
ERI,2006,2.703502,440,-.9692171
ERI,2007,2.743222,450,1.426822
ERI,2008,2.816327,440,-9.78303
ERI,2009,2.887885,520,3.876502
ERI,2010,2.945186,550,2.19419
ERI,2011,2.998485,650,8.6798
ERI,2012,3.036988,,
ERI,2013,3.07436,,
ERI,2014,3.095173,,
ERI,2015,3.105546,,
ERI,2016,3.124698,,
ERI,2017,3.150347,,
ERI,2018,3.19276,,
ERI,2019,3.240194,,
ERI,2020,3.291271,,
ERI,2021,3.350183,,
ERI,2022,3.409447,,
ERI,2023,3.47039,,
ERI,2024,3.535603,,
ESP,1960,30.455,,
ESP,1961,30.73925,,11.83867
ESP,1962,31.023366,520,9.953438
ESP,1963,31.296651,590,9.596498
ESP,1964,31.609195,660,5.30851
ESP,1965,31.954292,750,6.253135
ESP,1966,32.283194,860,7.24606
ESP,1967,32.682947,960,4.340338
ESP,1968,33.113134,1040,6.59702
ESP,1969,33.441054,1140,8.907016
ESP,1970,33.814531,1190,4.244971
ESP,1971,34.22449,1320,4.649474
ESP,1972,34.604469,1590,8.149746
ESP,1973,34.988947,2080,7.788465
ESP,1974,35.373335,2730,5.618786
ESP,1975,35.7579,3240,.5422034
ESP,1976,36.137812,3430,3.303792
ESP,1977,36.511638,3640,2.838574
ESP,1978,36.864898,4030,1.463003
ESP,1979,37.19133,5000,.0415465
ESP,1980,37.491165,6210,2.208728
ESP,1981,37.758631,6310,-.1324686
ESP,1982,37.986012,5680,1.246462
ESP,1983,38.171525,4850,1.770116
ESP,1984,38.330364,4580,1.784688
ESP,1985,38.469512,4550,2.321436
ESP,1986,38.584624,5400,3.253322
ESP,1987,38.684815,7100,5.547123
ESP,1988,38.766939,9400,5.094324
ESP,1989,38.827764,10690,4.82703
ESP,1990,38.867322,12190,3.781394
ESP,1991,38.966376,13680,2.546
ESP,1992,39.157685,15590,.9292155
ESP,1993,39.361262,15000,-1.031492
ESP,1994,39.549108,14460,2.383195
ESP,1995,39.72405,14810,2.757494
ESP,1996,39.889852,15540,2.607411
ESP,1997,40.057389,15790,3.5873
ESP,1998,40.223509,15410,4.301978
ESP,1999,40.386875,15450,4.408865
ESP,2000,40.567864,15770,5.200641
ESP,2001,40.850412,15530,3.919089
ESP,2002,41.431558,15630,2.755456
ESP,2003,42.187645,18080,2.93929
ESP,2004,42.921895,22140,3.114532
ESP,2005,43.653155,25910,3.551226
ESP,2006,44.397319,27860,4.043435
ESP,2007,45.226803,29780,3.5335
ESP,2008,45.954106,32270,.7671657
ESP,2009,46.362946,32630,-3.768133
ESP,2010,46.576897,32060,.0941223
ESP,2011,46.742697,31170,-.6399207
ESP,2012,46.773055,29710,-2.865114
ESP,2013,46.604197,29400,-1.427322
ESP,2014,46.460733,29350,1.520486
ESP,2015,46.422303,28700,4.060867
ESP,2016,46.458139,27760,2.915156
ESP,2017,46.571232,27290,2.896042
ESP,2018,46.782011,29530,2.395411
ESP,2019,47.118501,30560,1.961179
ESP,2020,47.359424,27410,-10.94007
ESP,2021,47.443821,30380,6.683144
ESP,2022,47.786102,32610,6.179312
ESP,2023,48.34791,32940,2.675663
ESP,2024,48.807137,33410,3.150196
EST,1960,1.211537,,
EST,1961,1.225077,,
EST,1962,1.241623,,
EST,1963,1.258857,,
EST,1964,1.277086,,
EST,1965,1.294566,,
EST,1966,1.308597,,
EST,1967,1.318946,,
EST,1968,1.331214,,
EST,1969,1.345249,,
EST,1970,1.360076,,
EST,1971,1.376955,,
EST,1972,1.392518,,
EST,1973,1.405951,,
EST,1974,1.418169,,
EST,1975,1.429352,,
EST,1976,1.439576,,
EST,1977,1.450211,,
EST,1978,1.460188,,
EST,1979,1.468333,,
EST,1980,1.477219,,
EST,1981,1.487666,,
EST,1982,1.498414,,
EST,1983,1.508745,,
EST,1984,1.518617,,
EST,1985,1.528781,,
EST,1986,1.54019,,
EST,1987,1.552221,,
EST,1988,1.5619,,
EST,1989,1.568131,,
EST,1990,1.569174,,
EST,1991,1.561314,,-7.999844
EST,1992,1.533091,,-21.16866
EST,1993,1.494128,,-5.740494
EST,1994,1.462514,,-1.642425
EST,1995,1.436634,3020,4.526682
EST,1996,1.415594,3370,4.943012
EST,1997,1.399535,3640,13.05002
EST,1998,1.386156,3820,4.339828
EST,1999,1.390244,3840,-.4250254
EST,2000,1.396985,4170,10.08764
EST,2001,1.388115,4310,5.880746
EST,2002,1.37935,4620,6.933001
EST,2003,1.37072,5730,7.596302
EST,2004,1.36255,7500,6.800701
EST,2005,1.354775,9730,9.523054
EST,2006,1.34681,11500,9.762571
EST,2007,1.34068,13430,7.570919
EST,2008,1.33709,15190,-5.125311
EST,2009,1.334515,14570,-14.63022
EST,2010,1.331475,14580,2.44975
EST,2011,1.327439,15900,7.606975
EST,2012,1.322696,16910,3.672019
EST,2013,1.317997,18370,1.756494
EST,2014,1.314545,19210,3.32279
EST,2015,1.315407,18900,1.838153
EST,2016,1.31579,18640,3.093019
EST,2017,1.317384,19140,5.634673
EST,2018,1.321977,21600,3.699697
EST,2019,1.326898,23490,3.72665
EST,2020,1.329522,23580,-2.883807
EST,2021,1.330932,26340,7.154447
EST,2022,1.34884,27650,.0604305
EST,2023,1.370286,27580,-3.023039
EST,2024,1.371986,28700,-.2610062
ETH,1960,21.376693,,
ETH,1961,21.906102,,
ETH,1962,22.465126,,4.326091
ETH,1963,23.051637,80,4.518634
ETH,1964,23.666548,80,4.090486
ETH,1965,24.310612,90,5.771932
ETH,1966,24.952689,90,7.256598
ETH,1967,25.620276,100,4.061588
ETH,1968,26.33793,100,4.142188
ETH,1969,27.072571,100,1.388657
ETH,1970,27.829128,110,3.482729
ETH,1971,28.600106,120,6.526476
ETH,1972,29.374608,120,4.22716
ETH,1973,30.166785,140,5.109869
ETH,1974,30.957273,160,3.273658
ETH,1975,31.723252,170,1.246132
ETH,1976,32.534418,160,.1488103
ETH,1977,33.167272,170,2.725682
ETH,1978,33.734592,180,2.740006
ETH,1979,34.238652,200,-1.100764
ETH,1980,34.428514,230,6.424166
ETH,1981,35.304012,230,4.381548
ETH,1982,36.70129,220,.9160138
ETH,1983,37.740817,220,8.235005
ETH,1984,38.735722,210,-2.848022
ETH,1985,39.842136,200,-11.14435
ETH,1986,41.037656,240,9.661613
ETH,1987,42.460039,290,13.85933
ETH,1988,44.150825,280,.5036749
ETH,1989,45.87969,260,-.3610442
ETH,1990,47.609755,260,2.726452
ETH,1991,49.717198,250,-7.13748
ETH,1992,51.853747,230,-8.672481
ETH,1993,53.708891,220,13.14283
ETH,1994,55.611508,170,3.189965
ETH,1995,57.537335,150,6.127512
ETH,1996,59.467635,150,12.42617
ETH,1997,61.404539,150,3.133907
ETH,1998,63.363524,130,-3.458139
ETH,1999,65.374561,130,5.162146
ETH,2000,67.411494,120,6.073217
ETH,2001,69.487762,120,8.301307
ETH,2002,71.635517,120,1.514726
ETH,2003,73.832663,110,-2.16136
ETH,2004,76.077206,130,13.5726
ETH,2005,78.36747,160,11.81877
ETH,2006,80.70349,180,10.83473
ETH,2007,83.103217,210,11.45617
ETH,2008,85.543668,270,10.78852
ETH,2009,88.007636,330,8.802553
ETH,2010,90.538514,370,12.55054
ETH,2011,93.14997,380,11.1783
ETH,2012,95.798767,400,8.647812
ETH,2013,98.438751,450,10.58227
ETH,2014,101.11561,530,10.25749
ETH,2015,103.86714,580,10.39246
ETH,2016,106.71816,650,9.433483
ETH,2017,109.66648,710,9.56419
ETH,2018,112.66415,770,6.816148
ETH,2019,115.73738,820,8.364086
ETH,2020,118.91767,860,6.059531
ETH,2021,122.13859,930,5.641531
ETH,2022,125.38429,1010,5.32176
ETH,2023,128.69169,,6.594246
ETH,2024,132.05977,,7.316691
EUU,1960,357.71048,,
EUU,1961,360.68161,,5.725646
EUU,1962,363.70798,930.3416,5.69574
EUU,1963,366.84079,1011.952,4.796899
EUU,1964,370.05504,1113.205,5.963399
EUU,1965,373.1292,1221.897,5.241988
EUU,1966,376.05858,1325.92,4.279938
EUU,1967,378.90292,1414.053,3.562521
EUU,1968,381.57958,1538.942,5.572357
EUU,1969,384.22623,1693.271,7.033949
EUU,1970,386.40617,1861.27,5.529364
EUU,1971,388.55337,2056.514,3.656336
EUU,1972,391.19727,2403.349,4.776047
EUU,1973,393.73999,3078.541,6.082743
EUU,1974,396.12465,3809.595,3.199736
EUU,1975,398.39769,4401.564,-.6144511
EUU,1976,400.49036,4665.952,4.884682
EUU,1977,402.44583,5004.685,2.949641
EUU,1978,404.31295,5675.949,3.050323
EUU,1979,406.11216,7017.434,3.889319
EUU,1980,407.98618,8390.021,2.06704
EUU,1981,409.72471,8304.279,.5584339
EUU,1982,410.98824,7518.834,.8195608
EUU,1983,412.07213,6692.018,1.445998
EUU,1984,412.99835,6499.983,2.526553
EUU,1985,413.963,6504.716,2.316566
EUU,1986,415.08701,7509.954,2.579321
EUU,1987,416.29677,9579.427,2.54407
EUU,1988,417.65389,12401,4.130239
EUU,1989,419.10238,13287.62,3.893091
EUU,1990,420.52503,14304.91,3.297187
EUU,1991,421.74128,15293.27,1.459843
EUU,1992,422.96899,17157.5,.9016712
EUU,1993,424.34474,16928.05,-.5960113
EUU,1994,425.40435,17417.13,2.701638
EUU,1995,426.21005,18426.18,2.72493
EUU,1996,426.90513,19555.4,1.916328
EUU,1997,427.54765,19620.82,2.684833
EUU,1998,428.12011,18835.98,2.981739
EUU,1999,428.82595,18564.73,3.004099
EUU,2000,429.33916,18489.44,3.933976
EUU,2001,429.90931,17813.5,2.161357
EUU,2002,430.92411,17500.83,1.097914
EUU,2003,432.51292,19789.78,.937146
EUU,2004,434.19325,24094.51,2.600215
EUU,2005,435.78914,27735.93,1.983823
EUU,2006,437.2638,29713.04,3.564945
EUU,2007,438.796,31779.78,3.142149
EUU,2008,440.27072,34524.26,.6232529
EUU,2009,441.38857,34696.86,-4.31215
EUU,2010,442.08831,34934.16,2.18452
EUU,2011,441.41408,35436.25,1.961201
EUU,2012,442.06984,34679.95,-.7617854
EUU,2013,442.42574,35051.51,-.0356747
EUU,2014,442.92082,35111.89,1.629358
EUU,2015,443.79322,33662.16,2.37048
EUU,2016,444.67665,32471.54,1.946116
EUU,2017,445.32106,32075.38,2.794143
EUU,2018,446.32989,34871.35,2.054041
EUU,2019,446.91045,36309.33,1.877159
EUU,2020,446.87096,34670.89,-5.573433
EUU,2021,446.22736,38563.21,6.357136
EUU,2022,447.7034,40570.05,3.492144
EUU,2023,449.42597,40801.65,.4555024
EUU,2024,450.1854,40966.57,1.025368
FCS,1960,245.44648,,
FCS,1961,250.74879,,-.1693523
FCS,1962,256.26509,,7.878666
FCS,1963,261.95774,,6.435865
FCS,1964,267.80973,,5.176661
FCS,1965,273.79654,,6.300838
FCS,1966,279.90234,,.8637939
FCS,1967,286.18464,,-5.752742
FCS,1968,292.67919,,6.185569
FCS,1969,299.3256,,13.03364
FCS,1970,306.1076,,12.18576
FCS,1971,313.11753,,7.610426
FCS,1972,320.3267,,3.777459
FCS,1973,327.85917,,3.900664
FCS,1974,335.72463,,10.98262
FCS,1975,343.77498,,-.0745724
FCS,1976,352.01801,,9.037909
FCS,1977,360.32109,,4.979417
FCS,1978,369.24397,,-.1806479
FCS,1979,378.55649,,6.278955
FCS,1980,387.28008,,5.276774
FCS,1981,395.60516,,-6.571333
FCS,1982,404.57009,,-.8057859
FCS,1983,414.0323,,-4.650659
FCS,1984,423.88,,-1.149732
FCS,1985,434.06788,,4.306476
FCS,1986,444.22338,,-.108925
FCS,1987,454.55947,,1.475558
FCS,1988,464.96335,,3.656426
FCS,1989,475.79973,,1.048401
FCS,1990,488.6975,,5.144425
FCS,1991,499.97582,,-5.962863
FCS,1992,512.73169,,.2058793
FCS,1993,526.66557,,-1.948377
FCS,1994,541.61845,,-3.405761
FCS,1995,556.17903,,-.3144919
FCS,1996,568.9651,,3.410887
FCS,1997,581.55187,,4.5465
FCS,1998,594.96874,,4.951754
FCS,1999,608.93566,,3.105828
FCS,2000,622.88319,,5.426592
FCS,2001,637.30108,,4.134744
FCS,2002,653.05622,,4.794997
FCS,2003,669.47071,,1.104773
FCS,2004,685.83014,,11.31062
FCS,2005,702.63896,,5.877944
FCS,2006,719.78897,,5.809888
FCS,2007,736.91739,,5.991503
FCS,2008,754.85895,1648.59,5.052097
FCS,2009,773.81062,1737.585,3.026718
FCS,2010,793.16055,1873.864,7.035352
FCS,2011,812.76422,1880.01,.0900291
FCS,2012,832.87272,2099.623,5.586972
FCS,2013,853.22306,2170.918,3.500431
FCS,2014,873.15816,2220.173,2.338408
FCS,2015,892.65778,1954.485,.8353405
FCS,2016,912.61403,1776.18,2.17337
FCS,2017,933.01389,1661.867,2.579468
FCS,2018,953.64868,1721.256,2.753264
FCS,2019,974.82412,1817.049,2.325653
FCS,2020,996.69124,1713.44,-5.02471
FCS,2021,1018.6931,1750.166,2.481964
FCS,2022,1038.1581,1804.969,1.25644
FCS,2023,1058.7158,1810.69,1.973619
FCS,2024,1083.2949,1693.799,1.669681
FIN,1960,4.429634,,
FIN,1961,4.461005,,7.604671
FIN,1962,4.491443,1370,2.981946
FIN,1963,4.523309,1470,3.2851
FIN,1964,4.548543,1620,5.238687
FIN,1965,4.563732,1810,5.302858
FIN,1966,4.580869,1970,2.372823
FIN,1967,4.605744,2060,2.168829
FIN,1968,4.626469,2090,2.30329
FIN,1969,4.623785,2270,9.593287
FIN,1970,4.606307,2520,7.470433
FIN,1971,4.612124,2720,2.356921
FIN,1972,4.639657,3170,7.735485
FIN,1973,4.666081,4020,6.983829
FIN,1974,4.690574,5130,3.236533
FIN,1975,4.71144,6310,1.804898
FIN,1976,4.725664,6830,.3443832
FIN,1977,4.738902,7180,.2395106
FIN,1978,4.752528,7900,2.919708
FIN,1979,4.76469,9530,7.121926
FIN,1980,4.779535,11430,5.389048
FIN,1981,4.799964,11970,1.289384
FIN,1982,4.826933,11680,3.086715
FIN,1983,4.855787,10830,3.103849
FIN,1984,4.881803,10780,3.226533
FIN,1985,4.902206,11120,3.540054
FIN,1986,4.918154,13000,2.755099
FIN,1987,4.932123,16460,3.561033
FIN,1988,4.946481,21520,5.231113
FIN,1989,4.964371,24090,5.08393
FIN,1990,4.986431,25980,.6916499
FIN,1991,5.01374,25070,-5.880596
FIN,1992,5.041992,24150,-3.311374
FIN,1993,5.066447,20660,-.7798151
FIN,1994,5.088333,20150,3.964373
FIN,1995,5.10779,22010,4.234367
FIN,1996,5.124573,24940,3.662657
FIN,1997,5.139835,26670,6.397701
FIN,1998,5.153498,25810,5.45427
FIN,1999,5.165474,26040,4.389281
FIN,2000,5.176209,26470,5.753738
FIN,2001,5.188008,25840,2.640262
FIN,2002,5.200598,25610,1.687326
FIN,2003,5.213014,28790,2.0118
FIN,2004,5.228172,35370,4.00538
FIN,2005,5.246096,40230,2.777309
FIN,2006,5.266268,42830,4.019573
FIN,2007,5.28872,46190,5.312802
FIN,2008,5.313399,50160,.7844312
FIN,2009,5.338871,48950,-8.076031
FIN,2010,5.363352,49750,3.168288
FIN,2011,5.388272,50200,2.390394
FIN,2012,5.413971,48820,-1.52284
FIN,2013,5.438972,49390,-.979741
FIN,2014,5.461512,49210,-.4780684
FIN,2015,5.479531,46860,.4665038
FIN,2016,5.495303,45160,2.571934
FIN,2017,5.508214,44520,3.30337
FIN,2018,5.515525,47900,1.192978
FIN,2019,5.521606,49590,1.349738
FIN,2020,5.529543,49630,-2.491036
FIN,2021,5.541017,52810,2.676346
FIN,2022,5.556106,54120,.7630419
FIN,2023,5.583911,53120,-.9469048
FIN,2024,5.637214,51710,-.1542148
FJI,1960,.404887,,
FJI,1961,.417406,,3.517582
FJI,1962,.430536,280,3.606102
FJI,1963,.444276,280,6.358772
FJI,1964,.458324,300,4.877281
FJI,1965,.472575,290,-2.700267
FJI,1966,.486487,300,0
FJI,1967,.498873,330,13.35183
FJI,1968,.510002,340,7.916222
FJI,1969,.520797,340,2.596411
FJI,1970,.531188,390,12.70271
FJI,1971,.541121,430,6.888987
FJI,1972,.550499,520,7.485277
FJI,1973,.559222,710,11.61287
FJI,1974,.567489,930,2.60115
FJI,1975,.575906,1120,.5302112
FJI,1976,.585534,1230,2.736163
FJI,1977,.597805,1300,5.904012
FJI,1978,.612091,1360,1.863401
FJI,1979,.626862,1640,12.22482
FJI,1980,.641975,1850,-1.603457
FJI,1981,.657471,2020,6.32999
FJI,1982,.673414,1790,-5.978486
FJI,1983,.689835,1570,-3.960123
FJI,1984,.706716,1650,8.393024
FJI,1985,.723761,1560,-4.613475
FJI,1986,.739306,1740,7.749908
FJI,1987,.75054,1700,-6.61502
FJI,1988,.758697,1710,.9557549
FJI,1989,.766321,1690,7.438632
FJI,1990,.773316,1690,5.800003
FJI,1991,.779656,1690,-2.700004
FJI,1992,.785346,1890,6.100002
FJI,1993,.790369,2000,2.130033
FJI,1994,.794771,2150,5.099999
FJI,1995,.798746,2390,2.499999
FJI,1996,.803789,2600,4.800001
FJI,1997,.812139,2520,-2.199999
FJI,1998,.822258,2230,1.3
FJI,1999,.831828,2280,8.799998
FJI,2000,.840909,2150,-1.699998
FJI,2001,.849596,2050,2
FJI,2002,.858049,2050,3.199999
FJI,2003,.866286,2270,.9999993
FJI,2004,.874366,2820,5.3
FJI,2005,.882379,3320,.7000004
FJI,2006,.890365,3340,1.852484
FJI,2007,.897832,3530,-.8506543
FJI,2008,.903399,3730,1.032794
FJI,2009,.907239,3620,-1.386038
FJI,2010,.910419,3450,2.954672
FJI,2011,.912989,3570,2.705143
FJI,2012,.914918,3910,1.411314
FJI,2013,.916352,4460,4.73422
FJI,2014,.917585,4740,5.603514
FJI,2015,.918578,4820,4.5012
FJI,2016,.919166,5010,2.445652
FJI,2017,.918759,5120,5.353364
FJI,2018,.91718,5690,3.812351
FJI,2019,.914899,5620,-.5819467
FJI,2020,.914963,4680,-17.03867
FJI,2021,.916711,4520,-4.881036
FJI,2022,.919422,5440,19.79273
FJI,2023,.924145,5680,7.524292
FJI,2024,.928784,5680,3.828999
FRA,1960,47.412964,,
FRA,1961,47.905982,,4.803832
FRA,1962,48.389516,1530,6.871699
FRA,1963,48.877567,1680,6.198635
FRA,1964,49.401492,1850,6.425865
FRA,1965,49.877725,2020,4.807918
FRA,1966,50.311637,2190,5.210183
FRA,1967,50.722791,2350,4.896358
FRA,1968,51.11298,2540,4.450457
FRA,1969,51.536014,2800,7.113149
FRA,1970,52.007169,3000,6.200328
FRA,1971,52.499553,3220,5.330599
FRA,1972,52.962356,3620,4.537374
FRA,1973,53.392161,4630,6.609984
FRA,1974,53.746571,5740,4.690797
FRA,1975,54.002853,6660,-1.124349
FRA,1976,54.232383,7070,4.385942
FRA,1977,54.486467,7730,3.572654
FRA,1978,54.73403,8740,3.894981
FRA,1979,54.979851,10720,3.695311
FRA,1980,55.274184,12950,1.676413
FRA,1981,55.603353,13040,1.188315
FRA,1982,55.806789,11900,2.442513
FRA,1983,56.10833,10320,1.262058
FRA,1984,56.383085,9710,1.609471
FRA,1985,56.665619,9670,1.569074
FRA,1986,56.956002,11230,2.389535
FRA,1987,57.266167,14350,2.552746
FRA,1988,57.598186,18400,4.814224
FRA,1989,57.943062,19360,4.405169
FRA,1990,58.261012,20470,2.829627
FRA,1991,58.554242,21270,1.236663
FRA,1992,58.846584,23660,1.516061
FRA,1993,59.103094,23460,-.3589978
FRA,1994,59.324863,24260,2.383661
FRA,1995,59.541294,25660,2.304793
FRA,1996,59.754504,27020,1.39708
FRA,1997,59.968066,26890,2.527062
FRA,1998,60.190684,25740,3.452594
FRA,1999,60.501986,25340,3.399308
FRA,2000,60.918661,24950,4.141
FRA,2001,61.364377,23800,1.899467
FRA,2002,61.812142,23040,1.06775
FRA,2003,62.249855,25900,.9678272
FRA,2004,62.707588,31340,2.868251
FRA,2005,63.180854,35870,1.888566
FRA,2006,63.622342,37920,2.714065
FRA,2007,64.01689,40200,2.530482
FRA,2008,64.375116,43580,.3801714
FRA,2009,64.706436,44090,-2.824552
FRA,2010,65.026211,44040,2.000325
FRA,2011,65.34083,44610,2.437577
FRA,2012,65.657659,43500,.1838353
FRA,2013,65.997932,43950,.7817565
FRA,2014,66.312067,43470,.997833
FRA,2015,66.548272,41130,1.066755
FRA,2016,66.724104,39020,.8600311
FRA,2017,66.91802,38120,2.083615
FRA,2018,67.158348,40960,1.645909
FRA,2019,67.382061,42720,2.027447
FRA,2020,67.60111,39690,-7.440646
FRA,2021,67.842811,44300,6.882338
FRA,2022,68.065015,45910,2.57084
FRA,2023,68.287487,45440,.9364875
FRA,2024,68.516699,45180,1.166139
FRO,1960,.034127,,
FRO,1961,.034557,,
FRO,1962,.034963,,
FRO,1963,.035391,,
FRO,1964,.035847,,
FRO,1965,.036347,,
FRO,1966,.036816,,
FRO,1967,.037202,,
FRO,1968,.03756,,
FRO,1969,.037907,,
FRO,1970,.038269,,
FRO,1971,.038703,,
FRO,1972,.039172,,
FRO,1973,.039636,,
FRO,1974,.040106,,
FRO,1975,.040568,,
FRO,1976,.04102,,
FRO,1977,.041468,,
FRO,1978,.041968,,
FRO,1979,.042521,,
FRO,1980,.043072,,
FRO,1981,.043626,,
FRO,1982,.044171,,
FRO,1983,.04467,,
FRO,1984,.045141,,
FRO,1985,.045707,,
FRO,1986,.046131,,
FRO,1987,.046701,,
FRO,1988,.047355,,
FRO,1989,.047958,,
FRO,1990,.04774,,
FRO,1991,.047446,,
FRO,1992,.047286,,
FRO,1993,.046473,,
FRO,1994,.044694,,
FRO,1995,.04361,,
FRO,1996,.04358,,
FRO,1997,.044131,,
FRO,1998,.044674,,
FRO,1999,.045146,,
FRO,2000,.045754,,
FRO,2001,.046635,,
FRO,2002,.047335,,
FRO,2003,.048032,,
FRO,2004,.048384,,
FRO,2005,.048359,,
FRO,2006,.048335,,
FRO,2007,.048378,,
FRO,2008,.048547,,
FRO,2009,.048791,,-4.553298
FRO,2010,.048657,49050,-.379818
FRO,2011,.048543,53420,3.566363
FRO,2012,.048291,56500,7.081483
FRO,2013,.048246,59530,5.856144
FRO,2014,.048428,60430,5.432142
FRO,2015,.048901,57670,.9580019
FRO,2016,.049464,57410,1.386448
FRO,2017,.05018,57920,3.512014
FRO,2018,.050996,62910,2.76371
FRO,2019,.051793,66010,4.53851
FRO,2020,.052567,64200,-1.637321
FRO,2021,.053305,70030,5.50438
FRO,2022,.053927,72360,3.556024
FRO,2023,.054439,72200,2.489058
FRO,2024,.054719,,
FSM,1960,.043061,,
FSM,1961,.04461,,
FSM,1962,.046218,,
FSM,1963,.047744,,
FSM,1964,.049181,,
FSM,1965,.050684,,
FSM,1966,.052258,,
FSM,1967,.053846,,
FSM,1968,.055457,,
FSM,1969,.057145,,
FSM,1970,.058922,,
FSM,1971,.060636,,2.301574
FSM,1972,.062278,410,1.066916
FSM,1973,.063986,610,33.93001
FSM,1974,.065749,790,15.32728
FSM,1975,.067428,820,.0742881
FSM,1976,.069049,790,.3563232
FSM,1977,.070753,760,2.426214
FSM,1978,.072754,810,5.640209
FSM,1979,.075054,880,2.119224
FSM,1980,.077407,900,-7.196411
FSM,1981,.079794,1020,9.723725
FSM,1982,.082219,990,-2.621064
FSM,1983,.08468,990,1.929997
FSM,1984,.087176,960,-3.952498
FSM,1985,.089707,1140,16.55068
FSM,1986,.092266,1380,7.979347
FSM,1987,.094844,1470,1.19976
FSM,1988,.097097,1610,2.548903
FSM,1989,.099003,1590,3.526011
FSM,1990,.100888,1700,3.740927
FSM,1991,.102754,1830,7.427341
FSM,1992,.104806,1900,4.008016
FSM,1993,.107066,2060,8.140656
FSM,1994,.109075,2070,-.5345212
FSM,1995,.11023,2150,7.014465
FSM,1996,.11071,2090,-3.182372
FSM,1997,.111071,1880,-6.060937
FSM,1998,.111377,1890,2.850516
FSM,1999,.11168,1980,1.374438
FSM,2000,.112044,2120,4.833904
FSM,2001,.112365,2160,2.167603
FSM,2002,.112448,2160,.5469977
FSM,2003,.112285,2260,1.572115
FSM,2004,.111925,2330,-3.080153
FSM,2005,.111412,2430,2.041867
FSM,2006,.110729,2440,-.0810553
FSM,2007,.10988,2450,-1.836185
FSM,2008,.108936,2460,-2.408493
FSM,2009,.107957,2690,1.093099
FSM,2010,.10754,2780,2.25939
FSM,2011,.107698,2950,3.188575
FSM,2012,.10789,3060,-1.86682
FSM,2013,.108121,3120,-3.679768
FSM,2014,.108396,3120,-2.305776
FSM,2015,.108716,3500,4.621884
FSM,2016,.109075,3420,.4841018
FSM,2017,.109481,3430,.8230453
FSM,2018,.109909,3380,0
FSM,2019,.110282,4050,4.081633
FSM,2020,.110916,3990,-1.672954
FSM,2021,.111624,4040,3.099705
FSM,2022,.112114,4050,-2.905866
FSM,2023,.11263,4130,.4821478
FSM,2024,.11316,4250,.7190835
GAB,1960,.512316,,
GAB,1961,.518266,,14.76684
GAB,1962,.524649,330,7.449212
GAB,1963,.531452,400,6.092435
GAB,1964,.538657,330,4.554454
GAB,1965,.546308,360,8.333336
GAB,1966,.554463,410,4.508005
GAB,1967,.563108,430,4.115153
GAB,1968,.572257,460,2.508801
GAB,1969,.583276,520,8.082911
GAB,1970,.595846,570,8.679342
GAB,1971,.608348,610,10.25873
GAB,1972,.62096,680,11.33697
GAB,1973,.633995,890,10.18243
GAB,1974,.647691,1670,39.48709
GAB,1975,.662197,2800,19.19011
GAB,1976,.677628,4340,35.62534
GAB,1977,.693984,3900,-12.58209
GAB,1978,.711245,3000,-24.04921
GAB,1979,.729375,3420,.4744053
GAB,1980,.748389,4460,2.552937
GAB,1981,.768385,5120,5.095329
GAB,1982,.789286,4680,-3.09752
GAB,1983,.811005,4120,5.608241
GAB,1984,.833501,4160,7.508902
GAB,1985,.856726,3730,-2.332949
GAB,1986,.880705,3710,-.8035977
GAB,1987,.905479,3310,-17.14604
GAB,1988,.93102,4010,12.84535
GAB,1989,.957138,4420,8.54531
GAB,1990,.983734,4650,5.192237
GAB,1991,1.010818,4990,6.112504
GAB,1992,1.03838,4940,-3.090146
GAB,1993,1.066405,4280,3.946555
GAB,1994,1.09472,3990,3.712755
GAB,1995,1.123213,3770,4.973848
GAB,1996,1.152015,3960,3.625049
GAB,1997,1.181439,4130,5.738368
GAB,1998,1.211736,3810,3.477834
GAB,1999,1.243016,3160,-8.932623
GAB,2000,1.275572,2980,-1.882966
GAB,2001,1.309589,3290,2.135233
GAB,2002,1.345135,3460,-.2490332
GAB,2003,1.38235,3700,2.24733
GAB,2004,1.421609,4110,.6895431
GAB,2005,1.463495,5240,2.676203
GAB,2006,1.508337,5450,-2.806578
GAB,2007,1.556237,6240,6.008108
GAB,2008,1.607175,6920,-3.308431
GAB,2009,1.661556,7170,.1303311
GAB,2010,1.719879,7420,7.089887
GAB,2011,1.781985,7680,7.091753
GAB,2012,1.846889,8610,5.251077
GAB,2013,1.913059,8870,5.638699
GAB,2014,1.978399,8880,4.314964
GAB,2015,2.040989,7610,3.878899
GAB,2016,2.100306,6770,2.091442
GAB,2017,2.1569,6230,.472642
GAB,2018,2.212318,6540,.8379166
GAB,2019,2.267706,6870,3.920809
GAB,2020,2.322539,6730,-1.837761
GAB,2021,2.376722,6520,1.467957
GAB,2022,2.430747,7480,3.037615
GAB,2023,2.484789,7750,2.445881
GAB,2024,2.538952,7550,3.383908
GBR,1960,52.4,,
GBR,1961,52.8,,2.701314
GBR,1962,53.25,1710,1.098696
GBR,1963,53.65,1820,4.859545
GBR,1964,54,1960,5.594811
GBR,1965,54.34805,2080,2.130333
GBR,1966,54.6485,2200,1.56745
GBR,1967,54.9436,2330,2.775738
GBR,1968,55.2117,2400,5.472693
GBR,1969,55.44175,2420,1.939138
GBR,1970,55.66325,2480,2.708581
GBR,1971,55.896223,2760,3.504717
GBR,1972,56.086065,3210,4.321668
GBR,1973,56.194527,3910,6.523849
GBR,1974,56.229974,4370,-2.484404
GBR,1975,56.2258,4890,-1.47365
GBR,1976,56.211968,5030,2.910266
GBR,1977,56.193492,5240,2.457751
GBR,1978,56.196504,5950,4.20426
GBR,1979,56.246951,7590,3.749017
GBR,1980,56.314216,9560,-2.031368
GBR,1981,56.333829,10670,-.7877439
GBR,1982,56.313641,10670,1.994891
GBR,1983,56.332848,9870,4.221856
GBR,1984,56.422072,9280,2.269105
GBR,1985,56.550268,9170,4.147415
GBR,1986,56.681396,10260,3.150341
GBR,1987,56.80205,12720,5.392738
GBR,1988,56.928327,16180,5.732414
GBR,1989,57.076711,17400,2.577603
GBR,1990,57.247586,18590,.7337555
GBR,1991,57.424897,19410,-1.103122
GBR,1992,57.580402,21510,.4010821
GBR,1993,57.718614,21390,2.489831
GBR,1994,57.865745,21920,3.846009
GBR,1995,58.01903,21120,2.53167
GBR,1996,58.16695,22850,2.581994
GBR,1997,58.316954,25570,4.924648
GBR,1998,58.487141,26970,3.402658
GBR,1999,58.682466,28120,3.058323
GBR,2000,58.892514,29420,4.341634
GBR,2001,59.119673,29110,2.57278
GBR,2002,59.370479,29190,1.795661
GBR,2003,59.647577,32260,3.152347
GBR,2004,59.987905,37820,2.457904
GBR,2005,60.401206,42710,2.732661
GBR,2006,60.84682,44850,2.380694
GBR,2007,61.322463,47390,2.62488
GBR,2008,61.806995,48380,-.2487973
GBR,2009,62.27627,44080,-4.620553
GBR,2010,62.766365,41760,2.233315
GBR,2011,63.25881,41100,1.138362
GBR,2012,63.711,41790,1.508998
GBR,2013,64.139,42780,1.799922
GBR,2014,64.62,44570,3.194637
GBR,2015,65.088,44400,2.222888
GBR,2016,65.607,42960,1.92171
GBR,2017,65.966,41720,2.656505
GBR,2018,66.289,42130,1.40519
GBR,2019,66.631,43370,1.624475
GBR,2020,66.744,38950,-10.29692
GBR,2021,66.984,45580,8.575951
GBR,2022,67.604,49080,4.839085
GBR,2023,68.492,48560,.3970824
GBR,2024,69.226,48610,1.100668
GEO,1960,3.6456,,
GEO,1961,3.7036,,4.865941
GEO,1962,3.7603,,5.113017
GEO,1963,3.8161,,4.201879
GEO,1964,3.8703,,5.429588
GEO,1965,3.9216,,10.55864
GEO,1966,3.9667,,7.535663
GEO,1967,4.0058,,6.253082
GEO,1968,4.0423,,4.455584
GEO,1969,4.0803,,4.776504
GEO,1970,4.1199,,12.05208
GEO,1971,4.163,,2.471332
GEO,1972,4.2053,,2.83646
GEO,1973,4.2425,,6.482545
GEO,1974,4.2795,,8.809741
GEO,1975,4.3112,,7.380428
GEO,1976,4.3424,,6.099532
GEO,1977,4.3721,,6.8943
GEO,1978,4.3977,,7.429561
GEO,1979,4.4302,,7.370641
GEO,1980,4.4677,,4.576447
GEO,1981,4.5045,,5.266601
GEO,1982,4.5428,,2.002445
GEO,1983,4.5829,,4.301603
GEO,1984,4.6222,,5.427963
GEO,1985,4.6629,,4.941206
GEO,1986,4.7045,,-8.175673
GEO,1987,4.7435,,1.281481
GEO,1988,4.7907,,5.555454
GEO,1989,4.8033,,-7.193783
GEO,1990,4.802,1640,-14.78878
GEO,1991,4.8359,1330,-21.09985
GEO,1992,4.8735,750,-44.89978
GEO,1993,4.9111,540,-29.30017
GEO,1994,4.836076,510,-10.39823
GEO,1995,4.657722,550,2.596575
GEO,1996,4.491699,670,11.20255
GEO,1997,4.349913,820,10.5208
GEO,1998,4.243607,870,3.10151
GEO,1999,4.157192,840,2.867296
GEO,2000,4.077131,790,1.840381
GEO,2001,4.014373,780,4.807299
GEO,2002,3.978515,840,5.474025
GEO,2003,3.951736,990,11.05703
GEO,2004,3.92734,1210,5.792683
GEO,2005,3.902469,1520,9.591138
GEO,2006,3.880347,1910,9.421481
GEO,2007,3.860158,2380,12.57557
GEO,2008,3.848449,2820,2.421614
GEO,2009,3.814419,2950,-3.650752
GEO,2010,3.786695,3220,6.246408
GEO,2011,3.756441,3580,7.934337
GEO,2012,3.728874,4250,6.578831
GEO,2013,3.717668,4680,5.132885
GEO,2014,3.719414,4850,4.090491
GEO,2015,3.725276,4500,3.351023
GEO,2016,3.727505,4180,3.450215
GEO,2017,3.728004,4130,5.159903
GEO,2018,3.726549,4580,6.062037
GEO,2019,3.720161,4780,5.380719
GEO,2020,3.722716,4330,-6.290472
GEO,2021,3.70861,4760,10.64423
GEO,2022,3.712502,5690,10.95853
GEO,2023,3.715483,6710,7.832201
GEO,2024,3.67385,8200,9.428573
GHA,1960,6.961215,,
GHA,1961,7.162667,,3.429674
GHA,1962,7.337375,190,4.109159
GHA,1963,7.514714,190,4.405974
GHA,1964,7.695739,210,2.209327
GHA,1965,7.882606,230,1.368999
GHA,1966,8.074521,240,-4.25829
GHA,1967,8.271913,240,3.075364
GHA,1968,8.475729,220,.3688603
GHA,1969,8.690383,220,6.006175
GHA,1970,8.925813,240,9.723473
GHA,1971,9.176264,260,5.216125
GHA,1972,9.438187,250,-2.487655
GHA,1973,9.714617,290,2.884584
GHA,1974,10.000523,330,6.852517
GHA,1975,10.294308,310,-12.43163
GHA,1976,10.594913,280,-3.530183
GHA,1977,10.911871,290,2.274107
GHA,1978,11.24845,330,8.475936
GHA,1979,11.597255,350,-2.514941
GHA,1980,11.941448,390,.4716959
GHA,1981,12.281712,380,-3.503067
GHA,1982,12.643819,330,-6.92365
GHA,1983,13.029836,290,-4.563737
GHA,1984,13.37059,320,8.64757
GHA,1985,13.661229,330,5.091617
GHA,1986,13.965217,370,5.199161
GHA,1987,14.289108,400,4.794899
GHA,1988,14.636568,420,5.628169
GHA,1989,15.006813,380,5.085873
GHA,1990,15.394648,380,3.328818
GHA,1991,15.787496,400,5.281826
GHA,1992,16.184855,420,3.879419
GHA,1993,16.589519,400,4.85
GHA,1994,16.99319,370,3.3
GHA,1995,17.399017,360,4.112419
GHA,1996,17.810181,370,4.602461
GHA,1997,18.238958,380,4.196357
GHA,1998,18.688036,380,4.700391
GHA,1999,19.149864,390,4.399997
GHA,2000,19.637087,330,3.7
GHA,2001,20.167069,290,4
GHA,2002,20.729388,270,4.5
GHA,2003,21.296705,310,5.2
GHA,2004,21.868298,370,5.6
GHA,2005,22.449438,450,5.900004
GHA,2006,23.040702,570,6.399913
GHA,2007,23.642279,770,4.346819
GHA,2008,24.249946,1120,9.149799
GHA,2009,24.862664,1160,4.844487
GHA,2010,25.474995,1200,7.899712
GHA,2011,26.095088,1350,14.04712
GHA,2012,26.734268,1490,9.292789
GHA,2013,27.386193,1790,7.312525
GHA,2014,28.041592,1830,2.85624
GHA,2015,28.696068,1880,2.120759
GHA,2016,29.356742,1760,3.373466
GHA,2017,30.008354,1830,8.128895
GHA,2018,30.637585,2060,6.200078
GHA,2019,31.258945,2170,6.507775
GHA,2020,31.887809,2250,.5139416
GHA,2021,32.518665,2300,5.076467
GHA,2022,33.149152,2400,3.80485
GHA,2023,33.787914,2280,3.140091
GHA,2024,34.427414,2320,5.684873
GIB,1960,.021839,,
GIB,1961,.021872,,
GIB,1962,.022197,,
GIB,1963,.022753,,
GIB,1964,.023315,,
GIB,1965,.023878,,
GIB,1966,.024444,,
GIB,1967,.025015,,
GIB,1968,.025578,,
GIB,1969,.02612,,
GIB,1970,.026634,,
GIB,1971,.02702,,
GIB,1972,.02729,,
GIB,1973,.027537,,
GIB,1974,.027755,,
GIB,1975,.027951,,
GIB,1976,.028134,,
GIB,1977,.0283,,
GIB,1978,.028446,,
GIB,1979,.028575,,
GIB,1980,.028675,,
GIB,1981,.02874,,
GIB,1982,.028765,,
GIB,1983,.028733,,
GIB,1984,.028643,,
GIB,1985,.028512,,
GIB,1986,.028328,,
GIB,1987,.028096,,
GIB,1988,.027839,,
GIB,1989,.027544,,
GIB,1990,.0272,,
GIB,1991,.026898,,
GIB,1992,.026878,,
GIB,1993,.02707,,
GIB,1994,.027239,,
GIB,1995,.027377,,
GIB,1996,.027487,,
GIB,1997,.027582,,
GIB,1998,.02765,,
GIB,1999,.027692,,
GIB,2000,.027709,,
GIB,2001,.027657,,
GIB,2002,.027831,,
GIB,2003,.028274,,
GIB,2004,.028715,,
GIB,2005,.029163,,
GIB,2006,.029594,,
GIB,2007,.030006,,
GIB,2008,.030413,,
GIB,2009,.030823,,
GIB,2010,.031248,,
GIB,2011,.03166,,
GIB,2012,.032029,,
GIB,2013,.032407,,
GIB,2014,.032813,,
GIB,2015,.033193,,
GIB,2016,.033658,,
GIB,2017,.034245,,
GIB,2018,.034854,,
GIB,2019,.035494,,
GIB,2020,.036173,,
GIB,2021,.036858,,
GIB,2022,.037609,,
GIB,2023,.038471,,
GIB,2024,.039329,,
GIN,1960,3.556749,,
GIN,1961,3.619551,,
GIN,1962,3.684273,,
GIN,1963,3.750954,,
GIN,1964,3.819722,,
GIN,1965,3.890716,,
GIN,1966,3.964155,,
GIN,1967,4.040153,,
GIN,1968,4.11855,,
GIN,1969,4.1983,,
GIN,1970,4.277535,,
GIN,1971,4.3552,,5.365819
GIN,1972,4.431292,840,2.31518
GIN,1973,4.506324,1010,1.567287
GIN,1974,4.58051,1230,5.250221
GIN,1975,4.653876,1370,2.87692
GIN,1976,4.727022,1420,7.923368
GIN,1977,4.801128,1360,-3.35307
GIN,1978,4.877854,1530,6.796265
GIN,1979,4.959283,1690,-1.207861
GIN,1980,5.047419,1910,2.601388
GIN,1981,5.143288,1920,.6097372
GIN,1982,5.247672,1930,1.800005
GIN,1983,5.359814,2040,1.300012
GIN,1984,5.480096,2460,1.40001
GIN,1985,5.610373,3110,4.99993
GIN,1986,5.750668,1140,3.11404
GIN,1987,5.900198,730,3.299939
GIN,1988,6.056574,590,6.308117
GIN,1989,6.215811,580,4.003476
GIN,1990,6.434374,600,4.324063
GIN,1991,6.697166,610,2.613423
GIN,1992,6.914366,660,3.270947
GIN,1993,7.128177,700,5.044145
GIN,1994,7.345107,700,3.970099
GIN,1995,7.553249,710,4.607673
GIN,1996,7.770035,730,4.461575
GIN,1997,7.93137,720,5.181603
GIN,1998,8.08199,670,3.644121
GIN,1999,8.265123,640,3.812004
GIN,2000,8.428832,580,2.503061
GIN,2001,8.53996,530,3.658346
GIN,2002,8.674066,500,5.164609
GIN,2003,8.870781,500,1.248601
GIN,2004,9.062726,550,2.340117
GIN,2005,9.245844,530,2.997272
GIN,2006,9.441171,500,1.189602
GIN,2007,9.662281,530,6.817471
GIN,2008,9.89887,610,4.133016
GIN,2009,10.143534,660,-1.122642
GIN,2010,10.396086,680,4.81336
GIN,2011,10.65681,670,5.612112
GIN,2012,10.921581,680,5.915286
GIN,2013,11.191873,680,3.945687
GIN,2014,11.472924,730,3.696553
GIN,2015,11.76707,740,3.825911
GIN,2016,12.07303,760,10.82063
GIN,2017,12.385659,800,10.3
GIN,2018,12.704774,860,6.358492
GIN,2019,13.034346,970,5.616914
GIN,2020,13.371183,1030,4.704591
GIN,2021,13.710513,1120,5.582333
GIN,2022,14.055137,1280,3.972408
GIN,2023,14.405468,1340,5.541727
GIN,2024,14.754785,1470,5.668524
GMB,1960,.39806,,
GMB,1961,.40893,,
GMB,1962,.420163,,
GMB,1963,.431757,,
GMB,1964,.443687,,
GMB,1965,.455952,,
GMB,1966,.468516,,
GMB,1967,.481588,,0
GMB,1968,.495269,100,9.576143
GMB,1969,.50944,90,2.435523
GMB,1970,.524105,100,6.153847
GMB,1971,.539388,100,-.065877
GMB,1972,.55537,110,.2417048
GMB,1973,.571991,130,9.250329
GMB,1974,.589085,160,5.878794
GMB,1975,.606821,200,12.39343
GMB,1976,.625667,210,7.351226
GMB,1977,.64577,210,3.439576
GMB,1978,.667103,240,6.316446
GMB,1979,.689781,280,-1.328183
GMB,1980,.713913,340,6.27008
GMB,1981,.739125,340,3.321894
GMB,1982,.765753,300,-.7645826
GMB,1983,.794525,270,10.88323
GMB,1984,.825631,250,3.535257
GMB,1985,.858874,260,-.8122647
GMB,1986,.894019,270,4.091071
GMB,1987,.931091,290,2.454333
GMB,1988,.97016,270,4.476827
GMB,1989,1.011357,270,5.895722
GMB,1990,1.054696,280,3.558879
GMB,1991,1.099959,360,3.107039
GMB,1992,1.145582,470,3.378689
GMB,1993,1.188365,630,3.012101
GMB,1994,1.227226,620,.154346
GMB,1995,1.264313,620,.8818482
GMB,1996,1.30141,630,2.223546
GMB,1997,1.338889,620,4.899999
GMB,1998,1.376987,600,3.499999
GMB,1999,1.415779,580,6.399999
GMB,2000,1.455084,560,5.5
GMB,2001,1.495011,510,5.8
GMB,2002,1.535691,410,-3.25
GMB,2003,1.577611,360,6.869999
GMB,2004,1.621312,430,7.05
GMB,2005,1.667037,480,-2.351729
GMB,2006,1.715275,600,-.555581
GMB,2007,1.765774,650,3.04325
GMB,2008,1.817852,750,6.255906
GMB,2009,1.871422,820,6.665724
GMB,2010,1.92663,830,5.908336
GMB,2011,1.983784,710,-8.130445
GMB,2012,2.043094,710,5.241569
GMB,2013,2.10382,680,2.872769
GMB,2014,2.164528,600,-1.407382
GMB,2015,2.224529,590,4.058074
GMB,2016,2.283769,590,1.94336
GMB,2017,2.342189,620,4.822611
GMB,2018,2.399632,680,7.23489
GMB,2019,2.456844,720,6.222053
GMB,2020,2.515733,720,.5914873
GMB,2021,2.57601,760,5.255969
GMB,2022,2.63647,830,5.492998
GMB,2023,2.697845,870,4.797509
GMB,2024,2.759988,890,5.746717
GNB,1960,.577633,,
GNB,1961,.582532,,
GNB,1962,.589474,,
GNB,1963,.594418,,
GNB,1964,.588543,,
GNB,1965,.575005,,
GNB,1966,.566908,,
GNB,1967,.569011,,
GNB,1968,.57817,,
GNB,1969,.58161,,
GNB,1970,.584403,,
GNB,1971,.586221,,-3.910967
GNB,1972,.58662,400,6.374861
GNB,1973,.592808,430,1.109893
GNB,1974,.613338,480,4.559241
GNB,1975,.650966,500,7.845584
GNB,1976,.694191,460,4.943455
GNB,1977,.741789,400,-7.17007
GNB,1978,.791694,430,13.12604
GNB,1979,.819867,440,1.994144
GNB,1980,.829303,370,-15.95265
GNB,1981,.842432,460,18.16753
GNB,1982,.855891,480,4.200082
GNB,1983,.869592,470,-3.398288
GNB,1984,.883519,460,9.109223
GNB,1985,.897697,440,4.166493
GNB,1986,.912126,390,-.7938476
GNB,1987,.926862,450,2.9
GNB,1988,.942061,480,4.6
GNB,1989,.957789,540,6.1
GNB,1990,.973669,590,6.1
GNB,1991,.994639,650,5.1
GNB,1992,1.024356,630,1.1
GNB,1993,1.058745,590,2.1
GNB,1994,1.092031,570,3.2
GNB,1995,1.119949,590,4.4
GNB,1996,1.143535,630,11.6
GNB,1997,1.165545,630,6.5
GNB,1998,1.187473,460,-22.44573
GNB,1999,1.210206,500,16.81502
GNB,2000,1.234741,410,1.100278
GNB,2001,1.261273,350,4.785972
GNB,2002,1.289307,330,3.653936
GNB,2003,1.318806,360,-.2859311
GNB,2004,1.349563,410,1.171892
GNB,2005,1.381585,470,6.559771
GNB,2006,1.415303,470,2.666505
GNB,2007,1.450986,480,2.559826
GNB,2008,1.488054,540,4.524575
GNB,2009,1.526377,590,2.447951
GNB,2010,1.566347,620,5.605363
GNB,2011,1.608076,660,8.085042
GNB,2012,1.651417,630,-1.71287
GNB,2013,1.695973,660,3.256072
GNB,2014,1.741122,660,.9645258
GNB,2015,1.786457,670,6.134089
GNB,2016,1.831893,670,5.432678
GNB,2017,1.877072,710,4.66368
GNB,2018,1.922168,750,3.761454
GNB,2019,1.967696,850,5.565745
GNB,2020,2.013255,850,2.128115
GNB,2021,2.058841,900,5.237366
GNB,2022,2.105529,950,5.585137
GNB,2023,2.153339,970,4.463699
GNB,2024,2.201352,960,4.813486
GNQ,1960,.269807,,
GNQ,1961,.274896,,
GNQ,1962,.280286,,
GNQ,1963,.285965,,
GNQ,1964,.291942,,
GNQ,1965,.298238,,
GNQ,1966,.304859,,
GNQ,1967,.311805,,
GNQ,1968,.318849,,
GNQ,1969,.322517,,
GNQ,1970,.320803,,
GNQ,1971,.31594,,
GNQ,1972,.309468,,
GNQ,1973,.302281,,
GNQ,1974,.294953,,
GNQ,1975,.287901,,
GNQ,1976,.281031,,
GNQ,1977,.276779,,
GNQ,1978,.276531,,
GNQ,1979,.279846,,
GNQ,1980,.288644,,
GNQ,1981,.303252,,5.769421
GNQ,1982,.322216,110,2.201676
GNQ,1983,.343421,110,5.004387
GNQ,1984,.364899,120,1.011382
GNQ,1985,.385547,140,12.90518
GNQ,1986,.404728,150,-2.330556
GNQ,1987,.422522,190,4.436738
GNQ,1988,.439651,220,2.655262
GNQ,1989,.456808,200,-1.229178
GNQ,1990,.474274,230,-1.758564
GNQ,1991,.492217,230,-1.022239
GNQ,1992,.51077,330,34.74532
GNQ,1993,.530023,320,11.03321
GNQ,1994,.550138,230,16.66883
GNQ,1995,.571264,220,17.48626
GNQ,1996,.593492,310,66.57999
GNQ,1997,.616893,760,149.973
GNQ,1998,.641474,610,23.77448
GNQ,1999,.667214,710,25.66401
GNQ,2000,.703279,660,18.21378
GNQ,2001,.749836,760,63.37988
GNQ,2002,.797957,1050,19.46283
GNQ,2003,.847862,960,13.95525
GNQ,2004,.899917,1370,37.99873
GNQ,2005,.947367,3080,16.7487
GNQ,2006,.990343,6420,7.704917
GNQ,2007,1.036044,9200,15.28211
GNQ,2008,1.08453,11310,17.79911
GNQ,2009,1.135673,9950,1.343356
GNQ,2010,1.189085,7920,-8.924176
GNQ,2011,1.241835,9170,6.523923
GNQ,2012,1.293483,11060,8.312872
GNQ,2013,1.346218,11220,-4.133199
GNQ,2014,1.399828,10610,.4150663
GNQ,2015,1.453923,8720,-9.110042
GNQ,2016,1.508186,6660,-8.816418
GNQ,2017,1.562396,5260,-5.667509
GNQ,2018,1.616422,5450,-6.236544
GNQ,2019,1.670177,5130,-5.481825
GNQ,2020,1.716468,4790,-4.791081
GNQ,2021,1.758786,4820,.86027
GNQ,2022,1.803545,4570,3.223508
GNQ,2023,1.847549,4840,-5.089309
GNQ,2024,1.892516,4740,.9072483
GRC,1960,8.331725,,
GRC,1961,8.39805,,13.20384
GRC,1962,8.448233,650,.3648123
GRC,1963,8.479625,740,11.84487
GRC,1964,8.510429,820,9.409678
GRC,1965,8.550333,920,10.76801
GRC,1966,8.613651,1020,6.494502
GRC,1967,8.684088,1110,5.669487
GRC,1968,8.740765,1230,7.203718
GRC,1969,8.772764,1380,11.56367
GRC,1970,8.792806,1540,8.93058
GRC,1971,8.831036,1720,7.841177
GRC,1972,8.888628,2000,10.16015
GRC,1973,8.929086,2490,8.092379
GRC,1974,8.962022,2850,-6.438241
GRC,1975,9.046541,3480,6.366808
GRC,1976,9.18815,3750,6.851899
GRC,1977,9.308479,3940,2.941001
GRC,1978,9.429959,4600,7.246864
GRC,1979,9.548258,5650,3.28208
GRC,1980,9.642505,6500,.6771314
GRC,1981,9.72935,6370,-1.553721
GRC,1982,9.789513,5910,-1.132647
GRC,1983,9.846627,5280,-1.078623
GRC,1984,9.895801,5140,2.010581
GRC,1985,9.9343,5010,2.509556
GRC,1986,9.967213,5360,.51766
GRC,1987,10.000595,6130,-2.258863
GRC,1988,10.036983,7590,4.287862
GRC,1989,10.089498,8310,3.8
GRC,1990,10.196792,8970,0
GRC,1991,10.319927,9850,3.1
GRC,1992,10.399061,11200,.7000003
GRC,1993,10.460415,11140,-1.6
GRC,1994,10.512922,11610,2
GRC,1995,10.562153,12410,2.09972
GRC,1996,10.6088,13380,1.382471
GRC,1997,10.661259,14070,3.602883
GRC,1998,10.720509,13790,3.436936
GRC,1999,10.761698,13380,2.658786
GRC,2000,10.805808,13350,4.137827
GRC,2001,10.862132,13080,4.650414
GRC,2002,10.902022,13220,4.683137
GRC,2003,10.92807,15750,5.796823
GRC,2004,10.955141,19650,5.377866
GRC,2005,10.987314,22850,1.183506
GRC,2006,11.020362,24160,6.443398
GRC,2007,11.048473,25960,3.50687
GRC,2008,11.077841,28330,.057474
GRC,2009,11.107017,29030,-4.119276
GRC,2010,11.121341,27320,-5.693741
GRC,2011,11.104899,24470,-9.876779
GRC,2012,11.045011,22750,-8.331134
GRC,2013,10.965211,22030,-2.272117
GRC,2014,10.892413,21670,.7922251
GRC,2015,10.820883,19920,-.2283019
GRC,2016,10.775971,18500,-.0317948
GRC,2017,10.754679,17890,1.473125
GRC,2018,10.732882,19060,2.064672
GRC,2019,10.721582,19770,2.277181
GRC,2020,10.698599,18030,-9.196232
GRC,2021,10.569207,20350,8.654498
GRC,2022,10.436882,22040,5.743649
GRC,2023,10.405588,22320,2.332124
GRC,2024,10.388805,23030,2.271736
GRD,1960,.094058,,
GRD,1961,.095335,,
GRD,1962,.096375,,
GRD,1963,.097195,,
GRD,1964,.09776,,
GRD,1965,.098067,,
GRD,1966,.098121,,
GRD,1967,.098066,,
GRD,1968,.098078,,
GRD,1969,.098204,,
GRD,1970,.098414,,
GRD,1971,.098648,,
GRD,1972,.098777,,
GRD,1973,.098709,,
GRD,1974,.098486,,
GRD,1975,.098126,,
GRD,1976,.097632,,
GRD,1977,.097017,,
GRD,1978,.096305,,5.341402
GRD,1979,.09549,1060,5.602084
GRD,1980,.094538,1220,-.534784
GRD,1981,.094052,1260,1.534187
GRD,1982,.094383,1290,4.124261
GRD,1983,.094948,1290,3.632575
GRD,1984,.095498,1380,3.568465
GRD,1985,.096111,1560,5.979708
GRD,1986,.09679,1850,7.194274
GRD,1987,.097526,2240,9.097425
GRD,1988,.098308,2490,2.966792
GRD,1989,.099121,2620,3.767731
GRD,1990,.099957,2730,4.012612
GRD,1991,.100793,2910,1.385546
GRD,1992,.101602,3010,-.8511488
GRD,1993,.102382,2990,-1.958816
GRD,1994,.103138,3100,1.693556
GRD,1995,.103869,3200,2.129475
GRD,1996,.104584,3380,4.438235
GRD,1997,.105293,3530,5.015495
GRD,1998,.106009,3840,11.7535
GRD,1999,.106727,4140,6.898363
GRD,2000,.107451,4410,4.887952
GRD,2001,.107987,4310,-2.0239
GRD,2002,.108404,4450,3.437324
GRD,2003,.108884,5050,9.463973
GRD,2004,.109323,5110,-.6474503
GRD,2005,.109734,6340,13.27619
GRD,2006,.110135,6120,-3.995328
GRD,2007,.110522,6500,6.123451
GRD,2008,.110896,6910,.9475426
GRD,2009,.111254,6390,-6.613281
GRD,2010,.111586,6610,-.5111462
GRD,2011,.112079,6730,.7647735
GRD,2012,.112775,6700,-1.154838
GRD,2013,.113487,7040,2.351098
GRD,2014,.114132,7170,7.342124
GRD,2015,.114676,7410,6.445223
GRD,2016,.11513,8000,3.739604
GRD,2017,.115438,8400,4.438676
GRD,2018,.115691,9220,4.36144
GRD,2019,.115981,9400,.6765118
GRD,2020,.116341,8390,-13.75662
GRD,2021,.116688,8890,4.687478
GRD,2022,.116913,10010,7.320741
GRD,2023,.117081,10110,4.679762
GRD,2024,.117207,10550,3.693059
GRL,1960,.0325,,
GRL,1961,.0337,,
GRL,1962,.035,,
GRL,1963,.0364,,
GRL,1964,.0376,,
GRL,1965,.0392,,
GRL,1966,.0405,,
GRL,1967,.0419,,
GRL,1968,.0434,,
GRL,1969,.0449,,
GRL,1970,.0464,,
GRL,1971,.0472,,13.06085
GRL,1972,.0483,1890,6.177274
GRL,1973,.049,2440,6.806009
GRL,1974,.0495,3130,5.706254
GRL,1975,.0496,3800,.6462401
GRL,1976,.0497,4330,5.959208
GRL,1977,.0494,5140,8.822315
GRL,1978,.0492,6160,6.016717
GRL,1979,.0496,7550,4.860598
GRL,1980,.0502,9270,8.676006
GRL,1981,.051,9100,.6652796
GRL,1982,.0515,8020,-4.419661
GRL,1983,.0521,7270,3.457217
GRL,1984,.0527,6740,-5.179615
GRL,1985,.0532,7060,3.656388
GRL,1986,.0535,8540,7.097323
GRL,1987,.0541,11470,5.515872
GRL,1988,.0548,15170,5.603611
GRL,1989,.0553,16970,6.659545
GRL,1990,.0556,15690,-11.71953
GRL,1991,.0555,16510,-.1134646
GRL,1992,.0553,17440,-5.1117
GRL,1993,.0552,16600,-5.027933
GRL,1994,.0555,17830,5.92437
GRL,1995,.0558,19470,3.728678
GRL,1996,.0559,20780,1.529637
GRL,1997,.056,20540,1.468926
GRL,1998,.0561,20440,7.757982
GRL,1999,.0561,19740,1.377884
GRL,2000,.056185,20290,7.101597
GRL,2001,.056379,19380,1.269035
GRL,2002,.056595,18760,-.9711773
GRL,2003,.056751,20440,4.430046
GRL,2004,.056898,25740,6.906583
GRL,2005,.056935,30920,4.987492
GRL,2006,.056775,30240,5.555695
GRL,2007,.056555,34800,2.352438
GRL,2008,.056328,,6.166133
GRL,2009,.056323,,.8659523
GRL,2010,.056534,,1.735825
GRL,2011,.05689,,-.4965194
GRL,2012,.05681,,1.394193
GRL,2013,.056483,,-1.298281
GRL,2014,.056295,,4.742136
GRL,2015,.056114,,-2.529318
GRL,2016,.056186,,4.681954
GRL,2017,.056172,,.0527282
GRL,2018,.056023,,.6230654
GRL,2019,.056225,,2.832178
GRL,2020,.056367,,.2507898
GRL,2021,.056653,,1.634094
GRL,2022,.056661,,2.004556
GRL,2023,.056865,,.865962
GRL,2024,.056836,,
GTM,1960,4.063655,,
GTM,1961,4.186201,,4.298518
GTM,1962,4.312044,260,3.536501
GTM,1963,4.440264,280,9.541044
GTM,1964,4.571109,290,4.632992
GTM,1965,4.704965,290,4.361769
GTM,1966,4.840958,300,5.512104
GTM,1967,4.978862,300,4.112175
GTM,1968,5.118111,320,8.766035
GTM,1969,5.257081,330,4.736909
GTM,1970,5.396966,350,5.707884
GTM,1971,5.538355,370,5.583755
GTM,1972,5.682833,390,7.333052
GTM,1973,5.831631,450,6.782835
GTM,1974,5.981197,540,6.37503
GTM,1975,6.128731,610,1.949991
GTM,1976,6.262404,690,7.387266
GTM,1977,6.401515,800,7.809221
GTM,1978,6.561534,920,4.99669
GTM,1979,6.727797,1080,4.713456
GTM,1980,6.900212,1200,3.759978
GTM,1981,7.075648,1240,.6468586
GTM,1982,7.240241,1170,-3.530089
GTM,1983,7.419642,1120,-2.572091
GTM,1984,7.630682,1140,.4966978
GTM,1985,7.849693,1170,-.6093389
GTM,1986,8.070818,1080,.1430496
GTM,1987,8.296485,1020,3.543983
GTM,1988,8.532099,990,3.892387
GTM,1989,8.775546,980,3.94259
GTM,1990,9.024773,930,3.102563
GTM,1991,9.272584,970,3.658249
GTM,1992,9.522266,1030,4.838339
GTM,1993,9.779761,1140,3.927132
GTM,1994,10.043718,1230,4.033741
GTM,1995,10.312996,1350,4.948547
GTM,1996,10.583526,1430,2.95778
GTM,1997,10.857754,1520,4.36409
GTM,1998,11.139145,1600,4.993528
GTM,1999,11.422965,1640,3.847062
GTM,2000,11.697592,1660,3.608869
GTM,2001,11.969422,1590,2.332575
GTM,2002,12.246915,1590,3.839287
GTM,2003,12.525842,1660,2.560378
GTM,2004,12.807402,1830,3.137917
GTM,2005,13.087629,1980,3.276027
GTM,2006,13.367459,2130,5.351398
GTM,2007,13.65204,2340,6.337718
GTM,2008,13.935174,2570,3.293524
GTM,2009,14.215611,2610,.4768981
GTM,2010,14.500112,2690,2.884176
GTM,2011,14.792126,2850,4.163907
GTM,2012,15.089647,3090,2.974709
GTM,2013,15.387337,3300,3.694819
GTM,2014,15.681725,3460,4.443978
GTM,2015,15.971743,3610,4.092171
GTM,2016,16.26876,3760,2.677803
GTM,2017,16.567357,3980,3.079851
GTM,2018,16.845685,4270,3.406873
GTM,2019,17.103803,4490,4.017898
GTM,2020,17.357325,4360,-1.785552
GTM,2021,17.59865,4800,8.041704
GTM,2022,17.847877,5220,4.184518
GTM,2023,18.124838,5470,3.533157
GTM,2024,18.406359,5780,3.651865
GUM,1960,.069525,,
GUM,1961,.071311,,
GUM,1962,.073192,,
GUM,1963,.075095,,
GUM,1964,.077008,,
GUM,1965,.078932,,
GUM,1966,.080844,,
GUM,1967,.082719,,
GUM,1968,.084563,,
GUM,1969,.086404,,
GUM,1970,.088365,,
GUM,1971,.090466,,
GUM,1972,.092619,,
GUM,1973,.094781,,
GUM,1974,.096939,,
GUM,1975,.099057,,
GUM,1976,.101166,,
GUM,1977,.103298,,
GUM,1978,.105424,,
GUM,1979,.107636,,
GUM,1980,.110141,,
GUM,1981,.112902,,
GUM,1982,.115711,,
GUM,1983,.118508,,
GUM,1984,.121302,,
GUM,1985,.124117,,
GUM,1986,.126965,,
GUM,1987,.129858,,
GUM,1988,.132799,,
GUM,1989,.135799,,
GUM,1990,.13861,,
GUM,1991,.141073,,
GUM,1992,.143393,,
GUM,1993,.145654,,
GUM,1994,.147868,,
GUM,1995,.150054,,
GUM,1996,.152169,,
GUM,1997,.154215,,
GUM,1998,.156237,,
GUM,1999,.158289,,
GUM,2000,.160065,,
GUM,2001,.161329,,
GUM,2002,.162315,,
GUM,2003,.163137,,.8793141
GUM,2004,.16381,,6.49379
GUM,2005,.164365,,3.642316
GUM,2006,.164839,,-3.652517
GUM,2007,.165267,,.7172131
GUM,2008,.165693,,2.034588
GUM,2009,.166173,,.438684
GUM,2010,.166522,,2.263252
GUM,2011,.166543,,.0776548
GUM,2012,.166331,,2.133851
GUM,2013,.165966,,1.690408
GUM,2014,.165486,,1.793052
GUM,2015,.164905,,.8256881
GUM,2016,.164233,,.1819836
GUM,2017,.16349,,.8900999
GUM,2018,.162679,,-.8282319
GUM,2019,.161808,,2.523602
GUM,2020,.162158,,-10.51886
GUM,2021,.16373,,2.058183
GUM,2022,.16518,,5.099864
GUM,2023,.166506,,
GUM,2024,.167777,,
GUY,1960,.569143,,
GUY,1961,.582568,,4.689524
GUY,1962,.595461,290,1.104926
GUY,1963,.608537,260,-12.27866
GUY,1964,.621764,290,11.36028
GUY,1965,.635128,320,10.54102
GUY,1966,.648646,330,5.233274
GUY,1967,.662311,350,4.313622
GUY,1968,.67616,340,1.024828
GUY,1969,.690223,350,6.994387
GUY,1970,.702705,360,4.255457
GUY,1971,.712662,380,3.112851
GUY,1972,.721617,390,-3.317671
GUY,1973,.730138,430,1.244719
GUY,1974,.738057,540,7.70284
GUY,1975,.745393,680,8.483022
GUY,1976,.752253,670,1.536913
GUY,1977,.758654,610,-2.63868
GUY,1978,.764586,620,-1.806189
GUY,1979,.770062,670,-1.835696
GUY,1980,.774367,770,1.73389
GUY,1981,.776453,740,1.496166
GUY,1982,.776712,590,-13.19013
GUY,1983,.775891,510,-6.792387
GUY,1984,.774111,470,-5.028738
GUY,1985,.771477,500,2.399668
GUY,1986,.768098,520,-.9006022
GUY,1987,.76412,450,.8993966
GUY,1988,.759663,460,-3.693533
GUY,1989,.754865,350,-4.916667
GUY,1990,.749894,390,-3.067485
GUY,1991,.747861,330,6.057866
GUY,1992,.749911,390,7.757886
GUY,1993,.752965,470,8.175105
GUY,1994,.755822,570,8.532423
GUY,1995,.758388,670,5.031446
GUY,1996,.760526,830,7.955518
GUY,1997,.762245,880,6.180665
GUY,1998,.763586,860,-1.679104
GUY,1999,.764483,850,2.960152
GUY,2000,.764832,870,-1.363804
GUY,2001,.764477,860,2.279522
GUY,2002,.763652,870,1.132627
GUY,2003,.763101,910,-.6322254
GUY,2004,.762418,1010,1.563352
GUY,2005,.760914,1070,-1.950958
GUY,2006,.758966,1450,5.12961
GUY,2007,.756861,2250,7.191236
GUY,2008,.754606,3820,1.755224
GUY,2009,.752094,4160,3.611508
GUY,2010,.749256,4520,4.138442
GUY,2011,.746153,4860,5.196251
GUY,2012,.746288,5350,5.27633
GUY,2013,.750021,5610,3.653384
GUY,2014,.754229,5640,1.686494
GUY,2015,.758781,5530,.6874046
GUY,2016,.763548,5610,3.807456
GUY,2017,.768479,5870,3.734492
GUY,2018,.791556,6100,4.440913
GUY,2019,.807665,6380,5.35284
GUY,2020,.807481,8090,43.47965
GUY,2021,.815482,7810,20.06
GUY,2022,.821637,9780,63.33463
GUY,2023,.826353,17770,33.79501
GUY,2024,.831087,20220,43.37201
HIC,1960,908.2573,,
HIC,1961,919.44934,,4.572377
HIC,1962,930.83291,1347.939,5.620444
HIC,1963,942.14156,1428.821,5.035511
HIC,1964,953.47785,1538.091,6.348482
HIC,1965,964.45974,1663.316,5.555584
HIC,1966,974.21664,1805.575,5.554452
HIC,1967,983.59876,1913.061,3.917156
HIC,1968,992.8937,2083.657,5.94447
HIC,1969,1002.3597,2258.608,5.628685
HIC,1970,1011.8015,2407.346,3.032754
HIC,1971,1022.8851,2637.281,3.930979
HIC,1972,1032.672,3029.951,5.505203
HIC,1973,1042.1515,3706.815,6.321224
HIC,1974,1051.4404,4348.367,1.16915
HIC,1975,1060.4727,4879.818,-.1481791
HIC,1976,1069.1294,5195.044,4.972595
HIC,1977,1077.7282,5569.491,3.896068
HIC,1978,1086.3586,6357.121,4.263711
HIC,1979,1095.2822,7642.876,4.105369
HIC,1980,1104.0059,8822.159,1.297071
HIC,1981,1112.6397,9182.761,1.94434
HIC,1982,1120.6601,8712.81,-.1897192
HIC,1983,1128.2628,8400.111,2.856546
HIC,1984,1135.69,8695.739,4.681683
HIC,1985,1143.1795,9102.521,3.54292
HIC,1986,1150.8104,10240.28,3.132845
HIC,1987,1158.6074,12208.85,3.550174
HIC,1988,1166.5277,14793.39,4.65608
HIC,1989,1174.7664,15677.91,3.882989
HIC,1990,1182.1899,16440.19,2.631959
HIC,1991,1190.6207,17073.74,.8477394
HIC,1992,1199.2652,18465.07,1.518434
HIC,1993,1207.3219,18940.66,1.09353
HIC,1994,1214.8654,19827.37,2.908392
HIC,1995,1222.0562,21109.59,2.728237
HIC,1996,1229.1733,22096.07,2.905963
HIC,1997,1236.1304,22217.36,3.506902
HIC,1998,1242.8977,21291.43,2.72156
HIC,1999,1249.3674,21536.12,3.576257
HIC,2000,1255.6963,22405.16,4.261059
HIC,2001,1262.0937,22413.71,1.595778
HIC,2002,1268.5596,22364.17,1.638696
HIC,2003,1275.2006,24207.4,2.293913
HIC,2004,1282.1682,27725.81,3.523507
HIC,2005,1289.1259,30646.51,2.996503
HIC,2006,1296.8915,32202.15,3.250061
HIC,2007,1305.5781,33847.52,2.863864
HIC,2008,1314.671,35703.17,.6748966
HIC,2009,1322.7541,35152.71,-3.354418
HIC,2010,1328.6578,36163.14,3.036497
HIC,2011,1334.5577,37393.47,2.04751
HIC,2012,1342.4284,38704.05,1.45874
HIC,2013,1350.1499,39696.94,1.61221
HIC,2014,1357.4963,39761.45,2.152439
HIC,2015,1366.0136,38362.35,2.343609
HIC,2016,1374.2844,37471.41,1.826359
HIC,2017,1380.3199,37699.3,2.472115
HIC,2018,1385.1033,40444.26,2.368536
HIC,2019,1389.7792,42055.69,1.913669
HIC,2020,1393.4901,40604.77,-3.874516
HIC,2021,1391.8396,44820.04,5.843371
HIC,2022,1398.5302,47651.75,3.003278
HIC,2023,1408.7646,48706.15,1.821329
HIC,2024,1417.8713,49300.86,1.926998
HKG,1960,3.09484,,
HKG,1961,3.1681,,
HKG,1962,3.3052,,14.29126
HKG,1963,3.4209,570,15.76385
HKG,1964,3.5046,630,8.628104
HKG,1965,3.5979,700,14.64201
HKG,1966,3.6299,710,1.794572
HKG,1967,3.7228,710,1.60355
HKG,1968,3.8027,740,3.397618
HKG,1969,3.8639,840,11.3433
HKG,1970,3.959,930,9.206704
HKG,1971,4.0453,1060,7.29283
HKG,1972,4.1236,1300,10.61194
HKG,1973,4.2416,1750,12.27974
HKG,1974,4.3778,2150,2.415237
HKG,1975,4.4616,2450,.4920418
HKG,1976,4.518,2900,16.16402
HKG,1977,4.5837,3340,11.72556
HKG,1978,4.6675,3930,8.260746
HKG,1979,4.9297,4700,11.55664
HKG,1980,5.0631,5730,10.10824
HKG,1981,5.1834,6360,9.260777
HKG,1982,5.2645,6290,2.949758
HKG,1983,5.3451,5890,5.976995
HKG,1984,5.3979,6170,9.973765
HKG,1985,5.4562,6090,.7570817
HKG,1986,5.5246,7230,11.05612
HKG,1987,5.5805,9080,13.39847
HKG,1988,5.6276,10770,8.511508
HKG,1989,5.6862,11550,2.276936
HKG,1990,5.7045,12660,3.830575
HKG,1991,5.752,14320,5.701998
HKG,1992,5.8005,16560,6.234953
HKG,1993,5.901,19560,6.201128
HKG,1994,6.0354,21820,6.035988
HKG,1995,6.1561,23570,2.373705
HKG,1996,6.4355,24140,4.258472
HKG,1997,6.4893,26080,5.09973
HKG,1998,6.5437,25110,-5.882661
HKG,1999,6.6065,25800,2.506695
HKG,2000,6.665,26930,7.663408
HKG,2001,6.7143,26350,.5608817
HKG,2002,6.7441,25270,1.656706
HKG,2003,6.7308,26340,3.056294
HKG,2004,6.7835,28120,8.700047
HKG,2005,6.8132,28890,7.388176
HKG,2006,6.8571,30290,7.032625
HKG,2007,6.9163,32070,6.464864
HKG,2008,6.9578,33950,2.127921
HKG,2009,6.9728,32350,-2.459141
HKG,2010,7.0242,33620,6.767666
HKG,2011,7.0716,35690,4.814681
HKG,2012,7.1501,36340,1.700294
HKG,2013,7.1789,38570,3.101517
HKG,2014,7.2295,40240,2.76243
HKG,2015,7.2913,41180,2.387783
HKG,2016,7.3366,42970,2.175437
HKG,2017,7.3932,46380,3.796113
HKG,2018,7.4526,50050,2.846935
HKG,2019,7.5079,50480,-1.672395
HKG,2020,7.481,48550,-6.544783
HKG,2021,7.4131,54380,6.454425
HKG,2022,7.3461,54000,-3.683751
HKG,2023,7.5361,54910,3.214489
HKG,2024,7.5241,57100,2.541198
HND,1960,2.06206,,
HND,1961,2.121242,,1.855659
HND,1962,2.182064,170,5.764846
HND,1963,2.244878,180,3.580437
HND,1964,2.309855,190,5.416646
HND,1965,2.377157,210,9.037156
HND,1966,2.446751,220,5.373842
HND,1967,2.518648,230,5.977543
HND,1968,2.593057,250,6.598183
HND,1969,2.670289,250,.6554388
HND,1970,2.750715,260,3.626721
HND,1971,2.834616,260,3.995004
HND,1972,2.922064,280,5.762305
HND,1973,3.011459,320,7.869853
HND,1974,3.099836,350,-1.227642
HND,1975,3.193234,370,2.130682
HND,1976,3.294457,410,10.50069
HND,1977,3.398655,460,10.38389
HND,1978,3.505463,600,5.966212
HND,1979,3.614981,820,5.609927
HND,1980,3.727173,1080,.599354
HND,1981,3.841778,1070,-1.222035
HND,1982,3.958728,1010,-2.074661
HND,1983,4.078174,990,.9056939
HND,1984,4.19985,1070,6.327296
HND,1985,4.323342,1150,5.626235
HND,1986,4.448899,1250,5.330774
HND,1987,4.57691,1400,6.638356
HND,1988,4.707677,1400,1.746034
HND,1989,4.841838,1270,2.727849
HND,1990,4.980488,1100,2.791749
HND,1991,5.123792,940,-3.319309
HND,1992,5.271431,920,6.073688
HND,1993,5.423249,940,6.495718
HND,1994,5.579242,870,.2119035
HND,1995,5.739637,890,6.189304
HND,1996,5.903954,870,1.870776
HND,1997,6.071454,900,4.598083
HND,1998,6.234431,910,3.590233
HND,1999,6.400463,930,-.7356511
HND,2000,6.577773,1020,7.291288
HND,2001,6.757993,1050,2.723193
HND,2002,6.938859,1070,3.754338
HND,2003,7.119213,1130,4.547038
HND,2004,7.298994,1210,6.232303
HND,2005,7.478355,1290,6.050599
HND,2006,7.656832,1360,6.567244
HND,2007,7.834798,1490,6.188327
HND,2008,8.012587,1620,4.2316
HND,2009,8.189899,1670,-2.431628
HND,2010,8.365878,1730,3.73114
HND,2011,8.540583,1860,3.835691
HND,2012,8.715076,1950,4.128688
HND,2013,8.889278,1990,2.79156
HND,2014,9.063122,1980,3.058081
HND,2015,9.237305,2030,3.84008
HND,2016,9.41238,2090,3.892972
HND,2017,9.588137,2210,4.842914
HND,2018,9.76521,2280,3.844995
HND,2019,9.943633,2330,2.559634
HND,2020,10.11964,2120,-8.965082
HND,2021,10.289877,2440,12.56528
HND,2022,10.463872,2700,4.143562
HND,2023,10.644851,2880,3.575848
HND,2024,10.825703,3020,3.55397
HPC,1960,163.65053,,
HPC,1961,167.63489,,-.1291132
HPC,1962,171.77167,,7.210887
HPC,1963,176.06326,150.9335,3.355756
HPC,1964,180.53767,152.0071,3.39788
HPC,1965,185.20864,160.2823,3.938549
HPC,1966,190.04883,166.7191,3.860188
HPC,1967,195.11137,171.9205,2.402005
HPC,1968,200.41914,177.6066,4.524288
HPC,1969,205.89589,183.5848,4.555591
HPC,1970,211.54951,176.6163,.0914225
HPC,1971,217.34467,185.3585,4.523061
HPC,1972,223.18983,195.2865,2.126994
HPC,1973,229.3414,227.0239,3.189107
HPC,1974,235.79194,274.5668,5.193753
HPC,1975,242.34415,310.1503,2.063694
HPC,1976,249.03401,315.3974,3.859254
HPC,1977,255.70717,329.275,3.573036
HPC,1978,262.98551,368.5873,2.516149
HPC,1979,270.56976,424.205,.5615945
HPC,1980,277.12801,475.8222,.6204728
HPC,1981,283.25537,486.3241,2.846967
HPC,1982,290.47155,456.5405,.5935519
HPC,1983,298.60026,415.4269,.375266
HPC,1984,306.9439,403.5279,1.257978
HPC,1985,315.42976,406.3341,1.559358
HPC,1986,324.025,393.1487,3.086019
HPC,1987,333.01695,415.8992,3.283747
HPC,1988,342.38109,433.6923,1.296616
HPC,1989,352.06591,419.7835,1.511529
HPC,1990,361.65794,412.9486,-1.058792
HPC,1991,371.41165,421.3275,.5100556
HPC,1992,382.50762,380.4914,-1.203044
HPC,1993,394.85149,359.2524,.3967461
HPC,1994,406.93572,316.6266,-.1009917
HPC,1995,418.8301,322.7351,4.903304
HPC,1996,431.00694,323.8065,5.098805
HPC,1997,443.19615,339.4149,5.531247
HPC,1998,455.93926,335.9536,3.524363
HPC,1999,469.07689,335.2132,3.093225
HPC,2000,481.98433,333.8232,2.871517
HPC,2001,495.19735,331.3171,3.636485
HPC,2002,509.67998,336.9499,3.909598
HPC,2003,524.77399,363.5205,3.969581
HPC,2004,539.8035,418.3216,5.795079
HPC,2005,555.35893,475.1722,5.662331
HPC,2006,571.45459,525.4102,5.833014
HPC,2007,587.43238,592.9174,5.437068
HPC,2008,604.0077,690.7535,5.642563
HPC,2009,621.33765,742.9907,3.596907
HPC,2010,638.7964,774.1793,6.182408
HPC,2011,656.78349,800.2031,4.576659
HPC,2012,675.39756,834.5314,3.997935
HPC,2013,694.62293,884.096,5.692568
HPC,2014,714.76944,940.3965,5.609676
HPC,2015,735.42941,934.0121,4.926056
HPC,2016,756.89504,907.1542,4.450955
HPC,2017,779.38996,895.882,5.026787
HPC,2018,802.02067,941.4722,4.23445
HPC,2019,824.64905,973.2246,4.467946
HPC,2020,847.74331,959.0164,.2394952
HPC,2021,870.93004,1004.013,4.241883
HPC,2022,893.90629,1070.329,4.992136
HPC,2023,917.30425,1112.446,3.481205
HPC,2024,941.41303,1157.842,5.24378
HRV,1960,4.140181,,
HRV,1961,4.167292,,
HRV,1962,4.196712,,
HRV,1963,4.225675,,
HRV,1964,4.252876,,
HRV,1965,4.280923,,
HRV,1966,4.310701,,
HRV,1967,4.338683,,
HRV,1968,4.365628,,
HRV,1969,4.39149,,
HRV,1970,4.412252,,
HRV,1971,4.431275,,
HRV,1972,4.450564,,
HRV,1973,4.470161,,
HRV,1974,4.49066,,
HRV,1975,4.512082,,
HRV,1976,4.535934,,
HRV,1977,4.559571,,
HRV,1978,4.581085,,
HRV,1979,4.594778,,
HRV,1980,4.599782,,
HRV,1981,4.611509,,
HRV,1982,4.634234,,
HRV,1983,4.658254,,
HRV,1984,4.680285,,
HRV,1985,4.701417,,
HRV,1986,4.721446,,
HRV,1987,4.739745,,
HRV,1988,4.755207,,
HRV,1989,4.76726,,
HRV,1990,4.777368,,
HRV,1991,4.689022,,-21.08867
HRV,1992,4.575818,,-11.71329
HRV,1993,4.600463,,-8.025582
HRV,1994,4.652024,,5.870475
HRV,1995,4.62003,,6.758477
HRV,1996,4.557097,,6.108981
HRV,1997,4.53492,,6.167991
HRV,1998,4.532135,,2.251678
HRV,1999,4.512597,5250,-.8486943
HRV,2000,4.468302,5310,2.945253
HRV,2001,4.299642,5360,3.111235
HRV,2002,4.302174,5660,5.803329
HRV,2003,4.303399,6700,5.568373
HRV,2004,4.3046,8570,4.170485
HRV,2005,4.310145,10210,4.327076
HRV,2006,4.311159,11240,5.081466
HRV,2007,4.310217,12520,5.048886
HRV,2008,4.309705,14030,1.96859
HRV,2009,4.305181,13980,-6.813956
HRV,2010,4.295427,13900,-1.334082
HRV,2011,4.280622,14030,-.0977515
HRV,2012,4.260368,13540,-2.253746
HRV,2013,4.233922,13940,-.1254498
HRV,2014,4.201598,13830,-.5571502
HRV,2015,4.151725,13580,2.323175
HRV,2016,4.106867,13090,3.461129
HRV,2017,4.041407,13350,3.280958
HRV,2018,3.988775,14670,2.904681
HRV,2019,3.94939,15800,3.100439
HRV,2020,3.914206,15120,-8.311643
HRV,2021,3.878981,17420,12.6317
HRV,2022,3.855641,19370,7.287936
HRV,2023,3.859686,20590,3.302545
HRV,2024,3.8663,22080,3.814945
HTI,1960,3.858443,,
HTI,1961,3.92903,,-2.93198
HTI,1962,4.001575,,7.887576
HTI,1963,4.073068,,-1.892793
HTI,1964,4.146244,,-1.647357
HTI,1965,4.22382,,2.161798
HTI,1966,4.302639,,-.5757868
HTI,1967,4.382999,,-2.117686
HTI,1968,4.465328,,3.181617
HTI,1969,4.549334,,3.811943
HTI,1970,4.635124,,.6511537
HTI,1971,4.723244,,6.480381
HTI,1972,4.813868,,.9771078
HTI,1973,4.906743,,4.755322
HTI,1974,5.001796,,5.779889
HTI,1975,5.099086,,1.122754
HTI,1976,5.198357,,8.438835
HTI,1977,5.299476,,3.708146
HTI,1978,5.40258,,6.208864
HTI,1979,5.50759,,7.560421
HTI,1980,5.614493,250,7.374688
HTI,1981,5.723725,260,-2.85271
HTI,1982,5.835937,250,-3.563745
HTI,1983,5.951096,250,.9081815
HTI,1984,6.06923,260,.300917
HTI,1985,6.190862,290,.6036313
HTI,1986,6.316122,330,-.4975048
HTI,1987,6.445123,350,-.7936487
HTI,1988,6.578145,390,.2004268
HTI,1989,6.71473,380,-2.913424
HTI,1990,6.854441,430,1.038123
HTI,1991,6.99545,460,1.880545
HTI,1992,7.136571,400,-5.309933
HTI,1993,7.278181,320,-5.426296
HTI,1994,7.419771,260,-11.95063
HTI,1995,7.562546,310,9.897708
HTI,1996,7.707557,370,4.140773
HTI,1997,7.854298,400,2.704714
HTI,1998,8.002143,410,2.18184
HTI,1999,8.151296,460,2.710248
HTI,2000,8.303151,560,.8700593
HTI,2001,8.455918,650,-.3427479
HTI,2002,8.607641,740,1.05182
HTI,2003,8.759912,690,3.48078
HTI,2004,8.910263,680,-1.317857
HTI,2005,9.061273,710,3.072173
HTI,2006,9.216562,800,1.768751
HTI,2007,9.373296,900,4.70653
HTI,2008,9.530774,1010,2.658032
HTI,2009,9.689581,1160,5.890379
HTI,2010,9.803294,1140,-5.651512
HTI,2011,9.914904,1260,5.098214
HTI,2012,10.069771,1320,.5024244
HTI,2013,10.222362,1410,4.324784
HTI,2014,10.373235,1460,2.888772
HTI,2015,10.523242,1430,1.4
HTI,2016,10.671457,1380,1.812468
HTI,2017,10.817754,1370,2.510271
HTI,2018,10.962362,1430,1.667811
HTI,2019,11.105163,1410,-1.723097
HTI,2020,11.243848,1340,-3.305506
HTI,2021,11.374586,1450,-1.79824
HTI,2022,11.503606,1620,-1.681984
HTI,2023,11.637398,1760,-1.863884
HTI,2024,11.772557,1760,-4.169634
HUN,1960,9.983512,,
HUN,1961,10.027958,,4.7
HUN,1962,10.060825,,6.1
HUN,1963,10.087947,,5.7
HUN,1964,10.119835,,4.7
HUN,1965,10.147935,,42.41042
HUN,1966,10.178653,,7.4
HUN,1967,10.216604,,7.5
HUN,1968,10.255815,,4.9
HUN,1969,10.298723,,6.9
HUN,1970,10.33791,570,4.7
HUN,1971,10.367537,620,6.2
HUN,1972,10.398489,700,6.1
HUN,1973,10.432055,870,6.9
HUN,1974,10.47872,1050,5.9
HUN,1975,10.540525,1200,6.2
HUN,1976,10.598677,1260,3.6
HUN,1977,10.648031,1390,7.6
HUN,1978,10.684822,1590,4.4
HUN,1979,10.704152,1850,2.7
HUN,1980,10.711122,2160,.2
HUN,1981,10.711848,2300,2.866745
HUN,1982,10.705535,2270,2.841089
HUN,1983,10.689463,2100,.7229659
HUN,1984,10.668095,2020,2.658048
HUN,1985,10.648713,1950,-.2530675
HUN,1986,10.630564,2130,1.534949
HUN,1987,10.612741,2520,4.051229
HUN,1988,10.596487,2840,-.0652631
HUN,1989,10.481719,2900,.7364248
HUN,1990,10.373988,3010,-3.49666
HUN,1991,10.3734,2910,-11.89204
HUN,1992,10.369341,3310,-3.06418
HUN,1993,10.357523,3670,-.5761085
HUN,1994,10.343355,4040,2.947155
HUN,1995,10.328965,4260,1.489525
HUN,1996,10.311238,4380,.1012342
HUN,1997,10.290486,4410,2.977879
HUN,1998,10.26657,4420,3.848108
HUN,1999,10.23753,4500,3.086058
HUN,2000,10.210971,4630,4.409375
HUN,2001,10.187576,4790,4.062026
HUN,2002,10.158608,5300,4.730065
HUN,2003,10.129552,6630,3.938778
HUN,2004,10.107146,8650,4.963125
HUN,2005,10.087065,10380,4.300283
HUN,2006,10.07137,11230,3.933932
HUN,2007,10.05578,11770,.3323543
HUN,2008,10.038188,13250,.9934371
HUN,2009,10.02265,13400,-6.740166
HUN,2010,10.000023,13250,1.067951
HUN,2011,9.971727,13260,1.916709
HUN,2012,9.920362,13080,-1.339484
HUN,2013,9.872734,13560,2.03217
HUN,2014,9.833038,13630,4.334353
HUN,2015,9.797755,13310,3.659816
HUN,2016,9.759755,13230,2.438641
HUN,2017,9.726756,13310,4.124184
HUN,2018,9.706964,15180,5.606138
HUN,2019,9.694824,16840,5.077185
HUN,2020,9.670419,16330,-4.338726
HUN,2021,9.630932,18070,7.222916
HUN,2022,9.605074,19240,4.270348
HUN,2023,9.592186,19860,-.8425288
HUN,2024,9.562314,20690,.5123058
IBD,1960,1893.7046,,
IBD,1961,1915.6131,,1.138759
IBD,1962,1950.2747,153.5627,3.101869
IBD,1963,1996.7533,162.6783,4.73468
IBD,1964,2043.3096,178.9186,8.211101
IBD,1965,2090.2096,194.2481,6.218238
IBD,1966,2139.6085,202.5249,5.62777
IBD,1967,2188.9501,202.8886,4.111418
IBD,1968,2239.6101,208.9221,6.34268
IBD,1969,2292.0987,227.157,7.919777
IBD,1970,2346.0562,245.1302,7.720991
IBD,1971,2401.0082,259.9488,6.1212
IBD,1972,2454.7642,282.4283,6.670874
IBD,1973,2508.3705,340.5841,7.04983
IBD,1974,2561.344,424.5546,5.750043
IBD,1975,2613.1941,502.6099,4.681886
IBD,1976,2664.3871,530.6319,6.282295
IBD,1977,2714.8458,552.9099,4.671412
IBD,1978,2765.5658,603.0063,4.106922
IBD,1979,2816.9951,696.4573,4.830791
IBD,1980,2869.2778,801.6226,5.071565
IBD,1981,2923.2555,857.9217,2.190733
IBD,1982,2980.0338,840.6481,2.881778
IBD,1983,3037.2529,785.7805,1.715973
IBD,1984,3094.4776,783.7843,4.937066
IBD,1985,3152.5817,796.6311,4.466117
IBD,1986,3212.1779,837.2768,3.857308
IBD,1987,3273.3887,897.5979,4.880728
IBD,1988,3334.8756,951.088,4.047377
IBD,1989,3395.7654,953.1603,3.192049
IBD,1990,3455.5339,995.6544,1.958637
IBD,1991,3513.3907,991.7712,1.167931
IBD,1992,3568.89,1036.383,1.600598
IBD,1993,3622.9244,1069.046,3.739599
IBD,1994,3675.8729,1127.669,3.647892
IBD,1995,3728.2902,1223.385,4.048559
IBD,1996,3780.4465,1352.252,5.489794
IBD,1997,3832.3915,1446.126,5.38581
IBD,1998,3884.0789,1404.859,2.707774
IBD,1999,3934.5218,1380.638,3.779485
IBD,2000,3983.3283,1428.813,5.933845
IBD,2001,4031.0806,1440.176,3.640529
IBD,2002,4077.229,1458.253,4.623903
IBD,2003,4122.7759,1584.016,5.991292
IBD,2004,4168.6768,1842.966,7.654986
IBD,2005,4214.0821,2151.985,7.227176
IBD,2006,4258.8271,2501.418,8.313388
IBD,2007,4302.0675,2971.458,8.959548
IBD,2008,4346.234,3508.066,5.941473
IBD,2009,4391.3895,3773.24,2.831303
IBD,2010,4436.7149,4216.423,7.827343
IBD,2011,4483.1526,4701.306,6.368347
IBD,2012,4532.1403,5333.614,5.460263
IBD,2013,4582.0367,5761.883,5.238218
IBD,2014,4630.7232,5948.476,4.843405
IBD,2015,4676.923,5770.699,4.385942
IBD,2016,4721.7536,5660.69,4.546075
IBD,2017,4765.9986,5786.585,5.229673
IBD,2018,4807.2405,6233.756,4.9597
IBD,2019,4845.3614,6573.212,4.038931
IBD,2020,4878.6061,6351.252,-1.2491
IBD,2021,4905.5344,7039.364,7.624249
IBD,2022,4928.5224,7597.715,3.735622
IBD,2023,4952.5549,8033.921,4.820491
IBD,2024,4979.7201,8165.988,4.31382
IBT,1960,2289.192,,
IBT,1961,2321.0792,,1.148527
IBT,1962,2366.1176,147.1328,3.545324
IBT,1963,2423.349,155.8054,4.753554
IBT,1964,2481.0682,169.6374,7.677388
IBT,1965,2539.5643,183.7543,5.950312
IBT,1966,2600.93,191.6819,5.032988
IBT,1967,2662.6746,193.0046,3.177795
IBT,1968,2726.2033,199.044,6.016687
IBT,1969,2791.8832,215.6355,8.060719
IBT,1970,2859.1235,230.8888,7.787566
IBT,1971,2926.952,244.6081,6.151283
IBT,1972,2994.0289,264.9863,5.985122
IBT,1973,3062.2666,316.467,6.655404
IBT,1974,3130.4185,392.6881,5.95794
IBT,1975,3197.4943,463.3413,3.997076
IBT,1976,3264.0757,487.5956,6.178144
IBT,1977,3330.2184,506.5323,4.587555
IBT,1978,3397.5245,552.5604,3.737509
IBT,1979,3466.6493,637.105,4.657683
IBT,1980,3536.955,732.2579,4.87268
IBT,1981,3609.0897,781.8676,1.867243
IBT,1982,3685.044,763.668,2.525025
IBT,1983,3762.1094,712.5319,1.416284
IBT,1984,3839.2966,708.358,4.561904
IBT,1985,3918.0023,718.921,4.430998
IBT,1986,3998.7251,750.9008,3.762019
IBT,1987,4081.5892,802.7623,4.745963
IBT,1988,4165.0125,849.4139,4.121575
IBT,1989,4248.2401,847.9648,3.088288
IBT,1990,4330.6898,880.9667,2.131105
IBT,1991,4411.5877,878.5347,1.236884
IBT,1992,4491.3242,911.1806,1.647153
IBT,1993,4570.777,934.9807,3.479485
IBT,1994,4649.2431,977.5513,3.406418
IBT,1995,4727.5665,1054.023,4.005203
IBT,1996,4806.199,1155.927,5.432051
IBT,1997,4884.7316,1230.339,5.244383
IBT,1998,4963.2541,1194.049,2.770885
IBT,1999,5040.6457,1172.663,3.704022
IBT,2000,5116.7235,1211.335,5.76262
IBT,2001,5192.3488,1219.485,3.673933
IBT,2002,5267.1458,1233.632,4.695698
IBT,2003,5341.84,1335.914,5.902335
IBT,2004,5417.1282,1549.038,7.576756
IBT,2005,5492.481,1800.87,7.142793
IBT,2006,5568.2364,2080.251,8.127064
IBT,2007,5643.5059,2454.967,8.711275
IBT,2008,5720.0659,2885.407,5.869777
IBT,2009,5797.9944,3095.514,3.009884
IBT,2010,5876.6456,3438.847,7.693745
IBT,2011,5956.719,3810.947,6.195317
IBT,2012,6038.9982,4300.313,5.299187
IBT,2013,6120.5351,4634.098,5.239194
IBT,2014,6201.7231,4785.194,4.88826
IBT,2015,6281.1112,4642.278,4.312034
IBT,2016,6360.3403,4543.253,4.446219
IBT,2017,6440.237,4623.245,5.133629
IBT,2018,6518.317,4961.052,4.913963
IBT,2019,6594.5028,5209.12,4.036007
IBT,2020,6666.7797,5020.862,-1.219681
IBT,2021,6732.9729,5524.944,7.384405
IBT,2022,6795.0504,5933.397,3.78278
IBT,2023,6858.8642,6225.098,4.685911
IBT,2024,6926.4563,6285.333,4.306754
IDA,1960,395.48739,,
IDA,1961,405.46611,,1.203494
IDA,1962,415.84286,,5.919922
IDA,1963,426.59565,,4.851931
IDA,1964,437.75861,,4.898628
IDA,1965,449.35478,,4.511311
IDA,1966,461.3215,,1.76955
IDA,1967,473.72445,,-2.191327
IDA,1968,486.59316,,4.035813
IDA,1969,499.78453,,8.936132
IDA,1970,513.06732,,8.197219
IDA,1971,525.94381,,6.333816
IDA,1972,539.26468,,1.832637
IDA,1973,553.8961,,4.153526
IDA,1974,569.07454,,7.313317
IDA,1975,584.30023,,-.4024791
IDA,1976,599.68858,,5.48278
IDA,1977,615.37262,,4.022437
IDA,1978,631.95871,,1.237124
IDA,1979,649.65417,,3.452782
IDA,1980,667.67717,,3.470819
IDA,1981,685.83414,,-.4683421
IDA,1982,705.01014,,-.1199287
IDA,1983,724.85644,,-.8515193
IDA,1984,744.81903,,1.649469
IDA,1985,765.42062,,4.148436
IDA,1986,786.54718,,3.001646
IDA,1987,808.20046,,3.66911
IDA,1988,830.13682,,4.715036
IDA,1989,852.47478,,2.261608
IDA,1990,875.1559,462.4705,3.812247
IDA,1991,898.19705,471.5429,1.92427
IDA,1992,922.4342,455.7614,2.107806
IDA,1993,947.85265,448.2705,.922244
IDA,1994,973.3702,428.3959,.9661589
IDA,1995,999.27629,435.7317,3.555422
IDA,1996,1025.7526,438.589,4.828564
IDA,1997,1052.3401,447.3169,3.756971
IDA,1998,1079.1752,440.6685,3.445251
IDA,1999,1106.1239,441.1863,2.903435
IDA,2000,1133.3953,456.8567,3.930607
IDA,2001,1161.2682,465.8356,4.035966
IDA,2002,1189.9168,479.7787,5.470861
IDA,2003,1219.0641,513.621,4.949588
IDA,2004,1248.4515,585.8998,6.730574
IDA,2005,1278.3989,661.2963,6.222158
IDA,2006,1309.4093,722.5418,6.074992
IDA,2007,1341.4384,802.6192,5.919234
IDA,2008,1373.8319,915.9578,5.040353
IDA,2009,1406.6049,980.1469,5.060639
IDA,2010,1439.9306,1043.171,6.192113
IDA,2011,1473.5664,1102.087,4.220523
IDA,2012,1506.858,1192.382,3.422937
IDA,2013,1538.4983,1275.163,5.250791
IDA,2014,1570.9999,1356.219,5.420404
IDA,2015,1604.1883,1352.094,3.44002
IDA,2016,1638.5867,1322.807,3.257274
IDA,2017,1674.2384,1311.393,3.975799
IDA,2018,1711.0765,1385.277,4.355948
IDA,2019,1749.1414,1430.349,4.000134
IDA,2020,1788.1736,1390.881,-.858539
IDA,2021,1827.4385,1459.852,4.451726
IDA,2022,1866.5281,1539.101,4.376904
IDA,2023,1906.3093,1526.827,3.000777
IDA,2024,1946.7363,1476.159,4.216712
IDB,1960,124.47547,,
IDB,1961,127.68878,,1.817378
IDB,1962,131.04932,,4.191725
IDB,1963,134.56345,,8.277045
IDB,1964,138.20841,,5.904543
IDB,1965,141.99223,,5.261845
IDB,1966,145.90446,,.647396
IDB,1967,149.92385,,-6.798125
IDB,1968,154.08004,,3.139218
IDB,1969,158.39397,,15.13093
IDB,1970,162.85252,,17.21081
IDB,1971,167.35611,,10.45569
IDB,1972,172.01139,,4.040588
IDB,1973,176.95495,,5.658099
IDB,1974,182.1386,,8.189629
IDB,1975,187.58606,,-1.284354
IDB,1976,193.25268,,6.824286
IDB,1977,199.16573,,5.42375
IDB,1978,205.31813,,.4561512
IDB,1979,211.88786,,5.5626
IDB,1980,219.55213,,4.104974
IDB,1981,227.62522,,-3.447055
IDB,1982,235.28286,,-.958618
IDB,1983,242.58963,,-2.961682
IDB,1984,249.86827,,1.347671
IDB,1985,257.66191,,5.984563
IDB,1986,265.80135,,2.964948
IDB,1987,274.16164,,3.519346
IDB,1988,282.70801,,6.099308
IDB,1989,291.38156,,3.14693
IDB,1990,300.36637,,5.974848
IDB,1991,309.49152,,1.926194
IDB,1992,318.33781,,2.891679
IDB,1993,327.14031,,-.2149563
IDB,1994,336.09642,,.9284158
IDB,1995,345.32721,,2.299682
IDB,1996,354.86182,,4.772223
IDB,1997,364.48985,,2.463015
IDB,1998,374.26295,,2.792866
IDB,1999,384.01832,,2.029781
IDB,2000,394.12996,,3.523842
IDB,2001,404.66238,,3.969179
IDB,2002,414.93507,,6.397738
IDB,2003,425.3113,,4.523609
IDB,2004,436.14745,,7.381178
IDB,2005,447.13295,,5.967623
IDB,2006,458.39445,,5.722501
IDB,2007,470.47653,,5.42251
IDB,2008,482.97588,1313.02,4.174232
IDB,2009,495.61057,1369.653,5.882656
IDB,2010,508.42251,1430.302,5.942655
IDB,2011,520.98444,1490.663,4.19779
IDB,2012,532.98017,1667.139,4.505151
IDB,2013,544.44265,1821.557,5.672456
IDB,2014,555.86855,1986.894,5.74376
IDB,2015,567.23406,1966.457,3.836712
IDB,2016,578.46367,1869.804,2.274977
IDB,2017,590.02407,1776.498,2.771253
IDB,2018,601.95191,1824.149,3.865219
IDB,2019,614.01732,1855.557,3.020934
IDB,2020,626.44031,1779.842,-1.418325
IDB,2021,639.19632,1856.672,5.264579
IDB,2022,651.89592,1938.951,4.36541
IDB,2023,664.39589,1858.854,2.736967
IDB,2024,676.95765,1654.008,3.87082
IDN,1960,88.29607,,
IDN,1961,90.791249,,5.740646
IDN,1962,93.37585,,1.841978
IDN,1963,96.051424,,-2.23703
IDN,1964,98.833749,,3.529698
IDN,1965,101.36513,,1.081589
IDN,1966,103.79275,,2.791347
IDN,1967,106.52639,,1.380403
IDN,1968,109.45001,,10.91518
IDN,1969,112.51764,70,6.822298
IDN,1970,115.65749,80,7.554635
IDN,1971,118.8337,80,7.023997
IDN,1972,122.03984,90,7.037643
IDN,1973,125.28852,110,8.103975
IDN,1974,128.55505,160,7.634673
IDN,1975,131.84385,210,4.977301
IDN,1976,135.17365,260,6.886565
IDN,1977,138.53354,300,8.761326
IDN,1978,141.95316,350,6.76707
IDN,1979,145.43483,390,7.324309
IDN,1980,148.95054,470,9.880077
IDN,1981,152.48504,530,7.927157
IDN,1982,156.05215,560,2.246445
IDN,1983,159.65138,520,4.192967
IDN,1984,163.25112,520,6.975528
IDN,1985,166.77618,500,2.462144
IDN,1986,170.17506,510,5.875045
IDN,1987,173.51115,500,4.925927
IDN,1988,176.85506,510,5.780499
IDN,1989,180.20163,520,7.456587
IDN,1990,183.5011,560,7.242132
IDN,1991,186.77824,600,6.911983
IDN,1992,190.04374,650,6.497507
IDN,1993,193.30517,730,6.496408
IDN,1994,196.59183,840,7.539971
IDN,1995,199.88806,970,8.220007
IDN,1996,203.20435,1070,7.818187
IDN,1997,206.53609,1080,4.699879
IDN,1998,209.82679,640,-13.12673
IDN,1999,213.00467,560,.7911261
IDN,2000,216.07779,570,4.920068
IDN,2001,219.0979,700,3.643466
IDN,2002,222.08849,780,4.499475
IDN,2003,225.04801,880,4.780369
IDN,2004,227.92665,1060,5.030874
IDN,2005,230.87165,1200,5.692571
IDN,2006,233.95165,1350,5.500952
IDN,2007,237.06234,1570,6.345022
IDN,2008,240.1579,1900,6.013704
IDN,2009,243.22003,2110,4.628871
IDN,2010,246.30532,2490,6.223854
IDN,2011,249.47003,2960,6.169784
IDN,2012,252.69852,3520,6.030051
IDN,2013,255.85247,3670,5.557264
IDN,2014,258.8774,3570,5.006669
IDN,2015,261.79925,3390,4.876322
IDN,2016,264.62742,3370,5.033069
IDN,2017,267.34666,3490,5.069786
IDN,2018,269.95185,3810,5.174292
IDN,2019,272.48938,4020,5.019288
IDN,2020,274.81487,3850,-2.065512
IDN,2021,276.75805,4130,3.702886
IDN,2022,278.83053,4520,5.307197
IDN,2023,281.19007,4810,5.049023
IDN,2024,283.48793,4910,5.030344
IDX,1960,271.01192,,
IDX,1961,277.77733,,
IDX,1962,284.79354,,7.397223
IDX,1963,292.03219,,2.011457
IDX,1964,299.5502,,4.013176
IDX,1965,307.36255,,3.838644
IDX,1966,315.41704,,2.789066
IDX,1967,323.8006,,1.900472
IDX,1968,332.51312,,4.754555
IDX,1969,341.39056,,4.046741
IDX,1970,350.2148,,.3251496
IDX,1971,358.5877,,2.192278
IDX,1972,367.25329,,-.5652326
IDX,1973,376.94115,191.6658,2.443849
IDX,1974,386.93594,235.1838,6.286303
IDX,1975,396.71418,273.3663,.6495637
IDX,1976,406.4359,277.5776,3.950988
IDX,1977,416.20689,276.7768,2.378127
IDX,1978,426.64058,295.8181,2.184288
IDX,1979,437.76631,335.8547,.9372705
IDX,1980,448.12504,386.339,2.681218
IDX,1981,458.20892,400.8984,3.236682
IDX,1982,469.72728,382.2833,.8547381
IDX,1983,482.26681,356.0689,1.51017
IDX,1984,494.95077,345.7612,1.97236
IDX,1985,507.75871,352.7628,2.211308
IDX,1986,520.74583,339.9788,3.040858
IDX,1987,534.03882,353.1206,3.82676
IDX,1988,547.42881,365.9402,3.135005
IDX,1989,561.09321,354.2466,1.222043
IDX,1990,574.78953,358.5866,1.224578
IDX,1991,588.70553,371.2528,1.922025
IDX,1992,604.09638,348.7751,1.192404
IDX,1993,620.71234,341.3042,2.268218
IDX,1994,637.27378,322.5247,1.009747
IDX,1995,653.94907,326.0922,5.004443
IDX,1996,670.89075,326.6261,4.891902
IDX,1997,687.85023,333.7293,5.209969
IDX,1998,704.91223,330.9971,4.158696
IDX,1999,722.10561,333.2589,3.846329
IDX,2000,739.2653,343.6483,4.36193
IDX,2001,756.60578,347.1075,4.105329
IDX,2002,774.98171,353.7613,4.509491
IDX,2003,793.75283,381.2143,5.399403
IDX,2004,812.304,432.1191,6.049275
IDX,2005,831.26594,485.8488,6.492049
IDX,2006,851.01485,534.8275,6.446908
IDX,2007,870.96185,603.0665,6.439767
IDX,2008,890.85601,700.1707,5.939313
IDX,2009,910.99431,768.0203,4.248019
IDX,2010,931.50813,831.8888,6.442586
IDX,2011,952.58192,889.7041,4.243241
IDX,2012,973.87778,932.6396,2.341893
IDX,2013,994.05569,975.942,4.820679
IDX,2014,1015.1313,1010.853,5.088605
IDX,2015,1036.9542,1016.026,3.030432
IDX,2016,1060.123,1024.335,4.279441
IDX,2017,1084.2143,1058.285,5.205141
IDX,2018,1109.1246,1147.09,4.845193
IDX,2019,1135.1241,1200.344,4.967247
IDX,2020,1161.7333,1181.142,-.3159139
IDX,2021,1188.2422,1246.389,3.672507
IDX,2022,1214.6322,1324.501,4.388093
IDX,2023,1241.9134,1349.199,3.257499
IDX,2024,1269.7786,1381.343,4.551613
IMN,1960,.048868,,
IMN,1961,.048451,,
IMN,1962,.048688,,
IMN,1963,.049151,,
IMN,1964,.049625,,
IMN,1965,.05009,,
IMN,1966,.050749,,
IMN,1967,.051741,,
IMN,1968,.052891,,
IMN,1969,.054074,,
IMN,1970,.0553,,
IMN,1971,.056427,,
IMN,1972,.057367,,
IMN,1973,.058256,,
IMN,1974,.059139,,
IMN,1975,.059959,,
IMN,1976,.06075,,
IMN,1977,.061566,,
IMN,1978,.062398,,
IMN,1979,.063239,,
IMN,1980,.064076,,
IMN,1981,.064596,,
IMN,1982,.064686,,
IMN,1983,.06463,,
IMN,1984,.064528,,
IMN,1985,.064401,,.4189231
IMN,1986,.064695,6120,19.10554
IMN,1987,.065597,7930,9.896347
IMN,1988,.06668,10360,11.82936
IMN,1989,.06779,11430,6.845213
IMN,1990,.068916,12410,4.186977
IMN,1991,.069808,13120,1.604993
IMN,1992,.070353,14420,.8000025
IMN,1993,.070772,13920,2.599996
IMN,1994,.071168,13740,4.000001
IMN,1995,.071513,14170,4.299998
IMN,1996,.072047,15490,7.700006
IMN,1997,.072909,17210,8.599995
IMN,1998,.073861,18970,13.50001
IMN,1999,.07479,21680,13.7
IMN,2000,.075659,22470,5.300002
IMN,2001,.076476,23100,5.399999
IMN,2002,.077275,24130,6.199998
IMN,2003,.078049,27590,6
IMN,2004,.078792,33670,5.200003
IMN,2005,.079516,39430,5.899999
IMN,2006,.080294,44860,7.699999
IMN,2007,.081147,47950,7.5
IMN,2008,.082029,43640,4.900001
IMN,2009,.082939,46790,2.1
IMN,2010,.083873,72410,3.399998
IMN,2011,.084382,74840,1.999999
IMN,2012,.084335,82400,7.303891
IMN,2013,.084141,87680,4.141861
IMN,2014,.083892,88570,5.1551
IMN,2015,.083593,83630,-.3858669
IMN,2016,.083466,78690,6.952303
IMN,2017,.083609,77890,2.837758
IMN,2018,.083805,83430,2.213398
IMN,2019,.083957,84470,.2548778
IMN,2020,.084064,79280,-8.836817
IMN,2021,.084106,76440,3.837836
IMN,2022,.084132,78440,-4.165393
IMN,2023,.084165,,
IMN,2024,.08416,,
IND,1960,435.99034,,
IND,1961,446.56473,,3.722743
IND,1962,457.28309,90,2.931128
IND,1963,468.13858,100,5.994353
IND,1964,479.2296,110,7.45295
IND,1965,490.14015,110,-2.63577
IND,1966,500.74025,110,-.0553288
IND,1967,511.60637,110,7.825963
IND,1968,522.71689,100,3.387929
IND,1969,533.88054,110,6.539701
IND,1970,545.86427,120,5.15723
IND,1971,558.09639,120,1.64293
IND,1972,570.48214,130,-.5533013
IND,1973,583.4656,150,3.295521
IND,1974,597.04139,170,1.185336
IND,1975,611.30953,190,9.149912
IND,1976,625.86188,180,1.663104
IND,1977,640.8011,190,7.254765
IND,1978,655.72823,210,5.712532
IND,1979,671.15575,230,-5.238183
IND,1980,687.35402,270,6.735822
IND,1981,703.69625,300,6.006204
IND,1982,720.31347,290,3.475733
IND,1983,737.37268,290,7.288893
IND,1984,754.87545,290,3.820738
IND,1985,772.64779,300,5.254299
IND,1986,790.68998,320,4.776564
IND,1987,808.93127,360,3.965356
IND,1988,827.34299,400,9.627783
IND,1989,846.03953,390,5.947343
IND,1990,864.97222,390,5.533454
IND,1991,883.9276,350,1.056831
IND,1992,902.95707,350,5.482396
IND,1993,922.11839,330,4.750776
IND,1994,941.16377,340,6.658924
IND,1995,960.30104,370,7.574492
IND,1996,979.67846,400,7.549522
IND,1997,999.13376,410,4.049821
IND,1998,1018.6651,410,6.184416
IND,1999,1038.2258,440,8.845756
IND,2000,1057.9227,440,3.840991
IND,2001,1077.8986,450,4.823967
IND,2002,1097.6004,460,3.803975
IND,2003,1116.803,510,7.860382
IND,2004,1135.9915,610,7.922936
IND,2005,1154.6763,700,7.92343
IND,2006,1172.8789,780,8.060733
IND,2007,1190.676,910,7.660815
IND,2008,1207.931,990,3.086698
IND,2009,1225.5248,1110,7.861889
IND,2010,1243.4816,1210,8.497584
IND,2011,1261.225,1350,5.241316
IND,2012,1278.6745,1460,5.456388
IND,2013,1295.8295,1500,6.386106
IND,2014,1312.2772,1540,7.410228
IND,2015,1328.0245,1580,7.996254
IND,2016,1343.9443,1670,8.256306
IND,2017,1359.6574,1790,6.795383
IND,2018,1374.6591,1970,6.453851
IND,2019,1389.0303,2070,3.871437
IND,2020,1402.6177,1900,-5.777725
IND,2021,1414.2039,2170,9.689592
IND,2022,1425.4232,2390,7.609365
IND,2023,1438.0696,2580,9.190755
IND,2024,1450.9358,2650,6.484224
IRL,1960,2.8286,,
IRL,1961,2.8244,,5.016169
IRL,1962,2.83605,860,3.216444
IRL,1963,2.85265,930,4.744634
IRL,1964,2.86655,1010,3.785962
IRL,1965,2.8773,1090,1.93345
IRL,1966,2.8888,1170,.8930925
IRL,1967,2.90245,1280,5.785704
IRL,1968,2.91555,1380,8.243929
IRL,1969,2.93265,1450,5.863855
IRL,1970,2.95725,1520,2.660529
IRL,1971,2.99205,1720,3.469887
IRL,1972,3.03685,2070,6.489808
IRL,1973,3.08595,2540,4.72143
IRL,1974,3.1375,2990,4.260228
IRL,1975,3.18955,3390,5.656645
IRL,1976,3.23805,3280,1.394808
IRL,1977,3.2822,3580,8.211301
IRL,1978,3.3291,4120,7.186729
IRL,1979,3.37375,5120,3.073035
IRL,1980,3.4128,6380,3.07933
IRL,1981,3.453,6780,3.325215
IRL,1982,3.4858,6390,2.28347
IRL,1983,3.5106,5720,-.2443015
IRL,1984,3.532423,5610,4.354372
IRL,1985,3.538082,5630,3.085616
IRL,1986,3.53969,6370,-.4283304
IRL,1987,3.540057,8220,4.66309
IRL,1988,3.524949,10420,5.217415
IRL,1989,3.511009,11100,5.81392
IRL,1990,3.513974,12560,8.466527
IRL,1991,3.534235,13130,1.929639
IRL,1992,3.55843,14440,3.343275
IRL,1993,3.576261,14600,2.692609
IRL,1994,3.590386,15480,5.755826
IRL,1995,3.608841,16920,9.634423
IRL,1996,3.63751,18880,7.379623
IRL,1997,3.674171,20650,11.02176
IRL,1998,3.712696,21430,8.766127
IRL,1999,3.754786,22690,10.52988
IRL,2000,3.805174,24130,9.403524
IRL,2001,3.866243,24080,5.305822
IRL,2002,3.931947,24920,5.899366
IRL,2003,3.996521,29980,3.013838
IRL,2004,4.070262,37840,6.788139
IRL,2005,4.159914,44640,5.739783
IRL,2006,4.273591,47950,4.987855
IRL,2007,4.398942,50540,5.310117
IRL,2008,4.489544,50940,-4.484069
IRL,2009,4.535375,46810,-5.095782
IRL,2010,4.560155,45000,1.682972
IRL,2011,4.580084,42730,1.648774
IRL,2012,4.599533,41150,-.3989605
IRL,2013,4.623816,44250,2.192176
IRL,2014,4.65774,47640,9.336034
IRL,2015,4.701957,52400,24.61557
IRL,2016,4.762722,52940,1.222638
IRL,2017,4.827445,54450,10.04963
IRL,2018,4.898022,59120,7.544342
IRL,2019,4.976456,62520,5.04055
IRL,2020,5.039747,64550,7.157899
IRL,2021,5.110585,74270,16.25561
IRL,2022,5.212836,76660,8.619503
IRL,2023,5.3076,78980,-5.530007
IRL,2024,5.380257,77920,1.221334
IRN,1960,21.470434,,
IRN,1961,22.125726,,10.39092
IRN,1962,22.807907,210,7.909268
IRN,1963,23.519005,210,7.042075
IRN,1964,24.262859,220,8.475228
IRN,1965,25.036978,250,17.03571
IRN,1966,25.82927,270,11.50241
IRN,1967,26.628432,280,11.2528
IRN,1968,27.437391,320,14.40418
IRN,1969,28.273482,350,15.51666
IRN,1970,29.1451,380,10.9276
IRN,1971,30.029071,430,13.70158
IRN,1972,30.921179,530,14.49902
IRN,1973,31.839838,700,7.441681
IRN,1974,32.796463,1040,5.801051
IRN,1975,33.802973,1430,-.3262163
IRN,1976,34.837271,1940,18.26044
IRN,1977,35.933181,2010,-2.773578
IRN,1978,37.126535,1960,-12.84086
IRN,1979,38.424952,2160,-12.02076
IRN,1980,39.842324,2080,-21.59965
IRN,1981,41.989312,2270,-5.696787
IRN,1982,44.272141,2840,23.17125
IRN,1983,46.029535,3100,11.08672
IRN,1984,47.793998,2980,-7.139851
IRN,1985,49.582289,3280,1.86765
IRN,1986,51.446045,3450,-9.784905
IRN,1987,53.323493,3320,-.1721077
IRN,1988,55.072694,2850,-6.081996
IRN,1989,56.704914,2440,6.132116
IRN,1990,58.380092,2450,13.59493
IRN,1991,59.986931,2460,12.71615
IRN,1992,61.184983,2270,3.297982
IRN,1993,61.403543,1590,-1.471012
IRN,1994,61.520598,1300,-1.698286
IRN,1995,62.205567,1270,2.401045
IRN,1996,62.8813,1600,6.350526
IRN,1997,63.639638,1790,1.350399
IRN,1998,64.519859,1770,2.080012
IRN,1999,65.445391,1730,2.002696
IRN,2000,66.418659,1750,5.845528
IRN,2001,67.452005,1780,2.392173
IRN,2002,68.011317,1880,8.078829
IRN,2003,68.76934,2180,8.639298
IRN,2004,70.256316,2450,4.336666
IRN,2005,71.828455,2850,3.189804
IRN,2006,73.392747,3330,4.999795
IRN,2007,74.602648,4070,8.155773
IRN,2008,75.514204,4720,.2508565
IRN,2009,76.457825,5260,1.007385
IRN,2010,77.420842,5910,5.797938
IRN,2011,78.383598,6680,2.645718
IRN,2012,79.37058,7310,-3.747171
IRN,2013,80.414686,7220,-1.521979
IRN,2014,81.502045,6660,4.984775
IRN,2015,82.619362,5460,-1.424885
IRN,2016,83.812228,5460,8.815086
IRN,2017,85.026754,5470,2.758505
IRN,2018,86.117998,5250,-1.838008
IRN,2019,87.051648,4530,-3.070588
IRN,2020,87.723443,3740,3.330288
IRN,2021,88.455488,3880,4.719778
IRN,2022,89.524246,4110,3.776631
IRN,2023,90.608707,4640,5.04489
IRN,2024,91.567738,4660,3.04
IRQ,1960,7.022052,,
IRQ,1961,7.194553,,7.325768
IRQ,1962,7.413875,300,4.603346
IRQ,1963,7.667928,300,2.447702
IRQ,1964,7.929566,340,14.82651
IRQ,1965,8.20214,370,10.76388
IRQ,1966,8.485104,380,4.962877
IRQ,1967,8.778869,350,-8.856815
IRQ,1968,9.085016,420,19.5121
IRQ,1969,9.403356,430,3.244186
IRQ,1970,9.735611,440,4.544357
IRQ,1971,10.077809,460,5.374553
IRQ,1972,10.430164,610,3.735304
IRQ,1973,10.795869,690,4.418756
IRQ,1974,11.167761,950,16.11337
IRQ,1975,11.543639,1480,12.49066
IRQ,1976,11.927651,1910,17.1751
IRQ,1977,12.331046,2130,1.899959
IRQ,1978,12.753355,2610,17.05696
IRQ,1979,13.170365,3250,20.86926
IRQ,1980,13.591992,3930,24.75373
IRQ,1981,14.006381,3430,-.7287275
IRQ,1982,14.406083,3020,3.433978
IRQ,1983,14.840555,2340,-13.07331
IRQ,1984,15.310733,2520,-1.485242
IRQ,1985,15.68343,2740,1.453896
IRQ,1986,16.074145,3030,4.647591
IRQ,1987,16.521049,3480,9.305282
IRQ,1988,16.908819,3660,-.0190369
IRQ,1989,17.364542,3650,-3.118535
IRQ,1990,17.581206,7000,57.81783
IRQ,1991,17.767253,70,-64.0471
IRQ,1992,18.300845,50,32.59221
IRQ,1993,19.201195,40,30.28983
IRQ,1994,20.139807,60,3.854532
IRQ,1995,20.82586,120,2.120022
IRQ,1996,21.501321,380,11.02079
IRQ,1997,22.176593,730,21.23794
IRQ,1998,22.884399,890,35.00097
IRQ,1999,23.636527,1240,17.58017
IRQ,2000,24.424056,1530,16.79613
IRQ,2001,25.19784,1660,1.766609
IRQ,2002,26.006559,1330,-8.203705
IRQ,2003,26.802659,790,-36.65678
IRQ,2004,27.577878,1310,53.38555
IRQ,2005,28.407448,1510,1.675229
IRQ,2006,28.616515,1880,5.638299
IRQ,2007,28.391607,2480,1.888539
IRQ,2008,28.971036,3470,8.228107
IRQ,2009,30.058206,4010,3.379299
IRQ,2010,31.045366,4390,6.402565
IRQ,2011,32.161424,4740,7.546471
IRQ,2012,33.654842,5980,13.93643
IRQ,2013,35.281989,6620,7.628286
IRQ,2014,36.550059,6440,2.263688
IRQ,2015,37.560535,5460,2.606766
IRQ,2016,38.469627,5060,13.78737
IRQ,2017,39.337353,4430,-1.81975
IRQ,2018,40.265624,4820,2.633851
IRQ,2019,41.192171,5520,5.513791
IRQ,2020,42.116605,4720,-12.03679
IRQ,2021,43.071211,4740,1.502181
IRQ,2022,44.070551,5510,7.959048
IRQ,2023,45.074049,5920,.5177055
IRQ,2024,46.042015,6030,-1.545252
ISL,1960,.175574,,
ISL,1961,.179029,,-.074184
ISL,1962,.182378,1550,8.314774
ISL,1963,.185653,1760,10.28101
ISL,1964,.188983,2070,9.881914
ISL,1965,.192286,2470,7.29638
ISL,1966,.19557,3010,8.750659
ISL,1967,.198751,3150,-1.260301
ISL,1968,.201488,2820,-5.498282
ISL,1969,.203369,2510,2.38961
ISL,1970,.204438,2550,7.458143
ISL,1971,.206098,2990,13.06084
ISL,1972,.209137,3680,6.177334
ISL,1973,.212317,4880,6.80601
ISL,1974,.215209,6580,5.706292
ISL,1975,.217979,7370,.6461551
ISL,1976,.220154,7840,5.959367
ISL,1977,.221799,8870,8.822277
ISL,1978,.223537,10690,6.016715
ISL,1979,.225735,12970,4.860582
ISL,1980,.228138,15190,5.747921
ISL,1981,.230755,15990,4.265007
ISL,1982,.23386,14860,2.154566
ISL,1983,.236977,12380,-2.151162
ISL,1984,.239511,11710,4.129118
ISL,1985,.241405,11740,3.292841
ISL,1986,.24318,14020,6.270542
ISL,1987,.245859,18800,8.545939
ISL,1988,.24974,23100,-.089726
ISL,1989,.252852,23820,.2584399
ISL,1990,.254826,24410,1.16937
ISL,1991,.257797,24860,-.2235255
ISL,1992,.261057,26080,-3.373894
ISL,1993,.263725,25680,1.31345
ISL,1994,.266021,25250,3.608858
ISL,1995,.267468,25080,.1165837
ISL,1996,.268916,26790,4.567123
ISL,1997,.271128,28130,5.771613
ISL,1998,.274047,29070,7.363393
ISL,1999,.277381,30270,4.03493
ISL,2000,.281205,31730,4.985043
ISL,2001,.284968,30770,4.013497
ISL,2002,.287523,30750,.5595191
ISL,2003,.289521,33410,2.142688
ISL,2004,.292074,41650,7.8024
ISL,2005,.296734,51040,6.124439
ISL,2006,.303782,54890,6.316993
ISL,2007,.311566,63100,8.45486
ISL,2008,.317414,52430,2.209496
ISL,2009,.318499,43610,-7.663809
ISL,2010,.318041,38020,-2.832775
ISL,2011,.319014,39370,1.845779
ISL,2012,.320716,42510,1.063637
ISL,2013,.323764,49180,4.55246
ISL,2014,.327386,50210,1.687215
ISL,2015,.330815,52790,4.436664
ISL,2016,.335439,58720,6.303687
ISL,2017,.3434,62450,4.194949
ISL,2018,.352721,72600,4.889173
ISL,2019,.360563,75160,1.861178
ISL,2020,.366463,65870,-6.940453
ISL,2021,.37252,66940,5.033406
ISL,2022,.382003,73620,8.978971
ISL,2023,.393349,80760,5.646462
ISL,2024,.40461,78480,.5168631
ISR,1960,2.11402,,
ISR,1961,2.185,,11.20389
ISR,1962,2.293,1540,10.15612
ISR,1963,2.379,1550,10.69572
ISR,1964,2.475,1520,7.937186
ISR,1965,2.563,1680,8.997948
ISR,1966,2.629,1710,-.079647
ISR,1967,2.745,1720,2.995026
ISR,1968,2.803,2010,16.24195
ISR,1969,2.877,2220,13.5657
ISR,1970,2.974,2400,7.307335
ISR,1971,3.069,2560,10.95107
ISR,1972,3.148,2930,12.14655
ISR,1973,3.278,3360,5.587464
ISR,1974,3.377,4520,6.476161
ISR,1975,3.455,5160,3.242819
ISR,1976,3.533,5040,.3225034
ISR,1977,3.613,4890,1.035299
ISR,1978,3.69,5110,5.555087
ISR,1979,3.786,5960,6.207816
ISR,1980,3.878,6450,1.670442
ISR,1981,3.956,7140,5.339927
ISR,1982,4.031,7010,2.0825
ISR,1983,4.105,7010,3.359101
ISR,1984,4.159,6930,.9332139
ISR,1985,4.233,6910,4.036941
ISR,1986,4.299,7530,4.190145
ISR,1987,4.369,9010,7.139711
ISR,1988,4.442,11060,2.910016
ISR,1989,4.518,11610,.5747468
ISR,1990,4.66,12880,7.315199
ISR,1991,4.949,13680,7.726115
ISR,1992,5.123,15290,7.759266
ISR,1993,5.261,15690,4.116756
ISR,1994,5.399,16640,7.427845
ISR,1995,5.545,18080,6.602925
ISR,1996,5.692,19590,5.839438
ISR,1997,5.836,20090,3.612346
ISR,1998,5.971,19860,4.111964
ISR,1999,6.125,19530,3.29728
ISR,2000,6.289,20380,8.582089
ISR,2001,6.439,20390,.2779273
ISR,2002,6.57,19590,-.1340726
ISR,2003,6.6897,19680,1.449058
ISR,2004,6.809,20990,4.647897
ISR,2005,6.9301,22530,4.387789
ISR,2006,7.0537,23380,5.601627
ISR,2007,7.1801,25120,6.323349
ISR,2008,7.3088,27350,3.222096
ISR,2009,7.4856,28490,1.237732
ISR,2010,7.6236,30820,5.53434
ISR,2011,7.7658,32870,5.518796
ISR,2012,7.9105,33560,2.447168
ISR,2013,8.0595,35530,4.085709
ISR,2014,8.2157,37080,3.775828
ISR,2015,8.3801,36980,2.237603
ISR,2016,8.546,37310,4.459783
ISR,2017,8.7133,38700,4.346931
ISR,2018,8.8828,42060,4.003899
ISR,2019,9.054,44280,3.710496
ISR,2020,9.2151,43370,-2.021616
ISR,2021,9.3714,49680,9.388374
ISR,2022,9.5575,55450,6.263263
ISR,2023,9.849,54280,1.82652
ISR,2024,9.9744,52940,.8719684
ITA,1960,50.1997,,
ITA,1961,50.53635,,8.207246
ITA,1962,50.87945,1000,6.20365
ITA,1963,51.252,1110,5.609728
ITA,1964,51.67535,1210,2.797702
ITA,1965,52.11235,1330,3.268024
ITA,1966,52.519,1470,5.984794
ITA,1967,52.9005,1610,7.178612
ITA,1968,53.23575,1770,6.544555
ITA,1969,53.53795,1930,6.09806
ITA,1970,53.82185,2120,5.310503
ITA,1971,54.07349,2290,1.818108
ITA,1972,54.381345,2620,3.690486
ITA,1973,54.751406,3260,7.125862
ITA,1974,55.110868,3940,5.500141
ITA,1975,55.441001,4330,-2.090163
ITA,1976,55.71826,4520,7.125385
ITA,1977,55.955411,4740,2.560501
ITA,1978,56.155143,5280,3.24014
ITA,1979,56.317749,6760,5.959159
ITA,1980,56.433883,8450,3.430016
ITA,1981,56.501675,8730,.8442276
ITA,1982,56.543548,8240,.4135857
ITA,1983,56.564074,7650,1.169203
ITA,1984,56.576718,7780,3.225852
ITA,1985,56.593071,8050,2.798086
ITA,1986,56.596155,9400,2.859972
ITA,1987,56.601931,12190,3.191961
ITA,1988,56.629288,15990,4.194377
ITA,1989,56.671781,17340,3.388383
ITA,1990,56.71924,18710,1.985775
ITA,1991,56.758521,20410,1.538448
ITA,1992,56.797087,23010,.8342754
ITA,1993,56.831821,21640,-.8528057
ITA,1994,56.8434,20910,2.151024
ITA,1995,56.844303,20720,2.886837
ITA,1996,56.860281,21880,1.345585
ITA,1997,56.890372,22370,1.925721
ITA,1998,56.906744,22270,1.804373
ITA,1999,56.916317,22050,1.677992
ITA,2000,56.942108,21980,3.882099
ITA,2001,56.976981,21260,2.006433
ITA,2002,57.089824,20830,.2699297
ITA,2003,57.399184,23440,.0665538
ITA,2004,57.828179,28390,1.474022
ITA,2005,58.166682,32480,.7624107
ITA,2006,58.399861,34260,1.79948
ITA,2007,58.756247,35880,1.462292
ITA,2008,59.211181,37870,-1.023139
ITA,2009,59.555454,37830,-5.305154
ITA,2010,59.819407,37720,1.529106
ITA,2011,60.026841,37710,.6954632
ITA,2012,60.191247,35970,-3.125239
ITA,2013,60.311613,35700,-1.818025
ITA,2014,60.320707,35370,-.0013876
ITA,2015,60.229605,33460,.8856676
ITA,2016,60.115223,32400,1.236221
ITA,2017,60.002252,31790,1.6037
ITA,2018,60.148658,34120,.8266467
ITA,2019,59.729081,35030,.4291625
ITA,2020,59.438851,32600,-8.868221
ITA,2021,59.133173,36760,8.931062
ITA,2022,59.013667,39060,4.821177
ITA,2023,58.993475,38610,.7153725
ITA,2024,58.986023,38290,.7257924
JAM,1960,1.650005,,
JAM,1961,1.673261,,
JAM,1962,1.696932,,
JAM,1963,1.721099,,
JAM,1964,1.745568,,
JAM,1965,1.769192,,
JAM,1966,1.791475,,
JAM,1967,1.812865,,1.808639
JAM,1968,1.833765,620,5.744132
JAM,1969,1.855127,640,5.574674
JAM,1970,1.878196,720,12.06441
JAM,1971,1.903728,760,2.458073
JAM,1972,1.931542,980,18.00855
JAM,1973,1.961219,1020,-5.485509
JAM,1974,1.990906,1190,-4.229261
JAM,1975,2.018981,1380,-.2560923
JAM,1976,2.045578,1380,-6.694245
JAM,1977,2.070657,1460,-2.597549
JAM,1978,2.094836,1420,-.0537003
JAM,1979,2.119486,1330,-1.060041
JAM,1980,2.145658,1230,-5.714159
JAM,1981,2.173818,1310,2.639448
JAM,1982,2.203889,1370,2.069232
JAM,1983,2.234832,1410,1.909078
JAM,1984,2.264562,1150,-1.542346
JAM,1985,2.290656,940,-2.943635
JAM,1986,2.312125,970,1.882588
JAM,1987,2.329813,1190,7.850355
JAM,1988,2.345777,1510,3.974302
JAM,1989,2.361916,1720,7.173305
JAM,1990,2.379877,1800,4.200535
JAM,1991,2.400869,1760,4.838239
JAM,1992,2.424701,1630,1.955542
JAM,1993,2.449916,1860,9.417103
JAM,1994,2.47522,1900,1.38339
JAM,1995,2.500151,2330,2.349957
JAM,1996,2.524463,2560,-.1137312
JAM,1997,2.547848,2800,-1.14046
JAM,1998,2.569736,2940,-2.334553
JAM,1999,2.589795,3170,1.047674
JAM,2000,2.607826,3300,.8787035
JAM,2001,2.624403,3300,1.34493
JAM,2002,2.640572,3320,1.997291
JAM,2003,2.656623,3500,3.666318
JAM,2004,2.672225,3730,1.323725
JAM,2005,2.687066,3870,.8937979
JAM,2006,2.700968,4170,2.899125
JAM,2007,2.7138,4400,1.431954
JAM,2008,2.725635,4660,-.8117367
JAM,2009,2.736995,4420,-4.345302
JAM,2010,2.748568,4490,-1.457147
JAM,2011,2.760494,4700,1.730376
JAM,2012,2.77243,5100,-.613636
JAM,2013,2.783687,5150,.517686
JAM,2014,2.793749,5060,.6898224
JAM,2015,2.802534,4850,.9214872
JAM,2016,2.809915,4750,1.375223
JAM,2017,2.815764,4930,.9971231
JAM,2018,2.820097,5210,1.889924
JAM,2019,2.823271,5480,.8922917
JAM,2020,2.830739,4880,-9.920322
JAM,2021,2.837682,5180,4.601425
JAM,2022,2.839144,5730,5.22152
JAM,2023,2.839786,6220,2.604663
JAM,2024,2.839175,6490,-.7188069
JOR,1960,.853471,,
JOR,1961,.897591,,
JOR,1962,.940554,,
JOR,1963,.984714,,
JOR,1964,1.03564,,
JOR,1965,1.09944,,
JOR,1966,1.17836,,
JOR,1967,1.271183,,
JOR,1968,1.37246,,
JOR,1969,1.4731,,
JOR,1970,1.565163,,
JOR,1971,1.645145,,
JOR,1972,1.714555,,
JOR,1973,1.778094,,
JOR,1974,1.839182,,
JOR,1975,1.899055,,
JOR,1976,1.958177,,
JOR,1977,2.019002,,8.298409
JOR,1978,2.083595,1250,14.67957
JOR,1979,2.153882,1650,20.80291
JOR,1980,2.234186,1930,11.18485
JOR,1981,2.325517,2170,17.17872
JOR,1982,2.426927,2090,7.025943
JOR,1983,2.537307,1840,-2.219738
JOR,1984,2.654688,1810,4.291688
JOR,1985,2.77881,1740,-2.706947
JOR,1986,2.909887,1940,5.504634
JOR,1987,3.047634,2160,2.323274
JOR,1988,3.193039,2200,1.46217
JOR,1989,3.349627,1580,-10.72922
JOR,1990,3.621908,1260,-.2759039
JOR,1991,3.915149,1040,1.608531
JOR,1992,4.127693,1200,14.34978
JOR,1993,4.34802,1230,4.48699
JOR,1994,4.561406,1290,4.971477
JOR,1995,4.752096,1370,6.200874
JOR,1996,4.912516,1380,2.087021
JOR,1997,5.046285,1390,3.308475
JOR,1998,5.164284,1410,3.012173
JOR,1999,5.276444,1460,3.389531
JOR,2000,5.386945,1590,4.245712
JOR,2001,5.498894,1650,5.269958
JOR,2002,5.616066,1680,5.783808
JOR,2003,5.741828,1800,4.161667
JOR,2004,5.882061,2050,8.567214
JOR,2005,6.029587,2240,8.146595
JOR,2006,6.427371,2340,8.092976
JOR,2007,6.827227,2500,8.17617
JOR,2008,6.989866,2910,7.220387
JOR,2009,7.141753,3270,5.02371
JOR,2010,7.297043,3510,2.314834
JOR,2011,7.480424,3710,2.73718
JOR,2012,7.587127,3970,2.429358
JOR,2013,7.991809,4080,2.609947
JOR,2014,8.79171,3980,3.384078
JOR,2015,9.544729,3840,2.496529
JOR,2016,10.006367,3810,1.994181
JOR,2017,10.234226,3920,2.473598
JOR,2018,10.462306,4090,1.919071
JOR,2019,10.671891,4190,1.751241
JOR,2020,10.865228,4070,-1.102752
JOR,2021,11.066356,4240,3.655644
JOR,2022,11.256263,4370,2.647435
JOR,2023,11.439213,4450,2.884084
JOR,2024,11.552876,4430,2.488894
JPN,1960,93.216,,
JPN,1961,94.055,,12.04354
JPN,1962,94.933,650,8.908973
JPN,1963,95.9,740,8.473642
JPN,1964,96.903,860,11.67671
JPN,1965,97.952,960,5.819708
JPN,1966,98.851,1110,10.63856
JPN,1967,99.879,1290,11.08214
JPN,1968,101.011,1530,12.88247
JPN,1969,102.219,1790,12.47789
JPN,1970,103.403,1940,.3990507
JPN,1971,105.697,2190,4.698992
JPN,1972,107.188,2760,8.413548
JPN,1973,108.707,3660,8.0326
JPN,1974,110.162,4490,-1.22524
JPN,1975,111.573,5230,3.091576
JPN,1976,112.775,5480,3.974984
JPN,1977,113.872,6020,4.390338
JPN,1978,114.913,7550,5.271942
JPN,1979,115.89,9570,5.484042
JPN,1980,116.807,11000,2.817591
JPN,1981,117.661,11300,4.260624
JPN,1982,118.48,10690,3.279743
JPN,1983,119.307,10360,3.630198
JPN,1984,120.083,10640,4.41088
JPN,1985,120.837,11690,5.159808
JPN,1986,121.482,14080,3.294048
JPN,1987,122.069,18370,4.648861
JPN,1988,122.578,25200,6.661636
JPN,1989,123.069,27480,4.925786
JPN,1990,123.478,28390,4.840929
JPN,1991,123.964,29070,3.523357
JPN,1992,124.425,31030,.9005861
JPN,1993,124.829,34090,-.4592197
JPN,1994,125.178,37630,1.083383
JPN,1995,125.472,42840,2.631
JPN,1996,125.757,43940,3.133871
JPN,1997,126.057,40760,.9812287
JPN,1998,126.4,35010,-1.270331
JPN,1999,126.631,34320,-.33393
JPN,2000,126.843,36810,2.764647
JPN,2001,127.149,37380,.3861034
JPN,2002,127.445,35360,.0419625
JPN,2003,127.718,35660,1.535125
JPN,2004,127.761,39000,2.186116
JPN,2005,127.773,41280,1.803901
JPN,2006,127.854,40590,1.37235
JPN,2007,128.001,39310,1.483969
JPN,2008,128.063,39380,-1.224289
JPN,2009,128.047,39230,-5.693236
JPN,2010,128.07,43910,4.097918
JPN,2011,127.833,47470,.0238095
JPN,2012,127.629,50060,1.374751
JPN,2013,127.445,48850,2.0051
JPN,2014,127.276,44440,.2962055
JPN,2015,127.141,39380,1.560627
JPN,2016,127.076,38460,.7538267
JPN,2017,126.972,38930,1.675332
JPN,2018,126.811,41800,.643391
JPN,2019,126.633,41970,-.4021692
JPN,2020,126.261,40930,-4.168765
JPN,2021,125.68159,43710,2.696574
JPN,2022,125.12499,42640,.9419988
JPN,2023,124.51665,39360,1.475035
JPN,2024,123.97537,36030,.0836986
KAZ,1960,9.429981,,
KAZ,1961,9.742085,,
KAZ,1962,10.058928,,
KAZ,1963,10.377466,,
KAZ,1964,10.690309,,
KAZ,1965,10.993183,,
KAZ,1966,11.288989,,
KAZ,1967,11.584428,,
KAZ,1968,11.879182,,
KAZ,1969,12.156212,,
KAZ,1970,12.419057,,
KAZ,1971,12.684813,,
KAZ,1972,12.951798,,
KAZ,1973,13.208121,,
KAZ,1974,13.45457,,
KAZ,1975,13.700843,,
KAZ,1976,13.998738,,
KAZ,1977,14.353265,,
KAZ,1978,14.711497,,
KAZ,1979,14.978696,,
KAZ,1980,15.152949,,
KAZ,1981,15.323082,,
KAZ,1982,15.492595,,
KAZ,1983,15.665551,,
KAZ,1984,15.844621,,
KAZ,1985,16.03109,,
KAZ,1986,16.262702,,
KAZ,1987,16.527715,,
KAZ,1988,16.781168,,
KAZ,1989,16.997013,,
KAZ,1990,17.154054,,
KAZ,1991,17.2786,,-11
KAZ,1992,17.332625,,-5.3
KAZ,1993,17.274487,1350,-9.2
KAZ,1994,17.043771,1240,-12.6
KAZ,1995,16.730536,1210,-8.2
KAZ,1996,16.416027,1270,.5
KAZ,1997,16.043251,1330,1.7
KAZ,1998,15.647785,1340,-1.9
KAZ,1999,15.455874,1250,2.7
KAZ,2000,15.501103,1220,9.8
KAZ,2001,15.57555,1290,13.5
KAZ,2002,15.656677,1450,9.8
KAZ,2003,15.74738,1720,9.3
KAZ,2004,15.850159,2180,9.6
KAZ,2005,15.968117,2780,9.7
KAZ,2006,16.103716,3670,10.7
KAZ,2007,16.257214,4740,8.9
KAZ,2008,16.426525,5870,3.3
KAZ,2009,16.619846,6580,1.2
KAZ,2010,16.83681,7210,7.3
KAZ,2011,17.066002,8030,7.4
KAZ,2012,17.306106,9640,4.8
KAZ,2013,17.556502,11490,6
KAZ,2014,17.816285,11720,4.2
KAZ,2015,18.084169,11040,1.2
KAZ,2016,18.3636,8500,1.1
KAZ,2017,18.651931,7780,4.1
KAZ,2018,18.932727,7790,4.1
KAZ,2019,19.209555,8500,4.5
KAZ,2020,19.482117,8380,-2.5
KAZ,2021,19.743603,8540,4.3
KAZ,2022,20.034609,9420,3.2
KAZ,2023,20.330104,10690,5.1
KAZ,2024,20.592571,12150,4.8
KEN,1960,7.695307,,
KEN,1961,7.98777,,-7.774635
KEN,1962,8.299308,100,9.457358
KEN,1963,8.627971,110,8.77834
KEN,1964,8.973535,110,4.964468
KEN,1965,9.338078,110,2.009094
KEN,1966,9.717816,120,14.72857
KEN,1967,10.111057,120,3.361232
KEN,1968,10.518823,130,7.98269
KEN,1969,10.939695,140,7.959224
KEN,1970,11.368791,130,-4.655447
KEN,1971,11.788904,160,22.17389
KEN,1972,12.20606,190,17.08243
KEN,1973,12.634835,200,5.89658
KEN,1974,13.070078,230,4.065618
KEN,1975,13.511671,250,.8822032
KEN,1976,13.957623,250,2.153965
KEN,1977,14.428819,280,9.453798
KEN,1978,14.934126,330,6.912494
KEN,1979,15.460666,400,7.615226
KEN,1980,16.018459,460,5.591976
KEN,1981,16.601507,460,3.773544
KEN,1982,17.206175,410,1.506478
KEN,1983,17.846374,350,1.30905
KEN,1984,18.514906,320,1.755217
KEN,1985,19.201768,320,4.300562
KEN,1986,19.901646,350,7.177556
KEN,1987,20.616096,390,5.937108
KEN,1988,21.356219,420,6.203184
KEN,1989,22.118434,410,4.690349
KEN,1990,22.892651,390,4.192051
KEN,1991,23.646514,360,1.438347
KEN,1992,24.38246,340,-.799494
KEN,1993,25.117188,280,.3531972
KEN,1994,25.85713,270,2.632785
KEN,1995,26.601751,280,4.406217
KEN,1996,27.344211,350,4.146839
KEN,1997,28.101768,400,.4749019
KEN,1998,28.888057,450,3.290214
KEN,1999,29.733408,450,2.305389
KEN,2000,30.64289,430,.5996954
KEN,2001,31.61917,410,3.779907
KEN,2002,32.629808,390,.5468595
KEN,2003,33.652223,420,2.932476
KEN,2004,34.713455,460,5.1043
KEN,2005,35.796484,520,5.906666
KEN,2006,36.904008,590,6.472494
KEN,2007,38.036349,710,6.85073
KEN,2008,39.206351,830,.2322827
KEN,2009,40.408891,830,3.30694
KEN,2010,41.598567,930,8.058474
KEN,2011,42.758461,1010,5.121106
KEN,2012,43.888303,1060,4.56868
KEN,2013,44.986791,1130,3.797848
KEN,2014,46.05144,1250,5.020111
KEN,2015,47.088526,1320,4.967721
KEN,2016,48.139687,1490,4.213517
KEN,2017,49.197766,1540,3.837958
KEN,2018,50.207107,1720,5.647946
KEN,2019,51.202827,1880,5.114159
KEN,2020,52.217334,1910,-.2727663
KEN,2021,53.219166,2070,7.590489
KEN,2022,54.252461,2170,4.859981
KEN,2023,55.339003,2110,5.555873
KEN,2024,56.432944,2110,4.496498
KGZ,1960,2.1723,,
KGZ,1961,2.2559,,
KGZ,1962,2.3334,,
KGZ,1963,2.4137,,
KGZ,1964,2.4953,,
KGZ,1965,2.5733,,
KGZ,1966,2.6553,,
KGZ,1967,2.7365,,
KGZ,1968,2.8183,,
KGZ,1969,2.8948,,
KGZ,1970,2.9599,,
KGZ,1971,3.0223,,
KGZ,1972,3.0882,,
KGZ,1973,3.1538,,
KGZ,1974,3.2239,,
KGZ,1975,3.2924,,
KGZ,1976,3.3587,,
KGZ,1977,3.4239,,
KGZ,1978,3.4871,,
KGZ,1979,3.552,,
KGZ,1980,3.6174,,
KGZ,1981,3.6858,,
KGZ,1982,3.7593,,
KGZ,1983,3.8383,,
KGZ,1984,3.9164,,
KGZ,1985,3.9903,,
KGZ,1986,4.0665,,
KGZ,1987,4.1446,,3.299968
KGZ,1988,4.2184,,13.20003
KGZ,1989,4.3075,,2.789751
KGZ,1990,4.391236,,5.702796
KGZ,1991,4.463634,,-7.943925
KGZ,1992,4.5154,510,-13.83784
KGZ,1993,4.516777,450,-15.45933
KGZ,1994,4.515069,370,-20.08516
KGZ,1995,4.560454,360,-5.423822
KGZ,1996,4.628438,390,7.084502
KGZ,1997,4.696421,390,9.915254
KGZ,1998,4.769015,360,2.121835
KGZ,1999,4.840422,300,3.655789
KGZ,2000,4.898362,280,5.443336
KGZ,2001,4.945073,280,5.321621
KGZ,2002,4.990704,290,-.0173246
KGZ,2003,5.043308,340,7.030293
KGZ,2004,5.104713,400,7.026813
KGZ,2005,5.16264,450,-.1755154
KGZ,2006,5.218373,500,3.102899
KGZ,2007,5.268385,610,8.542874
KGZ,2008,5.318729,760,8.401616
KGZ,2009,5.389643,860,2.886295
KGZ,2010,5.467059,850,-.4715666
KGZ,2011,5.546587,870,5.956275
KGZ,2012,5.652076,1030,-.0881502
KGZ,2013,5.77715,1180,10.91547
KGZ,2014,5.905848,1230,4.024039
KGZ,2015,6.040036,1160,3.875825
KGZ,2016,6.175338,1090,4.335856
KGZ,2017,6.306696,1090,4.739937
KGZ,2018,6.444079,1200,3.75791
KGZ,2019,6.590211,1240,4.600626
KGZ,2020,6.726596,1210,-7.148978
KGZ,2021,6.851224,1270,5.507008
KGZ,2022,6.97522,1540,8.967505
KGZ,2023,7.09975,1840,9.013293
KGZ,2024,7.224614,2150,9.040135
KHM,1960,5.449966,,
KHM,1961,5.571168,,
KHM,1962,5.697558,,
KHM,1963,5.82301,,
KHM,1964,5.946178,,
KHM,1965,6.072289,,
KHM,1966,6.201232,,
KHM,1967,6.332944,,
KHM,1968,6.467324,,
KHM,1969,6.604725,,
KHM,1970,6.639182,,
KHM,1971,6.62088,,
KHM,1972,6.673886,,
KHM,1973,6.739726,,
KHM,1974,6.78324,,
KHM,1975,6.581371,,
KHM,1976,6.134991,,0
KHM,1977,5.668551,100,-14.67641
KHM,1978,5.211653,120,0
KHM,1979,5.088808,120,-12.82856
KHM,1980,5.199872,120,-5.668406
KHM,1981,5.284495,120,.0410921
KHM,1982,5.436432,120,0
KHM,1983,5.636203,120,4.433406
KHM,1984,5.845117,130,4.932079
KHM,1985,6.043783,140,4.670184
KHM,1986,6.285693,150,3.800818
KHM,1987,6.55797,160,21.53152
KHM,1988,6.812014,190,11.97691
KHM,1989,7.073473,170,3.479383
KHM,1990,7.374752,170,1.162312
KHM,1991,7.68685,170,7.591298
KHM,1992,8.113083,210,7.017539
KHM,1993,8.616381,290,4.098371
KHM,1994,9.239162,210,-34.80864
KHM,1995,10.018497,260,9.903469
KHM,1996,10.80127,320,5.897506
KHM,1997,11.570982,310,4.006621
KHM,1998,12.058173,280,4.681632
KHM,1999,12.265731,290,12.70538
KHM,2000,12.462336,290,9.99358
KHM,2001,12.658484,310,7.38971
KHM,2002,12.855241,320,6.265073
KHM,2003,13.050968,370,10.28368
KHM,2004,13.244731,430,9.457695
KHM,2005,13.439202,510,13.30333
KHM,2006,13.639028,580,10.94336
KHM,2007,13.84177,670,10.39846
KHM,2008,14.053479,780,7.476366
KHM,2009,14.27681,840,4.074779
KHM,2010,14.500726,910,5.076919
KHM,2011,14.722584,990,7.286658
KHM,2012,14.945085,1110,7.650257
KHM,2013,15.170208,1230,7.8575
KHM,2014,15.396772,1330,8.00032
KHM,2015,15.623251,1430,7.207035
KHM,2016,15.852803,1550,7.905501
KHM,2017,16.073372,1690,8.075039
KHM,2018,16.274522,1920,8.776224
KHM,2019,16.481304,2100,7.93695
KHM,2020,16.725474,2050,-3.555722
KHM,2021,16.974305,2120,3.089843
KHM,2022,17.201724,2270,5.129901
KHM,2023,17.42388,2390,5.00733
KHM,2024,17.638801,2520,6.015815
KIR,1960,.047157,,
KIR,1961,.048323,,
KIR,1962,.049538,,
KIR,1963,.050791,,
KIR,1964,.052088,,
KIR,1965,.053439,,
KIR,1966,.054425,,
KIR,1967,.054996,,
KIR,1968,.055529,,
KIR,1969,.05636,,
KIR,1970,.05751,,
KIR,1971,.058652,,-2.29006
KIR,1972,.059778,,12.07923
KIR,1973,.060824,,20.90988
KIR,1974,.061219,,45.30275
KIR,1975,.060987,,5.34442
KIR,1976,.060661,,-26.76823
KIR,1977,.060267,,-4.612629
KIR,1978,.059864,690,1.059594
KIR,1979,.060172,690,-11.58499
KIR,1980,.061148,620,-1.079366
KIR,1981,.062121,590,6.122194
KIR,1982,.063134,640,-1.090152
KIR,1983,.064169,590,-9.777942
KIR,1984,.065228,470,13.91849
KIR,1985,.066496,410,-13.24012
KIR,1986,.068059,400,-2.465724
KIR,1987,.069733,480,1.292734
KIR,1988,.071427,600,22.04542
KIR,1989,.073147,590,-7.292442
KIR,1990,.074855,610,-6.385334
KIR,1991,.076367,830,-5.648684
KIR,1992,.077641,1020,23.95923
KIR,1993,.078841,1080,-.1039947
KIR,1994,.080021,1180,2.045257
KIR,1995,.081234,1290,2.752208
KIR,1996,.082623,1200,-.0520468
KIR,1997,.084147,1440,1.177133
KIR,1998,.085657,1540,4.442274
KIR,1999,.087126,1340,-3.914232
KIR,2000,.088613,1370,6.742665
KIR,2001,.090335,1340,-3.144129
KIR,2002,.092264,1220,1.447155
KIR,2003,.094175,1200,-1.575467
KIR,2004,.096085,1430,-.6089676
KIR,2005,.098035,1620,1.29243
KIR,2006,.100017,1670,5.776935
KIR,2007,.102068,1790,3.05508
KIR,2008,.104222,1860,-2.984731
KIR,2009,.106467,1850,.5368012
KIR,2010,.108704,2030,1.225952
KIR,2011,.110647,2110,3.263727
KIR,2012,.112284,2630,5.80366
KIR,2013,.113838,3040,7.730922
KIR,2014,.115326,3260,1.263663
KIR,2015,.116815,3490,11.26532
KIR,2016,.118478,2990,7.088035
KIR,2017,.120275,3130,3.749118
KIR,2018,.122084,3280,3.47944
KIR,2019,.123921,3610,3.264287
KIR,2020,.126099,3070,-1.468067
KIR,2021,.128377,3150,8.479738
KIR,2022,.130469,3320,4.566326
KIR,2023,.13253,3690,2.652011
KIR,2024,.134518,3620,5.266899
KNA,1960,.05581,,
KNA,1961,.055334,,
KNA,1962,.054461,,
KNA,1963,.053441,,
KNA,1964,.052326,,
KNA,1965,.051139,,
KNA,1966,.049898,,
KNA,1967,.048605,,
KNA,1968,.047245,,
KNA,1969,.045731,,
KNA,1970,.044606,,
KNA,1971,.044206,,
KNA,1972,.044033,,
KNA,1973,.04388,,
KNA,1974,.043738,,
KNA,1975,.043606,,
KNA,1976,.043482,,
KNA,1977,.043358,,
KNA,1978,.043217,,3.909904
KNA,1979,.043033,1390,7.597675
KNA,1980,.04285,1680,8.440121
KNA,1981,.042698,1860,1.546903
KNA,1982,.042532,1950,.547738
KNA,1983,.042334,2020,1.18672
KNA,1984,.042113,2240,8.865808
KNA,1985,.041874,2510,8.550068
KNA,1986,.041618,3060,10.85699
KNA,1987,.041348,3660,6.550345
KNA,1988,.041062,4350,9.225375
KNA,1989,.040758,4610,5.479794
KNA,1990,.040432,5200,4.877252
KNA,1991,.040358,5260,-1.864689
KNA,1992,.040715,5710,4.268974
KNA,1993,.041242,6180,6.80195
KNA,1994,.041776,6680,5.301719
KNA,1995,.042326,7260,5.383142
KNA,1996,.042877,7620,5.842838
KNA,1997,.043428,7980,6.823967
KNA,1998,.043998,7690,-.4867458
KNA,1999,.044601,8100,3.219886
KNA,2000,.045248,8890,10.04281
KNA,2001,.045761,9200,5.25345
KNA,2002,.04602,9190,1.367715
KNA,2003,.046176,9190,-3.933395
KNA,2004,.046315,10390,3.996347
KNA,2005,.046437,11750,9.732821
KNA,2006,.046569,12650,3.150381
KNA,2007,.046706,13350,.6006023
KNA,2008,.046835,15980,11.31704
KNA,2009,.046916,15840,-3.40474
KNA,2010,.046846,15970,-.0541942
KNA,2011,.046886,16760,1.616607
KNA,2012,.047033,17010,-.7376367
KNA,2013,.047069,18460,5.727281
KNA,2014,.047089,18850,7.576966
KNA,2015,.047087,18670,.6941355
KNA,2016,.047075,19640,3.932703
KNA,2017,.04705,20420,.2209411
KNA,2018,.047008,21930,2.003525
KNA,2019,.046952,23670,2.938246
KNA,2020,.04687,19340,-15.30189
KNA,2021,.046763,19070,.3676069
KNA,2022,.046709,21010,10.3424
KNA,2023,.046758,22020,4.328557
KNA,2024,.046843,22310,1.16644
KOR,1960,25.012374,,
KOR,1961,25.765673,,6.935993
KOR,1962,26.51303,120,3.895272
KOR,1963,27.261747,120,9.020568
KOR,1964,27.984155,130,9.473825
KOR,1965,28.704674,130,7.318434
KOR,1966,29.435571,140,11.99396
KOR,1967,30.130983,150,9.079607
KOR,1968,30.838302,190,13.16577
KOR,1969,31.544266,240,14.56137
KOR,1970,32.240827,280,10.05273
KOR,1971,32.882704,310,10.54551
KOR,1972,33.505406,340,7.214361
KOR,1973,34.103149,430,14.89832
KOR,1974,34.692266,550,9.511835
KOR,1975,35.280725,660,7.839933
KOR,1976,35.848523,810,13.22145
KOR,1977,36.411795,970,12.33598
KOR,1978,36.969185,1280,10.95299
KOR,1979,37.534236,1680,8.671227
KOR,1980,38.123775,1870,-1.645688
KOR,1981,38.723248,2030,7.246176
KOR,1982,39.326352,2050,8.338078
KOR,1983,39.910403,2170,13.37617
KOR,1984,40.405956,2340,10.55164
KOR,1985,40.805744,2480,7.838864
KOR,1986,41.213674,2850,11.32726
KOR,1987,41.62169,3530,12.72369
KOR,1988,42.031247,4520,11.98772
KOR,1989,42.449038,5380,7.072894
KOR,1990,42.869283,6450,9.877552
KOR,1991,43.295704,7570,10.77806
KOR,1992,43.747962,8310,6.198643
KOR,1993,44.194628,9010,6.877474
KOR,1994,44.64154,10090,9.268666
KOR,1995,45.092991,11820,9.614566
KOR,1996,45.524681,13320,7.890703
KOR,1997,45.95358,13550,6.170552
KOR,1998,46.286503,10330,-5.129448
KOR,1999,46.616677,10430,11.46694
KOR,2000,47.008111,11030,9.060833
KOR,2001,47.370164,11950,4.852399
KOR,2002,47.644736,12850,7.725142
KOR,2003,47.89233,13790,3.147291
KOR,2004,48.082519,16200,5.197392
KOR,2005,48.184561,18520,4.308543
KOR,2006,48.438292,20800,5.264327
KOR,2007,48.683638,23440,5.799549
KOR,2008,49.054708,23860,3.012985
KOR,2009,49.307835,22040,.792699
KOR,2010,49.554112,22280,6.804825
KOR,2011,49.936638,23580,3.685668
KOR,2012,50.199853,25650,2.402531
KOR,2013,50.428893,26970,3.164709
KOR,2014,50.746659,28160,3.202454
KOR,2015,51.014947,28720,2.809103
KOR,2016,51.217803,29330,2.946882
KOR,2017,51.361911,30290,3.159636
KOR,2018,51.585058,32740,2.907404
KOR,2019,51.764822,33830,2.243978
KOR,2020,51.836239,33040,-.7094154
KOR,2021,51.769539,35180,4.304735
KOR,2022,51.672569,36160,2.612672
KOR,2023,51.712619,35490,1.356733
KOR,2024,51.751065,,
KWT,1960,.31106,,
KWT,1961,.345945,,
KWT,1962,.384995,,
KWT,1963,.427694,,
KWT,1964,.473115,,
KWT,1965,.521174,,
KWT,1966,.57259,,
KWT,1967,.628089,,
KWT,1968,.687716,,
KWT,1969,.749452,,
KWT,1970,.809114,,
KWT,1971,.865076,,7.043681
KWT,1972,.920352,3380,3.900776
KWT,1973,.977654,4010,-6.570075
KWT,1974,1.038346,5930,-12.99132
KWT,1975,1.104863,9130,-12.27441
KWT,1976,1.178711,13380,6.606184
KWT,1977,1.258023,12500,-3.847537
KWT,1978,1.340319,13960,7.354774
KWT,1979,1.423514,17570,13.89921
KWT,1980,1.504782,17940,-19.41075
KWT,1981,1.583426,19470,-18.92473
KWT,1982,1.66248,17240,-11.7491
KWT,1983,1.744295,15880,7.938472
KWT,1984,1.820688,15090,5.241605
KWT,1985,1.894242,13500,-4.264591
KWT,1986,1.97252,15770,8.567713
KWT,1987,2.052994,14700,8.146152
KWT,1988,2.134707,13830,-10.05262
KWT,1989,2.217468,16600,25.89286
KWT,1990,1.684819,16460,-26.22889
KWT,1991,1.351399,12450,-41.00779
KWT,1992,1.634961,16200,82.80933
KWT,1993,1.672151,18590,33.99047
KWT,1994,1.664361,18550,8.436166
KWT,1995,1.681513,19590,4.858291
KWT,1996,1.730246,19620,.6051272
KWT,1997,1.787683,20550,2.473325
KWT,1998,1.844302,19540,3.662055
KWT,1999,1.90003,17330,-1.789009
KWT,2000,1.954709,18810,4.694582
KWT,2001,2.008121,19550,.2133326
KWT,2002,2.059974,19640,3.014283
KWT,2003,2.109881,23150,17.32602
KWT,2004,2.15732,29080,10.2403
KWT,2005,2.236788,35740,10.60905
KWT,2006,2.364733,42460,7.514773
KWT,2007,2.507887,47510,5.991576
KWT,2008,2.651421,51800,2.479757
KWT,2009,2.795484,45410,-7.076056
KWT,2010,2.943372,42850,-2.370548
KWT,2011,3.132814,44350,9.628634
KWT,2012,3.337109,50830,6.625875
KWT,2013,3.507844,53530,1.149465
KWT,2014,3.665876,51350,.5009148
KWT,2015,3.834574,41830,.5927708
KWT,2016,4.004096,34920,2.926076
KWT,2017,4.154812,30650,-4.712223
KWT,2018,4.323515,32340,2.74333
KWT,2019,4.442316,35680,2.263817
KWT,2020,4.400267,33150,-4.81779
KWT,2021,4.360865,35990,1.672637
KWT,2022,4.589643,39120,6.758667
KWT,2023,4.85342,42030,-1.667206
KWT,2024,4.973861,40250,-2.560111
LAC,1960,192.8559,,
LAC,1961,198.2985,,6.197737
LAC,1962,203.91478,351.2089,4.336391
LAC,1963,209.67527,354.0424,1.718825
LAC,1964,215.55818,390.2101,7.641949
LAC,1965,221.53547,424.5652,5.852281
LAC,1966,227.58531,450.7804,4.61855
LAC,1967,233.69675,465.6928,4.439934
LAC,1968,239.86445,499.9173,7.44038
LAC,1969,246.09326,533.603,6.913562
LAC,1970,252.35854,564.759,6.804563
LAC,1971,258.6881,619.4868,6.977214
LAC,1972,265.1221,682.3302,7.722827
LAC,1973,271.64949,829.1038,8.703878
LAC,1974,278.2518,1062.421,6.653702
LAC,1975,284.9084,1255.163,4.252295
LAC,1976,291.62427,1334.656,5.502253
LAC,1977,298.45724,1367.31,4.725435
LAC,1978,305.42866,1508.775,4.290399
LAC,1979,312.47758,1771.608,7.38036
LAC,1980,319.58857,2052.866,6.681636
LAC,1981,326.71041,2189.801,1.076107
LAC,1982,333.86613,2086.267,.3118683
LAC,1983,341.14823,1829.984,-2.113275
LAC,1984,348.50411,1779.845,3.887776
LAC,1985,355.84979,1713.086,3.162986
LAC,1986,363.15912,1777.37,3.352509
LAC,1987,370.4523,1908.98,3.151446
LAC,1988,377.76666,2052.619,.3346015
LAC,1989,385.08099,2135.708,1.362728
LAC,1990,392.41335,2181.121,-.499819
LAC,1991,399.68309,2373.576,2.807622
LAC,1992,406.89889,2630.976,2.077277
LAC,1993,414.07545,2913.105,4.329124
LAC,1994,421.17955,3310.385,5.273032
LAC,1995,428.26834,3575.603,.3811421
LAC,1996,435.29954,3978.505,3.894759
LAC,1997,442.28272,4303.342,5.280873
LAC,1998,449.28316,4308.681,2.744871
LAC,1999,456.22355,4069.676,.4917891
LAC,2000,462.95369,4109.116,3.618533
LAC,2001,469.46314,3963.167,.1426561
LAC,2002,475.79901,3734.331,.3355447
LAC,2003,481.97773,3746.482,2.386992
LAC,2004,488.03249,4023.782,5.283987
LAC,2005,494.00657,4481.499,3.988651
LAC,2006,499.91063,5144.052,5.23021
LAC,2007,505.79334,5982.179,5.303449
LAC,2008,511.65936,6868.486,3.729333
LAC,2009,517.45995,6987.858,-2.423335
LAC,2010,523.14748,7751.313,6.687644
LAC,2011,528.82271,8602.955,4.426454
LAC,2012,534.50326,9497.859,2.343375
LAC,2013,540.11871,9948.827,2.769424
LAC,2014,545.66159,9771.091,1.269879
LAC,2015,551.07515,8919.669,.2527933
LAC,2016,556.44028,8155.163,-.5409317
LAC,2017,561.95718,8021.549,1.97735
LAC,2018,567.71116,8307.415,1.552546
LAC,2019,573.31168,8377.576,.6000274
LAC,2020,578.0915,7312.083,-6.523609
LAC,2021,581.88423,7749.436,6.870404
LAC,2022,585.64882,8328.967,3.85174
LAC,2023,589.88954,9079.747,2.18857
LAC,2024,594.15864,9610.243,2.012114
LAO,1960,2.121514,,
LAO,1961,2.169796,,
LAO,1962,2.21991,,
LAO,1963,2.271061,,
LAO,1964,2.322826,,
LAO,1965,2.3762,,
LAO,1966,2.431084,,
LAO,1967,2.487715,,
LAO,1968,2.546377,,
LAO,1969,2.606959,,
LAO,1970,2.669702,,
LAO,1971,2.734628,,
LAO,1972,2.80166,,
LAO,1973,2.870573,,
LAO,1974,2.939761,,
LAO,1975,3.005521,,
LAO,1976,3.064876,,
LAO,1977,3.118923,,
LAO,1978,3.17174,,
LAO,1979,3.228202,,
LAO,1980,3.292573,,
LAO,1981,3.366631,,
LAO,1982,3.450026,,
LAO,1983,3.541001,,
LAO,1984,3.637843,,
LAO,1985,3.739985,,5.069964
LAO,1986,3.846715,550,4.885133
LAO,1987,3.957612,430,-1.425792
LAO,1988,4.072601,250,-2.010201
LAO,1989,4.190974,210,14.19064
LAO,1990,4.311955,190,6.704579
LAO,1991,4.435118,210,4.296564
LAO,1992,4.559646,240,5.559858
LAO,1993,4.68506,270,5.912557
LAO,1994,4.80922,310,8.159019
LAO,1995,4.929409,350,7.031254
LAO,1996,5.045678,380,6.928324
LAO,1997,5.152011,370,6.872091
LAO,1998,5.248266,300,3.967608
LAO,1999,5.340784,280,7.306376
LAO,2000,5.431212,280,5.798782
LAO,2001,5.521482,300,5.751413
LAO,2002,5.610889,310,5.918744
LAO,2003,5.697945,330,6.067002
LAO,2004,5.781626,380,6.357696
LAO,2005,5.869523,450,7.107568
LAO,2006,5.9632,500,8.619267
LAO,2007,6.056236,600,7.596829
LAO,2008,6.148969,740,7.824903
LAO,2009,6.241642,880,7.501775
LAO,2010,6.334194,990,8.526905
LAO,2011,6.42659,1130,8.038652
LAO,2012,6.518978,1350,8.026098
LAO,2013,6.611385,1590,8.0263
LAO,2014,6.703172,1810,7.611963
LAO,2015,6.801645,1960,7.270066
LAO,2016,6.908802,2110,7.022836
LAO,2017,7.018147,2240,6.892531
LAO,2018,7.128045,2460,6.24796
LAO,2019,7.237636,2520,5.457735
LAO,2020,7.346533,2470,.5030318
LAO,2021,7.453194,2500,2.528351
LAO,2022,7.559007,2300,2.707427
LAO,2023,7.664993,2110,3.745681
LAO,2024,7.769819,2000,4.258257
LBN,1960,1.794406,,
LBN,1961,1.850084,,
LBN,1962,1.909578,,
LBN,1963,1.970316,,
LBN,1964,2.030543,,
LBN,1965,2.088831,,
LBN,1966,2.14826,,
LBN,1967,2.206731,,
LBN,1968,2.266368,,
LBN,1969,2.328159,,
LBN,1970,2.386114,,
LBN,1971,2.446314,,
LBN,1972,2.509729,,
LBN,1973,2.572935,,
LBN,1974,2.635185,,
LBN,1975,2.693191,,
LBN,1976,2.726469,,
LBN,1977,2.762155,,
LBN,1978,2.822682,,
LBN,1979,2.882635,,
LBN,1980,2.944763,,
LBN,1981,3.008981,,
LBN,1982,3.054931,,
LBN,1983,3.094996,,
LBN,1984,3.152744,,
LBN,1985,3.217376,,
LBN,1986,3.300365,,
LBN,1987,3.385555,,
LBN,1988,3.454649,,
LBN,1989,3.525285,,-42.45112
LBN,1990,3.595175,1020,26.53316
LBN,1991,3.668912,1350,49.44738
LBN,1992,3.747371,1580,16.43834
LBN,1993,3.820647,1880,10.76567
LBN,1994,3.889799,2280,8.105242
LBN,1995,3.960735,2820,6.448863
LBN,1996,4.034781,3330,11.28594
LBN,1997,4.108405,3560,1.054967
LBN,1998,4.181281,3750,3.665724
LBN,1999,4.255277,3950,-.5255846
LBN,2000,4.32934,4090,1.341872
LBN,2001,4.401918,4040,3.839669
LBN,2002,4.463504,3940,3.42315
LBN,2003,4.525508,3670,3.227098
LBN,2004,4.599279,4700,6.679445
LBN,2005,4.671102,4910,2.685779
LBN,2006,4.751136,4870,1.549515
LBN,2007,4.844118,5320,9.310622
LBN,2008,4.925354,5860,9.069128
LBN,2009,4.992287,6620,10.23216
LBN,2010,5.041288,7340,7.975135
LBN,2011,5.09602,7720,.8673398
LBN,2012,5.235742,8000,2.564791
LBN,2013,5.743436,7880,3.827873
LBN,2014,6.34699,7440,2.48406
LBN,2015,6.472469,7360,.4623208
LBN,2016,6.32306,7670,1.554549
LBN,2017,6.160128,8260,.9030285
LBN,2018,5.984119,8700,-1.884706
LBN,2019,5.794594,8630,-6.914925
LBN,2020,5.702398,6350,-21.3999
LBN,2021,5.718122,4770,-7.001239
LBN,2022,5.744489,4170,-.6216789
LBN,2023,5.773493,3730,-.7605845
LBN,2024,5.805962,,
LBR,1960,1.139522,,
LBR,1961,1.167717,,2.439986
LBR,1962,1.197039,160,1.344606
LBR,1963,1.227414,160,2.274461
LBR,1964,1.258745,180,5.151961
LBR,1965,1.291156,190,4.793786
LBR,1966,1.324383,200,7.702656
LBR,1967,1.358435,210,6.745791
LBR,1968,1.39353,220,4.768872
LBR,1969,1.429605,230,7.288473
LBR,1970,1.466676,250,6.663193
LBR,1971,1.504077,260,4.90483
LBR,1972,1.54267,280,4.140496
LBR,1973,1.583588,290,-2.255975
LBR,1974,1.626362,340,4.753201
LBR,1975,1.670913,370,-3.46859
LBR,1976,1.71706,410,5.310734
LBR,1977,1.766019,440,1.587985
LBR,1978,1.818247,470,4.816221
LBR,1979,1.872713,530,3.26482
LBR,1980,1.929253,530,-4.098364
LBR,1981,1.986867,520,-2.13675
LBR,1982,2.045073,460,-2.432937
LBR,1983,2.107113,450,-1.896853
LBR,1984,2.173312,410,-2.107316
LBR,1985,2.240539,410,-.8433182
LBR,1986,2.308511,390,-1.678598
LBR,1987,2.377229,380,-1.001601
LBR,1988,2.446941,410,-2.041898
LBR,1989,2.517858,430,-26.66845
LBR,1990,2.223667,250,-51.03086
LBR,1991,1.956518,250,-14.22521
LBR,1992,2.072461,150,-35.08568
LBR,1993,2.155126,100,-32.9754
LBR,1994,2.149928,80,-21.76235
LBR,1995,2.169162,80,-4.266205
LBR,1996,2.232289,100,12.1212
LBR,1997,2.412989,160,106.2798
LBR,1998,2.670124,180,30.20813
LBR,1999,2.821684,170,21.74145
LBR,2000,2.928117,190,28.61593
LBR,2001,3.015338,210,2.920275
LBR,2002,3.094782,250,3.763018
LBR,2003,3.119532,180,-30.14513
LBR,2004,3.156892,210,2.619847
LBR,2005,3.301015,240,5.281212
LBR,2006,3.490787,270,8.04391
LBR,2007,3.66905,310,9.535275
LBR,2008,3.821003,370,7.145691
LBR,2009,3.943028,410,5.30054
LBR,2010,4.05889,440,6.099825
LBR,2011,4.221178,500,8.200768
LBR,2012,4.373043,540,7.993814
LBR,2013,4.470239,610,8.687288
LBR,2014,4.564293,620,.7013931
LBR,2015,4.659431,620,-.018565
LBR,2016,4.755608,610,-1.554959
LBR,2017,4.848925,620,2.455156
LBR,2018,4.944726,620,1.157575
LBR,2019,5.043721,600,-2.467298
LBR,2020,5.149463,570,-2.982491
LBR,2021,5.259323,630,4.986713
LBR,2022,5.373294,680,4.808105
LBR,2023,5.493031,720,4.683757
LBR,2024,5.612817,760,4.792915
LBY,1960,1.49289,,
LBY,1961,1.555699,,9.895803
LBY,1962,1.62196,350,32.52464
LBY,1963,1.690457,470,35.02038
LBY,1964,1.753691,590,45.07169
LBY,1965,1.804015,820,28.14888
LBY,1966,1.849063,1010,18.59216
LBY,1967,1.898199,1200,11.11009
LBY,1968,1.952781,1610,33.86391
LBY,1969,2.014293,1930,13.08789
LBY,1970,2.082589,2010,4.950749
LBY,1971,2.153534,2010,-5.277525
LBY,1972,2.226091,2580,9.12584
LBY,1973,2.314193,3160,1.93662
LBY,1974,2.432211,5150,22.19344
LBY,1975,2.571556,6180,4.028268
LBY,1976,2.721237,7510,22.88095
LBY,1977,2.881533,7180,8.85272
LBY,1978,3.052526,7340,3.304919
LBY,1979,3.233846,8800,8.95811
LBY,1980,3.424378,10360,.6852805
LBY,1981,3.621486,9480,-19.19018
LBY,1982,3.724765,9480,2.806057
LBY,1983,3.718961,8650,-2.472227
LBY,1984,3.773633,7650,-5.041781
LBY,1985,3.898745,8120,8.326778
LBY,1986,4.017403,6740,-11.35251
LBY,1987,4.129739,6230,-14.70205
LBY,1988,4.237755,6570,7.579023
LBY,1989,4.34292,6700,7.199417
LBY,1990,4.445239,6460,3.720132
LBY,1991,4.5444,7260,15.65513
LBY,1992,4.640352,7320,-2.712274
LBY,1993,4.733045,6800,-3.763193
LBY,1994,4.822037,6610,1.934787
LBY,1995,4.906843,6050,-2.220407
LBY,1996,4.987393,5900,2.134123
LBY,1997,5.064639,5810,5.212671
LBY,1998,5.140704,5500,-3.552245
LBY,1999,5.218038,4990,.7496592
LBY,2000,5.305021,5930,3.679271
LBY,2001,5.403639,6130,-1.762839
LBY,2002,5.50841,5190,-.9588974
LBY,2003,5.619398,5160,13.01604
LBY,2004,5.736693,5150,4.461639
LBY,2005,5.858798,6760,11.87076
LBY,2006,5.980211,8540,6.500525
LBY,2007,6.10438,10500,6.229983
LBY,2008,6.23543,12020,-.1620482
LBY,2009,6.366686,11140,-4.400182
LBY,2010,6.497839,11550,5.027248
LBY,2011,6.343203,6080,-50.33852
LBY,2012,6.179328,13310,86.82675
LBY,2013,6.304628,11960,-17.99796
LBY,2014,6.427252,9130,-23.04281
LBY,2015,6.531819,8370,-.8426563
LBY,2016,6.632126,7670,-1.490941
LBY,2017,6.73877,9760,32.4918
LBY,2018,6.849055,11000,7.941368
LBY,2019,6.951033,10100,-11.19608
LBY,2020,7.045399,7010,-29.4553
LBY,2021,7.135175,6930,28.33346
LBY,2022,7.223805,5960,-8.25163
LBY,2023,7.305659,5940,10.15582
LBY,2024,7.381023,6310,-.6058325
LCA,1960,.092585,,
LCA,1961,.09349,,
LCA,1962,.094505,,
LCA,1963,.095519,,
LCA,1964,.096505,,
LCA,1965,.097493,,
LCA,1966,.098463,,
LCA,1967,.099504,,
LCA,1968,.100675,,
LCA,1969,.101879,,
LCA,1970,.103165,,
LCA,1971,.104564,,
LCA,1972,.106002,,
LCA,1973,.107498,,
LCA,1974,.109076,,
LCA,1975,.110725,,
LCA,1976,.112425,,
LCA,1977,.114135,,
LCA,1978,.115834,,10.31194
LCA,1979,.117528,,3.792734
LCA,1980,.11929,,-2.220528
LCA,1981,.121166,,6.310253
LCA,1982,.123087,1510,2.086342
LCA,1983,.125044,1480,4.965384
LCA,1984,.127067,1630,7.265574
LCA,1985,.129159,1890,8.287766
LCA,1986,.131239,2450,14.40202
LCA,1987,.133227,2780,3.923731
LCA,1988,.135,3290,13.89966
LCA,1989,.136512,3550,8.981004
LCA,1990,.137857,3740,9.890701
LCA,1991,.13952,3870,.375678
LCA,1992,.141617,4410,7.953075
LCA,1993,.143726,4410,.5831997
LCA,1994,.14589,4480,1.59856
LCA,1995,.148208,4610,1.748226
LCA,1996,.150436,4800,2.922588
LCA,1997,.152569,4710,-.6941301
LCA,1998,.154677,4870,6.286471
LCA,1999,.156702,5100,2.670604
LCA,2000,.158616,5500,.0487486
LCA,2001,.160237,5270,-3.408064
LCA,2002,.161641,5280,.4164505
LCA,2003,.162976,5650,4.264612
LCA,2004,.164239,6300,7.267409
LCA,2005,.16545,6550,-.4103047
LCA,2006,.166639,7210,6.195257
LCA,2007,.167758,7500,1.691619
LCA,2008,.168808,8150,4.949322
LCA,2009,.169869,8130,-2.8289
LCA,2010,.170906,8240,.3300186
LCA,2011,.171801,8890,4.326943
LCA,2012,.172587,9000,-.1087561
LCA,2013,.173369,8710,-1.818776
LCA,2014,.174138,9040,1.32809
LCA,2015,.174905,9020,.1019178
LCA,2016,.175646,9710,3.427872
LCA,2017,.176342,10260,3.379826
LCA,2018,.177017,11060,2.886779
LCA,2019,.177661,11100,-.7003224
LCA,2020,.17825,8560,-24.36147
LCA,2021,.178522,9860,11.59878
LCA,2022,.178781,11740,20.38844
LCA,2023,.179285,12440,2.209883
LCA,2024,.179744,12800,3.89175
LCN,1960,218.6247,,
LCN,1961,224.73732,,6.145777
LCN,1962,231.03826,395.0784,4.309977
LCN,1963,237.49968,402.8986,2.074814
LCN,1964,244.08055,436.0304,7.267169
LCN,1965,250.75095,465.3533,5.677503
LCN,1966,257.48836,490.613,4.956326
LCN,1967,264.27968,505.1167,4.348865
LCN,1968,271.12728,539.9183,7.115745
LCN,1969,278.03911,574.5809,6.842682
LCN,1970,284.99592,611.3469,6.520416
LCN,1971,292.03345,670.1558,6.878549
LCN,1972,299.18751,736.4583,7.178036
LCN,1973,306.45141,890.6495,7.994907
LCN,1974,313.79832,1131.191,6.208423
LCN,1975,321.20355,1310.674,3.613661
LCN,1976,328.67329,1390.268,5.431146
LCN,1977,336.26244,1430.204,4.881809
LCN,1978,344.00013,1583.647,4.537166
LCN,1979,351.82008,1862.947,7.390252
LCN,1980,359.71304,2164.714,6.641243
LCN,1981,367.61924,2331.751,1.225113
LCN,1982,375.56842,2209.156,-.1799378
LCN,1983,383.65715,1944.406,-2.279051
LCN,1984,391.83286,1888.737,3.889293
LCN,1985,400.01233,1826.359,3.121219
LCN,1986,408.17256,1895.928,3.478667
LCN,1987,416.33269,2018.818,3.305494
LCN,1988,424.52559,2162.005,.6059209
LCN,1989,432.72659,2208.142,1.719027
LCN,1990,440.95814,2258.726,-.370812
LCN,1991,449.129,2446.411,2.944439
LCN,1992,457.24525,2714.144,2.576931
LCN,1993,465.32573,2984.268,4.397067
LCN,1994,473.32862,3352.279,5.22677
LCN,1995,481.30903,3633.757,.8380086
LCN,1996,489.23507,4023.255,3.92059
LCN,1997,497.097,4354.778,5.396516
LCN,1998,504.95258,4359.997,2.983976
LCN,1999,512.73098,4154.662,.6857711
LCN,2000,520.27212,4223.3,3.619159
LCN,2001,527.57258,4108.867,.4549503
LCN,2002,534.69159,3864.626,.4653695
LCN,2003,541.64337,3860.752,2.460662
LCN,2004,548.45556,4180.855,5.439647
LCN,2005,555.12078,4675.439,3.938533
LCN,2006,561.752,5372.877,5.137758
LCN,2007,568.34524,6257.313,5.190329
LCN,2008,574.90873,7199.458,3.645692
LCN,2009,581.38813,7357.705,-2.278782
LCN,2010,587.75251,8153.363,6.388531
LCN,2011,594.08683,8981.072,4.402947
LCN,2012,600.42032,9918.938,2.568164
LCN,2013,606.68331,10342.8,2.75577
LCN,2014,612.8494,10236.23,1.332834
LCN,2015,618.86846,9266.186,.4032567
LCN,2016,624.73779,8527.268,-.3367583
LCN,2017,630.41499,8417.648,1.882574
LCN,2018,635.77808,8759.568,1.589264
LCN,2019,640.96237,8867.929,.6827989
LCN,2020,645.49765,7771.483,-6.617725
LCN,2021,649.23449,8282.558,7.082074
LCN,2022,653.10479,8900.075,3.968984
LCN,2023,657.61766,9670.28,2.253042
LCN,2024,662.18595,10194.21,2.265259
LDC,1960,245.0486,,
LDC,1961,250.98492,,
LDC,1962,257.17341,,7.459596
LDC,1963,263.55777,,2.013673
LDC,1964,270.19466,,3.637489
LDC,1965,277.10197,,3.718532
LDC,1966,284.22159,,3.314104
LDC,1967,291.64281,,1.075608
LDC,1968,299.37457,,5.140858
LDC,1969,307.26056,,3.301315
LDC,1970,315.10251,,-.6207307
LDC,1971,322.5174,,1.716743
LDC,1972,330.24437,,-1.472414
LDC,1973,339.00084,183.0364,2.248446
LDC,1974,348.04466,223.5686,5.677782
LDC,1975,356.84568,260.3291,.5006762
LDC,1976,365.55813,263.1631,3.871455
LDC,1977,374.2932,261.2056,1.938771
LDC,1978,383.66723,277.9718,1.602154
LDC,1979,393.71534,319.0343,1.763057
LDC,1980,403.00756,363.5624,2.041831
LDC,1981,412.04679,373.9903,2.452447
LDC,1982,422.56092,353.8383,1.096417
LDC,1983,434.14213,324.9626,1.722325
LDC,1984,445.94759,312.3379,2.356332
LDC,1985,457.86695,314.4002,1.706867
LDC,1986,469.84363,303.3174,3.393557
LDC,1987,482.07579,318.3244,4.244514
LDC,1988,494.40016,332.9432,2.771499
LDC,1989,506.99148,340.6638,1.775206
LDC,1990,519.69384,344.7784,.0259914
LDC,1991,532.59552,360.7373,1.826293
LDC,1992,546.90523,314.0336,.4000686
LDC,1993,562.48988,304.7243,-.2747377
LDC,1994,578.02894,284.9325,.6390907
LDC,1995,593.60964,291.5454,5.747076
LDC,1996,609.4077,288.8422,5.588278
LDC,1997,625.26782,296.6782,5.353028
LDC,1998,641.40102,291.683,4.040101
LDC,1999,657.61692,292.2627,4.06571
LDC,2000,673.6301,302.436,4.345187
LDC,2001,689.87881,307.3049,4.88287
LDC,2002,707.26681,317.6918,5.345844
LDC,2003,725.11177,342.6385,5.091059
LDC,2004,742.71796,394.8124,6.480804
LDC,2005,760.74161,451.47,7.506276
LDC,2006,779.23003,502.8671,6.860444
LDC,2007,797.516,575.1423,7.25144
LDC,2008,816.26813,667.0299,6.45794
LDC,2009,835.68711,728.7885,4.224854
LDC,2010,855.34812,781.3776,6.274674
LDC,2011,875.68508,828.9447,3.322743
LDC,2012,896.68495,894.4513,3.199337
LDC,2013,918.26963,959.8785,5.759127
LDC,2014,940.28414,1000.565,5.481031
LDC,2015,962.50826,981.9631,2.8094
LDC,2016,985.41494,956.0496,3.732
LDC,2017,1008.9935,973.4565,4.546305
LDC,2018,1033.1103,1052.764,4.643984
LDC,2019,1058.0135,1111.082,5.101978
LDC,2020,1083.6361,1090.918,-.0998965
LDC,2021,1109.1753,1150.283,2.821342
LDC,2022,1134.5856,1238.024,4.773151
LDC,2023,1160.8247,1267.084,3.05222
LDC,2024,1187.7776,1288.918,3.863855
LIC,1960,114.74904,,
LIC,1961,117.44922,,
LIC,1962,120.24751,,
LIC,1963,123.15385,,
LIC,1964,126.20353,,
LIC,1965,129.38823,,
LIC,1966,132.70729,,
LIC,1967,136.2092,,
LIC,1968,139.86233,,
LIC,1969,143.59362,,
LIC,1970,147.4173,,
LIC,1971,151.31325,,
LIC,1972,155.20698,,
LIC,1973,159.30452,,
LIC,1974,163.60539,,
LIC,1975,167.96419,,
LIC,1976,172.39328,,
LIC,1977,176.95714,,
LIC,1978,182.13487,,
LIC,1979,187.65632,,
LIC,1980,192.42442,,
LIC,1981,196.03067,,2.655854
LIC,1982,200.23949,,1.279687
LIC,1983,205.64599,,.899001
LIC,1984,211.25534,381.3433,-.5149705
LIC,1985,216.87727,370.7889,2.106385
LIC,1986,222.44448,374.6183,1.929264
LIC,1987,228.07909,386.7131,4.128752
LIC,1988,233.65659,422.3529,3.820353
LIC,1989,239.52071,413.6557,-.0283876
LIC,1990,245.33848,420.21,-3.308808
LIC,1991,250.93572,459.1342,2.133182
LIC,1992,257.81711,383.6523,.6440996
LIC,1993,265.88825,363.7841,-.0016081
LIC,1994,273.50854,340.2361,1.554415
LIC,1995,281.16915,326.6155,4.808692
LIC,1996,289.3325,292.9309,5.090164
LIC,1997,297.417,289.746,6.397403
LIC,1998,305.71839,282.0444,4.775018
LIC,1999,314.32597,277.4077,2.391379
LIC,2000,322.66824,286.5589,2.9151
LIC,2001,331.26953,297.788,3.973829
LIC,2002,341.03533,316.8891,5.298116
LIC,2003,351.24444,346.6939,5.618152
LIC,2004,361.30565,399.4302,5.736076
LIC,2005,371.7882,455.7538,6.244499
LIC,2006,383.041,512.8809,5.40941
LIC,2007,394.44835,587.3331,5.537311
LIC,2008,405.86271,672.6931,4.998063
LIC,2009,417.57739,724.9922,3.445597
LIC,2010,429.5156,762.1539,6.488414
LIC,2011,441.65875,777.6405,-.1702347
LIC,2012,453.65289,751.788,-4.562271
LIC,2013,465.08788,740.7634,2.362875
LIC,2014,476.47077,745.9882,3.074877
LIC,2015,488.30827,714.256,-2.102618
LIC,2016,501.14931,666.0607,.6948571
LIC,2017,514.89052,627.511,1.787205
LIC,2018,529.52204,624.1166,2.7693
LIC,2019,544.98098,641.6923,3.455662
LIC,2020,560.64307,610.5405,-1.044167
LIC,2021,576.07662,625.1714,1.267429
LIC,2022,591.4815,663.1231,3.636678
LIC,2023,607.7747,673.5156,-.2022421
LIC,2024,624.6081,690.6362,2.332102
LIE,1960,.016451,,
LIE,1961,.016877,,
LIE,1962,.017443,,
LIE,1963,.018093,,
LIE,1964,.018755,,
LIE,1965,.019195,,
LIE,1966,.01961,,
LIE,1967,.020175,,
LIE,1968,.020835,,
LIE,1969,.021084,,
LIE,1970,.02114,,
LIE,1971,.0216,,1.669222
LIE,1972,.022132,5130,1.669219
LIE,1973,.022785,6430,1.669226
LIE,1974,.023451,8050,1.669222
LIE,1975,.023846,9980,1.669232
LIE,1976,.024058,11130,4.758672
LIE,1977,.024442,12370,4.758677
LIE,1978,.025028,14730,4.758677
LIE,1979,.025575,18430,4.758671
LIE,1980,.025512,22930,4.758673
LIE,1981,.025673,23110,4.81482
LIE,1982,.026255,20540,-1.590107
LIE,1983,.026446,19020,.5386
LIE,1984,.026596,19330,4.285709
LIE,1985,.026878,20030,7.020555
LIE,1986,.027238,23130,4
LIE,1987,.027557,31480,9.230768
LIE,1988,.027948,41760,5.633798
LIE,1989,.028317,43830,4.491985
LIE,1990,.028742,45550,2.252871
LIE,1991,.029209,47500,1.80117
LIE,1992,.029627,54210,3.608294
LIE,1993,.030089,56490,4.332101
LIE,1994,.03047,61900,6.866144
LIE,1995,.030776,70290,5.87555
LIE,1996,.031033,79390,6.905302
LIE,1997,.031232,81680,7.225135
LIE,1998,.031668,79220,7.761263
LIE,1999,.032221,79990,10.41092
LIE,2000,.032645,80170,3.220193
LIE,2001,.033194,68970,-.7330924
LIE,2002,.033694,65420,-.99392
LIE,2003,.034079,68640,-1.937565
LIE,2004,.034447,78690,3.039172
LIE,2005,.034753,92620,4.828077
LIE,2006,.035037,103870,8.644969
LIE,2007,.035262,112050,3.325963
LIE,2008,.035473,121890,1.798088
LIE,2009,.035742,116380,-1.157483
LIE,2010,.036022,,
LIE,2011,.036312,,
LIE,2012,.036657,,
LIE,2013,.036984,,
LIE,2014,.037248,,
LIE,2015,.037494,,
LIE,2016,.037716,,
LIE,2017,.037962,,
LIE,2018,.038246,,
LIE,2019,.038563,,
LIE,2020,.038901,,
LIE,2021,.039182,,
LIE,2022,.039493,,
LIE,2023,.03985,,
LIE,2024,.040197,,
LKA,1960,9.661389,,
LKA,1961,9.899372,,
LKA,1962,10.143754,,3.81802
LKA,1963,10.39504,140,2.516749
LKA,1964,10.653397,130,3.906434
LKA,1965,10.916965,130,2.536953
LKA,1966,11.183928,150,5.023789
LKA,1967,11.457328,170,6.439024
LKA,1968,11.736088,170,5.801094
LKA,1969,12.013858,170,7.71682
LKA,1970,12.28711,170,3.84663
LKA,1971,12.55191,170,1.306905
LKA,1972,12.809205,190,-.4104799
LKA,1973,13.060916,210,7.057399
LKA,1974,13.305693,250,3.845831
LKA,1975,13.548984,280,6.126233
LKA,1976,13.79677,260,3.335107
LKA,1977,14.049371,260,5.10059
LKA,1978,14.310128,240,5.653837
LKA,1979,14.579614,270,6.403557
LKA,1980,14.847974,280,5.846026
LKA,1981,15.099414,310,5.699525
LKA,1982,15.286567,320,4.141496
LKA,1983,15.388794,320,4.813991
LKA,1984,15.44186,340,5.099146
LKA,1985,15.544154,380,4.999406
LKA,1986,15.731256,420,4.355547
LKA,1987,15.916576,450,1.725611
LKA,1988,16.078621,480,2.472685
LKA,1989,16.248557,470,2.299301
LKA,1990,16.352458,490,6.399995
LKA,1991,16.475354,530,4.599987
LKA,1992,16.739284,580,4.399991
LKA,1993,17.025918,630,6.900063
LKA,1994,17.275773,670,5.599919
LKA,1995,17.564068,720,5.500085
LKA,1996,17.905018,760,3.799967
LKA,1997,18.2482,810,6.4054
LKA,1998,18.596003,810,4.698423
LKA,1999,18.944731,830,4.30054
LKA,2000,19.293054,850,6.000033
LKA,2001,19.600362,800,-1.545408
LKA,2002,19.805752,810,3.964676
LKA,2003,19.951521,910,5.940269
LKA,2004,20.087605,1030,5.445061
LKA,2005,20.216524,1170,6.241748
LKA,2006,20.352411,1320,7.668292
LKA,2007,20.492545,1500,6.796826
LKA,2008,20.629378,1740,5.950088
LKA,2009,20.756435,1950,3.538912
LKA,2010,20.879089,2360,8.015967
LKA,2011,21.009048,2830,8.669483
LKA,2012,21.169458,3340,8.632181
LKA,2013,20.585,3630,4.051746
LKA,2014,20.778,3810,6.377979
LKA,2015,20.97,3920,4.205956
LKA,2016,21.209,4020,5.053625
LKA,2017,21.453,4220,6.460681
LKA,2018,21.67,4350,2.310084
LKA,2019,21.803,4220,-.2204839
LKA,2020,21.919,3880,-4.624515
LKA,2021,22.156,4010,4.207477
LKA,2022,22.181,3620,-7.349193
LKA,2023,22.037,3530,-2.329848
LKA,2024,21.916,3860,5.008719
LMC,1960,819.3161,,
LMC,1961,839.92157,,3.267862
LMC,1962,861.01556,,3.788187
LMC,1963,882.65042,,6.107508
LMC,1964,904.81142,,6.528742
LMC,1965,927.10225,135.3936,2.07184
LMC,1966,949.37989,134.0145,1.40256
LMC,1967,972.23903,136.7919,1.634662
LMC,1968,995.66206,136.8977,3.900697
LMC,1969,1019.4119,146.3974,7.881875
LMC,1970,1043.978,150.7974,7.204813
LMC,1971,1068.3573,156.6284,4.803308
LMC,1972,1093.4032,163.9089,1.714117
LMC,1973,1120.1703,186.9194,4.574348
LMC,1974,1147.8855,218.9766,4.854453
LMC,1975,1176.4673,250.0772,3.505152
LMC,1976,1205.6216,249.9113,5.481523
LMC,1977,1235.7005,256.4151,5.692466
LMC,1978,1266.2935,283.6009,3.772148
LMC,1979,1298.1491,317.7896,1.544179
LMC,1980,1332.2975,375.7839,5.234093
LMC,1981,1367.49,405.4538,2.009331
LMC,1982,1403.0936,395.6737,2.214485
LMC,1983,1439.2883,377.866,2.259117
LMC,1984,1476.0952,373.6223,2.689506
LMC,1985,1513.6945,381.0568,3.967279
LMC,1986,1551.9239,396.3322,3.854429
LMC,1987,1590.5984,435.7432,3.626577
LMC,1988,1629.6551,472.6355,6.695247
LMC,1989,1669.1387,466.8188,3.671981
LMC,1990,1711.6349,457.2599,5.11143
LMC,1991,1752.3797,437.5941,2.120952
LMC,1992,1792.8211,440.5153,3.707204
LMC,1993,1833.6653,432.062,2.34237
LMC,1994,1874.6373,448.9681,3.967865
LMC,1995,1915.9437,483.1145,5.113104
LMC,1996,1957.5359,526.1236,6.336893
LMC,1997,1999.4291,544.3635,3.974889
LMC,1998,2041.7525,545.8256,4.521243
LMC,1999,2083.9958,562.8104,5.357751
LMC,2000,2126.5598,573.1691,4.203451
LMC,2001,2169.4743,581.1892,4.337122
LMC,2002,2211.5496,583.4059,4.512888
LMC,2003,2253.2061,631.8653,5.943934
LMC,2004,2295.276,725.0798,7.095559
LMC,2005,2336.9114,820.5984,6.699936
LMC,2006,2378.7833,903.8962,6.966164
LMC,2007,2421.5452,1029.278,6.891186
LMC,2008,2464.0369,1153.434,4.583069
LMC,2009,2506.7956,1264.979,5.953623
LMC,2010,2550.2646,1372.64,6.853863
LMC,2011,2593.8151,1498.153,4.75795
LMC,2012,2637.1013,1652.426,5.172216
LMC,2013,2679.8161,1752.735,5.677096
LMC,2014,2723.0619,1838.92,6.125455
LMC,2015,2765.0115,1859.916,5.933848
LMC,2016,2806.5902,1887.845,5.688139
LMC,2017,2847.9311,1937.014,5.453138
LMC,2018,2888.5618,2080.947,5.434405
LMC,2019,2928.6173,2165.778,4.070698
LMC,2020,2968.3989,2049.449,-3.601667
LMC,2021,3006.243,2249.243,6.657983
LMC,2022,3043.3584,2448.146,6.127844
LMC,2023,3082.0029,2532.108,6.016328
LMC,2024,3120.9837,2524.25,5.132163
LMY,1960,2083.7185,,
LMY,1961,2112.9568,,.9888292
LMY,1962,2155.3173,126.3485,3.574784
LMY,1963,2209.8058,133.636,4.798684
LMY,1964,2264.7311,146.2451,7.864501
LMY,1965,2320.5294,159.3852,6.083061
LMY,1966,2379.893,166.2562,4.925836
LMY,1967,2439.4378,167.1468,3.201388
LMY,1968,2500.7744,172.0331,6.096285
LMY,1969,2564.343,186.7078,8.193546
LMY,1970,2629.5706,199.5147,7.960797
LMY,1971,2695.3873,210.6828,6.172665
LMY,1972,2760.3005,227.9361,6.149776
LMY,1973,2826.2866,272.1244,6.869309
LMY,1974,2892.0612,337.2761,6.030212
LMY,1975,2956.659,400.5515,4.265862
LMY,1976,3020.4885,421.0315,6.24784
LMY,1977,3084.0566,436.5792,4.571698
LMY,1978,3148.9211,474.8688,3.675394
LMY,1979,3215.701,545.8143,4.588225
LMY,1980,3283.9102,624.9398,4.722556
LMY,1981,3353.2952,664.3513,1.920615
LMY,1982,3426.0559,650.9547,2.88212
LMY,1983,3500.3587,608.7109,1.600816
LMY,1984,3574.6057,606.9338,4.677023
LMY,1985,3650.2578,617.0646,4.499848
LMY,1986,3727.94,643.6868,3.678297
LMY,1987,3807.5679,688.2769,4.645889
LMY,1988,3887.6175,728.6371,4.115713
LMY,1989,3967.6598,731.4187,3.055727
LMY,1990,4049.6201,759.9839,3.135262
LMY,1991,4127.8535,757.0109,2.876941
LMY,1992,4205.2241,802.2546,4.280142
LMY,1993,4282.4933,830.08,5.025425
LMY,1994,4358.6511,883.5314,5.14913
LMY,1995,4434.7182,956.9925,4.610224
LMY,1996,4511.3115,1059.975,6.248044
LMY,1997,4587.7999,1131.736,5.671573
LMY,1998,4664.1775,1110.445,3.344858
LMY,1999,4739.5958,1100.921,3.667502
LMY,2000,4814.2503,1139.956,5.573938
LMY,2001,4888.5515,1145.842,3.643917
LMY,2002,4961.9266,1154.444,4.799246
LMY,2003,5034.8245,1246.089,5.934586
LMY,2004,5108.1836,1433.807,7.678346
LMY,2005,5181.5624,1651.733,7.368146
LMY,2006,5255.1574,1889.093,8.217433
LMY,2007,5328.1587,2209.392,8.840577
LMY,2008,5402.2451,2573.682,5.940123
LMY,2009,5477.3891,2797.733,4.019209
LMY,2010,5553.2575,3134.409,8.15913
LMY,2011,5630.2272,3496.833,6.361384
LMY,2012,5709.1879,3942.854,5.487119
LMY,2013,5787.4697,4255.648,5.618806
LMY,2014,5865.3174,4419.712,5.193793
LMY,2015,5941.3722,4368.179,4.706414
LMY,2016,6017.2983,4325.357,4.738206
LMY,2017,6094.1969,4421.531,5.319628
LMY,2018,6169.9174,4732.199,5.009759
LMY,2019,6243.8492,4955.766,4.136591
LMY,2020,6314.2232,4782.882,-1.057443
LMY,2021,6378.6458,5266.253,7.414215
LMY,2022,6438.2723,5650.914,3.959051
LMY,2023,6499.2195,5908.526,4.817738
LMY,2024,6563.7199,5937.956,4.333465
LSO,1960,.7365,,
LSO,1961,.758824,,1.864795
LSO,1962,.781814,,15.33181
LSO,1963,.805373,,10.61507
LSO,1964,.829437,,8.251118
LSO,1965,.85409,,2.154106
LSO,1966,.88187,80,-.4055214
LSO,1967,.913982,90,10.91206
LSO,1968,.948105,80,-.36712
LSO,1969,.983202,80,1.547537
LSO,1970,1.019273,90,2.177071
LSO,1971,1.056246,90,5.113718
LSO,1972,1.094063,100,-.2027083
LSO,1973,1.132697,140,26.40488
LSO,1974,1.17242,210,10.98009
LSO,1975,1.213643,220,-13.5135
LSO,1976,1.253214,260,11.04913
LSO,1977,1.289967,300,21.80903
LSO,1978,1.32724,320,18.31688
LSO,1979,1.366169,380,2.893919
LSO,1980,1.406521,420,-2.744779
LSO,1981,1.448069,490,.6946381
LSO,1982,1.490732,570,4.457204
LSO,1983,1.534413,510,1.986165
LSO,1984,1.578986,460,5.534898
LSO,1985,1.624379,380,2.610249
LSO,1986,1.666138,360,4.684856
LSO,1987,1.70339,390,.7297282
LSO,1988,1.739841,460,8.601919
LSO,1989,1.775436,490,5.795244
LSO,1990,1.809696,510,6.045473
LSO,1991,1.842379,550,6.966607
LSO,1992,1.873274,620,6.956365
LSO,1993,1.901793,630,3.509766
LSO,1994,1.927707,660,5.979874
LSO,1995,1.951437,670,3.290938
LSO,1996,1.972418,690,5.597036
LSO,1997,1.98813,690,3.703604
LSO,1998,1.998049,620,1.537656
LSO,1999,2.003234,610,.476025
LSO,2000,2.003913,590,3.875547
LSO,2001,2.000853,650,3.561582
LSO,2002,1.994679,600,.7238361
LSO,2003,1.985059,680,4.559777
LSO,2004,1.971129,820,1.692374
LSO,2005,1.953076,1040,3.466122
LSO,2006,1.945063,1160,4.230095
LSO,2007,1.953268,1320,4.187914
LSO,2008,1.966541,1310,5.52342
LSO,2009,1.980883,1190,-1.253758
LSO,2010,1.996251,1270,5.269671
LSO,2011,2.014009,1350,4.616414
LSO,2012,2.034354,1490,6.334084
LSO,2013,2.056504,1440,1.792526
LSO,2014,2.080089,1330,1.71055
LSO,2015,2.104611,1280,3.124067
LSO,2016,2.130422,1240,3.608907
LSO,2017,2.15711,1160,-3.138175
LSO,2018,2.183603,1250,-1.480633
LSO,2019,2.209405,1310,-1.417994
LSO,2020,2.235727,1170,-8.155959
LSO,2021,2.261542,1190,2.266711
LSO,2022,2.28611,1270,2.38778
LSO,2023,2.311472,1250,1.826625
LSO,2024,2.337423,1170,2.762238
LTE,1960,1094.8837,,
LTE,1961,1096.9595,,-3.711684
LTE,1962,1111.2931,136.9771,2.979334
LTE,1963,1137.0566,147.1949,4.138083
LTE,1964,1162.4053,162.5796,7.189969
LTE,1965,1188.4518,177.2356,6.665676
LTE,1966,1217.2204,189.5712,7.702214
LTE,1967,1245.1303,187.415,1.765789
LTE,1968,1273.8201,191.7957,5.182521
LTE,1969,1304.0683,212.3611,9.978923
LTE,1970,1334.9638,235.8232,10.83686
LTE,1971,1366.4878,251.7711,8.508298
LTE,1972,1396.4075,276.2044,7.880715
LTE,1973,1425.3815,334.216,9.835939
LTE,1974,1452.9196,406.9296,4.963027
LTE,1975,1478.2658,474.9772,4.347908
LTE,1976,1502.2691,502.4562,6.611447
LTE,1977,1524.9471,538.2253,6.339325
LTE,1978,1547.677,588.0255,6.662687
LTE,1979,1570.2729,687.1895,7.770415
LTE,1980,1592.4394,772.7752,7.302403
LTE,1981,1615.1069,802.725,.141176
LTE,1982,1639.7938,774.334,1.93682
LTE,1983,1664.3946,719.2264,1.751639
LTE,1984,1688.122,734.025,7.828564
LTE,1985,1712.5855,747.7188,7.240101
LTE,1986,1738.5048,804.7373,5.78428
LTE,1987,1765.7997,878.8928,6.446234
LTE,1988,1793.2203,958.7858,5.135355
LTE,1989,1819.9528,1016.727,4.731116
LTE,1990,1844.7181,1023.99,.2476223
LTE,1991,1868.2722,1066.51,.5095785
LTE,1992,1890.8205,1082.599,.8259715
LTE,1993,1912.0103,1112.137,4.34305
LTE,1994,1932.6509,1181.323,4.466339
LTE,1995,1952.7021,1352.715,5.692242
LTE,1996,1972.2547,1558.656,5.116997
LTE,1997,1991.506,1708.065,5.651041
LTE,1998,2010.1695,1660.651,2.87529
LTE,1999,2027.6289,1597.801,4.663949
LTE,2000,2043.5813,1643.364,7.031922
LTE,2001,2058.6005,1656.181,5.194782
LTE,2002,2072.5996,1735.5,6.051842
LTE,2003,2086.1391,1934.679,6.881346
LTE,2004,2099.4127,2296.628,8.201511
LTE,2005,2112.6034,2715.111,7.79496
LTE,2006,2126.1223,3217.891,9.293006
LTE,2007,2139.9586,3908.045,10.20445
LTE,2008,2153.9413,4737.823,6.95746
LTE,2009,2167.3034,5181.048,3.741217
LTE,2010,2179.5254,5833.486,8.033159
LTE,2011,2193.1713,6575.091,7.160762
LTE,2012,2209.3593,7555.002,5.827598
LTE,2013,2225.0834,8357.176,5.644044
LTE,2014,2241.2375,8773.164,5.280991
LTE,2015,2256.2761,8608.029,4.700943
LTE,2016,2271.0284,8452.285,4.447474
LTE,2017,2286.0953,8659.31,5.30207
LTE,2018,2298.6527,9463.989,5.441093
LTE,2019,2309.1644,10143.56,4.745542
LTE,2020,2316.4618,10031.4,.3036938
LTE,2021,2320.4495,11145.78,7.586253
LTE,2022,2324.1256,11995.9,3.302867
LTE,2023,2326.6369,12640.23,4.353489
LTE,2024,2328.8908,12797.32,4.453015
LTU,1960,2.77855,,
LTU,1961,2.82355,,
LTU,1962,2.86335,,
LTU,1963,2.89895,,
LTU,1964,2.9352,,
LTU,1965,2.97145,,
LTU,1966,3.00805,,
LTU,1967,3.0444,,
LTU,1968,3.07885,,
LTU,1969,3.107321,,
LTU,1970,3.139689,,
LTU,1971,3.179041,,
LTU,1972,3.213622,,
LTU,1973,3.244438,,
LTU,1974,3.273894,,
LTU,1975,3.301652,,
LTU,1976,3.328664,,
LTU,1977,3.355036,,
LTU,1978,3.379514,,
LTU,1979,3.397842,,
LTU,1980,3.413202,,
LTU,1981,3.432947,,
LTU,1982,3.457179,,
LTU,1983,3.485192,,
LTU,1984,3.514205,,
LTU,1985,3.544543,,
LTU,1986,3.578914,,
LTU,1987,3.616367,,
LTU,1988,3.655049,,
LTU,1989,3.684255,,
LTU,1990,3.697838,,
LTU,1991,3.704134,,-5.675663
LTU,1992,3.700114,,-21.25897
LTU,1993,3.682613,,-16.22686
LTU,1994,3.657144,,-9.766052
LTU,1995,3.629102,,3.29008
LTU,1996,3.601613,,5.026944
LTU,1997,3.575137,2610,8.300631
LTU,1998,3.549331,2870,7.462937
LTU,1999,3.524238,2990,-1.097008
LTU,2000,3.499536,3220,3.418622
LTU,2001,3.470818,3460,6.484127
LTU,2002,3.443067,3830,6.71984
LTU,2003,3.415213,4700,10.5519
LTU,2004,3.377075,6020,6.502035
LTU,2005,3.322528,7580,7.731447
LTU,2006,3.269909,8810,7.395481
LTU,2007,3.231294,10590,11.07793
LTU,2008,3.198231,12670,2.599462
LTU,2009,3.162916,12480,-14.83861
LTU,2010,3.097282,12430,.4271996
LTU,2011,3.028115,13200,6.323637
LTU,2012,2.989139,14040,4.382906
LTU,2013,2.96125,15310,4.046913
LTU,2014,2.937253,16020,3.772544
LTU,2015,2.911109,15220,2.832806
LTU,2016,2.877325,14890,2.671922
LTU,2017,2.842639,15260,4.612243
LTU,2018,2.8192,17550,4.918368
LTU,2019,2.811089,19200,4.677352
LTU,2020,2.810369,19800,.0428158
LTU,2021,2.80838,22040,6.380016
LTU,2022,2.831639,23900,2.537526
LTU,2023,2.871585,25280,.3422627
LTU,2024,2.888055,26950,2.772631
LUX,1960,.31397,,
LUX,1961,.316845,,3.829983
LUX,1962,.32075,1730,1.358678
LUX,1963,.3241,1790,3.439109
LUX,1964,.32775,1980,7.865829
LUX,1965,.3315,2040,-.7349336
LUX,1966,.333895,2140,1.105904
LUX,1967,.334995,2200,.2167308
LUX,1968,.33585,2380,4.183872
LUX,1969,.3375,2720,9.972857
LUX,1970,.339171,3050,1.759934
LUX,1971,.342421,3350,2.667234
LUX,1972,.3466,4050,6.598194
LUX,1973,.35045,5200,8.312681
LUX,1974,.35505,6850,4.212466
LUX,1975,.35895,7890,-6.571371
LUX,1976,.360731,8470,2.534329
LUX,1977,.361358,9030,1.569779
LUX,1978,.362007,10600,4.074971
LUX,1979,.362856,12870,2.345609
LUX,1980,.36415,15390,.8408878
LUX,1981,.365225,15400,-.550957
LUX,1982,.365525,14850,1.131298
LUX,1983,.365622,13410,2.989081
LUX,1984,.365998,12990,6.18694
LUX,1985,.366706,13050,2.791704
LUX,1986,.368355,15520,9.983934
LUX,1987,.37075,19980,3.950976
LUX,1988,.37345,25870,8.463285
LUX,1989,.3771,28540,9.79806
LUX,1990,.38185,31330,5.319933
LUX,1991,.387,35170,8.644191
LUX,1992,.392175,38990,1.819653
LUX,1993,.397475,40050,4.200647
LUX,1994,.402925,41330,3.820922
LUX,1995,.408625,45760,1.4322
LUX,1996,.414225,48560,1.398075
LUX,1997,.41945,49360,5.419831
LUX,1998,.4247,46350,6.674513
LUX,1999,.430475,46520,8.175181
LUX,2000,.4363,45690,6.93813
LUX,2001,.441525,45000,3.074356
LUX,2002,.446175,42520,3.225418
LUX,2003,.45163,46050,2.619379
LUX,2004,.458095,62680,4.231889
LUX,2005,.465158,73180,2.482875
LUX,2006,.472637,71370,6.016716
LUX,2007,.479993,85730,8.098667
LUX,2008,.48865,86000,-.3001756
LUX,2009,.497783,70650,-3.238954
LUX,2010,.506953,77640,3.760415
LUX,2011,.518347,79210,1.044299
LUX,2012,.530946,87950,1.649902
LUX,2013,.54336,85160,3.17179
LUX,2014,.556319,86760,2.623087
LUX,2015,.569604,73530,2.269784
LUX,2016,.582014,73730,4.97819
LUX,2017,.596336,75800,1.317187
LUX,2018,.60795,80120,1.611296
LUX,2019,.620001,79280,2.749319
LUX,2020,.630419,80090,-.5100516
LUX,2021,.640064,86850,6.929734
LUX,2022,.653103,84200,-1.095054
LUX,2023,.66643,89650,-.6936327
LUX,2024,.677717,91470,1.031617
LVA,1960,2.120979,,
LVA,1961,2.152681,,
LVA,1962,2.181586,,
LVA,1963,2.210919,,
LVA,1964,2.240623,,
LVA,1965,2.265919,,
LVA,1966,2.283217,,
LVA,1967,2.30122,,
LVA,1968,2.323619,,
LVA,1969,2.343173,,
LVA,1970,2.359164,,
LVA,1971,2.376389,,
LVA,1972,2.395674,,
LVA,1973,2.415819,,
LVA,1974,2.437186,,
LVA,1975,2.45613,,
LVA,1976,2.470989,,
LVA,1977,2.485073,,
LVA,1978,2.497921,,
LVA,1979,2.505953,,
LVA,1980,2.511701,,
LVA,1981,2.519421,,
LVA,1982,2.53108,,
LVA,1983,2.546011,,
LVA,1984,2.562047,,
LVA,1985,2.578873,,
LVA,1986,2.599892,,
LVA,1987,2.626583,,
LVA,1988,2.653434,,
LVA,1989,2.666955,,
LVA,1990,2.663151,,
LVA,1991,2.650581,,-12.59522
LVA,1992,2.614338,,-32.11857
LVA,1993,2.56329,,-4.98298
LVA,1994,2.520742,,2.189912
LVA,1995,2.485056,,-.9447606
LVA,1996,2.457222,,2.299961
LVA,1997,2.432851,2640,9.171476
LVA,1998,2.410019,2790,6.550003
LVA,1999,2.390482,2910,2.818405
LVA,2000,2.36755,3240,5.841026
LVA,2001,2.33717,3520,6.460578
LVA,2002,2.310173,3850,7.665488
LVA,2003,2.287955,4530,8.429132
LVA,2004,2.263122,5610,8.725143
LVA,2005,2.238799,7120,11.61532
LVA,2006,2.218357,8590,12.82502
LVA,2007,2.200325,10730,10.41454
LVA,2008,2.177322,12830,-3.388717
LVA,2009,2.141669,13360,-16.04002
LVA,2010,2.097555,12250,-3.661259
LVA,2011,2.059709,12470,3.036345
LVA,2012,2.034319,13430,7.305241
LVA,2013,2.012647,14340,2.09609
LVA,2014,1.993782,14810,2.09496
LVA,2015,1.977527,14580,3.783367
LVA,2016,1.959537,14300,2.551686
LVA,2017,1.942248,14360,3.398949
LVA,2018,1.927174,16010,4.309713
LVA,2019,1.913822,17010,.6753728
LVA,2020,1.900449,17350,-3.469228
LVA,2021,1.88449,19310,6.942542
LVA,2022,1.879383,20620,1.806772
LVA,2023,1.877445,21400,2.854218
LVA,2024,1.862441,21930,-.4424911
MAC,1960,.173315,,
MAC,1961,.173323,,
MAC,1962,.17781,,
MAC,1963,.182135,,
MAC,1964,.225655,,
MAC,1965,.265631,,
MAC,1966,.262942,,
MAC,1967,.260423,,
MAC,1968,.257933,,
MAC,1969,.255306,,
MAC,1970,.257396,,
MAC,1971,.2474,,
MAC,1972,.24505,,
MAC,1973,.2428,,
MAC,1974,.24055,,
MAC,1975,.2382,,
MAC,1976,.2356,,
MAC,1977,.23295,,
MAC,1978,.2324,,
MAC,1979,.2352,,
MAC,1980,.23965,,
MAC,1981,.2448,,
MAC,1982,.25465,,
MAC,1983,.2693,,10.02242
MAC,1984,.28285,4590,8.460702
MAC,1985,.2897,4500,.7327843
MAC,1986,.29605,5220,6.693195
MAC,1987,.30685,6540,14.29342
MAC,1988,.316,7600,7.811245
MAC,1989,.3251,8270,5.024888
MAC,1990,.33495,9210,7.979376
MAC,1991,.35165,10050,3.659414
MAC,1992,.3709,12280,13.2992
MAC,1993,.384,13790,5.185974
MAC,1994,.3968,15260,4.253452
MAC,1995,.4093,16420,3.295502
MAC,1996,.4151,16580,-.4184855
MAC,1997,.4173,16670,-.2793758
MAC,1998,.4223,15220,-4.570923
MAC,1999,.4274,14330,-2.358545
MAC,2000,.4306,14620,5.746591
MAC,2001,.4339,15910,2.88815
MAC,2002,.4384,16670,8.910875
MAC,2003,.4436,18510,11.64051
MAC,2004,.4547,23050,26.63099
MAC,2005,.4735,24430,8.075232
MAC,2006,.4989,25920,13.39059
MAC,2007,.5209,33070,14.4765
MAC,2008,.5407,32190,3.391297
MAC,2009,.535,35520,1.274378
MAC,2010,.537,45360,25.12279
MAC,2011,.5496,54610,21.61647
MAC,2012,.5679,60370,9.242145
MAC,2013,.5919,67800,10.75289
MAC,2014,.6217,68490,-2.048378
MAC,2015,.6429,58150,-21.51429
MAC,2016,.6525,59840,-.6791836
MAC,2017,.6484,67080,9.860051
MAC,2018,.6589,73020,6.405279
MAC,2019,.672,71780,-2.563415
MAC,2020,.6854,44000,-54.33611
MAC,2021,.6825,46850,23.53589
MAC,2022,.6773,45510,-19.60934
MAC,2023,.6788,65190,75.06186
MAC,2024,.687,,8.80816
MAF,1960,.00425,,
MAF,1961,.004386,,
MAF,1962,.004527,,
MAF,1963,.004673,,
MAF,1964,.004827,,
MAF,1965,.004996,,
MAF,1966,.005213,,
MAF,1967,.005472,,
MAF,1968,.005693,,
MAF,1969,.005868,,
MAF,1970,.006047,,
MAF,1971,.006228,,
MAF,1972,.006409,,
MAF,1973,.006596,,
MAF,1974,.006801,,
MAF,1975,.007038,,
MAF,1976,.007303,,
MAF,1977,.007569,,
MAF,1978,.007822,,
MAF,1979,.008063,,
MAF,1980,.008288,,
MAF,1981,.008498,,
MAF,1982,.009494,,
MAF,1983,.011485,,
MAF,1984,.013733,,
MAF,1985,.016095,,
MAF,1986,.018558,,
MAF,1987,.021108,,
MAF,1988,.023749,,
MAF,1989,.026453,,
MAF,1990,.028224,,
MAF,1991,.0288,,
MAF,1992,.029081,,
MAF,1993,.029282,,
MAF,1994,.029413,,
MAF,1995,.02947,,
MAF,1996,.029443,,
MAF,1997,.029323,,
MAF,1998,.029107,,
MAF,1999,.029284,,
MAF,2000,.029996,,
MAF,2001,.030803,,
MAF,2002,.031604,,
MAF,2003,.032395,,
MAF,2004,.033171,,
MAF,2005,.033928,,
MAF,2006,.034658,,
MAF,2007,.035337,,
MAF,2008,.035958,,
MAF,2009,.036502,,
MAF,2010,.036856,,
MAF,2011,.037069,,
MAF,2012,.037276,,
MAF,2013,.037419,,
MAF,2014,.03745,,
MAF,2015,.037369,,1
MAF,2016,.037175,,5
MAF,2017,.036837,,-8.000003
MAF,2018,.036012,,-7.999995
MAF,2019,.034267,,6.500004
MAF,2020,.031786,,-12.5
MAF,2021,.029961,,4.9
MAF,2022,.02887,,
MAF,2023,.027515,,
MAF,2024,.026129,,
MAR,1960,11.624933,,
MAR,1961,11.931085,,
MAR,1962,12.253092,,
MAR,1963,12.577502,,
MAR,1964,12.898886,,
MAR,1965,13.239171,,
MAR,1966,13.597065,,
MAR,1967,13.968175,,10.02884
MAR,1968,14.347899,240,9.891739
MAR,1969,14.734255,250,8.362165
MAR,1970,15.129449,260,4.71346
MAR,1971,15.527225,280,5.596894
MAR,1972,15.924692,310,2.437237
MAR,1973,16.326269,370,3.559311
MAR,1974,16.733842,460,5.59605
MAR,1975,17.150786,560,7.558221
MAR,1976,17.574182,600,10.81278
MAR,1977,18.014756,620,6.059168
MAR,1978,18.477385,670,2.232663
MAR,1979,18.955589,800,4.793787
MAR,1980,19.459943,1000,3.642165
MAR,1981,19.985401,990,-1.743435
MAR,1982,20.520318,970,8.957372
MAR,1983,21.060696,800,1.38657
MAR,1984,21.593778,740,6.418386
MAR,1985,22.113953,700,6.007652
MAR,1986,22.600803,790,9.271106
MAR,1987,23.054392,880,-.3250041
MAR,1988,23.500524,1100,11.87524
MAR,1989,23.939414,1130,2.846203
MAR,1990,24.375551,1180,3.411812
MAR,1991,24.799014,1260,7.216088
MAR,1992,25.212468,1300,-2.097739
MAR,1993,25.614586,1250,-.7405917
MAR,1994,26.000822,1380,10.588
MAR,1995,26.399429,1330,-5.405448
MAR,1996,26.808107,1550,12.37288
MAR,1997,27.213337,1490,-1.560702
MAR,1998,27.621648,1540,7.238553
MAR,1999,28.027179,1550,1.697061
MAR,2000,28.423435,1580,2.582181
MAR,2001,28.814643,1580,7.721825
MAR,2002,29.198142,1550,3.730197
MAR,2003,29.571415,1740,6.171102
MAR,2004,29.953018,2060,4.57138
MAR,2005,30.358144,2300,3.19225
MAR,2006,30.771178,2490,7.79082
MAR,2007,31.186468,2630,3.441068
MAR,2008,31.606767,2970,5.684539
MAR,2009,32.030778,3150,3.74577
MAR,2010,32.467016,3190,3.499557
MAR,2011,32.912588,3260,5.524645
MAR,2012,33.355241,3230,3.062344
MAR,2013,33.787571,3350,4.122213
MAR,2014,34.20478,3330,2.719244
MAR,2015,34.607588,3300,4.344583
MAR,2016,35.023457,3150,.5211855
MAR,2017,35.446392,3160,5.057898
MAR,2018,35.83976,3380,3.065641
MAR,2019,36.210898,3510,2.890975
MAR,2020,36.584208,3260,-7.178207
MAR,2021,36.954442,3630,8.154738
MAR,2022,37.329064,3690,1.527204
MAR,2023,37.712505,3760,3.403341
MAR,2024,38.081173,3760,3.236514
MCO,1960,.021808,,
MCO,1961,.021901,,
MCO,1962,.022078,,
MCO,1963,.022385,,
MCO,1964,.022686,,
MCO,1965,.022941,,
MCO,1966,.023131,,
MCO,1967,.02323,,
MCO,1968,.023437,,
MCO,1969,.023831,,
MCO,1970,.024229,,
MCO,1971,.024576,,5.22806
MCO,1972,.024862,,4.64831
MCO,1973,.025072,,6.553758
MCO,1974,.025235,,4.474611
MCO,1975,.0255,,-.9726375
MCO,1976,.025895,,4.411629
MCO,1977,.026273,,3.553236
MCO,1978,.026605,,3.953551
MCO,1979,.026892,,3.534205
MCO,1980,.027122,,1.685457
MCO,1981,.027293,,.9223784
MCO,1982,.027561,,2.432389
MCO,1983,.02796,,1.194973
MCO,1984,.028356,,1.484516
MCO,1985,.028731,,1.7087
MCO,1986,.029093,,2.452365
MCO,1987,.029446,,2.484574
MCO,1988,.029781,,4.598601
MCO,1989,.030084,,4.163659
MCO,1990,.030358,,2.643454
MCO,1991,.030625,,1.015129
MCO,1992,.030887,,1.366639
MCO,1993,.031136,,-.9139197
MCO,1994,.031375,,2.215624
MCO,1995,.031609,,2.117153
MCO,1996,.031837,,1.110732
MCO,1997,.032063,,2.237249
MCO,1998,.032267,,3.503266
MCO,1999,.03241,,3.300539
MCO,2000,.032455,,3.91023
MCO,2001,.032447,,2.187734
MCO,2002,.032422,,1.026498
MCO,2003,.032374,,1.087537
MCO,2004,.032307,,2.470483
MCO,2005,.03221,,1.895414
MCO,2006,.032057,,5.817648
MCO,2007,.031837,,14.43751
MCO,2008,.031836,,.7468712
MCO,2009,.032364,,-11.33699
MCO,2010,.033163,,2.06522
MCO,2011,.033946,,7.022357
MCO,2012,.034711,,1.012218
MCO,2013,.035447,,9.577098
MCO,2014,.036128,,7.187028
MCO,2015,.036757,,4.910372
MCO,2016,.037276,,3.008444
MCO,2017,.037678,,-3.206183
MCO,2018,.038154,,5.697901
MCO,2019,.038109,,7.12089
MCO,2020,.03805,,-13.23911
MCO,2021,.038527,,22.23222
MCO,2022,.038931,,11.04694
MCO,2023,.038956,,5.043383
MCO,2024,.038631,,
MDA,1960,2.05802,,
MDA,1961,2.103327,,
MDA,1962,2.147227,,
MDA,1963,2.188895,,
MDA,1964,2.228,,
MDA,1965,2.265287,,
MDA,1966,2.301871,,
MDA,1967,2.337695,,
MDA,1968,2.373073,,
MDA,1969,2.408469,,
MDA,1970,2.43759,,
MDA,1971,2.460611,,
MDA,1972,2.484742,,
MDA,1973,2.510584,,
MDA,1974,2.538164,,
MDA,1975,2.566998,,
MDA,1976,2.596491,,
MDA,1977,2.626298,,
MDA,1978,2.656211,,
MDA,1979,2.683035,,
MDA,1980,2.708675,,
MDA,1981,2.735987,,
MDA,1982,2.763101,,
MDA,1983,2.791207,,
MDA,1984,2.820518,,
MDA,1985,2.850787,,
MDA,1986,2.883057,,
MDA,1987,2.916306,,
MDA,1988,2.948891,,
MDA,1989,2.970039,,
MDA,1990,2.977912,,
MDA,1991,2.981566,,-16
MDA,1992,2.980965,790,-29.1
MDA,1993,2.975966,800,-1.2
MDA,1994,2.966745,570,-30.9
MDA,1995,2.9532,590,-1.399999
MDA,1996,2.947293,600,-5.87706
MDA,1997,2.936413,630,1.647065
MDA,1998,2.935227,580,-6.542192
MDA,1999,2.930622,510,-3.368254
MDA,2000,2.924668,490,2.107716
MDA,2001,2.918135,500,6.1
MDA,2002,2.911385,590,7.8
MDA,2003,2.903198,710,6.6
MDA,2004,2.896023,910,7.4
MDA,2005,2.888985,1120,7.5
MDA,2006,2.880967,1280,4.8
MDA,2007,2.874299,1440,3
MDA,2008,2.868833,1870,7.8
MDA,2009,2.865213,1950,-6
MDA,2010,2.862354,2380,7.1
MDA,2011,2.860699,2730,5.818166
MDA,2012,2.860324,3140,-.589734
MDA,2013,2.859558,3620,9.043865
MDA,2014,2.857815,3730,4.999626
MDA,2015,2.835978,3290,-.3382356
MDA,2016,2.803186,3170,4.646014
MDA,2017,2.755189,3300,4.175612
MDA,2018,2.707203,3850,4.075595
MDA,2019,2.664224,4490,3.552314
MDA,2020,2.63513,4360,-8.275978
MDA,2021,2.595809,5270,13.93
MDA,2022,2.528654,5540,-4.6
MDA,2023,2.457783,6250,1.2
MDA,2024,2.389275,6940,.1030594
MDG,1960,5.111029,,
MDG,1961,5.246158,,2.048633
MDG,1962,5.38415,130,2.27107
MDG,1963,5.525185,130,-.9294016
MDG,1964,5.669863,140,3.962519
MDG,1965,5.819116,140,-.4522539
MDG,1966,5.974279,150,2.064552
MDG,1967,6.136486,160,5.528565
MDG,1968,6.306493,170,6.828786
MDG,1969,6.484716,170,3.721222
MDG,1970,6.672003,180,5.276455
MDG,1971,6.868868,180,3.929365
MDG,1972,7.074398,190,-1.272622
MDG,1973,7.288048,210,-2.618478
MDG,1974,7.509726,260,2.006879
MDG,1975,7.739336,300,1.258692
MDG,1976,7.976831,290,-3.068858
MDG,1977,8.22224,300,2.364
MDG,1978,8.475864,300,-2.661806
MDG,1979,8.737581,380,9.85465
MDG,1980,9.006032,480,.9527076
MDG,1981,9.279011,490,-9.8
MDG,1982,9.557671,500,-1.9
MDG,1983,9.843044,460,.9
MDG,1984,10.13455,420,1.760182
MDG,1985,10.433142,380,1.156344
MDG,1986,10.736857,380,1.960225
MDG,1987,11.047291,350,1.174913
MDG,1988,11.369462,330,3.406929
MDG,1989,11.704998,290,4.074881
MDG,1990,12.055639,300,3.128905
MDG,1991,12.421412,260,-6.306352
MDG,1992,12.80087,280,1.180885
MDG,1993,13.197345,280,2.099923
MDG,1994,13.61385,270,-.0421013
MDG,1995,14.051275,270,1.678592
MDG,1996,14.510711,280,2.154204
MDG,1997,14.990814,290,3.693493
MDG,1998,15.489364,290,3.917075
MDG,1999,16.000506,270,4.699227
MDG,2000,16.516338,280,4.456859
MDG,2001,17.032939,290,5.980236
MDG,2002,17.549913,260,-12.40797
MDG,2003,18.071854,320,9.784892
MDG,2004,18.606608,330,5.257004
MDG,2005,19.159707,320,4.755845
MDG,2006,19.730909,310,5.398509
MDG,2007,20.318583,360,5.710564
MDG,2008,20.92384,430,6.712633
MDG,2009,21.54728,450,-3.978709
MDG,2010,22.18334,450,.6192397
MDG,2011,22.8223,460,1.578427
MDG,2012,23.462438,470,3.011148
MDG,2013,24.10929,490,2.300376
MDG,2014,24.764348,500,3.339203
MDG,2015,25.426702,470,3.132298
MDG,2016,26.099952,450,3.993146
MDG,2017,26.788375,450,3.933308
MDG,2018,27.494926,480,3.194356
MDG,2019,28.219554,500,4.411232
MDG,2020,28.953556,450,-7.137671
MDG,2021,29.691083,470,4.650683
MDG,2022,30.437261,500,4.156098
MDG,2023,31.195932,510,4.203046
MDG,2024,31.964956,510,4.2
MDV,1960,.091189,,
MDV,1961,.09345,,
MDV,1962,.095802,,
MDV,1963,.098222,,
MDV,1964,.100662,,
MDV,1965,.104102,,
MDV,1966,.108507,,
MDV,1967,.112528,,
MDV,1968,.116075,,
MDV,1969,.119564,,
MDV,1970,.123219,,
MDV,1971,.127035,,5.207226
MDV,1972,.130968,160,2.424242
MDV,1973,.134952,190,1.577909
MDV,1974,.138978,240,5.728155
MDV,1975,.143158,210,-7.988981
MDV,1976,.147525,170,.5988024
MDV,1977,.15193,150,11.25235
MDV,1978,.156159,150,14.68472
MDV,1979,.16036,190,10.66421
MDV,1980,.164835,240,18.57286
MDV,1981,.169532,270,11.76471
MDV,1982,.174333,240,-3.012212
MDV,1983,.179128,260,16.2563
MDV,1984,.184198,370,26.95547
MDV,1985,.190169,510,15.41604
MDV,1986,.196935,630,9.360589
MDV,1987,.203944,670,8.829156
MDV,1988,.210885,820,8.730342
MDV,1989,.217738,820,9.326808
MDV,1990,.224762,920,16.9523
MDV,1991,.231802,900,1.442696
MDV,1992,.238543,990,6.670825
MDV,1993,.244884,1090,5.556769
MDV,1994,.250822,1250,7.749486
MDV,1995,.256649,1530,12.98578
MDV,1996,.262347,1640,7.858647
MDV,1997,.267707,1740,8.397941
MDV,1998,.272723,1830,7.494683
MDV,1999,.277412,1950,6.175656
MDV,2000,.282019,2050,3.84581
MDV,2001,.286767,2240,-3.943634
MDV,2002,.291616,2650,7.268386
MDV,2003,.296491,3470,13.75005
MDV,2004,.301413,3890,5.924892
MDV,2005,.306429,3660,-11.17731
MDV,2006,.313851,4710,23.63027
MDV,2007,.324479,4570,7.13338
MDV,2008,.33617,5500,8.976455
MDV,2009,.348275,5490,-8.340699
MDV,2010,.360792,6000,6.785468
MDV,2011,.373674,6720,8.843426
MDV,2012,.386818,6810,2.389288
MDV,2013,.40007,7050,6.974962
MDV,2014,.413617,7720,7.860686
MDV,2015,.428154,8210,3.868135
MDV,2016,.443308,8720,6.375283
MDV,2017,.458287,9400,7.074429
MDV,2018,.473099,10220,8.568955
MDV,2019,.487731,10730,6.92306
MDV,2020,.502118,7050,-32.90883
MDV,2021,.516154,9350,37.50787
MDV,2022,.524106,10570,13.82609
MDV,2023,.525994,11090,4.726392
MDV,2024,.527799,11650,5.133962
MEA,1960,157.93339,,
MEA,1961,162.06866,,6.139369
MEA,1962,166.39094,,5.441034
MEA,1963,170.88128,,10.55384
MEA,1964,175.54868,,9.566086
MEA,1965,180.3611,225.1288,11.80334
MEA,1966,185.36608,236.6805,6.644598
MEA,1967,190.66458,247.4417,7.747777
MEA,1968,196.09832,278.4762,12.27561
MEA,1969,201.74264,305.998,10.41399
MEA,1970,207.56965,335.4039,17.42156
MEA,1971,213.43835,364.6704,8.957615
MEA,1972,219.44835,429.41,13.5595
MEA,1973,225.80804,505.7359,11.16074
MEA,1974,232.39211,718.0411,8.692507
MEA,1975,239.40581,958.4974,.1179571
MEA,1976,246.82188,1268.208,13.85214
MEA,1977,254.46306,1346.821,3.799654
MEA,1978,262.3939,1456.049,-.2491114
MEA,1979,270.666,1773.162,5.612016
MEA,1980,279.34779,2075.844,1.460591
MEA,1981,288.39173,2265.466,.5381063
MEA,1982,297.67122,2255.433,-1.27606
MEA,1983,307.30186,2107.995,-.4040768
MEA,1984,317.36646,2026.818,.1211563
MEA,1985,327.6815,2029.695,.5977796
MEA,1986,338.2096,2046.341,-1.525276
MEA,1987,348.93345,2072.795,.9962223
MEA,1988,359.72841,2040.886,2.301214
MEA,1989,370.72443,1956.13,3.882729
MEA,1990,383.27903,2120.269,8.568527
MEA,1991,394.25165,1800.744,2.216847
MEA,1992,405.84728,1862.291,6.273819
MEA,1993,417.15034,1732.986,2.461149
MEA,1994,428.11744,1700.164,3.088984
MEA,1995,438.96886,1733.464,3.209646
MEA,1996,449.85939,1844.398,5.100421
MEA,1997,460.86408,1929.036,4.135053
MEA,1998,472.04703,1905.545,4.166029
MEA,1999,483.43051,1890.278,2.788258
MEA,2000,494.85032,2031.363,6.368455
MEA,2001,506.47826,2108.046,1.962333
MEA,2002,518.19309,2096.42,2.086474
MEA,2003,530.33899,2222.342,4.702684
MEA,2004,543.08651,2545.158,7.94197
MEA,2005,556.21021,2889.399,5.288065
MEA,2006,569.8985,3277.101,5.991181
MEA,2007,583.74383,3733.872,5.231341
MEA,2008,597.7991,4300.367,4.375592
MEA,2009,612.1285,4430.472,1.113227
MEA,2010,624.82866,4717.001,4.807314
MEA,2011,639.05387,5024.972,3.794015
MEA,2012,653.27344,5643.759,3.965315
MEA,2013,667.46401,5940.939,2.424302
MEA,2014,680.71658,5939.599,3.072011
MEA,2015,694.23297,5535.418,2.727504
MEA,2016,707.02352,5307.997,4.484585
MEA,2017,718.88774,5121.998,2.244334
MEA,2018,730.36233,5351.482,2.610824
MEA,2019,742.71446,5441.881,1.486011
MEA,2020,756.40528,5005.608,-3.307831
MEA,2021,767.57845,5352.678,5.084888
MEA,2022,782.34937,5961.588,6.37745
MEA,2023,797.80145,6211.314,2.153758
MEA,2024,813.11881,6174.094,1.941875
MEX,1960,36.724615,,
MEX,1961,37.890118,,5
MEX,1962,39.1292,370,4.664415
MEX,1963,40.424065,400,8.106887
MEX,1964,41.772049,450,11.90548
MEX,1965,43.174477,490,7.1
MEX,1966,44.629106,520,6.096139
MEX,1967,46.129608,560,5.854925
MEX,1968,47.668303,620,9.423279
MEX,1969,49.233194,650,3.41862
MEX,1970,50.814953,690,6.502484
MEX,1971,52.412558,740,3.762468
MEX,1972,54.030168,830,8.228807
MEX,1973,55.667284,1000,7.86112
MEX,1974,57.320149,1220,5.776827
MEX,1975,58.9824,1480,5.744485
MEX,1976,60.645512,1550,4.417444
MEX,1977,62.308493,1490,3.39064
MEX,1978,63.979046,1600,8.956943
MEX,1979,65.648865,1910,9.69817
MEX,1980,67.300334,2580,8.756622
MEX,1981,68.892108,3310,9.585841
MEX,1982,70.43326,3040,-.0495864
MEX,1983,71.97124,2410,-4.624128
MEX,1984,73.506846,2220,3.513413
MEX,1985,75.043414,2300,1.919216
MEX,1986,76.585637,2090,-3.92996
MEX,1987,78.136651,2070,2.063363
MEX,1988,79.695531,2120,1.218261
MEX,1989,81.247182,2400,3.625449
MEX,1990,82.82017,2820,5.250043
MEX,1991,84.430572,3280,3.975905
MEX,1992,86.044809,3810,3.568614
MEX,1993,87.653807,4640,2.866999
MEX,1994,89.259205,5540,4.394128
MEX,1995,90.862455,5110,-5.9103
MEX,1996,92.452702,4900,6.218297
MEX,1997,94.021207,4930,7.198876
MEX,1998,95.575245,5340,6.185079
MEX,1999,97.115707,5850,2.75503
MEX,2000,98.625552,6570,5.029284
MEX,2001,100.0991,7100,-.4508452
MEX,2002,101.54862,7490,-.236588
MEX,2003,102.97852,7780,1.185545
MEX,2004,104.39413,8240,3.565441
MEX,2005,105.8115,8490,2.113247
MEX,2006,107.25367,9140,4.805014
MEX,2007,108.77436,9720,2.077864
MEX,2008,110.37429,10260,.9433319
MEX,2009,111.99972,9230,-6.29525
MEX,2010,113.6239,9470,4.971334
MEX,2011,115.2435,9760,3.444045
MEX,2012,116.81821,10500,3.553211
MEX,2013,118.34357,10710,.8521016
MEX,2014,119.78426,10950,2.503763
MEX,2015,121.07231,10580,2.702323
MEX,2016,122.25135,9740,1.772493
MEX,2017,123.40006,9270,1.871729
MEX,2018,124.57371,9560,1.972082
MEX,2019,125.76298,9860,-.3926905
MEX,2020,126.79905,8920,-8.354034
MEX,2021,127.64815,9880,6.048483
MEX,2022,128.61312,10730,3.710989
MEX,2023,129.73976,12000,3.295391
MEX,2024,130.86101,12800,1.454062
MHL,1960,.014703,,
MHL,1961,.015219,,
MHL,1962,.015755,,
MHL,1963,.016302,,
MHL,1964,.016852,,
MHL,1965,.017402,,
MHL,1966,.017927,,
MHL,1967,.018655,,
MHL,1968,.019862,,
MHL,1969,.021305,,
MHL,1970,.02253,,
MHL,1971,.023366,,2.309912
MHL,1972,.023992,520,1.081842
MHL,1973,.024581,710,33.92276
MHL,1974,.025296,850,15.32314
MHL,1975,.026154,860,.0602602
MHL,1976,.027021,860,.3613339
MHL,1977,.027906,900,2.430242
MHL,1978,.028809,990,5.623904
MHL,1979,.029738,1110,2.135329
MHL,1980,.030774,1120,-7.195223
MHL,1981,.032017,1240,6.436513
MHL,1982,.033397,1270,4.831229
MHL,1983,.034811,1410,15.508
MHL,1984,.036264,1470,3.866025
MHL,1985,.037761,1390,-6.257292
MHL,1986,.039286,1800,24.5425
MHL,1987,.040828,2060,9.363754
MHL,1988,.042321,2270,7.789047
MHL,1989,.043586,2170,-1.691609
MHL,1990,.044629,2210,2.676247
MHL,1991,.045568,2240,.0877993
MHL,1992,.046388,2500,7.140881
MHL,1993,.047093,2690,6.00625
MHL,1994,.047712,2890,5.877697
MHL,1995,.048266,3210,8.213294
MHL,1996,.048775,2790,-10.30296
MHL,1997,.049259,2630,-6.445675
MHL,1998,.049717,2690,-.674096
MHL,1999,.050202,2810,-1.334722
MHL,2000,.050706,2940,2.45443
MHL,2001,.051123,3100,6.930045
MHL,2002,.051425,3100,3.63579
MHL,2003,.051639,3200,-1.561675
MHL,2004,.051791,3400,-.4083555
MHL,2005,.051906,3610,1.791045
MHL,2006,.051992,3540,.1759531
MHL,2007,.052035,3730,3.688524
MHL,2008,.05203,3630,-7.566347
MHL,2009,.052019,3730,3.665241
MHL,2010,.052044,3820,5.539187
MHL,2011,.051907,3860,-.5025126
MHL,2012,.051419,3860,-1.290685
MHL,2013,.050681,4350,3.808982
MHL,2014,.049796,4560,-1.259584
MHL,2015,.0488,4980,1.885746
MHL,2016,.047709,5060,2.504083
MHL,2017,.046529,5310,3.558152
MHL,2018,.045285,6040,5.487179
MHL,2019,.044007,6770,10.45212
MHL,2020,.042706,6610,-2.772887
MHL,2021,.041367,6660,1.222273
MHL,2022,.040077,7500,-1.118068
MHL,2023,.038827,7860,-3.934871
MHL,2024,.037548,8380,2.770968
MIC,1960,1968.9695,,
MIC,1961,1995.5075,,1.123652
MIC,1962,2035.0698,127.2852,3.291716
MIC,1963,2086.652,134.5656,4.928566
MIC,1964,2138.5276,148.1146,8.142767
MIC,1965,2191.1412,161.7502,6.176222
MIC,1966,2247.1857,169.0916,4.997672
MIC,1967,2303.2286,169.8855,3.236509
MIC,1968,2360.9121,174.9257,6.184875
MIC,1969,2420.7494,189.9292,8.255838
MIC,1970,2482.1533,203.1375,8.119501
MIC,1971,2544.0741,214.39,6.223129
MIC,1972,2605.0936,231.9768,6.285004
MIC,1973,2666.9821,277.324,7.029316
MIC,1974,2728.4558,343.6051,6.02848
MIC,1975,2788.6948,408.0896,4.305376
MIC,1976,2848.0952,429.1328,6.318461
MIC,1977,2907.0994,444.9531,4.615987
MIC,1978,2966.7863,483.9805,3.773382
MIC,1979,3028.0447,556.5237,4.684641
MIC,1980,3091.4858,637.2751,4.774231
MIC,1981,3157.2645,678.5224,1.904039
MIC,1982,3225.8164,665.621,2.918491
MIC,1983,3294.7127,623.2166,1.617275
MIC,1984,3363.3504,623.2904,4.797925
MIC,1985,3433.3805,634.6161,4.552354
MIC,1986,3505.4955,662.6779,3.71572
MIC,1987,3579.4888,709.3486,4.656755
MIC,1988,3653.9609,750.4153,4.121669
MIC,1989,3728.1391,753.9012,3.117605
MIC,1990,3804.2816,783.9012,3.260607
MIC,1991,3876.9178,779.0572,2.892882
MIC,1992,3947.407,830.7039,4.357494
MIC,1993,4016.605,861.8758,5.129402
MIC,1994,4085.1425,920.6368,5.219853
MIC,1995,4153.549,1000.242,4.606457
MIC,1996,4221.979,1112.812,6.269996
MIC,1997,4290.3829,1190.28,5.657965
MIC,1998,4358.4591,1168.729,3.317866
MIC,1999,4425.2699,1159.598,3.691927
MIC,2000,4491.582,1201.467,5.624189
MIC,2001,4557.282,1207.776,3.637642
MIC,2002,4620.8913,1216.687,4.789725
MIC,2003,4683.5801,1314.04,5.940654
MIC,2004,4746.8779,1513.138,7.715479
MIC,2005,4809.7742,1744.882,7.389234
MIC,2006,4872.1164,1998.091,8.269568
MIC,2007,4933.7104,2340.001,8.900288
MIC,2008,4996.3824,2729.175,5.956626
MIC,2009,5059.8117,2969.987,4.029845
MIC,2010,5123.7419,3334.376,8.189935
MIC,2011,5188.5684,3729.151,6.479922
MIC,2012,5255.535,4218.778,5.658108
MIC,2013,5322.3818,4563.034,5.668847
MIC,2014,5388.8466,4744.721,5.225337
MIC,2015,5453.0639,4695.498,4.805707
MIC,2016,5516.149,4657.782,4.793282
MIC,2017,5579.3064,4771.435,5.365862
MIC,2018,5640.3953,5117.447,5.038087
MIC,2019,5698.8682,5367.874,4.145015
MIC,2020,5753.5801,5189.022,-1.057606
MIC,2021,5802.5692,5726.384,7.489764
MIC,2022,5846.7908,6154.832,3.962784
MIC,2023,5891.4448,6447.849,4.875683
MIC,2024,5939.1118,6489.198,4.355499
MKD,1960,1.435059,,
MKD,1961,1.455171,,
MKD,1962,1.471745,,
MKD,1963,1.488737,,
MKD,1964,1.5109,,
MKD,1965,1.533466,,
MKD,1966,1.557349,,
MKD,1967,1.582492,,
MKD,1968,1.60893,,
MKD,1969,1.636345,,
MKD,1970,1.664208,,
MKD,1971,1.691216,,
MKD,1972,1.717395,,
MKD,1973,1.743816,,
MKD,1974,1.770545,,
MKD,1975,1.797972,,
MKD,1976,1.82583,,
MKD,1977,1.853138,,
MKD,1978,1.879847,,
MKD,1979,1.906523,,
MKD,1980,1.933038,,
MKD,1981,1.959065,,
MKD,1982,1.978956,,
MKD,1983,1.991901,,
MKD,1984,2.003399,,
MKD,1985,2.014331,,
MKD,1986,2.024732,,
MKD,1987,2.035157,,
MKD,1988,2.045737,,
MKD,1989,2.055649,,
MKD,1990,2.063689,,
MKD,1991,2.055994,,-6.170768
MKD,1992,2.032523,1710,-6.565199
MKD,1993,2.006854,1440,-7.469271
MKD,1994,1.992666,1390,-1.758166
MKD,1995,1.998534,1780,-1.114728
MKD,1996,2.012553,2160,1.185104
MKD,1997,1.996869,2220,1.439981
MKD,1998,2.007523,2010,3.378736
MKD,1999,2.017142,1910,4.339028
MKD,2000,2.02635,1920,4.549136
MKD,2001,2.034882,1820,-3.067257
MKD,2002,2.020157,1850,1.493665
MKD,2003,2.022725,2120,2.222602
MKD,2004,2.016186,2610,4.674089
MKD,2005,2.00533,3070,4.724089
MKD,2006,1.994287,3430,5.137025
MKD,2007,1.982933,3730,6.473487
MKD,2008,1.971493,4540,5.472002
MKD,2009,1.958782,4860,-.3586149
MKD,2010,1.946298,5010,3.358751
MKD,2011,1.937398,5140,2.339886
MKD,2012,1.929821,5090,-.4561832
MKD,2013,1.922716,5400,2.925258
MKD,2014,1.917557,5630,3.629123
MKD,2015,1.91243,5550,3.855865
MKD,2016,1.906313,5440,2.848205
MKD,2017,1.898657,5390,1.081773
MKD,2018,1.889051,6050,2.880597
MKD,2019,1.876262,6520,3.910419
MKD,2020,1.856124,6460,-4.68845
MKD,2021,1.837114,7050,4.51068
MKD,2022,1.831712,7570,2.758884
MKD,2023,1.827816,7900,2.072542
MKD,2024,1.792179,8360,2.756249
MLI,1960,5.40255,,
MLI,1961,5.482283,,
MLI,1962,5.563917,,
MLI,1963,5.646605,,
MLI,1964,5.730125,,
MLI,1965,5.815487,,
MLI,1966,5.902204,,
MLI,1967,5.990906,,
MLI,1968,6.082979,,3.70841
MLI,1969,6.177704,50,.2309994
MLI,1970,6.276472,60,6.136955
MLI,1971,6.377944,60,2.568996
MLI,1972,6.483726,70,5.844017
MLI,1973,6.597106,80,-1.455116
MLI,1974,6.715436,90,-1.528826
MLI,1975,6.837261,120,11.62505
MLI,1976,6.960979,130,13.62344
MLI,1977,7.090979,150,6.348647
MLI,1978,7.229651,160,-1.463476
MLI,1979,7.375266,210,10.39568
MLI,1980,7.530515,230,-4.32584
MLI,1981,7.692766,230,1.508804
MLI,1982,7.860194,190,-7.378433
MLI,1983,8.0344,160,1.820874
MLI,1984,8.208599,150,-.2870111
MLI,1985,8.374663,170,20.28663
MLI,1986,8.531277,190,2.692621
MLI,1987,8.681164,220,-.1391643
MLI,1988,8.833996,270,7.389721
MLI,1989,8.999938,270,4.177388
MLI,1990,9.17883,270,-2.502395
MLI,1991,9.362888,300,11.7452
MLI,1992,9.55354,310,-3.218663
MLI,1993,9.754786,300,3.172168
MLI,1994,9.967031,270,3.779934
MLI,1995,10.185365,250,.9210224
MLI,1996,10.407278,260,7.055785
MLI,1997,10.646495,270,4.829024
MLI,1998,10.919573,260,7.571668
MLI,1999,11.227415,280,5.700943
MLI,2000,11.55929,270,-.060835
MLI,2001,11.912158,290,15.37624
MLI,2002,12.28805,280,3.106308
MLI,2003,12.684955,330,9.119042
MLI,2004,13.102409,410,1.559999
MLI,2005,13.538647,520,7.504684
MLI,2006,13.990139,620,6.654261
MLI,2007,14.457775,650,3.875028
MLI,2008,14.940782,740,6.537354
MLI,2009,15.435539,790,4.63351
MLI,2010,15.945198,830,6.921722
MLI,2011,16.469049,860,4.019135
MLI,2012,16.957033,850,-.5705886
MLI,2013,17.459615,880,2.382126
MLI,2014,18.020267,910,7.602535
MLI,2015,18.593022,890,5.974716
MLI,2016,19.191289,870,6.005063
MLI,2017,19.813011,860,5.375548
MLI,2018,20.44203,930,4.86785
MLI,2019,21.068405,960,4.999999
MLI,2020,21.713836,930,-1.169075
MLI,2021,22.38863,960,3.100941
MLI,2022,23.07264,990,3.508283
MLI,2023,23.769127,1010,4.717161
MLI,2024,24.478595,1020,5.004546
MLT,1960,.32655,,
MLT,1961,.32525,,
MLT,1962,.3239,,
MLT,1963,.32255,,
MLT,1964,.32125,,
MLT,1965,.3188,,
MLT,1966,.3152,,
MLT,1967,.31155,,
MLT,1968,.3079,,
MLT,1969,.3043,,
MLT,1970,.30265,,
MLT,1971,.3027,,2.453994
MLT,1972,.30245,1090,5.838327
MLT,1973,.3022,1260,4.146138
MLT,1974,.301996,1560,10.0364
MLT,1975,.304222,1990,19.56008
MLT,1976,.305774,2120,17.01709
MLT,1977,.30697,2320,12.18417
MLT,1978,.310182,2660,11.16116
MLT,1979,.313342,3300,10.49077
MLT,1980,.316645,4280,7.049711
MLT,1981,.318982,4670,3.311762
MLT,1982,.325898,4550,2.284452
MLT,1983,.330524,3940,-.6123901
MLT,1984,.330593,3830,.942371
MLT,1985,.336452,3690,2.58528
MLT,1986,.342121,4000,3.88519
MLT,1987,.344485,4930,4.110515
MLT,1988,.347325,6260,8.414236
MLT,1989,.350722,6910,8.179106
MLT,1990,.35417,7600,6.291391
MLT,1991,.363845,7940,6.256493
MLT,1992,.367618,8720,4.690932
MLT,1993,.371308,8570,4.480749
MLT,1994,.374797,8600,5.651104
MLT,1995,.377419,9270,6.342493
MLT,1996,.379905,10000,3.777336
MLT,1997,.382791,10530,5.256981
MLT,1998,.385287,10250,5.125601
MLT,1999,.387578,10720,4.719976
MLT,2000,.390087,11480,19.68127
MLT,2001,.393028,11030,-.7566726
MLT,2002,.395969,10770,2.74112
MLT,2003,.398582,12210,3.694261
MLT,2004,.401268,14200,.4071597
MLT,2005,.403834,15380,2.880671
MLT,2006,.405308,16330,2.336123
MLT,2007,.406724,17990,5.036664
MLT,2008,.409379,20290,4.410126
MLT,2009,.412477,20050,-1.395343
MLT,2010,.414508,21390,6.197345
MLT,2011,.416268,22030,.9919637
MLT,2012,.420028,22450,4.10259
MLT,2013,.42481,23330,6.291716
MLT,2014,.433481,24590,7.631129
MLT,2015,.44422,25470,9.621098
MLT,2016,.454505,23820,4.077719
MLT,2017,.467106,26690,12.97212
MLT,2018,.483903,29030,7.189096
MLT,2019,.503912,29830,4.084706
MLT,2020,.51549,28050,-3.358343
MLT,2021,.51815,32540,13.29979
MLT,2022,.531113,33300,4.269319
MLT,2023,.552747,34500,6.796313
MLT,2024,.574346,34660,5.969282
MMR,1960,21.73025,,
MMR,1961,22.210581,,.4715611
MMR,1962,22.704719,30,4.086873
MMR,1963,23.213408,30,13.34929
MMR,1964,23.737315,20,-5.894019
MMR,1965,24.279431,20,10.69265
MMR,1966,24.836496,10,-4.851779
MMR,1967,25.406429,10,-5.925259
MMR,1968,25.989662,20,12.05934
MMR,1969,26.585112,20,3.291741
MMR,1970,27.193016,20,4.979331
MMR,1971,27.807219,20,4.129962
MMR,1972,28.428324,20,2.435841
MMR,1973,29.026388,30,-.9681247
MMR,1974,29.598167,30,5.342376
MMR,1975,30.176565,40,4.152709
MMR,1976,30.758811,40,6.080396
MMR,1977,31.355966,40,5.952287
MMR,1978,31.972976,30,6.517817
MMR,1979,32.59655,30,5.201277
MMR,1980,33.227204,40,7.938538
MMR,1981,33.858783,40,6.355754
MMR,1982,34.482965,40,5.603877
MMR,1983,35.162715,40,4.391093
MMR,1984,35.899313,40,4.932728
MMR,1985,36.622827,40,2.851
MMR,1986,37.314878,40,-1.057349
MMR,1987,37.971594,40,-4.005632
MMR,1988,38.600927,40,-11.35244
MMR,1989,39.214618,50,3.695297
MMR,1990,39.817251,50,2.816933
MMR,1991,40.394154,50,-.6506169
MMR,1992,40.950342,60,9.660942
MMR,1993,41.502429,70,6.03941
MMR,1994,42.055143,80,7.477958
MMR,1995,42.605338,110,6.948051
MMR,1996,43.15486,130,6.442715
MMR,1997,43.708798,130,5.651583
MMR,1998,44.257793,130,5.866213
MMR,1999,44.787724,150,10.94513
MMR,2000,45.290841,190,13.74593
MMR,2001,45.771139,190,11.344
MMR,2002,46.232653,170,12.02551
MMR,2003,46.667192,190,13.844
MMR,2004,47.068772,230,13.56466
MMR,2005,47.438365,280,13.56895
MMR,2006,47.785135,300,13.0761
MMR,2007,48.125043,360,11.99144
MMR,2008,48.390793,490,10.25531
MMR,2009,48.660459,660,10.55001
MMR,2010,49.024382,880,9.634439
MMR,2011,49.41982,1040,5.591482
MMR,2012,49.837446,1170,7.33267
MMR,2013,50.262658,1260,8.426001
MMR,2014,50.681634,1260,8.169908
MMR,2015,51.089056,1230,6.99284
MMR,2016,51.495696,1230,5.862473
MMR,2017,51.894938,1230,6.136108
MMR,2018,52.272247,1310,6.268862
MMR,2019,52.640713,1380,6.57911
MMR,2020,53.016522,1320,-9.048347
MMR,2021,53.387102,1240,-12.01637
MMR,2022,53.756787,1290,4.037493
MMR,2023,54.133798,1230,.9584466
MMR,2024,54.500091,1220,-.9720464
MNA,1960,151.88305,,
MNA,1961,155.79624,,3.748431
MNA,1962,159.84926,,2.619273
MNA,1963,164.08278,155.0158,11.22026
MNA,1964,168.4744,166.0304,10.1733
MNA,1965,173.01208,184.5852,12.22515
MNA,1966,177.75689,194.0947,7.15539
MNA,1967,182.73406,204.4033,7.57549
MNA,1968,187.87769,228.1196,12.42977
MNA,1969,193.18437,250.2166,11.04015
MNA,1970,198.63104,268.7785,8.711707
MNA,1971,204.09932,287.3182,5.557311
MNA,1972,209.69761,337.4882,11.88599
MNA,1973,215.56911,389.3819,5.459053
MNA,1974,221.66866,515.7457,7.381558
MNA,1975,228.18738,664.7868,3.118052
MNA,1976,235.05898,821.1317,15.16566
MNA,1977,242.09839,858.9682,1.682878
MNA,1978,249.39207,924.3941,-1.850696
MNA,1979,256.97619,1076.909,-.5309997
MNA,1980,264.94853,1217.815,-3.31884
MNA,1981,273.28852,1259.278,-1.43962
MNA,1982,281.84479,1347.551,10.94241
MNA,1983,290.72192,1316.707,4.752198
MNA,1984,300.04213,1301.475,.1621717
MNA,1985,309.56634,1388.667,4.35939
MNA,1986,319.25781,1445.343,-1.791321
MNA,1987,329.10168,1489.94,1.026134
MNA,1988,339.01367,1436.686,1.825102
MNA,1989,349.12079,1322.933,2.848366
MNA,1990,361.3222,1466.23,9.880116
MNA,1991,371.61066,1101.217,1.212996
MNA,1992,381.99594,1083.188,4.964883
MNA,1993,392.37149,952.2811,1.538992
MNA,1994,402.4754,921.3475,2.310108
MNA,1995,412.44729,918.7369,2.959865
MNA,1996,422.36893,992.0911,5.960259
MNA,1997,432.33492,1040.275,3.46095
MNA,1998,442.47597,1050.658,5.419689
MNA,1999,452.79342,1070.322,4.214265
MNA,2000,462.98052,1143.401,5.749206
MNA,2001,473.22366,1189.233,2.836137
MNA,2002,483.54052,1183.172,3.19085
MNA,2003,494.28861,1231.049,2.80148
MNA,2004,505.61858,1393.403,7.701097
MNA,2005,517.24078,1572.431,4.950825
MNA,2006,529.15846,1761.123,5.400409
MNA,2007,540.83811,2021.765,5.817498
MNA,2008,552.68199,2335.509,3.463284
MNA,2009,565.03825,2520.354,2.83078
MNA,2010,577.39604,2704.362,4.830407
MNA,2011,589.64604,2816.202,-.3755135
MNA,2012,601.56699,3141.635,3.556024
MNA,2013,613.15129,3234.895,1.11754
MNA,2014,624.56406,3165.035,2.396325
MNA,2015,635.35269,2910.405,1.11209
MNA,2016,645.83791,2875.759,5.56694
MNA,2017,656.76761,2805.579,3.339703
MNA,2018,668.44743,2833.32,2.554069
MNA,2019,680.491,2751.48,1.219077
MNA,2020,692.53203,2478.21,-2.860877
MNA,2021,704.4588,2606.851,4.468193
MNA,2022,716.50866,2818.929,4.179183
MNA,2023,729.07745,2883.861,2.838367
MNA,2024,741.69092,2846.642,1.965874
MNE,1960,.480579,,
MNE,1961,.49114,,
MNE,1962,.502558,,
MNE,1963,.513409,,
MNE,1964,.521753,,
MNE,1965,.526327,,
MNE,1966,.526419,,
MNE,1967,.522796,,
MNE,1968,.517481,,
MNE,1969,.51334,,
MNE,1970,.512407,,
MNE,1971,.515449,,
MNE,1972,.521785,,
MNE,1973,.53022,,
MNE,1974,.538902,,
MNE,1975,.546487,,
MNE,1976,.552562,,
MNE,1977,.557576,,
MNE,1978,.562065,,
MNE,1979,.566888,,
MNE,1980,.572608,,
MNE,1981,.579445,,
MNE,1982,.587001,,
MNE,1983,.594506,,
MNE,1984,.600884,,
MNE,1985,.605398,,
MNE,1986,.607711,,
MNE,1987,.608144,,
MNE,1988,.607413,,
MNE,1989,.606571,,
MNE,1990,.606372,,
MNE,1991,.607105,,
MNE,1992,.608516,,
MNE,1993,.61017,,
MNE,1994,.611389,,
MNE,1995,.611712,,
MNE,1996,.611003,,
MNE,1997,.60952,,
MNE,1998,.607662,,4.900006
MNE,1999,.606001,1360,-9.399998
MNE,2000,.60495,1510,3.1
MNE,2001,.607389,1710,1.099839
MNE,2002,.609828,1970,1.903937
MNE,2003,.612267,2440,2.482659
MNE,2004,.613353,3100,4.426051
MNE,2005,.614261,3660,4.180604
MNE,2006,.615025,4320,8.566418
MNE,2007,.615875,5120,6.81015
MNE,2008,.616969,6470,7.222753
MNE,2009,.618294,6740,-5.795097
MNE,2010,.619428,6920,2.734331
MNE,2011,.620345,7260,3.228451
MNE,2012,.621418,6990,-2.723791
MNE,2013,.622587,7310,3.54898
MNE,2014,.623744,7300,1.783699
MNE,2015,.624651,7230,3.390381
MNE,2016,.625353,7060,2.94928
MNE,2017,.625982,7370,4.716465
MNE,2018,.626438,8390,5.077889
MNE,2019,.626753,9070,4.062945
MNE,2020,.62659,7830,-15.30689
MNE,2021,.625053,9280,13.04346
MNE,2022,.623591,10370,6.40668
MNE,2023,.623529,11450,6.337698
MNE,2024,.623831,12020,3.040316
MNG,1960,.977595,,
MNG,1961,1.009284,,
MNG,1962,1.041444,,
MNG,1963,1.071362,,
MNG,1964,1.100234,,
MNG,1965,1.131177,,
MNG,1966,1.163754,,
MNG,1967,1.196996,,
MNG,1968,1.22993,,
MNG,1969,1.262284,,
MNG,1970,1.295272,,
MNG,1971,1.330071,,
MNG,1972,1.366821,,
MNG,1973,1.405502,,
MNG,1974,1.44605,,
MNG,1975,1.488296,,
MNG,1976,1.531945,,
MNG,1977,1.576245,,
MNG,1978,1.619468,,
MNG,1979,1.660659,,
MNG,1980,1.701335,,
MNG,1981,1.742857,,
MNG,1982,1.785364,,8.342136
MNG,1983,1.829092,1440,5.834038
MNG,1984,1.874349,1320,5.933419
MNG,1985,1.921514,1230,5.712872
MNG,1986,1.970965,1350,9.374994
MNG,1987,2.0228,1520,3.458648
MNG,1988,2.076322,1700,5.107972
MNG,1989,2.124185,1600,4.178196
MNG,1990,2.09871,1490,-3.18446
MNG,1991,2.165342,1230,-8.693544
MNG,1992,2.16779,830,-9.256466
MNG,1993,2.16513,540,-3.168792
MNG,1994,2.189395,440,2.134383
MNG,1995,2.224945,480,6.376427
MNG,1996,2.259507,570,2.235094
MNG,1997,2.29175,590,3.896713
MNG,1998,2.323809,530,3.339936
MNG,1999,2.356813,480,3.070369
MNG,2000,2.388299,470,1.146062
MNG,2001,2.417751,480,2.952711
MNG,2002,2.449027,530,4.732978
MNG,2003,2.480374,610,7.004634
MNG,2004,2.508412,760,10.62541
MNG,2005,2.536407,890,7.253665
MNG,2006,2.567168,1110,8.556234
MNG,2007,2.60185,1400,10.24802
MNG,2008,2.643201,1790,8.900368
MNG,2009,2.691115,1780,-1.268599
MNG,2010,2.738622,1990,6.365162
MNG,2011,2.786317,2570,17.29078
MNG,2012,2.839705,3630,12.31982
MNG,2013,2.899011,4310,11.64892
MNG,2014,2.963113,4180,7.885225
MNG,2015,3.026864,3770,2.379836
MNG,2016,3.088856,3460,1.489784
MNG,2017,3.148917,3200,5.636877
MNG,2018,3.208189,3650,7.744881
MNG,2019,3.267673,3800,5.602244
MNG,2020,3.327204,3690,-4.557752
MNG,2021,3.383741,3690,1.63677
MNG,2022,3.433748,4340,5.03271
MNG,2023,3.481145,4870,7.422113
MNG,2024,3.524788,5350,4.864001
MNP,1960,.008736,,
MNP,1961,.008995,,
MNP,1962,.00928,,
MNP,1963,.009595,,
MNP,1964,.009925,,
MNP,1965,.010264,,
MNP,1966,.010612,,
MNP,1967,.010749,,
MNP,1968,.010468,,
MNP,1969,.009989,,
MNP,1970,.01017,,
MNP,1971,.011271,,
MNP,1972,.012636,,
MNP,1973,.01388,,
MNP,1974,.014655,,
MNP,1975,.015065,,
MNP,1976,.015438,,
MNP,1977,.015787,,
MNP,1978,.01613,,
MNP,1979,.016488,,
MNP,1980,.017625,,
MNP,1981,.019826,,
MNP,1982,.02235,,
MNP,1983,.024936,,
MNP,1984,.027575,,
MNP,1985,.030258,,
MNP,1986,.03298,,
MNP,1987,.035736,,
MNP,1988,.038519,,
MNP,1989,.041303,,
MNP,1990,.043342,,
MNP,1991,.044393,,
MNP,1992,.045181,,
MNP,1993,.045952,,
MNP,1994,.04673,,
MNP,1995,.048176,,
MNP,1996,.051706,,
MNP,1997,.056596,,
MNP,1998,.061337,,
MNP,1999,.065916,,
MNP,2000,.068356,,
MNP,2001,.067984,,
MNP,2002,.066778,,
MNP,2003,.065421,,.3431709
MNP,2004,.063938,,-3.077975
MNP,2005,.062354,,-12.70289
MNP,2006,.060682,,-6.871463
MNP,2007,.058941,,-6.684028
MNP,2008,.05715,,-11.06977
MNP,2009,.055325,,-17.57322
MNP,2010,.054091,,1.395939
MNP,2011,.053608,,-7.38423
MNP,2012,.053234,,.8108108
MNP,2013,.052758,,2.680965
MNP,2014,.052178,,4.177546
MNP,2015,.051514,,3.383459
MNP,2016,.050773,,29.21212
MNP,2017,.049959,,23.17073
MNP,2018,.049077,,-19.49733
MNP,2019,.048129,,-11.44749
MNP,2020,.047528,,-29.05983
MNP,2021,.046979,,4.96988
MNP,2022,.046078,,16.64276
MNP,2023,.045143,,
MNP,2024,.044278,,
MOZ,1960,6.713695,,
MOZ,1961,6.834936,,
MOZ,1962,6.969364,,
MOZ,1963,7.109828,,
MOZ,1964,7.255061,,
MOZ,1965,7.406421,,
MOZ,1966,7.56299,,
MOZ,1967,7.72455,,
MOZ,1968,7.892613,,
MOZ,1969,8.066951,,
MOZ,1970,8.250506,,
MOZ,1971,8.456317,,
MOZ,1972,8.692935,,
MOZ,1973,8.954242,,
MOZ,1974,9.236093,,
MOZ,1975,9.540817,,
MOZ,1976,9.867209,,
MOZ,1977,10.224975,,
MOZ,1978,10.61825,,
MOZ,1979,11.028809,,
MOZ,1980,11.336221,,
MOZ,1981,11.568127,,5.000003
MOZ,1982,11.82437,,-6.9
MOZ,1983,12.073822,,-15.7
MOZ,1984,12.315954,,-6.5
MOZ,1985,12.548949,,.9999967
MOZ,1986,12.770578,,-2.299996
MOZ,1987,12.822574,,14.7
MOZ,1988,12.800558,,8.199995
MOZ,1989,12.906842,,6.500005
MOZ,1990,13.094537,,.9999928
MOZ,1991,13.35209,,4.925451
MOZ,1992,13.613316,,-7.576647
MOZ,1993,14.051192,230,10.94044
MOZ,1994,15.033853,200,6.440184
MOZ,1995,15.96053,190,2.122894
MOZ,1996,16.49248,220,10.69591
MOZ,1997,16.949982,250,11.81495
MOZ,1998,17.340464,290,10.36923
MOZ,1999,17.734506,330,11.81699
MOZ,2000,18.129653,330,.7662349
MOZ,2001,18.537729,330,12.85168
MOZ,2002,18.958338,300,9.668506
MOZ,2003,19.392475,330,7.217701
MOZ,2004,19.840313,380,8.204705
MOZ,2005,20.304569,420,6.312024
MOZ,2006,20.787087,450,9.910678
MOZ,2007,21.287635,480,7.649354
MOZ,2008,21.819036,530,6.878029
MOZ,2009,22.391745,570,5.928972
MOZ,2010,22.999235,550,6.679729
MOZ,2011,23.649039,570,7.134058
MOZ,2012,24.337846,630,7.994503
MOZ,2013,25.051611,690,6.571414
MOZ,2014,25.788475,710,7.702569
MOZ,2015,26.547572,670,7.393094
MOZ,2016,27.337105,550,4.69699
MOZ,2017,28.166393,480,2.638207
MOZ,2018,29.018644,470,3.484932
MOZ,2019,29.88438,500,2.317814
MOZ,2020,30.783688,480,-1.219522
MOZ,2021,31.7078,490,2.377436
MOZ,2022,32.656246,500,4.364451
MOZ,2023,33.63516,540,5.436859
MOZ,2024,34.631766,550,1.851775
MRT,1960,.824298,,
MRT,1961,.846167,,
MRT,1962,.869184,,.7266084
MRT,1963,.893423,180,-1.983768
MRT,1964,.918955,240,27.69089
MRT,1965,.945838,280,16.13833
MRT,1966,.974157,280,.230962
MRT,1967,1.003843,280,3.567133
MRT,1968,1.034739,300,10.19644
MRT,1969,1.066754,290,1.248532
MRT,1970,1.099806,300,11.98593
MRT,1971,1.133702,290,1.842886
MRT,1972,1.168355,300,-.7329079
MRT,1973,1.203838,360,-4.584757
MRT,1974,1.240188,500,12.16261
MRT,1975,1.27733,540,-5.134375
MRT,1976,1.315336,570,8.546105
MRT,1977,1.353768,580,-1.878594
MRT,1978,1.392713,590,-.5047138
MRT,1979,1.432758,670,4.79004
MRT,1980,1.474043,740,3.37121
MRT,1981,1.516877,750,3.450289
MRT,1982,1.561176,700,-2.339924
MRT,1983,1.606746,670,3.735342
MRT,1984,1.653693,630,-3.226864
MRT,1985,1.702107,600,2.994761
MRT,1986,1.751835,640,5.713579
MRT,1987,1.803014,690,1.900384
MRT,1988,1.855859,770,1.720398
MRT,1989,1.903048,800,4.777586
MRT,1990,1.951878,760,-1.771304
MRT,1991,2.009738,840,1.788087
MRT,1992,2.088135,940,1.874126
MRT,1993,2.174328,980,5.873637
MRT,1994,2.249454,870,-3.060732
MRT,1995,2.312017,900,9.8198
MRT,1996,2.358188,970,5.818827
MRT,1997,2.411306,880,-4.044696
MRT,1998,2.474651,840,2.777805
MRT,1999,2.541698,820,3.673178
MRT,2000,2.613441,730,-3.918026
MRT,2001,2.67876,660,-.7994938
MRT,2002,2.738655,660,1.381484
MRT,2003,2.802046,730,6.928269
MRT,2004,2.868664,820,4.732758
MRT,2005,2.939059,960,8.566287
MRT,2006,3.01366,1180,18.3332
MRT,2007,3.093059,1260,-1.969423
MRT,2008,3.183269,1430,-.3310792
MRT,2009,3.284448,1500,.0978759
MRT,2010,3.390965,1550,2.620229
MRT,2011,3.502811,1640,4.172783
MRT,2012,3.619034,1800,4.470013
MRT,2013,3.734318,1890,4.150813
MRT,2014,3.848514,1780,4.274823
MRT,2015,3.965959,1680,5.376339
MRT,2016,4.086657,1540,1.260909
MRT,2017,4.2106,1550,6.270545
MRT,2018,4.337685,1680,4.772174
MRT,2019,4.467708,1720,3.141005
MRT,2020,4.600131,1720,-.3606574
MRT,2021,4.734874,1810,.7427154
MRT,2022,4.875637,2010,6.796005
MRT,2023,5.022441,2130,6.507187
MRT,2024,5.169395,2090,5.2
MUS,1960,.680331,,
MUS,1961,.680757,,22.84909
MUS,1962,.700349,290,.8064869
MUS,1963,.718861,330,13.89453
MUS,1964,.736381,300,-6.889493
MUS,1965,.753,310,3.19698
MUS,1966,.768813,300,-3.568205
MUS,1967,.783917,310,4.38413
MUS,1968,.798413,280,-6.889656
MUS,1969,.812405,290,4.932971
MUS,1970,.826,280,-.402343
MUS,1971,.83923,300,4.273563
MUS,1972,.852053,350,8.346362
MUS,1973,.864819,470,11.98169
MUS,1974,.878042,660,8.811826
MUS,1975,.892,790,.9060903
MUS,1976,.906507,970,23.75244
MUS,1977,.921379,960,6.547619
MUS,1978,.933499,1030,3.830806
MUS,1979,.949888,1240,3.516526
MUS,1980,.966039,1260,-10.06126
MUS,1981,.980462,1290,5.882353
MUS,1982,.992521,1200,5.497076
MUS,1983,1.001691,1080,.3837953
MUS,1984,1.012221,1040,4.698386
MUS,1985,1.020528,1080,6.954475
MUS,1986,1.02836,1260,9.742033
MUS,1987,1.036082,1640,8.89104
MUS,1988,1.043239,2090,6.791347
MUS,1989,1.05126,2250,4.465148
MUS,1990,1.058775,2460,7.186737
MUS,1991,1.070266,2650,4.435446
MUS,1992,1.084441,3030,6.512699
MUS,1993,1.097374,3160,5.082063
MUS,1994,1.112846,3280,4.136143
MUS,1995,1.122457,3520,4.287736
MUS,1996,1.133996,3840,5.587844
MUS,1997,1.148284,3950,5.687478
MUS,1998,1.160421,3830,6.07194
MUS,1999,1.175267,3710,2.610932
MUS,2000,1.186873,3960,8.202792
MUS,2001,1.196287,4030,3.347541
MUS,2002,1.204621,4010,1.614919
MUS,2003,1.21337,4470,5.925446
MUS,2004,1.221003,5240,4.33002
MUS,2005,1.228254,5670,1.777543
MUS,2006,1.233996,5970,4.865545
MUS,2007,1.23963,6500,5.727016
MUS,2008,1.244121,7380,5.386962
MUS,2009,1.247429,7720,3.315077
MUS,2010,1.2504,8150,4.377203
MUS,2011,1.252404,8400,4.077538
MUS,2012,1.255882,9550,3.496118
MUS,2013,1.258927,10090,3.360406
MUS,2014,1.261208,10460,3.82697
MUS,2015,1.262879,10410,3.690557
MUS,2016,1.263747,10410,3.862468
MUS,2017,1.264887,10720,3.937984
MUS,2018,1.265577,12070,4.006741
MUS,2019,1.265985,12520,2.891285
MUS,2020,1.266014,10470,-14.54654
MUS,2021,1.266334,10840,3.403799
MUS,2022,1.262523,11620,8.693067
MUS,2023,1.261041,12070,5.007814
MUS,2024,1.259509,12850,4.693903
MWI,1960,3.628134,,
MWI,1961,3.715534,,7.639598
MWI,1962,3.806307,,.6683648
MWI,1963,3.900506,,-1.391078
MWI,1964,3.997305,,2.661103
MWI,1965,4.096157,,13.61649
MWI,1966,4.197926,,13.24904
MWI,1967,4.303012,,7.28155
MWI,1968,4.411054,,-1.923079
MWI,1969,4.521184,,5.88236
MWI,1970,4.633944,,.479298
MWI,1971,4.751434,,16.21856
MWI,1972,4.874475,,6.231349
MWI,1973,5.003938,,2.300662
MWI,1974,5.141337,,7.175963
MWI,1975,5.287367,,6.086824
MWI,1976,5.443384,,4.997731
MWI,1977,5.614983,,4.918031
MWI,1978,5.810132,,9.745068
MWI,1979,6.028749,,4.396154
MWI,1980,6.265529,,.4067464
MWI,1981,6.516454,,-5.290119
MWI,1982,6.778879,270,2.503454
MWI,1983,7.051709,260,3.718709
MWI,1984,7.33281,250,5.360304
MWI,1985,7.620508,240,4.570982
MWI,1986,7.90648,230,-.2148024
MWI,1987,8.293174,230,1.625239
MWI,1988,8.753262,240,3.177291
MWI,1989,9.17622,240,1.344689
MWI,1990,9.545852,270,5.692295
MWI,1991,9.844227,310,8.730232
MWI,1992,10.135079,290,-7.332978
MWI,1993,10.284024,310,9.69184
MWI,1994,10.164894,230,-10.24018
MWI,1995,10.150117,230,16.72882
MWI,1996,10.352228,250,7.316682
MWI,1997,10.562035,290,3.792419
MWI,1998,10.792876,290,3.895253
MWI,1999,11.047804,260,3.042278
MWI,2000,11.315942,230,1.576078
MWI,2001,11.593058,210,-4.974964
MWI,2002,11.88044,250,1.7
MWI,2003,12.181574,320,5.705639
MWI,2004,12.500737,440,5.420497
MWI,2005,12.840031,430,3.268726
MWI,2006,13.198701,440,4.7
MWI,2007,13.576343,480,9.599999
MWI,2008,13.976417,530,7.639736
MWI,2009,14.395788,590,8.32811
MWI,2010,14.826463,650,6.874066
MWI,2011,15.265022,710,4.93267
MWI,2012,15.709577,650,1.9
MWI,2013,16.161816,590,5.41035
MWI,2014,16.621538,530,5.62527
MWI,2015,17.085587,510,2.8
MWI,2016,17.557739,490,2.5
MWI,2017,18.039715,480,4
MWI,2018,18.528081,490,4.353565
MWI,2019,19.025752,540,5.716825
MWI,2020,19.533888,560,.7935964
MWI,2021,20.047258,600,4.558292
MWI,2022,20.568728,610,.921115
MWI,2023,21.104482,600,1.892458
MWI,2024,21.655286,540,1.82685
MYS,1960,7.956197,,
MYS,1961,8.164443,,7.597994
MYS,1962,8.380172,250,6.42103
MYS,1963,8.60216,260,7.338803
MYS,1964,8.828406,280,5.358963
MYS,1965,9.056408,320,7.684864
MYS,1966,9.284688,340,7.816711
MYS,1967,9.507099,350,3.857147
MYS,1968,9.725281,360,7.977994
MYS,1969,9.947597,370,4.888534
MYS,1970,10.178802,390,5.986538
MYS,1971,10.423453,420,10.03466
MYS,1972,10.676835,470,9.388445
MYS,1973,10.935621,610,11.70108
MYS,1974,11.200906,790,8.318662
MYS,1975,11.471914,910,.8010681
MYS,1976,11.750097,970,11.56349
MYS,1977,12.035713,1030,7.753058
MYS,1978,12.328157,1200,6.653892
MYS,1979,12.627862,1540,9.3491
MYS,1980,12.983363,1900,7.441827
MYS,1981,13.399203,2030,6.942104
MYS,1982,13.832798,1950,5.943152
MYS,1983,14.285907,1880,6.252231
MYS,1984,14.759009,2010,7.76179
MYS,1985,15.252258,1960,-1.02525
MYS,1986,15.760419,1900,1.240595
MYS,1987,16.276737,1990,5.191932
MYS,1988,16.796605,2170,9.937719
MYS,1989,17.314997,2290,9.059601
MYS,1990,17.833171,2420,9.008527
MYS,1991,18.342464,2590,9.545467
MYS,1992,18.834572,2900,8.885118
MYS,1993,19.322664,3260,9.894943
MYS,1994,19.820446,3630,9.212042
MYS,1995,20.330599,4080,9.829085
MYS,1996,20.850087,4540,10.0027
MYS,1997,21.375218,4660,7.322742
MYS,1998,21.906713,3670,-7.359415
MYS,1999,22.435531,3420,6.137612
MYS,2000,22.967816,3490,8.858869
MYS,2001,23.526538,3570,.5176753
MYS,2002,24.102477,3810,5.390988
MYS,2003,24.679602,4170,5.788499
MYS,2004,25.256772,4720,6.783438
MYS,2005,25.836071,5240,5.332139
MYS,2006,26.417909,5790,5.584847
MYS,2007,26.998389,6560,6.298786
MYS,2008,27.570059,7420,4.83177
MYS,2009,28.124778,7500,-1.513529
MYS,2010,28.655776,8130,7.424848
MYS,2011,29.162039,8890,5.293913
MYS,2012,29.662831,9980,5.473454
MYS,2013,30.174265,10590,4.693723
MYS,2014,30.696137,10840,6.006722
MYS,2015,31.232798,10350,5.091532
MYS,2016,31.789685,9800,4.449781
MYS,2017,32.355644,9560,5.812722
MYS,2018,32.910967,10200,4.843087
MYS,2019,33.440596,10750,4.413188
MYS,2020,33.889558,10110,-5.456847
MYS,2021,34.282399,10520,3.31535
MYS,2022,34.695493,11610,8.861822
MYS,2023,35.126298,11710,3.555487
MYS,2024,35.557673,11670,5.114155
NAC,1960,198.62256,,
NAC,1961,202.00512,,2.611166
NAC,1962,205.19624,3196.526,6.226771
NAC,1963,208.25134,3317.033,4.427485
NAC,1964,211.26041,3501.433,5.833818
NAC,1965,214.02846,3766.368,6.483596
NAC,1966,216.65653,4079.679,6.611621
NAC,1967,219.17351,4256.842,2.772857
NAC,1968,221.5004,4619.094,4.920273
NAC,1969,223.75631,4941.499,3.273884
NAC,1970,226.42812,5153.218,.4041981
NAC,1971,229.67564,5550.308,3.351698
NAC,1972,232.16727,6188.921,5.275139
NAC,1973,234.45372,7199.152,5.732036
NAC,1974,236.71502,7943.497,-.2178382
NAC,1975,239.1694,8523.416,-.0537262
NAC,1976,241.53802,9035.007,5.43354
NAC,1977,244.01817,9630.537,4.529806
NAC,1978,246.60163,10763.1,5.377302
NAC,1979,249.31006,12237,3.213028
NAC,1980,251.79434,13402.56,-.0441062
NAC,1981,254.33991,14325.51,2.614329
NAC,1982,256.83533,14026.86,-1.925182
NAC,1983,259.21323,14543.65,4.406438
NAC,1984,261.48722,16060.04,7.118363
NAC,1985,263.82166,17318.82,4.214377
NAC,1986,266.28917,18969.94,3.35032
NAC,1987,268.79187,21072.87,3.506586
NAC,1988,271.34745,23028.61,4.196652
NAC,1989,274.15291,23643.61,3.557749
NAC,1990,277.3717,24075.54,1.744437
NAC,1991,281.0764,24283.16,-.2731082
NAC,1992,284.94367,25676.04,3.308205
NAC,1993,288.66258,26433.68,2.744488
NAC,1994,292.18586,27474.94,4.064133
NAC,1995,295.63984,28552.16,2.685012
NAC,1996,299.06403,29536.34,3.607318
NAC,1997,302.62313,30335.22,4.434225
NAC,1998,306.06981,30765.97,4.437091
NAC,1999,309.50241,32394.04,4.815017
NAC,2000,312.90969,34375.89,4.161971
NAC,2001,316.05168,35026.73,1.030223
NAC,2002,319.04653,35730.48,1.801247
NAC,2003,321.81278,38297.29,2.717039
NAC,2004,324.80666,42067.85,3.787375
NAC,2005,327.82204,44854.24,3.461283
NAC,2006,331.01394,46240.14,2.774315
NAC,2007,334.1831,47886.89,2.008083
NAC,2008,337.40456,49286.98,.1816244
NAC,2009,340.46516,48030.41,-2.604608
NAC,2010,343.44785,48927.68,2.723959
NAC,2011,346.24241,50222.84,1.686211
NAC,2012,349.11614,52030.45,2.243379
NAC,2013,351.87085,53577.96,2.133497
NAC,2014,354.75516,54805.1,2.549447
NAC,2015,357.58308,55201.04,2.761105
NAC,2016,360.52759,55688.48,1.757414
NAC,2017,363.21726,57446.94,2.502845
NAC,2018,365.66603,61394.98,2.947893
NAC,2019,367.90883,64034.54,2.530366
NAC,2020,369.67074,62782.02,-2.387609
NAC,2021,370.40427,69187.88,6.04673
NAC,2022,373.018,74650.86,2.640006
NAC,2023,376.95441,77950.02,2.78414
NAC,2024,381.46422,80391.38,2.700069
NAM,1960,.591465,,
NAM,1961,.603067,,
NAM,1962,.615759,,
NAM,1963,.629589,,
NAM,1964,.64453,,
NAM,1965,.660558,,
NAM,1966,.677655,,
NAM,1967,.696045,,
NAM,1968,.715542,,
NAM,1969,.73612,,
NAM,1970,.757868,,
NAM,1971,.780584,,
NAM,1972,.804399,,
NAM,1973,.828928,,
NAM,1974,.85432,,
NAM,1975,.881032,,
NAM,1976,.906566,,
NAM,1977,.931104,,
NAM,1978,.947269,,
NAM,1979,.962825,,
NAM,1980,.981434,,
NAM,1981,.9925,,.9714495
NAM,1982,1.010308,2170,-.3980907
NAM,1983,1.037511,2010,-1.82345
NAM,1984,1.065989,1820,-.2368915
NAM,1985,1.09689,1440,.4641713
NAM,1986,1.131081,1470,4.76727
NAM,1987,1.167889,1770,3.553769
NAM,1988,1.209696,1860,.8131489
NAM,1989,1.288947,1990,1.858675
NAM,1990,1.369303,2090,2.04746
NAM,1991,1.415684,2240,8.165612
NAM,1992,1.461322,2390,7.189342
NAM,1993,1.508697,2270,-1.579539
NAM,1994,1.556304,2320,1.729879
NAM,1995,1.60217,2500,3.899014
NAM,1996,1.646103,2530,3.191324
NAM,1997,1.689264,2520,4.2201
NAM,1998,1.732745,2370,3.291586
NAM,1999,1.776368,2230,3.369278
NAM,2000,1.818647,2210,3.492183
NAM,2001,1.857048,2060,1.177949
NAM,2002,1.88997,1970,4.788661
NAM,2003,1.917464,2240,4.239794
NAM,2004,1.942082,2840,12.26955
NAM,2005,1.966582,3480,2.529263
NAM,2006,1.991888,3990,7.073175
NAM,2007,2.0186,4200,5.374044
NAM,2008,2.047056,4310,2.649812
NAM,2009,2.077394,4260,.2959709
NAM,2010,2.109811,4520,6.039249
NAM,2011,2.146325,5160,5.091338
NAM,2012,2.194654,5730,5.061682
NAM,2013,2.252508,5900,5.614719
NAM,2014,2.312139,5690,6.092519
NAM,2015,2.3743,5180,4.264174
NAM,2016,2.439213,4580,.0337945
NAM,2017,2.506853,4430,-1.027248
NAM,2018,2.577327,4670,1.05994
NAM,2019,2.650494,4870,-.8391522
NAM,2020,2.728762,4240,-8.101402
NAM,2021,2.810548,4140,3.603829
NAM,2022,2.889662,4280,5.398725
NAM,2023,2.963095,4290,4.442806
NAM,2024,3.030131,4240,3.711545
NCL,1960,.079819,,
NCL,1961,.082521,,
NCL,1962,.085334,,
NCL,1963,.08805,,
NCL,1964,.090602,,
NCL,1965,.093159,,
NCL,1966,.09582,,-3.848578
NCL,1967,.098587,1790,5.400792
NCL,1968,.101441,2120,14.26256
NCL,1969,.104849,2500,15.71631
NCL,1970,.109338,3300,30.99929
NCL,1971,.114514,3580,6.999216
NCL,1972,.119931,3960,3.398499
NCL,1973,.125585,4090,-11.19931
NCL,1974,.131452,5260,12.70112
NCL,1975,.137462,6170,6.499472
NCL,1976,.142091,6070,2.299998
NCL,1977,.144599,6190,1.899824
NCL,1978,.146392,6560,9.800007
NCL,1979,.148132,6460,-13.60001
NCL,1980,.149817,7460,-.3999946
NCL,1981,.151441,7480,-7
NCL,1982,.153001,6820,2.399992
NCL,1983,.155003,5680,-1.999998
NCL,1984,.157583,5270,1.799999
NCL,1985,.160234,5310,4.5
NCL,1986,.162898,5960,-1.000003
NCL,1987,.16565,7820,5.700003
NCL,1988,.168502,12880,34.6
NCL,1989,.172029,14100,11
NCL,1990,.176456,14290,3.600001
NCL,1991,.181238,14700,4.900028
NCL,1992,.186072,15530,.5199949
NCL,1993,.190857,15360,.5297946
NCL,1994,.195614,15810,2.590187
NCL,1995,.200379,17140,5.940031
NCL,1996,.205034,17580,.4498791
NCL,1997,.20956,17110,2.007152
NCL,1998,.214047,13920,-3.200275
NCL,1999,.218527,13070,.9001725
NCL,2000,.223098,12630,2.100109
NCL,2001,.227707,,
NCL,2002,.232236,,
NCL,2003,.236678,,
NCL,2004,.240852,,
NCL,2005,.244381,,
NCL,2006,.247547,,
NCL,2007,.250725,,
NCL,2008,.253825,,
NCL,2009,.25725,,
NCL,2010,.261582,,
NCL,2011,.266543,,
NCL,2012,.271633,,
NCL,2013,.276822,,
NCL,2014,.281224,,
NCL,2015,.283168,,
NCL,2016,.283423,,
NCL,2017,.283546,,
NCL,2018,.283541,,3.995707
NCL,2019,.283606,35550,-1.4
NCL,2020,.284176,34890,-2.4
NCL,2021,.285214,35420,-2.1
NCL,2022,.287123,36980,3.5
NCL,2023,.28987,,
NCL,2024,.292639,,
NER,1960,3.50505,,
NER,1961,3.608162,,4.546393
NER,1962,3.71452,150,10.27871
NER,1963,3.823873,150,9.428229
NER,1964,3.935814,150,.1310399
NER,1965,4.049695,160,6.919762
NER,1966,4.165544,160,-.3824972
NER,1967,4.28359,160,.1228687
NER,1968,4.403637,160,.3834947
NER,1969,4.525725,140,-5.485946
NER,1970,4.650275,140,3.055779
NER,1971,4.776225,150,5.679321
NER,1972,4.904845,150,-5.166272
NER,1973,5.037865,150,-17.04758
NER,1974,5.174953,200,8.775238
NER,1975,5.317019,220,-2.793193
NER,1976,5.464962,210,.6782034
NER,1977,5.619716,230,7.764581
NER,1978,5.782932,280,13.47261
NER,1979,5.955556,340,7.146996
NER,1980,6.135971,400,-2.455036
NER,1981,6.322006,380,-.1776661
NER,1982,6.512732,350,2.17446
NER,1983,6.708644,280,-3.863628
NER,1984,6.909971,210,-16.81984
NER,1985,7.118457,210,7.718127
NER,1986,7.335811,240,6.352137
NER,1987,7.56115,260,.0882814
NER,1988,7.793748,320,6.87115
NER,1989,8.03478,310,.957046
NER,1990,8.286059,330,-1.308478
NER,1991,8.5469,350,-.4394891
NER,1992,8.817633,410,2.000752
NER,1993,9.100789,380,.3216555
NER,1994,9.398258,290,1.854779
NER,1995,9.714529,260,2.457244
NER,1996,10.044852,230,.1005305
NER,1997,10.383969,230,1.527476
NER,1998,10.741413,250,9.972615
NER,1999,11.117411,240,-.2195625
NER,2000,11.50963,220,-1.208478
NER,2001,11.920647,220,7.268135
NER,2002,12.349144,220,4.91847
NER,2003,12.796984,240,2.17061
NER,2004,13.265836,280,.3638016
NER,2005,13.756192,330,7.331869
NER,2006,14.268581,350,5.93105
NER,2007,14.80361,380,3.142724
NER,2008,15.361915,440,7.731414
NER,2009,15.943675,480,1.962601
NER,2010,16.548835,510,8.578167
NER,2011,17.176283,520,2.357757
NER,2012,17.836769,550,10.54894
NER,2013,18.519898,570,5.315131
NER,2014,19.215909,590,6.642137
NER,2015,19.939498,560,4.392649
NER,2016,20.685753,530,5.740893
NER,2017,21.435446,520,5.005361
NER,2018,22.188069,580,7.211418
NER,2019,22.947757,610,5.939853
NER,2020,23.717613,560,3.550641
NER,2021,24.50214,600,1.383596
NER,2022,25.311973,600,11.9
NER,2023,26.159867,640,1.667634
NER,2024,27.032412,660,8.421597
NGA,1960,45.053782,,
NGA,1961,45.98931,,.1917955
NGA,1962,46.965292,,4.102993
NGA,1963,47.973575,,8.578619
NGA,1964,49.012016,,4.950489
NGA,1965,50.086764,,4.884977
NGA,1966,51.188234,,-4.250514
NGA,1967,52.293065,,-15.74363
NGA,1968,53.432783,,-1.24836
NGA,1969,54.631914,,24.19738
NGA,1970,55.893838,,25.00724
NGA,1971,57.214684,,14.23753
NGA,1972,58.601748,,3.364262
NGA,1973,60.082139,,5.39276
NGA,1974,61.679144,,11.16067
NGA,1975,63.410815,,-5.227747
NGA,1976,65.258009,,9.042352
NGA,1977,67.23459,,6.024118
NGA,1978,69.326532,,-5.764158
NGA,1979,71.498242,,6.759431
NGA,1980,73.764641,,4.204831
NGA,1981,76.068103,,-13.12788
NGA,1982,78.378701,,-6.803389
NGA,1983,80.43826,,-10.92408
NGA,1984,82.526443,,-1.115623
NGA,1985,84.897973,,5.913027
NGA,1986,87.235953,,.0609453
NGA,1987,89.591716,,3.200125
NGA,1988,92.02009,,7.334025
NGA,1989,94.531014,,1.919381
NGA,1990,97.120925,,11.77689
NGA,1991,99.720162,,.3583526
NGA,1992,102.37277,,4.631193
NGA,1993,105.12207,,-2.035119
NGA,1994,107.93571,,-1.814924
NGA,1995,110.81943,,-.0726648
NGA,1996,113.75478,,4.195924
NGA,1997,116.75479,,2.937099
NGA,1998,119.84625,,2.581254
NGA,1999,123.04732,,.5841269
NGA,2000,126.38249,,5.015935
NGA,2001,129.86259,,5.917685
NGA,2002,133.47199,,15.32916
NGA,2003,137.20264,,7.347195
NGA,2004,141.05704,,9.250558
NGA,2005,145.01725,,6.438517
NGA,2006,149.07733,,6.059428
NGA,2007,153.26726,,6.59113
NGA,2008,157.59501,1890,6.764473
NGA,2009,162.04946,1960,8.036925
NGA,2010,166.64289,2050,8.005656
NGA,2011,171.3796,2100,5.307924
NGA,2012,176.20063,2360,4.230061
NGA,2013,181.04944,2600,6.671335
NGA,2014,185.89692,2870,6.309719
NGA,2015,190.67188,2760,2.652693
NGA,2016,195.4437,2370,-1.616869
NGA,2017,200.25458,2020,.8058866
NGA,2018,204.93875,1950,1.922757
NGA,2019,209.48564,2050,2.208429
NGA,2020,213.99618,2060,-1.794253
NGA,2021,218.52929,2110,3.647187
NGA,2022,223.1509,2120,3.251681
NGA,2023,227.88295,1880,2.860215
NGA,2024,232.67948,1250,3.42644
NIC,1960,1.78237,,
NIC,1961,1.836451,,7.497744
NIC,1962,1.89232,140,10.8908
NIC,1963,1.950159,150,10.86548
NIC,1964,2.010176,170,11.69848
NIC,1965,2.072681,200,9.525156
NIC,1966,2.13782,230,3.301136
NIC,1967,2.205567,280,6.969514
NIC,1968,2.275836,290,1.34296
NIC,1969,2.348398,300,6.237704
NIC,1970,2.423065,300,1.353827
NIC,1971,2.499825,310,3.304756
NIC,1972,2.573578,330,2.220723
NIC,1973,2.649278,380,6.417014
NIC,1974,2.732075,510,14.19242
NIC,1975,2.816943,560,-.1532469
NIC,1976,2.903851,600,5.209455
NIC,1977,2.992534,670,8.368481
NIC,1978,3.080314,640,-7.8388
NIC,1979,3.164525,500,-26.47879
NIC,1980,3.252403,600,4.611732
NIC,1981,3.345674,660,5.36329
NIC,1982,3.438745,680,-.8163619
NIC,1983,3.530282,690,4.613212
NIC,1984,3.619104,710,-1.566094
NIC,1985,3.706479,690,-4.081851
NIC,1986,3.794157,760,-1.017309
NIC,1987,3.882164,860,-.7063529
NIC,1988,3.97232,680,-12.44982
NIC,1989,4.066476,360,-1.738216
NIC,1990,4.162559,310,-.0524997
NIC,1991,4.259637,220,-.1892815
NIC,1992,4.357026,240,.3863466
NIC,1993,4.453732,290,-.3929361
NIC,1994,4.549316,450,3.337726
NIC,1995,4.642931,620,5.911908
NIC,1996,4.729974,880,6.344268
NIC,1997,4.809573,880,3.966651
NIC,1998,4.883655,890,3.711681
NIC,1999,4.954018,930,7.035971
NIC,2000,5.022633,970,4.10159
NIC,2001,5.087825,980,2.960844
NIC,2002,5.149909,980,.7539389
NIC,2003,5.210963,1020,2.520733
NIC,2004,5.272912,1100,5.312171
NIC,2005,5.342105,1180,4.282398
NIC,2006,5.418855,1220,4.152946
NIC,2007,5.497243,1310,5.076352
NIC,2008,5.576593,1420,3.435717
NIC,2009,5.656601,1410,-3.292665
NIC,2010,5.73745,1490,4.410099
NIC,2011,5.819051,1600,6.316686
NIC,2012,5.901287,1700,6.496137
NIC,2013,5.983845,1760,4.927094
NIC,2014,6.066492,1850,4.78546
NIC,2015,6.149417,1910,4.792268
NIC,2016,6.232666,1980,4.563148
NIC,2017,6.316231,2050,4.631207
NIC,2018,6.40008,1990,-3.363357
NIC,2019,6.483657,1930,-2.89687
NIC,2020,6.565267,1810,-2.236542
NIC,2021,6.644741,2060,10.45439
NIC,2022,6.730654,2150,3.550299
NIC,2023,6.823613,2360,4.427744
NIC,2024,6.91614,2510,3.58783
NLD,1960,11.486631,,
NLD,1961,11.638712,,.2955467
NLD,1962,11.805689,1290,6.843507
NLD,1963,11.965966,1380,3.624622
NLD,1964,12.12712,1550,8.274904
NLD,1965,12.294732,1800,8.643095
NLD,1966,12.456251,1950,2.741104
NLD,1967,12.598201,2120,5.280015
NLD,1968,12.729721,2370,6.416134
NLD,1969,12.877984,2630,6.429449
NLD,1970,13.038526,2910,6.140182
NLD,1971,13.194497,3230,4.31698
NLD,1972,13.328593,3770,3.533875
NLD,1973,13.439322,4970,5.444223
NLD,1974,13.545056,6240,3.438718
NLD,1975,13.666335,7480,.0020288
NLD,1976,13.774037,8180,4.45631
NLD,1977,13.856185,8910,2.52044
NLD,1978,13.9417,10240,2.696247
NLD,1979,14.03827,12500,2.014166
NLD,1980,14.1498,14530,1.341914
NLD,1981,14.247208,13720,-.7836116
NLD,1982,14.31269,12090,-1.240757
NLD,1983,14.36707,10840,2.069958
NLD,1984,14.424211,10510,3.061679
NLD,1985,14.491632,10120,2.58018
NLD,1986,14.572278,11450,2.786976
NLD,1987,14.665037,14420,1.931248
NLD,1988,14.760094,18190,3.441219
NLD,1989,14.848907,19140,4.420118
NLD,1990,14.95151,19910,4.183223
NLD,1991,15.069798,20840,2.439135
NLD,1992,15.184166,23040,1.706071
NLD,1993,15.290368,23550,1.257552
NLD,1994,15.382838,24860,2.961092
NLD,1995,15.459006,27120,3.116036
NLD,1996,15.530498,29260,3.420577
NLD,1997,15.61065,29410,4.248479
NLD,1998,15.707209,27840,4.647785
NLD,1999,15.812088,28150,5.043321
NLD,2000,15.925513,28140,4.219754
NLD,2001,16.04618,26900,2.323576
NLD,2002,16.148929,26440,.2457857
NLD,2003,16.225302,30410,.0978324
NLD,2004,16.281779,36790,2.01631
NLD,2005,16.319868,42270,2.033963
NLD,2006,16.346101,45490,3.537375
NLD,2007,16.381696,48830,3.885306
NLD,2008,16.445593,51920,2.116816
NLD,2009,16.530388,52770,-3.665291
NLD,2010,16.615394,53980,1.31932
NLD,2011,16.693074,54250,1.773345
NLD,2012,16.754962,52050,-.9778769
NLD,2013,16.804432,52440,-.0302326
NLD,2014,16.865008,52190,1.61261
NLD,2015,16.939923,49650,2.120605
NLD,2016,17.030314,46950,2.424286
NLD,2017,17.131296,46670,2.781546
NLD,2018,17.231624,51220,2.25874
NLD,2019,17.344874,52910,2.300092
NLD,2020,17.4415,51360,-3.867953
NLD,2021,17.533044,59330,6.276831
NLD,2022,17.700982,61900,5.007235
NLD,2023,17.877117,62540,.0745608
NLD,2024,17.994237,62840,.9796749
NOR,1960,3.581239,,
NOR,1961,3.6098,,6.273335
NOR,1962,3.638918,1620,2.813945
NOR,1963,3.666537,1730,3.785043
NOR,1964,3.694339,1880,5.009651
NOR,1965,3.723168,2080,5.285609
NOR,1966,3.753012,2260,3.786513
NOR,1967,3.784539,2500,6.256079
NOR,1968,3.816486,2660,2.259876
NOR,1969,3.847707,2890,4.504611
NOR,1970,3.875763,3140,1.9433
NOR,1971,3.903039,3580,5.673611
NOR,1972,3.933004,4230,5.330605
NOR,1973,3.960612,5320,4.532934
NOR,1974,3.985258,6750,3.922182
NOR,1975,4.007313,8380,4.952103
NOR,1976,4.026152,9150,5.825534
NOR,1977,4.043205,9960,4.160715
NOR,1978,4.058671,11110,3.869354
NOR,1979,4.072517,13110,4.372507
NOR,1980,4.08562,15650,4.564243
NOR,1981,4.099702,16410,1.598344
NOR,1982,4.114787,15750,.2353225
NOR,1983,4.128432,14930,3.973007
NOR,1984,4.140099,15140,6.052382
NOR,1985,4.152516,15710,5.553405
NOR,1986,4.167354,17550,4.042112
NOR,1987,4.186905,20830,1.753558
NOR,1988,4.209488,23970,-.2551869
NOR,1989,4.226901,25080,1.038252
NOR,1990,4.241473,26500,1.932291
NOR,1991,4.261732,27820,3.084439
NOR,1992,4.286401,30780,3.574459
NOR,1993,4.311991,30210,2.845183
NOR,1994,4.336613,30850,5.055274
NOR,1995,4.359184,32690,4.155643
NOR,1996,4.381336,35790,5.027913
NOR,1997,4.405157,37910,5.284606
NOR,1998,4.431464,36110,2.668687
NOR,1999,4.461913,35570,2.072047
NOR,2000,4.490967,36600,3.318946
NOR,2001,4.513751,38280,2.06713
NOR,2002,4.538159,39930,1.377557
NOR,2003,4.564855,44830,.9449093
NOR,2004,4.59191,54290,4.014588
NOR,2005,4.623291,64050,2.685123
NOR,2006,4.660677,70300,2.461473
NOR,2007,4.709153,78750,2.91404
NOR,2008,4.768212,87850,.4819196
NOR,2009,4.828726,88130,-1.940365
NOR,2010,4.889252,88940,.7870519
NOR,2011,4.953088,90920,1.105656
NOR,2012,5.018573,99750,2.717959
NOR,2013,5.079623,104830,1.016191
NOR,2014,5.137232,105070,2.048132
NOR,2015,5.188607,93440,1.85734
NOR,2016,5.234519,81870,1.164724
NOR,2017,5.276968,76230,2.463746
NOR,2018,5.311916,80970,.8289315
NOR,2019,5.347896,82430,1.123747
NOR,2020,5.379475,78610,-1.278172
NOR,2021,5.40832,81770,3.908687
NOR,2022,5.457127,94290,3.246229
NOR,2023,5.519594,103170,.0721205
NOR,2024,5.572272,98280,2.100453
NPL,1960,10.123658,,
NPL,1961,10.318396,,1.908266
NPL,1962,10.521116,50,1.91032
NPL,1963,10.729818,50,1.895112
NPL,1964,10.946392,50,7.532449
NPL,1965,11.173411,50,-1.203189
NPL,1966,11.40871,60,7.040643
NPL,1967,11.652716,70,-1.571497
NPL,1968,11.906266,70,.6754835
NPL,1969,12.167036,70,4.463422
NPL,1970,12.43619,70,2.575992
NPL,1971,12.710061,70,-1.195383
NPL,1972,12.989099,80,3.1178
NPL,1973,13.275239,80,-.4765363
NPL,1974,13.568435,100,6.333591
NPL,1975,13.870695,110,1.456471
NPL,1976,14.177649,110,4.398536
NPL,1977,14.499175,110,3.016973
NPL,1978,14.839695,110,4.405741
NPL,1979,15.19059,120,2.368878
NPL,1980,15.553105,130,-2.319394
NPL,1981,15.922423,150,8.341974
NPL,1982,16.297987,150,3.779375
NPL,1983,16.689119,140,-2.977406
NPL,1984,17.085242,150,9.68113
NPL,1985,17.477692,160,6.144905
NPL,1986,17.868124,160,4.56565
NPL,1987,18.250505,170,1.695618
NPL,1988,18.638661,200,7.696809
NPL,1989,19.057807,200,4.329648
NPL,1990,19.524573,200,4.635036
NPL,1991,20.0365,200,6.36815
NPL,1992,20.609707,190,4.106407
NPL,1993,21.180159,190,3.84985
NPL,1994,21.717479,190,8.216002
NPL,1995,22.245439,200,3.468452
NPL,1996,22.741862,210,5.328284
NPL,1997,23.219463,210,5.048613
NPL,1998,23.680357,200,3.016389
NPL,1999,24.125199,210,4.412573
NPL,2000,24.546509,220,6.2
NPL,2001,24.946748,230,4.799892
NPL,2002,25.328981,230,.1201432
NPL,2003,25.688758,250,3.945038
NPL,2004,26.016656,280,4.682603
NPL,2005,26.309458,300,3.479181
NPL,2006,26.565425,330,3.364615
NPL,2007,26.788492,370,3.41156
NPL,2008,26.990037,430,6.104639
NPL,2009,27.173035,480,4.533079
NPL,2010,27.341952,530,4.816415
NPL,2011,27.464494,620,3.421809
NPL,2012,27.534915,750,4.670142
NPL,2013,27.589996,840,3.525153
NPL,2014,27.67237,860,6.011483
NPL,2015,27.823629,870,3.976053
NPL,2016,27.955462,860,.4331137
NPL,2017,28.011258,970,8.97728
NPL,2018,28.079689,1120,7.622376
NPL,2019,28.414064,1240,6.657055
NPL,2020,28.966574,1190,-2.369621
NPL,2021,29.47501,1250,4.83815
NPL,2022,29.715436,1380,5.631315
NPL,2023,29.694614,1430,1.982548
NPL,2024,29.651054,1470,3.665374
NRU,1960,.004607,,
NRU,1961,.004774,,
NRU,1962,.004979,,
NRU,1963,.005226,,
NRU,1964,.005515,,
NRU,1965,.005832,,
NRU,1966,.006043,,
NRU,1967,.006135,,
NRU,1968,.006328,,
NRU,1969,.006581,,
NRU,1970,.00671,,
NRU,1971,.006762,,2.898387
NRU,1972,.006812,3770,2.898387
NRU,1973,.006866,4520,2.898388
NRU,1974,.006923,5810,2.898387
NRU,1975,.006987,7090,2.898388
NRU,1976,.007064,7250,-2.816747
NRU,1977,.007163,7030,-2.816747
NRU,1978,.007298,7080,-2.816747
NRU,1979,.007468,7440,-2.816747
NRU,1980,.007649,7830,-2.816747
NRU,1981,.007839,7950,-2.816747
NRU,1982,.00804,7650,-2.816747
NRU,1983,.008216,7120,-2.816747
NRU,1984,.008377,6760,-2.816747
NRU,1985,.008551,6180,-2.816747
NRU,1986,.008742,5910,-2.816747
NRU,1987,.008946,5780,-2.816747
NRU,1988,.009165,6010,-2.816747
NRU,1989,.00939,6230,-2.816748
NRU,1990,.009622,6570,-2.816747
NRU,1991,.00985,5870,-18.99377
NRU,1992,.010021,5490,-16.2603
NRU,1993,.010102,5060,-16.11737
NRU,1994,.010137,5010,-3.86613
NRU,1995,.010165,4700,-7.923491
NRU,1996,.010183,4240,-11.8595
NRU,1997,.010197,4080,-8.953612
NRU,1998,.010198,3550,-11.78798
NRU,1999,.010187,3300,-6.56821
NRU,2000,.010168,3050,-6.856194
NRU,2001,.01013,2800,-6.761089
NRU,2002,.010082,2500,-9.971383
NRU,2003,.010059,2650,.2846569
NRU,2004,.01006,3090,-4.314826
NRU,2005,.010049,3490,-.3556489
NRU,2006,.010034,3890,8.328761
NRU,2007,.01002,3010,-22.1853
NRU,2008,.010009,3560,20.38091
NRU,2009,.010016,4110,-5.651933
NRU,2010,.010043,5060,-.1599769
NRU,2011,.010098,6940,14.39463
NRU,2012,.010267,9700,25.27932
NRU,2013,.010517,11340,3.64774
NRU,2014,.010742,12540,16.42334
NRU,2015,.010954,12160,2.698017
NRU,2016,.01115,11640,4.363241
NRU,2017,.011324,11310,-6.01123
NRU,2018,.011477,12690,-1.219122
NRU,2019,.011587,15790,8.486736
NRU,2020,.011643,17210,1.98182
NRU,2021,.011709,19400,7.206594
NRU,2022,.011801,22540,2.951518
NRU,2023,.011875,23750,.6464103
NRU,2024,.011947,21260,1.760252
NZL,1960,2.3718,,
NZL,1961,2.4197,,3.31565
NZL,1962,2.482,2440,3.080873
NZL,1963,2.5318,2570,6.102118
NZL,1964,2.5854,2750,6.103285
NZL,1965,2.6284,2640,6.111732
NZL,1966,2.6759,2490,6.248462
NZL,1967,2.7241,2170,-4.589424
NZL,1968,2.7481,2100,-.0488485
NZL,1969,2.7728,2250,10.19467
NZL,1970,2.8107,2200,-1.397608
NZL,1971,2.853,2490,3.785458
NZL,1972,2.9039,3000,5.119109
NZL,1973,2.9613,3990,7.800278
NZL,1974,3.0237,4930,5.993441
NZL,1975,3.0831,4970,-1.731683
NZL,1976,3.1105,4650,.9288124
NZL,1977,3.1202,4550,-3.936337
NZL,1978,3.1212,5230,.3185634
NZL,1979,3.109,6530,2.191774
NZL,1980,3.1129,7670,1.284252
NZL,1981,3.1249,8240,4.655654
NZL,1982,3.1561,7860,.9296838
NZL,1983,3.1993,7370,3.491525
NZL,1984,3.2271,7010,4.792699
NZL,1985,3.2471,6950,1.615335
NZL,1986,3.2463,7860,2.705642
NZL,1987,3.2744,10010,.9708387
NZL,1988,3.2834,12550,-.3536775
NZL,1989,3.2992,13570,.1614146
NZL,1990,3.3298,13640,.1531406
NZL,1991,3.4951,12160,-1.090793
NZL,1992,3.5317,12050,1.093835
NZL,1993,3.5722,12360,6.391529
NZL,1994,3.62,13400,5.119248
NZL,1995,3.6734,15280,4.722081
NZL,1996,3.732,16730,3.611879
NZL,1997,3.7813,17170,2.079273
NZL,1998,3.815,15790,.8584064
NZL,1999,3.8351,15040,5.377729
NZL,2000,3.8577,14070,2.870051
NZL,2001,3.8805,13800,3.410993
NZL,2002,3.9485,14170,4.713478
NZL,2003,4.0272,16990,4.728042
NZL,2004,4.0875,21530,4.087965
NZL,2005,4.1339,25450,3.352928
NZL,2006,4.1846,26380,2.779781
NZL,2007,4.2238,28150,3.056416
NZL,2008,4.2598,28680,-1.017038
NZL,2009,4.3026,29770,-.0374661
NZL,2010,4.3507,29750,1.458636
NZL,2011,4.384,32250,2.093496
NZL,2012,4.4081,36780,2.366307
NZL,2013,4.4421,39970,2.589542
NZL,2014,4.5165,41720,3.826385
NZL,2015,4.6094,40670,3.690369
NZL,2016,4.7141,39460,3.779111
NZL,2017,4.8136,38840,3.378732
NZL,2018,4.9006,41660,3.470582
NZL,2019,4.9792,43050,2.317472
NZL,2020,5.0902,41710,-.3072469
NZL,2021,5.1113,45560,4.535406
NZL,2022,5.1171,48820,3.496387
NZL,2023,5.245,48600,1.394252
NZL,2024,5.3385,46280,-.1264624
OED,1960,809.58021,,
OED,1961,820.79597,,4.509032
OED,1962,832.22743,1478.679,5.561651
OED,1963,843.65077,1565.196,5.072916
OED,1964,855.13505,1683.451,6.426049
OED,1965,866.30094,1817.763,5.494843
OED,1966,877.03064,1968.911,5.586204
OED,1967,887.55383,2081.903,3.912927
OED,1968,897.86948,2263.931,5.989651
OED,1969,908.23868,2447.612,5.532771
OED,1970,918.48919,2600.964,2.753675
OED,1971,930.59638,2838.047,3.763069
OED,1972,941.46784,3250.664,5.381785
OED,1973,952.00097,3965.188,6.059024
OED,1974,962.28166,4635.171,1.103503
OED,1975,972.24293,5186.218,.1117616
OED,1976,981.61232,5479.351,4.732089
OED,1977,990.95125,5850.926,3.756973
OED,1978,1000.3559,6663.306,4.388904
OED,1979,1009.8806,7983.15,3.923512
OED,1980,1019.3324,9193.954,1.257473
OED,1981,1028.6157,9555.017,2.147642
OED,1982,1037.4194,9037.852,.1526952
OED,1983,1046.0947,8680.767,2.87227
OED,1984,1054.3959,8968.807,4.729035
OED,1985,1062.7283,9401.553,3.702099
OED,1986,1071.2226,10554.29,3.022599
OED,1987,1079.8131,12570.89,3.539784
OED,1988,1088.5877,15211.96,4.533432
OED,1989,1097.8764,16097.02,3.78415
OED,1990,1107.6955,16871.21,2.93745
OED,1991,1118.4101,17504.73,1.157778
OED,1992,1129.0399,18982.91,2.09467
OED,1993,1139.2035,19508.56,1.408944
OED,1994,1148.7797,20450.95,3.237699
OED,1995,1158.0687,21689.75,2.68592
OED,1996,1167.1494,22638.28,3.115602
OED,1997,1176.1918,22696.01,3.642059
OED,1998,1184.9283,21832.71,3.02537
OED,1999,1193.6829,22133.04,3.441362
OED,2000,1202.2265,23047.46,4.104083
OED,2001,1211.1091,23003.56,1.412325
OED,2002,1220.1014,22896.19,1.535308
OED,2003,1229.0122,24681.26,2.041085
OED,2004,1237.8966,28149.15,3.2681
OED,2005,1246.6565,30980.05,2.837367
OED,2006,1255.7466,32363.62,3.048151
OED,2007,1264.7283,33801.08,2.593945
OED,2008,1274.7111,35375.23,.3793408
OED,2009,1283.9732,34756.11,-3.386538
OED,2010,1292.7017,35609.8,2.954247
OED,2011,1299.6447,36666.07,1.895796
OED,2012,1307.7336,37658.6,1.370194
OED,2013,1315.428,38413.37,1.617275
OED,2014,1323.4597,38458.99,2.182972
OED,2015,1331.6752,37350.97,2.517546
OED,2016,1340.1421,36601.38,1.843324
OED,2017,1348.1273,36775.38,2.570991
OED,2018,1356.471,39197.63,2.337923
OED,2019,1364.1551,40486.31,1.858012
OED,2020,1369.328,39001.36,-3.902177
OED,2021,1371.8118,42952.23,5.95709
OED,2022,1379.0975,45503.54,3.053475
OED,2023,1388.4725,46422.79,1.823307
OED,2024,1396.9142,47045.46,1.784524
OMN,1960,.530485,,
OMN,1961,.539854,,1.139606
OMN,1962,.549941,100,20.18779
OMN,1963,.560827,110,4.531243
OMN,1964,.572577,110,.0747394
OMN,1965,.585236,110,.4480984
OMN,1966,.598804,110,5.204463
OMN,1967,.613318,170,66.21909
OMN,1968,.628798,250,81.88779
OMN,1969,.645255,300,25.66617
OMN,1970,.66268,350,13.8951
OMN,1971,.681119,360,.8982251
OMN,1972,.700593,400,9.825224
OMN,1973,.721179,340,-14.25206
OMN,1974,.746988,790,11.49881
OMN,1975,.778864,1720,24.4335
OMN,1976,.814701,3150,20.54012
OMN,1977,.855314,3110,1.007218
OMN,1978,.900304,3040,-3.693531
OMN,1979,.949116,3530,4.331741
OMN,1980,1.001248,4570,6.035444
OMN,1981,1.05732,6320,17.04708
OMN,1982,1.117678,7170,11.56984
OMN,1983,1.181459,7090,16.66667
OMN,1984,1.247716,7250,16.71159
OMN,1985,1.32548,7420,14.0072
OMN,1986,1.413419,6550,2.00216
OMN,1987,1.500996,5820,-3.440784
OMN,1988,1.588568,5500,5.964028
OMN,1989,1.676228,5880,11.75686
OMN,1990,1.763954,6110,-.1304257
OMN,1991,1.851473,6710,6.074078
OMN,1992,1.938238,7610,8.413884
OMN,1993,2.021675,7370,6.042961
OMN,1994,2.081834,7270,3.875774
OMN,1995,2.120528,7460,4.996819
OMN,1996,2.156926,7680,3.04594
OMN,1997,2.19072,8000,6.033513
OMN,1998,2.222489,7460,-.0678741
OMN,1999,2.252909,7270,.2975957
OMN,2000,2.282131,8070,6.19241
OMN,2001,2.310217,8980,4.613166
OMN,2002,2.33714,9210,-.7841658
OMN,2003,2.363796,9640,-2.194666
OMN,2004,2.404821,11050,1.992515
OMN,2005,2.459802,12590,2.779444
OMN,2006,2.514795,14850,4.669815
OMN,2007,2.570174,17290,4.980655
OMN,2008,2.626529,21190,8.950059
OMN,2009,2.684659,22010,5.981967
OMN,2010,2.757446,22510,2.471998
OMN,2011,3.076763,20820,2.89461
OMN,2012,3.547106,21960,8.863122
OMN,2013,3.833913,22920,5.227704
OMN,2014,4.002439,22060,1.292252
OMN,2015,4.184895,20550,5.017058
OMN,2016,4.390877,18550,5.046424
OMN,2017,4.537396,16640,.3040576
OMN,2018,4.597877,17260,1.287104
OMN,2019,4.591241,17810,-1.128638
OMN,2020,4.522497,17100,-3.37972
OMN,2021,4.500424,17900,2.582175
OMN,2022,4.730226,19270,7.985707
OMN,2023,5.049269,20020,1.187135
OMN,2024,5.281538,19280,1.674077
OSS,1960,5.297024,,
OSS,1961,5.374964,,
OSS,1962,5.476102,,
OSS,1963,5.57874,,
OSS,1964,5.680872,,
OSS,1965,5.779625,,
OSS,1966,5.872358,,
OSS,1967,5.959394,,
OSS,1968,6.047701,,
OSS,1969,6.141108,,
OSS,1970,6.240826,,
OSS,1971,6.348289,,
OSS,1972,6.460753,,
OSS,1973,6.573195,,
OSS,1974,6.679456,,
OSS,1975,6.790788,,
OSS,1976,6.913443,,16.37916
OSS,1977,7.044675,,10.10335
OSS,1978,7.176063,,7.016133
OSS,1979,7.309677,,14.90561
OSS,1980,7.444817,,-2.795575
OSS,1981,7.577614,,-7.704976
OSS,1982,7.711694,,3.053703
OSS,1983,7.843045,,1.016091
OSS,1984,7.975015,,2.671839
OSS,1985,8.118973,,1.975795
OSS,1986,8.271747,,1.98274
OSS,1987,8.429468,,6.072118
OSS,1988,8.592255,,3.112765
OSS,1989,8.765561,3186.972,2.905246
OSS,1990,8.949306,3360.889,5.256827
OSS,1991,9.131087,3503.711,-.5104322
OSS,1992,9.20149,3866.981,-3.138814
OSS,1993,9.249106,3908.942,.3600155
OSS,1994,9.328189,4009.353,2.840368
OSS,1995,9.389918,4290.101,4.360644
OSS,1996,9.493131,4590.699,3.256447
OSS,1997,9.618823,4790.35,6.506281
OSS,1998,9.746302,4677.542,3.461722
OSS,1999,9.75852,4632.935,2.600391
OSS,2000,9.788238,4823.988,7.420403
OSS,2001,9.961679,4794.585,3.177022
OSS,2002,10.136134,4822.878,3.502664
OSS,2003,10.269557,5422.126,4.239749
OSS,2004,10.371059,6566.969,4.46194
OSS,2005,10.479844,7808.133,4.444083
OSS,2006,10.601352,8684.125,6.319447
OSS,2007,10.730365,9698.638,5.400651
OSS,2008,10.86264,10511.36,.9589194
OSS,2009,10.989567,10184.63,-5.003886
OSS,2010,11.112466,10170.94,2.398983
OSS,2011,11.226214,10714.81,3.382919
OSS,2012,11.346082,11056.73,1.234513
OSS,2013,11.466589,11424.38,.9445054
OSS,2014,11.5912,11344.73,2.03852
OSS,2015,11.722398,11093.64,3.492774
OSS,2016,11.851918,10807.36,4.155151
OSS,2017,11.989367,11068.29,5.165118
OSS,2018,12.135267,12231.49,4.418848
OSS,2019,12.281907,12986.96,4.337806
OSS,2020,12.417333,11954.53,-5.797194
OSS,2021,12.541889,12913.91,7.740056
OSS,2022,12.699005,13814.55,4.619975
OSS,2023,12.842214,14484.44,2.684422
OSS,2024,12.969162,14750.93,2.935139
PAK,1960,45.70931,,
PAK,1961,46.921277,,5.987347
PAK,1962,48.156128,90,4.482859
PAK,1963,49.447776,100,8.688831
PAK,1964,50.799999,100,7.569757
PAK,1965,52.20901,110,10.41937
PAK,1966,53.678667,120,5.789952
PAK,1967,55.214768,130,5.400613
PAK,1968,56.810507,140,7.233221
PAK,1969,58.460939,150,5.5079
PAK,1970,60.166719,170,11.35346
PAK,1971,61.847899,170,.4683726
PAK,1972,63.583194,170,.8134064
PAK,1973,65.461912,150,7.064264
PAK,1974,67.415487,140,3.540192
PAK,1975,69.461175,150,4.211416
PAK,1976,71.620254,180,5.156189
PAK,1977,73.901827,200,3.947698
PAK,1978,76.307379,230,8.048533
PAK,1979,78.997039,260,3.758435
PAK,1980,82.29101,300,10.2157
PAK,1981,85.802049,330,7.920763
PAK,1982,89.089246,340,6.537487
PAK,1983,92.227711,330,6.778378
PAK,1984,95.164936,320,5.065206
PAK,1985,98.229285,320,7.592115
PAK,1986,101.60676,330,5.501654
PAK,1987,105.13072,350,6.452343
PAK,1988,108.72474,370,7.625279
PAK,1989,112.33663,370,4.959769
PAK,1990,116.15558,370,4.458587
PAK,1991,120.06041,370,5.061568
PAK,1992,123.54685,400,7.705898
PAK,1993,127.02012,400,1.757748
PAK,1994,130.74808,400,3.737416
PAK,1995,134.58225,430,4.962609
PAK,1996,138.55709,440,4.846581
PAK,1997,142.5318,430,1.014396
PAK,1998,146.52236,410,2.550234
PAK,1999,150.56538,410,3.660133
PAK,2000,154.87913,470,4.260088
PAK,2001,159.27091,530,3.65135
PAK,2002,163.22255,600,2.594817
PAK,2003,167.11025,640,5.401311
PAK,2004,171.286,740,7.831255
PAK,2005,175.45321,830,7.276575
PAK,2006,179.68269,890,6.051638
PAK,2007,184.49323,940,4.444814
PAK,2008,189.49911,1000,2.120441
PAK,2009,194.37653,1020,3.472551
PAK,2010,199.23905,1000,1.501718
PAK,2011,203.74606,1020,2.680117
PAK,2012,207.66712,1110,3.027584
PAK,2013,211.07398,1210,4.366865
PAK,2014,214.26465,1250,4.116428
PAK,2015,217.29088,1280,4.217942
PAK,2016,220.13887,1360,6.573838
PAK,2017,223.27397,1450,4.432626
PAK,2018,226.92889,1560,6.151702
PAK,2019,230.8009,1520,2.497637
PAK,2020,235.00175,1370,-1.274087
PAK,2021,239.4778,1420,6.513886
PAK,2022,243.70067,1510,4.778107
PAK,2023,247.50449,1460,-.039839
PAK,2024,251.26916,1430,3.234784
PAN,1960,1.126005,,
PAN,1961,1.15987,,10.92659
PAN,1962,1.195301,500,8.244737
PAN,1963,1.232124,530,8.538789
PAN,1964,1.270065,550,4.43213
PAN,1965,1.308835,590,9.160036
PAN,1966,1.348388,630,7.581402
PAN,1967,1.388628,670,8.552931
PAN,1968,1.429447,710,6.977389
PAN,1969,1.470886,770,8.441389
PAN,1970,1.51307,820,6.959226
PAN,1971,1.556081,900,9.616138
PAN,1972,1.599723,960,4.582812
PAN,1973,1.64369,1100,5.36431
PAN,1974,1.687926,1230,2.44832
PAN,1975,1.732389,1380,1.740919
PAN,1976,1.776935,1360,1.664461
PAN,1977,1.821543,1570,1.094026
PAN,1978,1.866311,1810,9.792644
PAN,1979,1.911552,2040,4.514751
PAN,1980,1.957534,2280,13.08448
PAN,1981,2.004418,2500,9.206809
PAN,1982,2.052271,2660,5.348456
PAN,1983,2.101106,2570,-4.491364
PAN,1984,2.150782,2590,2.709474
PAN,1985,2.200915,2860,4.942234
PAN,1986,2.251325,2930,3.567788
PAN,1987,2.30197,3290,-1.809055
PAN,1988,2.352848,2770,-13.37984
PAN,1989,2.40382,2570,1.562247
PAN,1990,2.455583,2660,8.098993
PAN,1991,2.508265,2750,9.419005
PAN,1992,2.561336,3030,8.20168
PAN,1993,2.615099,3260,5.455744
PAN,1994,2.669546,3430,2.850147
PAN,1995,2.724557,3430,1.751679
PAN,1996,2.780227,3280,-5.765016
PAN,1997,2.836695,3380,7.70904
PAN,1998,2.893914,3510,8.387472
PAN,1999,2.951822,3620,5.211646
PAN,2000,3.010369,3810,4.209005
PAN,2001,3.069537,3770,.9499081
PAN,2002,3.129344,3890,2.508844
PAN,2003,3.189807,4030,5.09686
PAN,2004,3.251155,4490,8.175653
PAN,2005,3.313026,4880,8.276183
PAN,2006,3.375024,5270,9.857239
PAN,2007,3.43749,5990,13.15307
PAN,2008,3.500648,6770,10.19743
PAN,2009,3.564381,7120,1.611864
PAN,2010,3.628535,7500,6.073393
PAN,2011,3.693505,8860,11.90888
PAN,2012,3.759256,9870,9.627294
PAN,2013,3.825329,10950,6.324354
PAN,2014,3.892101,11520,4.625814
PAN,2015,3.960035,12570,5.266917
PAN,2016,4.029086,13180,4.571967
PAN,2017,4.098707,14230,5.74406
PAN,2018,4.16786,14910,3.918198
PAN,2019,4.2347,15640,3.103068
PAN,2020,4.293261,13070,-17.82123
PAN,2021,4.345405,14920,16.46712
PAN,2022,4.400773,16970,10.76967
PAN,2023,4.458759,17870,7.399302
PAN,2024,4.515577,17960,2.861667
PER,1960,10.174127,,
PER,1961,10.475123,,7.347096
PER,1962,10.784612,290,10.03529
PER,1963,11.102099,300,4.32825
PER,1964,11.427978,330,6.547868
PER,1965,11.761085,380,5.621734
PER,1966,12.101297,450,8.23892
PER,1967,12.448814,480,3.852564
PER,1968,12.803993,470,.1522377
PER,1969,13.166767,470,3.514459
PER,1970,13.501237,500,3.365946
PER,1971,13.838067,560,4.59054
PER,1972,14.210147,630,3.477535
PER,1973,14.582867,740,6.276935
PER,1974,14.956552,930,9.386835
PER,1975,15.333957,1090,4.300863
PER,1976,15.716809,1080,1.447111
PER,1977,16.109806,1030,.3490637
PER,1978,16.516059,880,-2.642503
PER,1979,16.933139,910,4.090751
PER,1980,17.360949,1030,5.943336
PER,1981,17.798805,1180,5.552042
PER,1982,18.246503,1140,-.2227234
PER,1983,18.705957,930,-10.40809
PER,1984,19.174716,890,3.608287
PER,1985,19.648204,820,2.061132
PER,1986,20.117122,920,9.425962
PER,1987,20.58232,1240,9.726147
PER,1988,21.054702,1010,-9.441274
PER,1989,21.532589,910,-12.31204
PER,1990,22.014771,840,-4.982563
PER,1991,22.483775,1220,2.219259
PER,1992,22.94634,1420,-.5405091
PER,1993,23.413783,1550,5.243577
PER,1994,23.881493,1760,12.30837
PER,1995,24.348919,1950,7.411395
PER,1996,24.811171,2150,2.798973
PER,1997,25.274147,2270,6.476824
PER,1998,25.738095,2150,-.3915375
PER,1999,26.186504,2030,1.494911
PER,2000,26.598331,1960,2.694371
PER,2001,26.964601,1890,.6178923
PER,2002,27.288217,1940,5.453529
PER,2003,27.58049,2060,4.165023
PER,2004,27.85219,2270,4.958203
PER,2005,28.10118,2520,6.28506
PER,2006,28.324491,2790,7.528899
PER,2007,28.530699,3190,8.518388
PER,2008,28.719041,3770,9.126568
PER,2009,28.896811,3950,1.095824
PER,2010,29.086019,4400,8.332459
PER,2011,29.304086,4960,6.327192
PER,2012,29.550366,5780,6.139725
PER,2013,29.817919,6410,5.852518
PER,2014,30.115826,6520,2.382157
PER,2015,30.4576,6340,3.252245
PER,2016,30.866494,6130,3.953319
PER,2017,31.324637,6090,2.518836
PER,2018,31.897584,6500,3.969351
PER,2019,32.449303,6850,2.240632
PER,2020,32.838579,6080,-10.93331
PER,2021,33.155882,6550,13.36262
PER,2022,33.475438,6920,2.809034
PER,2023,33.845617,7080,-.4032421
PER,2024,34.217848,7490,3.303941
PHL,1960,27.891897,,
PHL,1961,28.792621,,5.695471
PHL,1962,29.723536,230,4.846294
PHL,1963,30.674731,210,7.016265
PHL,1964,31.643032,180,3.402494
PHL,1965,32.625316,200,5.345089
PHL,1966,33.61717,210,4.441159
PHL,1967,34.62132,220,5.222688
PHL,1968,35.638342,240,5.038159
PHL,1969,36.660799,260,4.689474
PHL,1970,37.622204,240,3.692487
PHL,1971,38.518659,240,5.389009
PHL,1972,39.40856,240,5.430387
PHL,1973,40.29413,290,8.782009
PHL,1974,41.174341,350,3.394606
PHL,1975,42.120826,420,5.451103
PHL,1976,43.201488,470,8.778403
PHL,1977,44.367962,500,5.56297
PHL,1978,45.575281,560,5.192385
PHL,1979,46.807103,660,5.595571
PHL,1980,48.04374,780,5.200711
PHL,1981,49.311727,840,3.422209
PHL,1982,50.695707,830,3.698406
PHL,1983,52.19462,760,1.896952
PHL,1984,53.726181,650,-7.039378
PHL,1985,55.213006,580,-6.858377
PHL,1986,56.645077,610,3.510684
PHL,1987,58.157496,680,4.36181
PHL,1988,59.739052,740,6.696931
PHL,1989,61.26526,790,6.183918
PHL,1990,62.854666,820,3.082673
PHL,1991,64.382249,820,-.4363901
PHL,1992,65.926125,870,.4176291
PHL,1993,67.530621,920,2.18189
PHL,1994,69.019291,1040,4.373666
PHL,1995,70.546246,1150,4.625225
PHL,1996,72.190242,1310,5.860348
PHL,1997,73.90881,1380,5.186412
PHL,1998,75.791024,1300,-.5140906
PHL,1999,77.753257,1230,3.346451
PHL,2000,79.625397,1150,4.382505
PHL,2001,81.401488,1140,3.049231
PHL,2002,83.068889,1110,3.716255
PHL,2003,84.731835,1150,5.086911
PHL,2004,86.394504,1260,6.569229
PHL,2005,88.015962,1350,4.942505
PHL,2006,89.508986,1470,5.316417
PHL,2007,91.075184,1680,6.519291
PHL,2008,92.699095,1970,4.344487
PHL,2009,94.38425,2130,1.448323
PHL,2010,96.337125,2310,7.3345
PHL,2011,98.248614,2450,3.858233
PHL,2012,100.17551,2780,6.896952
PHL,2013,102.07634,3060,6.750531
PHL,2014,103.76713,3220,6.347988
PHL,2015,105.31299,3280,6.34831
PHL,2016,106.73572,3350,7.149457
PHL,2017,108.11969,3440,6.930988
PHL,2018,109.46529,3610,6.341486
PHL,2019,110.80468,3760,6.118526
PHL,2020,112.08126,3350,-9.518294
PHL,2021,113.10095,3570,5.714733
PHL,2022,113.96434,4010,7.580982
PHL,2023,114.8912,4320,5.51895
PHL,2024,115.84367,4470,5.692016
PLW,1960,.009328,,
PLW,1961,.009555,,
PLW,1962,.009793,,
PLW,1963,.010037,,
PLW,1964,.010292,,
PLW,1965,.010547,,
PLW,1966,.010805,,
PLW,1967,.010988,,
PLW,1968,.01108,,
PLW,1969,.011159,,
PLW,1970,.011368,,
PLW,1971,.011759,,.1263396
PLW,1972,.012194,1260,.3413014
PLW,1973,.012552,1420,.2020245
PLW,1974,.012687,1610,.1055347
PLW,1975,.012655,1780,.0252666
PLW,1976,.012598,1840,-.0415241
PLW,1977,.012525,1980,1.430104
PLW,1978,.01244,2200,-.4885949
PLW,1979,.012337,2520,-.3741469
PLW,1980,.012271,2860,-.3741448
PLW,1981,.012402,3020,-.3741469
PLW,1982,.012694,3020,-.3741494
PLW,1983,.013006,3090,1.932009
PLW,1984,.013337,3420,4.621997
PLW,1985,.013688,3850,5.436506
PLW,1986,.014024,4470,5.436506
PLW,1987,.014334,5270,5.436506
PLW,1988,.014645,6040,5.436506
PLW,1989,.014945,6490,5.436506
PLW,1990,.015259,7020,5.436507
PLW,1991,.015614,7580,4.905225
PLW,1992,.015989,7380,-6.40004
PLW,1993,.016372,6560,-12.30004
PLW,1994,.01677,7120,7.300031
PLW,1995,.017195,8010,10.89999
PLW,1996,.017654,8770,10.40004
PLW,1997,.018108,8780,2.299991
PLW,1998,.018524,8690,1.999985
PLW,1999,.018901,8250,-5.400008
PLW,2000,.019178,6860,-2.603903
PLW,2001,.019352,7480,6.500435
PLW,2002,.019503,7730,5.016148
PLW,2003,.019659,7740,-3.223277
PLW,2004,.01982,8370,3.939024
PLW,2005,.019819,9050,3.413965
PLW,2006,.019593,9440,-.1237199
PLW,2007,.019302,9990,1.754031
PLW,2008,.019009,10000,-5.493977
PLW,2009,.018709,10030,-7.260576
PLW,2010,.018396,10180,-.8958958
PLW,2011,.018078,10930,5.11828
PLW,2012,.017765,11300,1.253412
PLW,2013,.017648,11710,-3.036227
PLW,2014,.017715,12660,4.77
PLW,2015,.01777,14030,8.19998
PLW,2016,.017797,14520,-.4399893
PLW,2017,.017812,15180,-3.260018
PLW,2018,.017814,15940,.1100083
PLW,2019,.017798,16220,.2000151
PLW,2020,.017792,15440,-5.999434
PLW,2021,.017783,13830,-13.79389
PLW,2022,.017759,14050,-1.318427
PLW,2023,.017727,14070,1.877032
PLW,2024,.017695,,
PNG,1960,1.99511,,
PNG,1961,2.046127,,6.181112
PNG,1962,2.093919,130,6.374099
PNG,1963,2.141376,130,4.072522
PNG,1964,2.188325,140,8.570282
PNG,1965,2.23582,150,10.26852
PNG,1966,2.285774,170,5.813758
PNG,1967,2.337532,180,4.070461
PNG,1968,2.390803,200,4.35959
PNG,1969,2.446927,220,8.273458
PNG,1970,2.505628,250,10.84281
PNG,1971,2.566421,270,6.295193
PNG,1972,2.628432,300,5.643553
PNG,1973,2.690629,390,6.529265
PNG,1974,2.752671,490,2.610533
PNG,1975,2.81482,550,-.8798842
PNG,1976,2.877327,520,-3.388449
PNG,1977,2.940327,530,.8348156
PNG,1978,3.003714,640,8.549859
PNG,1979,3.067341,730,1.832396
PNG,1980,3.131512,810,-2.303451
PNG,1981,3.197019,820,-.2748296
PNG,1982,3.264291,750,.3529443
PNG,1983,3.333633,710,3.223163
PNG,1984,3.405198,700,-.3547265
PNG,1985,3.478936,710,4.00019
PNG,1986,3.554793,750,4.693057
PNG,1987,3.632543,810,2.770495
PNG,1988,3.71188,940,2.90924
PNG,1989,3.796078,950,-1.41958
PNG,1990,3.896481,880,-3.012169
PNG,1991,4.021837,920,9.546898
PNG,1992,4.166699,970,13.84908
PNG,1993,4.320872,1120,18.20229
PNG,1994,4.480208,1160,5.942109
PNG,1995,4.644278,1060,-3.312449
PNG,1996,4.813361,1030,7.733696
PNG,1997,4.987883,930,-3.90439
PNG,1998,5.16639,770,-3.769113
PNG,1999,5.349333,670,1.855554
PNG,2000,5.537064,600,-2.494842
PNG,2001,5.728435,530,-.1212886
PNG,2002,5.924003,490,-.1589005
PNG,2003,6.123997,480,2.164103
PNG,2004,6.328041,540,2.721176
PNG,2005,6.535905,650,6.344796
PNG,2006,6.74772,780,5.409944
PNG,2007,6.963345,1040,7.815189
PNG,2008,7.183002,1360,-.2964579
PNG,2009,7.406438,1460,6.800422
PNG,2010,7.633523,1660,10.12845
PNG,2011,7.859346,1730,1.107544
PNG,2012,8.08139,2150,4.65712
PNG,2013,8.302698,2340,3.824946
PNG,2014,8.523441,2790,13.54377
PNG,2015,8.743246,2520,6.578356
PNG,2016,8.961718,2410,5.489573
PNG,2017,9.178714,2310,3.534611
PNG,2018,9.394513,2310,-.2792523
PNG,2019,9.60901,2420,4.480515
PNG,2020,9.815746,2410,-3.167432
PNG,2021,10.012896,2370,-.5113534
PNG,2022,10.203169,2690,5.707584
PNG,2023,10.389635,2800,3.810886
PNG,2024,10.576502,2940,4.095029
POL,1960,29.63745,,
POL,1961,29.964,,
POL,1962,30.3085,,
POL,1963,30.712,,
POL,1964,31.13945,,
POL,1965,31.44495,,
POL,1966,31.681,,
POL,1967,31.987155,,
POL,1968,32.294655,,
POL,1969,32.5483,,
POL,1970,32.6643,,
POL,1971,32.7835,,
POL,1972,33.05565,,
POL,1973,33.3572,,
POL,1974,33.678899,,
POL,1975,34.015199,,
POL,1976,34.3563,,
POL,1977,34.68905,,
POL,1978,34.9656,,
POL,1979,35.247217,,
POL,1980,35.57415,,
POL,1981,35.898587,,
POL,1982,36.230481,,
POL,1983,36.571808,,
POL,1984,36.904134,,
POL,1985,37.201885,,
POL,1986,37.456119,,
POL,1987,37.668045,,
POL,1988,37.824487,,
POL,1989,37.961529,,
POL,1990,38.110782,,
POL,1991,38.246193,,-7.015579
POL,1992,38.363667,2080,2.514979
POL,1993,38.461408,2480,3.73831
POL,1994,38.542652,2750,5.292802
POL,1995,38.594998,3300,7.929659
POL,1996,38.62437,3880,6.093877
POL,1997,38.64966,4270,6.358906
POL,1998,38.663481,4390,4.621611
POL,1999,38.660271,4460,4.699185
POL,2000,38.258629,4690,4.656332
POL,2001,38.248076,4720,1.233745
POL,2002,38.230364,4890,1.901194
POL,2003,38.20457,5510,3.523371
POL,2004,38.182222,6290,5.090796
POL,2005,38.165445,7340,3.260823
POL,2006,38.141267,8450,6.202107
POL,2007,38.12056,9940,6.760448
POL,2008,38.125759,11980,4.38377
POL,2009,38.151603,12520,2.615129
POL,2010,38.042794,12730,3.168927
POL,2011,38.063255,12900,5.255463
POL,2012,38.063164,13170,1.511782
POL,2013,38.040196,13290,.6842406
POL,2014,38.011735,13540,3.920509
POL,2015,37.986412,13320,4.431767
POL,2016,37.970087,12740,3.031178
POL,2017,37.974826,12780,5.152458
POL,2018,37.97475,14310,6.245859
POL,2019,37.965475,15510,4.580458
POL,2020,37.515748,15640,-2.035569
POL,2021,36.981559,17470,6.927183
POL,2022,36.821749,19110,5.255457
POL,2023,36.687353,19940,.2496108
POL,2024,36.554707,21560,2.923388
PRE,1960,188.92025,,
PRE,1961,193.34274,,-.2787006
PRE,1962,198.00498,,6.124349
PRE,1963,202.87935,,5.766018
PRE,1964,207.95847,,4.658649
PRE,1965,213.24602,,4.421442
PRE,1966,218.72153,,1.156558
PRE,1967,224.39281,,-5.758796
PRE,1968,230.30096,,3.612113
PRE,1969,236.41916,,11.34552
PRE,1970,242.76917,,8.624917
PRE,1971,249.34429,,9.360574
PRE,1972,256.08071,,3.406869
PRE,1973,263.23823,,4.062412
PRE,1974,270.82039,,8.378648
PRE,1975,278.65658,,-.3568745
PRE,1976,286.6929,,6.936017
PRE,1977,295.05141,,4.686824
PRE,1978,304.24015,,-.1561639
PRE,1979,313.8877,,5.671534
PRE,1980,322.96542,,4.220333
PRE,1981,330.98868,,-4.000863
PRE,1982,339.57583,,-1.20479
PRE,1983,349.22629,,-4.742158
PRE,1984,359.25971,,.6194785
PRE,1985,369.57096,,3.663999
PRE,1986,379.88369,,2.55964
PRE,1987,390.37402,,3.888021
PRE,1988,400.82021,,3.794233
PRE,1989,411.6825,,1.374771
PRE,1990,422.47112,,8.280223
PRE,1991,433.11189,,-8.204183
PRE,1992,445.41199,,2.310691
PRE,1993,459.52921,,-.4828691
PRE,1994,475.02269,,.0315663
PRE,1995,490.11862,,3.060338
PRE,1996,503.37363,,5.605059
PRE,1997,516.72981,,6.283052
PRE,1998,531.45021,,6.972498
PRE,1999,546.89008,,4.243375
PRE,2000,562.42803,,5.5348
PRE,2001,578.58739,,4.333849
PRE,2002,596.11454,,5.962864
PRE,2003,614.26915,,-.6606944
PRE,2004,632.44541,,12.01063
PRE,2005,651.32062,,6.020936
PRE,2006,670.22921,,6.206126
PRE,2007,688.7226,,6.046484
PRE,2008,708.79627,1175.11,6.382983
PRE,2009,730.29396,1245.757,4.842905
PRE,2010,752.04667,1305.318,6.600986
PRE,2011,774.56742,1353.253,4.355227
PRE,2012,798.00273,1511.413,4.259242
PRE,2013,822.13842,1639.78,5.88411
PRE,2014,846.42074,1734.224,5.25618
PRE,2015,870.5878,1621.979,3.073845
PRE,2016,895.23987,1446.571,2.414147
PRE,2017,920.5687,1302.507,1.64805
PRE,2018,946.31718,1329.165,2.620731
PRE,2019,972.3025,1406.566,3.341231
PRE,2020,998.62426,1347.957,-2.535408
PRE,2021,1024.9603,1385.766,3.18732
PRE,2022,1051.2016,1465.878,4.298579
PRE,2023,1078.224,1453.367,2.285369
PRE,2024,1105.9518,1334.144,3.099733
PRI,1960,2.358,,
PRI,1961,2.399722,,7.041739
PRI,1962,2.450322,820,8.323313
PRI,1963,2.50453,900,8.651047
PRI,1964,2.554066,960,7.060924
PRI,1965,2.594,1060,9.204843
PRI,1966,2.624995,1160,7.499148
PRI,1967,2.645674,1240,6.223223
PRI,1968,2.662064,1370,5.180435
PRI,1969,2.68415,1560,9.375234
PRI,1970,2.718,1750,8.397918
PRI,1971,2.76219,1910,6.365448
PRI,1972,2.817256,2100,7.173575
PRI,1973,2.878786,2380,6.344896
PRI,1974,2.939299,2590,2.917378
PRI,1975,2.994,2660,-.6545674
PRI,1976,3.043854,2650,6.243088
PRI,1977,3.08869,2740,5.950682
PRI,1978,3.129421,2980,6.931946
PRI,1979,3.168088,3390,7.906825
PRI,1980,3.206,3720,4.243465
PRI,1981,3.242552,3890,1.147947
PRI,1982,3.277453,3770,-1.556643
PRI,1983,3.311138,3670,-2.341975
PRI,1984,3.34419,3970,5.928687
PRI,1985,3.377,4280,3.097443
PRI,1986,3.409554,4750,4.977367
PRI,1987,3.44185,5350,5.768999
PRI,1988,3.473898,5860,5.888373
PRI,1989,3.50565,6050,4.334952
PRI,1990,3.537,5950,-2.840541
PRI,1991,3.56211,6300,2.304391
PRI,1992,3.585176,6760,4.564052
PRI,1993,3.615497,7100,4.644527
PRI,1994,3.649237,7370,4.185958
PRI,1995,3.683103,7820,4.548988
PRI,1996,3.724655,8130,2.313708
PRI,1997,3.75943,8510,4.880087
PRI,1998,3.781101,8690,5.530725
PRI,1999,3.800081,9590,5.3897
PRI,2000,3.810605,10550,3.271965
PRI,2001,3.818774,10950,6.313472
PRI,2002,3.823701,11250,.9164594
PRI,2003,3.826095,12170,.0534198
PRI,2004,3.826878,14260,8.748677
PRI,2005,3.821362,14750,-1.986939
PRI,2006,3.805214,15030,-1.409414
PRI,2007,3.782995,15860,-1.162807
PRI,2008,3.760866,16360,-1.844134
PRI,2009,3.74041,16580,-1.952425
PRI,2010,3.724465,16910,-.4132541
PRI,2011,3.693464,17600,-.3585106
PRI,2012,3.661045,18550,.0292752
PRI,2013,3.631427,18960,-.3068267
PRI,2014,3.585017,19010,-1.190364
PRI,2015,3.535167,19080,-1.04929
PRI,2016,3.480432,19290,-1.263694
PRI,2017,3.410837,19500,-2.885218
PRI,2018,3.29069,20380,-4.361427
PRI,2019,3.302691,21310,1.675464
PRI,2020,3.28159,21200,-4.180874
PRI,2021,3.262711,22580,.3852227
PRI,2022,3.220137,24670,2.957096
PRI,2023,3.203792,25270,.4981013
PRI,2024,3.203295,25930,3.226705
PRK,1960,11.722953,,
PRK,1961,11.990713,,
PRK,1962,12.262882,,
PRK,1963,12.567057,,
PRK,1964,12.88977,,
PRK,1965,13.219369,,
PRK,1966,13.569094,,
PRK,1967,13.95835,,
PRK,1968,14.365596,,
PRK,1969,14.767615,,
PRK,1970,15.172775,,
PRK,1971,15.572457,,
PRK,1972,15.975069,,
PRK,1973,16.350367,,
PRK,1974,16.673121,,
PRK,1975,16.971055,,
PRK,1976,17.24345,,
PRK,1977,17.492798,,
PRK,1978,17.735995,,
PRK,1979,17.98347,,
PRK,1980,18.236786,,
PRK,1981,18.501295,,
PRK,1982,18.776357,,
PRK,1983,19.054034,,
PRK,1984,19.335043,,
PRK,1985,19.620388,,
PRK,1986,19.910855,,
PRK,1987,20.205483,,
PRK,1988,20.503161,,
PRK,1989,20.804367,,
PRK,1990,21.112137,,
PRK,1991,21.428638,,
PRK,1992,21.750911,,
PRK,1993,22.073352,,
PRK,1994,22.393975,,
PRK,1995,22.669304,,
PRK,1996,22.895746,,
PRK,1997,23.11083,,
PRK,1998,23.311564,,
PRK,1999,23.497599,,
PRK,2000,23.66591,,
PRK,2001,23.815358,,
PRK,2002,23.943973,,
PRK,2003,24.09038,,
PRK,2004,24.254943,,
PRK,2005,24.396433,,
PRK,2006,24.524507,,
PRK,2007,24.646383,,
PRK,2008,24.764618,,
PRK,2009,24.878332,,
PRK,2010,24.987258,,
PRK,2011,25.097874,,
PRK,2012,25.211728,,
PRK,2013,25.329451,,
PRK,2014,25.451262,,
PRK,2015,25.57535,,
PRK,2016,25.698326,,
PRK,2017,25.817709,,
PRK,2018,25.931147,,
PRK,2019,26.037632,,
PRK,2020,26.136312,,
PRK,2021,26.232534,,
PRK,2022,26.328845,,
PRK,2023,26.418204,,
PRK,2024,26.498823,,
PRT,1960,8.857716,,
PRT,1961,8.929316,,5.534904
PRT,1962,8.993985,430,6.614448
PRT,1963,9.030355,460,5.873702
PRT,1964,9.035365,500,6.310747
PRT,1965,8.998595,550,7.468988
PRT,1966,8.93099,600,4.077909
PRT,1967,8.87452,670,7.544483
PRT,1968,8.83665,770,8.875509
PRT,1969,8.757705,840,2.120741
PRT,1970,8.680431,960,9.113842
PRT,1971,8.643756,1080,6.631651
PRT,1972,8.63043,1270,8.015697
PRT,1973,8.6331,1700,11.20067
PRT,1974,8.754365,2070,1.142861
PRT,1975,9.09347,2210,-4.347631
PRT,1976,9.35581,2330,6.900231
PRT,1977,9.455675,2430,5.602597
PRT,1978,9.55825,2530,2.815966
PRT,1979,9.661265,2870,5.638937
PRT,1980,9.766312,3350,4.58934
PRT,1981,9.851362,3420,1.618103
PRT,1982,9.911771,3230,2.135376
PRT,1983,9.957865,2830,-.1731135
PRT,1984,9.996232,2520,-1.879979
PRT,1985,10.023613,2530,2.80744
PRT,1986,10.032734,3080,4.140955
PRT,1987,10.030031,4160,6.381394
PRT,1988,10.01961,5630,7.489108
PRT,1989,10.005,6320,6.440639
PRT,1990,9.983218,7130,3.950523
PRT,1991,9.960235,8180,4.368207
PRT,1992,9.952494,9860,1.089476
PRT,1993,9.964675,10100,-2.043277
PRT,1994,9.991525,10450,.9648383
PRT,1995,10.026176,11210,4.28278
PRT,1996,10.063945,12100,3.504246
PRT,1997,10.108977,12370,4.400867
PRT,1998,10.160196,12190,4.807963
PRT,1999,10.217828,12260,3.906578
PRT,2000,10.289898,12180,3.816177
PRT,2001,10.362722,11850,1.943672
PRT,2002,10.419631,11780,.7709248
PRT,2003,10.458821,13290,-.930521
PRT,2004,10.483861,16190,1.788736
PRT,2005,10.50333,18600,.7818475
PRT,2006,10.522288,19410,1.625035
PRT,2007,10.542964,20860,2.506579
PRT,2008,10.558177,22630,.3192473
PRT,2009,10.568247,22970,-3.122078
PRT,2010,10.5731,23030,1.737625
PRT,2011,10.55756,22750,-1.713527
PRT,2012,10.514844,21220,-4.050903
PRT,2013,10.457295,21380,-.9841065
PRT,2014,10.401062,21210,.7413914
PRT,2015,10.358076,20450,1.589798
PRT,2016,10.325452,19950,2.004141
PRT,2017,10.3003,20030,3.314721
PRT,2018,10.283822,22040,2.946282
PRT,2019,10.286263,23250,2.745685
PRT,2020,10.297081,21910,-8.204632
PRT,2021,10.361831,23980,5.558758
PRT,2022,10.434332,25880,6.985842
PRT,2023,10.578174,26160,2.613129
PRT,2024,10.701636,26620,1.928444
PRY,1960,1.883514,,
PRY,1961,1.927394,,6.900286
PRY,1962,1.97313,170,3.300258
PRY,1963,2.021909,180,4.710291
PRY,1964,2.073119,190,4.212477
PRY,1965,2.125177,210,6.167975
PRY,1966,2.177584,210,1.991503
PRY,1967,2.229994,230,9.150367
PRY,1968,2.282391,230,4.527074
PRY,1969,2.334992,240,4.701151
PRY,1970,2.388028,250,5.553426
PRY,1971,2.442537,270,5.538152
PRY,1972,2.499881,300,6.631298
PRY,1973,2.561102,370,7.302813
PRY,1974,2.625621,490,8.381525
PRY,1975,2.691648,590,6.852445
PRY,1976,2.758836,650,7.525949
PRY,1977,2.827874,730,11.49408
PRY,1978,2.899269,870,12.02873
PRY,1979,2.973968,1120,11.86215
PRY,1980,3.053235,1500,11.71215
PRY,1981,3.137604,1810,9.170459
PRY,1982,3.226189,1720,-1.397618
PRY,1983,3.318068,1610,-3.042618
PRY,1984,3.412936,1450,2.816599
PRY,1985,3.510671,1190,4.523136
PRY,1986,3.611474,1070,4.964836
PRY,1987,3.714889,1050,7.582304
PRY,1988,3.820546,1150,5.915372
PRY,1989,3.927802,1190,6.935204
PRY,1990,4.035747,1240,4.123283
PRY,1991,4.144364,1320,3.49365
PRY,1992,4.2536,1490,1.696428
PRY,1993,4.362696,1690,4.936359
PRY,1994,4.471417,1620,5.317918
PRY,1995,4.579806,1750,6.82281
PRY,1996,4.687543,1920,1.573785
PRY,1997,4.794412,1920,4.242516
PRY,1998,4.900025,1800,.0680378
PRY,1999,5.003135,1670,-1.36608
PRY,2000,5.100868,1500,-2.314141
PRY,2001,5.187689,1470,-.8340547
PRY,2002,5.261328,1400,-.0214044
PRY,2003,5.326436,1300,4.320745
PRY,2004,5.388175,1440,4.057418
PRY,2005,5.448097,1620,2.133491
PRY,2006,5.505148,1980,4.807117
PRY,2007,5.559386,2500,5.421623
PRY,2008,5.613574,3320,6.496292
PRY,2009,5.671236,3740,-.2611373
PRY,2010,5.737971,4410,11.09523
PRY,2011,5.814626,4840,4.286371
PRY,2012,5.897008,5170,-.7080431
PRY,2013,5.982445,5970,8.293077
PRY,2014,6.069811,6280,5.301239
PRY,2015,6.159103,6100,2.957152
PRY,2016,6.249126,5880,4.268026
PRY,2017,6.33866,5810,4.810079
PRY,2018,6.427382,6060,3.20425
PRY,2019,6.515058,5950,-.4018551
PRY,2020,6.603739,5550,-.8197854
PRY,2021,6.684182,5730,4.016737
PRY,2022,6.760464,5920,.1760384
PRY,2023,6.844146,6200,4.999228
PRY,2024,6.929153,6290,4.24996
PSE,1990,1.978248,,
PSE,1991,2.068845,,
PSE,1992,2.163591,,
PSE,1993,2.262676,,
PSE,1994,2.366298,,
PSE,1995,2.474666,,7.11786
PSE,1996,2.587997,1470,1.214538
PSE,1997,2.706518,1630,14.66764
PSE,1998,2.776568,1780,14.33411
PSE,1999,2.848431,1800,8.280591
PSE,2000,2.922153,1550,-8.555573
PSE,2001,2.997784,1370,-9.311081
PSE,2002,3.075373,1190,-12.48838
PSE,2003,3.154969,1370,14.01565
PSE,2004,3.236626,1640,21.92449
PSE,2005,3.320396,1780,11.29065
PSE,2006,3.406334,1710,-.9965561
PSE,2007,3.494496,1790,3.788281
PSE,2008,3.591977,2040,7.429182
PSE,2009,3.689099,2250,8.593491
PSE,2010,3.786161,2510,5.777362
PSE,2011,3.882986,2880,9.600808
PSE,2012,3.979998,3210,6.096457
PSE,2013,4.076708,3470,4.69857
PSE,2014,4.173398,3560,-.1578667
PSE,2015,4.270092,3670,3.7213
PSE,2016,4.367088,3900,8.864619
PSE,2017,4.454805,3930,1.419368
PSE,2018,4.569087,4190,1.227077
PSE,2019,4.685306,4200,1.362687
PSE,2020,4.803269,3700,-11.31847
PSE,2021,4.922749,4270,7.011982
PSE,2022,5.043612,4720,4.08276
PSE,2023,5.165775,4310,-4.555804
PSE,2024,5.289152,3080,-26.55753
PSS,1960,.91212,,
PSS,1961,.938244,,
PSS,1962,.96543,,
PSS,1963,.993524,,
PSS,1964,1.022081,,
PSS,1965,1.05114,,
PSS,1966,1.079689,,
PSS,1967,1.105889,,
PSS,1968,1.130851,,
PSS,1969,1.156327,,
PSS,1970,1.181537,,
PSS,1971,1.205879,,6.329891
PSS,1972,1.229695,449.2834,5.431839
PSS,1973,1.253169,597.6039,10.96898
PSS,1974,1.2776,756.4375,3.080756
PSS,1975,1.303608,883.3427,.4175271
PSS,1976,1.331351,942.9674,1.005393
PSS,1977,1.360619,972.6514,3.312326
PSS,1978,1.390784,1021.742,2.10561
PSS,1979,1.422234,1210.769,8.535775
PSS,1980,1.454476,1324.026,-3.368278
PSS,1981,1.487561,1419.499,2.998124
PSS,1982,1.521261,1288.507,-3.234079
PSS,1983,1.555284,1176.786,-1.154077
PSS,1984,1.590058,1200.642,5.296909
PSS,1985,1.625654,1161.069,-1.708604
PSS,1986,1.660533,1271.494,5.281391
PSS,1987,1.692234,1281.276,-2.024989
PSS,1988,1.721206,1347.447,1.142243
PSS,1989,1.7489,1362.984,4.521025
PSS,1990,1.775607,1399.452,3.651529
PSS,1991,1.801531,1412.357,-.5342447
PSS,1992,1.827395,1544.884,4.794127
PSS,1993,1.853148,1615.148,1.874079
PSS,1994,1.878007,1716.21,4.765279
PSS,1995,1.901782,1904.621,4.393167
PSS,1996,1.926342,2051.151,2.971492
PSS,1997,1.954642,2012.973,-1.281828
PSS,1998,1.984859,1881.245,1.421575
PSS,1999,2.014289,1872.292,4.254134
PSS,2000,2.042274,1777.632,-1.520937
PSS,2001,2.069097,1724.08,.879147
PSS,2002,2.095273,1689.933,2.007023
PSS,2003,2.120592,1823.694,1.846251
PSS,2004,2.145505,2153.992,3.988743
PSS,2005,2.170029,2480.527,2.43078
PSS,2006,2.194265,2554.831,2.34113
PSS,2007,2.21823,2691.371,.1352576
PSS,2008,2.240739,2878.175,1.961261
PSS,2009,2.262456,2882.267,-.5806178
PSS,2010,2.289399,2893.506,3.735076
PSS,2011,2.320899,3031.142,3.843868
PSS,2012,2.351924,3253.489,1.012287
PSS,2013,2.382931,3605.861,3.223617
PSS,2014,2.414338,3731.525,3.566989
PSS,2015,2.445989,3775.596,4.008885
PSS,2016,2.477794,3813.613,3.648408
PSS,2017,2.509999,3862.178,3.8717
PSS,2018,2.542009,4155.13,2.768095
PSS,2019,2.568656,4280.169,1.153619
PSS,2020,2.595522,3844.416,-10.15093
PSS,2021,2.625493,3780.013,-2.688869
PSS,2022,2.656049,4149.836,9.374962
PSS,2023,2.689224,4288.417,5.054538
PSS,2024,2.722467,4331.197,4.001451
PST,1960,756.3591,,
PST,1961,765.44214,,4.512097
PST,1962,774.67878,1549.631,5.59328
PST,1963,783.73651,1642.877,4.994411
PST,1964,792.73514,1769.77,6.346298
PST,1965,801.45127,1915.147,5.523701
PST,1966,809.6236,2078.553,5.537897
PST,1967,817.43753,2202.77,3.869769
PST,1968,825.02911,2399.391,5.893292
PST,1969,832.63376,2601.083,5.586767
PST,1970,840.19048,2770.127,2.670505
PST,1971,849.55363,3031.057,3.721229
PST,1972,857.51307,3482.661,5.304235
PST,1973,865.01588,4261.623,6.090132
PST,1974,872.24796,4980.987,.9210647
PST,1975,879.08833,5580.527,-.0636338
PST,1976,885.24446,5909.589,4.74543
PST,1977,891.30179,6336.097,3.778312
PST,1978,897.39836,7239.838,4.287545
PST,1979,903.77349,8687.757,3.822639
PST,1980,909.91983,10006.02,1.082912
PST,1981,916.02468,10373.28,1.956965
PST,1982,921.5585,9858.638,.1930154
PST,1983,926.76814,9538.473,3.150329
PST,1984,931.62489,9914.291,4.800671
PST,1985,936.48038,10424.07,3.723516
PST,1986,941.56684,11774.21,3.184877
PST,1987,946.81712,14091.02,3.530419
PST,1988,952.28432,17132.54,4.672937
PST,1989,958.17657,18156.48,3.80725
PST,1990,964.37162,19010.91,2.704566
PST,1991,971.29191,19708.11,1.041661
PST,1992,978.08788,21369.13,1.905882
PST,1993,984.39808,21918.06,1.168726
PST,1994,990.02877,22988.74,3.157647
PST,1995,995.33847,24479.95,2.707953
PST,1996,1000.8367,25609.6,2.932928
PST,1997,1006.102,25695.45,3.436571
PST,1998,1011.086,24660.09,2.830569
PST,1999,1015.9901,25014.78,3.544852
PST,2000,1021.1506,26009.38,4.046471
PST,2001,1026.1059,26003.44,1.529327
PST,2002,1031.3025,25884.02,1.525492
PST,2003,1036.4986,27978.45,2.026509
PST,2004,1041.8908,31971.17,3.210521
PST,2005,1047.1401,35196.38,2.785934
PST,2006,1052.8664,36714.47,2.941692
PST,2007,1059.1473,38269.32,2.540883
PST,2008,1065.6037,40022.22,.3489013
PST,2009,1071.1182,39430.68,-3.378906
PST,2010,1076.2086,40454.82,2.891979
PST,2011,1079.468,41702.29,1.680874
PST,2012,1084.1933,42795.18,1.234452
PST,2013,1088.4242,43676.66,1.516688
PST,2014,1093.0255,43727.97,2.014315
PST,2015,1097.8901,42510.99,2.237149
PST,2016,1102.9669,41858.66,1.793578
PST,2017,1107.1616,42254.21,2.442547
PST,2018,1111.3775,45206.18,2.24542
PST,2019,1114.9077,46856.59,1.836391
PST,2020,1117.0253,45283.74,-4.078853
PST,2021,1116.6095,49941.96,5.679216
PST,2022,1117.9265,53002.48,2.735377
PST,2023,1121.8929,54106.42,1.860862
PST,2024,1128.4302,54694.14,1.792525
PYF,1960,.083671,,
PYF,1961,.085434,,
PYF,1962,.087261,,
PYF,1963,.089737,,
PYF,1964,.092823,,
PYF,1965,.096017,,
PYF,1966,.09932,,9.576578
PYF,1967,.102754,2040,-4.739167
PYF,1968,.106353,2450,14.9308
PYF,1969,.110111,2360,-2.685941
PYF,1970,.11401,2330,1.626711
PYF,1971,.117945,2560,12.00241
PYF,1972,.121886,2580,-4.695079
PYF,1973,.125897,3240,7.802561
PYF,1974,.12996,4480,18.00105
PYF,1975,.134045,4990,-4.902702
PYF,1976,.138114,5480,8.203616
PYF,1977,.142313,5790,2.078993
PYF,1978,.146821,6640,9.892559
PYF,1979,.151569,7830,3.925924
PYF,1980,.156471,8860,.4849012
PYF,1981,.161506,8870,2.646023
PYF,1982,.166646,8060,1.69859
PYF,1983,.17175,7350,2.419655
PYF,1984,.176469,7310,2.360292
PYF,1985,.180988,7430,-1.170788
PYF,1986,.185669,9740,13.54779
PYF,1987,.190449,12330,1.26983
PYF,1988,.195193,14340,-3.598632
PYF,1989,.199643,14790,2.157881
PYF,1990,.203776,15190,.1298832
PYF,1991,.207744,16110,3.655527
PYF,1992,.211559,21490,-1.457388
PYF,1993,.215219,21190,-1.297683
PYF,1994,.218738,21230,-1.666325
PYF,1995,.222118,22180,-.3889694
PYF,1996,.225489,22970,-.6685365
PYF,1997,.229121,21960,-.1228146
PYF,1998,.232891,20520,1.733374
PYF,1999,.236595,19810,1.890533
PYF,2000,.240337,19380,3.245411
PYF,2001,.244097,,-.3415956
PYF,2002,.247775,,.8461815
PYF,2003,.251637,,2.126929
PYF,2004,.255654,,.9712591
PYF,2005,.259507,24320,.3099735
PYF,2006,.263223,25170,.8895841
PYF,2007,.266438,25940,1.704976
PYF,2008,.268379,27720,.0067676
PYF,2009,.269481,27530,-4.231392
PYF,2010,.27058,26220,-2.466064
PYF,2011,.271727,25270,-2.961957
PYF,2012,.273084,24050,-.9275377
PYF,2013,.274728,24290,.3988014
PYF,2014,.276387,23990,.5935544
PYF,2015,.277866,23060,1.803341
PYF,2016,.279178,22170,2.302198
PYF,2017,.280087,22220,4.292634
PYF,2018,.279815,23710,1.871232
PYF,2019,.279034,24530,2.700012
PYF,2020,.279209,22740,-7.050944
PYF,2021,.279792,23710,2.09453
PYF,2022,.280378,24700,4.46638
PYF,2023,.281118,25270,2.996927
PYF,2024,.281807,,
QAT,1960,.03601,,
QAT,1961,.03968,,
QAT,1962,.04463,,
QAT,1963,.05038,,
QAT,1964,.056867,,
QAT,1965,.064065,,
QAT,1966,.072192,,
QAT,1967,.081439,,
QAT,1968,.091749,,
QAT,1969,.103025,,
QAT,1970,.11635,,
QAT,1971,.131346,,10.00785
QAT,1972,.146506,2780,11.07939
QAT,1973,.161841,3620,10.78489
QAT,1974,.177362,6390,5.938253
QAT,1975,.193087,9820,5.879132
QAT,1976,.209052,14240,8.348912
QAT,1977,.225285,12620,-7.305433
QAT,1978,.241808,15150,8.863366
QAT,1979,.25867,18600,5.227736
QAT,1980,.275913,25440,-1.016422
QAT,1981,.293553,29520,.9009721
QAT,1982,.311537,27630,-6.874494
QAT,1983,.329709,23190,-1.825165
QAT,1984,.347878,21080,4.657738
QAT,1985,.36594,19160,-2.12017
QAT,1986,.382422,18380,5.335786
QAT,1987,.397005,16780,.0449914
QAT,1988,.411264,16470,5.904449
QAT,1989,.425646,16690,6.222211
QAT,1990,.440175,17040,3.414462
QAT,1991,.454853,16270,-1.662233
QAT,1992,.469657,17900,11.33053
QAT,1993,.484545,16400,-1.325136
QAT,1994,.499459,15860,1.418708
QAT,1995,.514325,16060,2.399236
QAT,1996,.529019,17000,4.37391
QAT,1997,.5505,21470,30.01204
QAT,1998,.58054,19860,11.21865
QAT,1999,.6125,19050,4.284064
QAT,2000,.644989,19620,8.028126
QAT,2001,.677925,23090,3.898187
QAT,2002,.711205,25590,7.182152
QAT,2003,.744682,28090,3.719959
QAT,2004,.773332,35220,19.21892
QAT,2005,.825408,40110,7.492758
QAT,2006,.972831,53410,26.17025
QAT,2007,1.208595,58500,17.98566
QAT,2008,1.426938,66030,17.66356
QAT,2009,1.608903,63010,11.95656
QAT,2010,1.616832,73040,19.59233
QAT,2011,1.624761,83890,13.37518
QAT,2012,1.722438,92920,4.730012
QAT,2013,1.916426,96800,5.556041
QAT,2014,2.151745,92440,5.334323
QAT,2015,2.344557,80370,4.753345
QAT,2016,2.477113,69170,3.064192
QAT,2017,2.54582,60920,-1.497605
QAT,2018,2.580734,63410,1.234872
QAT,2019,2.638657,65700,.6882409
QAT,2020,2.794148,57730,-3.557604
QAT,2021,2.50491,66970,1.626847
QAT,2022,2.657333,71070,4.185009
QAT,2023,2.656032,79430,1.18716
QAT,2024,2.857822,76720,2.768414
ROU,1960,18.406905,,
ROU,1961,18.55525,,
ROU,1962,18.67655,,
ROU,1963,18.79785,,
ROU,1964,18.919126,,
ROU,1965,19.031576,,
ROU,1966,19.21545,,
ROU,1967,19.534242,,
ROU,1968,19.799831,,
ROU,1969,20.009141,,
ROU,1970,20.250398,,
ROU,1971,20.461567,,
ROU,1972,20.657957,,
ROU,1973,20.835681,,
ROU,1974,21.029429,,
ROU,1975,21.293583,,
ROU,1976,21.551634,,
ROU,1977,21.756096,,
ROU,1978,21.951464,,
ROU,1979,22.090488,,
ROU,1980,22.207282,,
ROU,1981,22.35307,,
ROU,1982,22.475741,,
ROU,1983,22.560478,,
ROU,1984,22.640547,,
ROU,1985,22.732999,,
ROU,1986,22.836841,,
ROU,1987,22.94943,,
ROU,1988,23.057662,,
ROU,1989,23.161458,,
ROU,1990,23.201835,,
ROU,1991,23.001155,,-12.91821
ROU,1992,22.794284,1240,-8.767228
ROU,1993,22.76328,1190,1.528834
ROU,1994,22.730211,1270,3.931943
ROU,1995,22.68427,1490,6.233511
ROU,1996,22.619004,1640,3.907702
ROU,1997,22.553978,1590,-4.849063
ROU,1998,22.507344,1580,-2.029813
ROU,1999,22.47204,1610,-.3766607
ROU,2000,22.442971,1710,2.461216
ROU,2001,22.13197,1760,5.218184
ROU,2002,21.730496,1950,5.702991
ROU,2003,21.574326,2250,2.341147
ROU,2004,21.451748,2960,10.42811
ROU,2005,21.319685,3880,4.668148
ROU,2006,21.19376,4900,8.028811
ROU,2007,20.882982,6510,7.233808
ROU,2008,20.537875,8800,9.307467
ROU,2009,20.367487,9220,-5.516706
ROU,2010,20.246871,8770,-3.905812
ROU,2011,20.147528,9080,4.495589
ROU,2012,20.058035,9260,1.903617
ROU,2013,19.983693,9390,.2787719
ROU,2014,19.908979,9760,4.116001
ROU,2015,19.815616,9610,3.157036
ROU,2016,19.702267,9460,2.859932
ROU,2017,19.588715,10030,8.195478
ROU,2018,19.47397,11570,6.12093
ROU,2019,19.371648,12750,3.923264
ROU,2020,19.26525,12790,-3.674384
ROU,2021,19.122059,14250,5.54571
ROU,2022,19.048502,15450,3.965308
ROU,2023,19.059479,16690,2.404272
ROU,2024,19.06934,17600,.8136872
RUS,1960,119.897,,
RUS,1961,121.236,,
RUS,1962,122.591,,
RUS,1963,123.96,,
RUS,1964,125.345,,
RUS,1965,126.745,,
RUS,1966,127.468,,
RUS,1967,128.196,,
RUS,1968,128.928,,
RUS,1969,129.664,,
RUS,1970,130.404,,
RUS,1971,131.155,,
RUS,1972,131.909,,
RUS,1973,132.669,,
RUS,1974,133.432,,
RUS,1975,134.2,,
RUS,1976,135.147,,
RUS,1977,136.1,,
RUS,1978,137.06,,
RUS,1979,138.027,,
RUS,1980,139.01,,
RUS,1981,139.941,,
RUS,1982,140.823,,
RUS,1983,141.668,,
RUS,1984,142.745,,
RUS,1985,143.858,,
RUS,1986,144.894,,
RUS,1987,145.908,,
RUS,1988,146.857,,
RUS,1989,147.721,,
RUS,1990,147.96941,,-2.999996
RUS,1991,148.39422,3440,-5.046939
RUS,1992,148.5382,3090,-14.53107
RUS,1993,148.45878,2920,-8.66854
RUS,1994,148.40791,2650,-12.56976
RUS,1995,148.37579,2640,-4.143528
RUS,1996,148.16013,2600,-3.755069
RUS,1997,147.91536,2650,1.399916
RUS,1998,147.67078,2130,-5.299962
RUS,1999,147.21478,1750,6.399915
RUS,2000,146.59687,1710,10.00007
RUS,2001,145.97648,1780,5.100051
RUS,2002,145.3065,2100,4.699992
RUS,2003,144.64862,2590,7.299953
RUS,2004,144.06732,3410,7.199948
RUS,2005,143.51881,4450,6.399965
RUS,2006,143.04964,5810,8.200068
RUS,2007,142.80511,7560,8.499978
RUS,2008,142.74237,9580,5.199969
RUS,2009,142.78535,9230,-7.799994
RUS,2010,142.84947,9980,4.5
RUS,2011,143.01819,11060,4.300029
RUS,2012,143.37845,13470,4.024086
RUS,2013,143.80564,15160,1.755422
RUS,2014,144.23722,14590,.7362672
RUS,2015,144.64072,11740,-1.972719
RUS,2016,145.01546,9680,.1936901
RUS,2017,145.29326,9160,1.82579
RUS,2018,145.39811,10180,2.807245
RUS,2019,145.45329,11190,2.198076
RUS,2020,145.24515,10660,-2.653655
RUS,2021,144.74676,11710,5.866492
RUS,2022,144.23693,12890,-1.435882
RUS,2023,143.82613,14460,4.082525
RUS,2024,143.53385,15320,4.344375
RWA,1960,3.022294,,
RWA,1961,3.106779,,-4.297526
RWA,1962,3.186025,40,11.3338
RWA,1963,3.25889,40,-9.820444
RWA,1964,3.334834,30,-12.46499
RWA,1965,3.42321,40,7.009529
RWA,1966,3.521626,40,7.008911
RWA,1967,3.629577,40,6.916018
RWA,1968,3.74401,40,7.013781
RWA,1969,3.861271,50,11.00737
RWA,1970,3.980669,50,6.001425
RWA,1971,4.100044,60,1.206641
RWA,1972,4.220335,60,.2630683
RWA,1973,4.345047,70,3.438088
RWA,1974,4.474228,80,1.409824
RWA,1975,4.607728,90,-2.113825
RWA,1976,4.745954,120,19.50458
RWA,1977,4.88824,150,1.99411
RWA,1978,5.035171,170,9.150841
RWA,1979,5.189541,220,11.86991
RWA,1980,5.353259,260,8.951612
RWA,1981,5.52723,270,5.4362
RWA,1982,5.711549,260,1.810846
RWA,1983,5.905311,250,5.98035
RWA,1984,6.107627,240,-4.240773
RWA,1985,6.317228,250,4.402748
RWA,1986,6.531881,290,5.472137
RWA,1987,6.749493,320,-.0240361
RWA,1988,6.968071,360,4.498825
RWA,1989,7.184706,350,-.0365343
RWA,1990,7.375307,340,-2.399291
RWA,1991,7.526966,300,-2.51438
RWA,1992,7.683266,300,5.872725
RWA,1993,7.981132,250,-8.108692
RWA,1994,6.792352,130,-50.24807
RWA,1995,5.674118,220,35.22408
RWA,1996,6.708764,200,12.7457
RWA,1997,7.755238,220,13.84975
RWA,1998,8.081681,230,8.858669
RWA,1999,8.147912,250,4.351888
RWA,2000,8.213931,270,8.370896
RWA,2001,8.287094,260,8.48456
RWA,2002,8.40018,260,13.19207
RWA,2003,8.586875,250,2.202388
RWA,2004,8.816844,270,7.447668
RWA,2005,9.054528,310,9.377899
RWA,2006,9.299246,350,9.227076
RWA,2007,9.549933,400,7.633298
RWA,2008,9.804269,470,11.16125
RWA,2009,10.060432,540,6.248258
RWA,2010,10.317553,590,7.334656
RWA,2011,10.573733,640,7.958389
RWA,2012,10.829901,690,8.641508
RWA,2013,11.09334,710,4.719849
RWA,2014,11.364757,720,6.167166
RWA,2015,11.640022,740,8.856855
RWA,2016,11.919183,730,5.970745
RWA,2017,12.20206,720,3.918171
RWA,2018,12.487996,770,8.516467
RWA,2019,12.776103,820,9.447385
RWA,2020,13.065837,770,-3.373688
RWA,2021,13.35526,840,10.85843
RWA,2022,13.65103,940,8.161207
RWA,2023,13.954471,1000,8.249903
RWA,2024,14.256567,1040,8.890656
SAS,1960,507.91932,,
SAS,1961,520.4169,,4.006594
SAS,1962,533.16254,88.2896,3.284763
SAS,1963,546.11121,95.59179,4.897411
SAS,1964,559.36141,106.6202,7.78194
SAS,1965,572.49834,110.7151,-1.85577
SAS,1966,585.38102,105.122,.6292143
SAS,1967,598.61873,105.4674,6.209312
SAS,1968,612.17191,101.2664,4.231854
SAS,1969,625.77335,108.673,5.816177
SAS,1970,640.07821,114.3011,5.120871
SAS,1971,654.08136,118.3111,.6425253
SAS,1972,668.3832,123.1744,-2.150285
SAS,1973,684.0007,143.4548,3.381713
SAS,1974,700.24738,168.4412,2.307088
SAS,1975,717.09251,193.0201,7.317207
SAS,1976,734.21763,183.8953,2.199341
SAS,1977,751.76048,185.1565,6.599542
SAS,1978,769.32911,202.6108,5.837642
SAS,1979,787.44058,220.1473,-3.554199
SAS,1980,806.36978,264.7097,5.872058
SAS,1981,825.63856,290.2814,6.174084
SAS,1982,845.34935,282.4125,3.356498
SAS,1983,865.44234,276.7079,6.648219
SAS,1984,885.8945,274.702,4.095634
SAS,1985,906.62203,285.304,5.065563
SAS,1986,927.64619,305.3936,4.70176
SAS,1987,948.80214,342.3172,3.831989
SAS,1988,970.04415,381.0503,8.520642
SAS,1989,991.57102,378.0826,5.469163
SAS,1990,1013.297,374.7038,5.587172
SAS,1991,1035.0581,343.4533,1.515149
SAS,1992,1057.0746,342.5147,5.412368
SAS,1993,1079.2564,325.778,4.822605
SAS,1994,1101.3055,340.9986,6.367326
SAS,1995,1123.5156,366.0448,7.197629
SAS,1996,1145.9986,399.2631,7.074306
SAS,1997,1168.6259,408.9863,4.210618
SAS,1998,1191.4059,412.9066,5.985545
SAS,1999,1214.2638,435.5346,8.208555
SAS,2000,1237.1855,441.0117,4.086856
SAS,2001,1260.1491,448.3917,4.573242
SAS,2002,1282.5848,453.271,3.771998
SAS,2003,1304.3478,507.6793,7.465724
SAS,2004,1325.9506,593.1801,7.546049
SAS,2005,1346.8864,682.5818,7.644492
SAS,2006,1367.1873,757.7208,7.895184
SAS,2007,1386.9495,873.5299,7.534282
SAS,2008,1406.0472,953.8972,3.480636
SAS,2009,1425.3702,1067.163,7.389812
SAS,2010,1444.967,1170.709,8.194404
SAS,2011,1464.3726,1310.148,5.451094
SAS,2012,1483.5531,1424.795,5.645159
SAS,2013,1501.662,1466.609,6.233265
SAS,2014,1519.8392,1513.536,7.24548
SAS,2015,1537.3701,1561.679,7.689739
SAS,2016,1555.1119,1664.045,7.969123
SAS,2017,1572.5204,1800.115,6.78412
SAS,2018,1589.1647,1998.72,6.393666
SAS,2019,1605.413,2105.41,4.094543
SAS,2020,1621.0734,1957.005,-4.987502
SAS,2021,1634.7854,2222.502,9.246599
SAS,2022,1648.0096,2438.085,7.101154
SAS,2023,1662.5806,2603.007,8.505117
SAS,2024,1677.3845,2662.612,6.224842
SAU,1960,2.435403,,
SAU,1961,2.526347,,11.87685
SAU,1962,2.62091,680,11.92266
SAU,1963,2.719341,690,8.696109
SAU,1964,2.821968,740,8.776784
SAU,1965,2.928771,790,12.13676
SAU,1966,3.039887,870,8.181146
SAU,1967,3.157242,860,8.909384
SAU,1968,3.282711,990,7.660127
SAU,1969,3.417114,1090,6.037887
SAU,1970,3.56247,1490,52.59209
SAU,1971,3.724031,1890,15.22911
SAU,1972,3.905722,2320,18.78512
SAU,1973,4.106344,2970,22.4951
SAU,1974,4.323632,5530,16.09968
SAU,1975,4.556287,7830,-5.488162
SAU,1976,4.807933,12790,15.22356
SAU,1977,5.083048,13920,5.891383
SAU,1978,5.381902,14920,.1723757
SAU,1979,5.703698,19080,10.96391
SAU,1980,6.047997,23500,5.797611
SAU,1981,6.420551,27500,2.982745
SAU,1982,6.824486,24190,-16.10909
SAU,1983,7.252941,20100,-10.99344
SAU,1984,7.697307,17310,-4.007504
SAU,1985,8.151779,14800,-7.211804
SAU,1986,8.628639,13510,1.008153
SAU,1987,9.130194,11990,-3.133033
SAU,1988,9.629165,11640,6.600341
SAU,1989,10.128394,10820,.4151934
SAU,1990,10.640691,11230,9.426099
SAU,1991,11.160744,12160,8.220771
SAU,1992,11.686676,12720,4.580582
SAU,1993,12.215862,11970,.3798359
SAU,1994,12.75004,11180,.952966
SAU,1995,13.289245,11020,.311708
SAU,1996,13.831009,11280,3.304682
SAU,1997,14.374943,11440,2.647319
SAU,1998,14.922185,10780,2.803812
SAU,1999,15.472075,10250,-.6333936
SAU,2000,16.177722,10450,4.718134
SAU,2001,17.041397,10540,.3445932
SAU,2002,17.91091,10310,-.6883901
SAU,2003,18.786767,11140,8.768734
SAU,2004,19.66948,12880,8.631005
SAU,2005,20.55989,14620,5.944896
SAU,2006,21.459144,16250,3.313485
SAU,2007,22.368313,17870,2.213654
SAU,2008,23.287877,20540,6.237988
SAU,2009,24.217654,19810,-1.066717
SAU,2010,23.978487,21820,5.039515
SAU,2011,25.091867,24110,11.75886
SAU,2012,26.168861,27610,5.761508
SAU,2013,27.624004,28620,2.9457
SAU,2014,28.309273,29080,4.024641
SAU,2015,29.816382,26580,4.655123
SAU,2016,30.954198,23940,1.704075
SAU,2017,30.977355,23130,1.18208
SAU,2018,30.196281,26570,3.226951
SAU,2019,30.063799,29140,1.651564
SAU,2020,31.55251,26940,-3.804765
SAU,2021,30.784383,30480,6.519597
SAU,2022,32.175224,35110,12.00059
SAU,2023,33.702731,36330,.5425925
SAU,2024,35.30028,35570,1.807955
SDN,1960,8.364489,,
SDN,1961,8.634941,,.0223913
SDN,1962,8.919028,110,6.915842
SDN,1963,9.218077,110,-2.846972
SDN,1964,9.531109,110,-1.120449
SDN,1965,9.85803,110,6.777074
SDN,1966,10.197578,110,-3.575147
SDN,1967,10.550597,110,1.424081
SDN,1968,10.917999,120,1.963221
SDN,1969,11.298936,120,1.389351
SDN,1970,11.695771,130,5.925075
SDN,1971,12.105539,140,2.247314
SDN,1972,12.527856,150,-5.070986
SDN,1973,13.049315,170,.6321952
SDN,1974,13.580723,230,11.44529
SDN,1975,14.064798,290,15.71347
SDN,1976,14.569716,340,16.66522
SDN,1977,15.086614,370,6.223854
SDN,1978,15.695003,380,-5.930987
SDN,1979,16.355352,410,-5.0186
SDN,1980,17.058905,450,1.52431
SDN,1981,17.780572,480,7.437564
SDN,1982,18.486645,440,5.958666
SDN,1983,19.10977,380,2.062502
SDN,1984,19.546528,340,-5.008907
SDN,1985,19.905872,320,-6.281044
SDN,1986,20.288238,380,5.413811
SDN,1987,20.704904,460,14.22088
SDN,1988,21.138431,530,-.3310918
SDN,1989,21.578022,640,8.931394
SDN,1990,22.021481,750,-5.470054
SDN,1991,22.470676,1030,7.510911
SDN,1992,22.927355,510,6.577861
SDN,1993,23.445592,360,4.568749
SDN,1994,24.043948,310,1.006229
SDN,1995,24.672143,390,5.997092
SDN,1996,25.231528,390,5.919124
SDN,1997,25.799821,400,18.31266
SDN,1998,26.458999,340,4.308504
SDN,1999,27.130613,330,3.104096
SDN,2000,27.816745,330,6.345868
SDN,2001,28.51677,370,6.50036
SDN,2002,29.228727,420,6.006472
SDN,2003,29.896035,510,6.288808
SDN,2004,30.556637,620,5.140889
SDN,2005,31.262444,750,5.643516
SDN,2006,31.992435,920,6.531412
SDN,2007,32.764135,1160,5.735274
SDN,2008,33.62398,1350,3.846745
SDN,2009,34.569113,1310,-2.767704
SDN,2010,35.414399,1230,3.858242
SDN,2011,36.140806,1250,-3.213532
SDN,2012,36.923178,1120,-17.00469
SDN,2013,37.785849,1060,1.955145
SDN,2014,38.823318,1130,4.661379
SDN,2015,40.024431,1180,1.910177
SDN,2016,41.259892,1140,3.467642
SDN,2017,42.714306,1010,.7092563
SDN,2018,44.230596,810,-2.680931
SDN,2019,45.548175,720,-2.178251
SDN,2020,46.789231,600,-3.629801
SDN,2021,48.066924,620,-1.86852
SDN,2022,49.383346,720,-.9578166
SDN,2023,50.042791,640,-29.43327
SDN,2024,50.448963,720,-13.49329
SEN,1960,3.340907,,
SEN,1961,3.436375,,2.993448
SEN,1962,3.534686,,-.1362354
SEN,1963,3.635876,,1.864479
SEN,1964,3.740535,,3.883927
SEN,1965,3.849788,,1.332189
SEN,1966,3.964299,,2.876761
SEN,1967,4.08387,,-1.219793
SEN,1968,4.207587,320,6.290773
SEN,1969,4.334974,300,-6.554143
SEN,1970,4.466328,310,8.562045
SEN,1971,4.601864,300,-.1404494
SEN,1972,4.741631,330,6.383209
SEN,1973,4.885181,360,-5.58324
SEN,1974,5.029437,430,4.200776
SEN,1975,5.17081,530,7.535663
SEN,1976,5.308564,570,8.920504
SEN,1977,5.439549,560,-2.682905
SEN,1978,5.568096,560,-3.953931
SEN,1979,5.702895,680,7.001686
SEN,1980,5.845638,800,3.987762
SEN,1981,5.99716,800,5.18023
SEN,1982,6.156961,740,8.010385
SEN,1983,6.324504,580,-5.64746
SEN,1984,6.499364,540,3.935843
SEN,1985,6.683287,540,3.463084
SEN,1986,6.878192,620,3.126986
SEN,1987,7.08153,800,6.255863
SEN,1988,7.289618,920,-.8165755
SEN,1989,7.502207,920,3.973783
SEN,1990,7.720523,900,-.7462822
SEN,1991,7.943085,910,2.659963
SEN,1992,8.168395,960,1.320233
SEN,1993,8.396288,910,1.360213
SEN,1994,8.624078,760,-.047521
SEN,1995,8.848101,720,5.468585
SEN,1996,9.067014,690,2.019977
SEN,1997,9.283495,700,3.045601
SEN,1998,9.502952,680,5.898479
SEN,1999,9.730887,670,6.283308
SEN,2000,9.96826,650,3.887211
SEN,2001,10.212942,640,4.310852
SEN,2002,10.466214,610,.0686966
SEN,2003,10.721176,710,5.593951
SEN,2004,10.975704,850,4.643294
SEN,2005,11.235472,980,4.310238
SEN,2006,11.500094,1020,2.330771
SEN,2007,11.770344,1090,2.827119
SEN,2008,12.048959,1240,3.703169
SEN,2009,12.337389,1330,2.752105
SEN,2010,12.635413,1340,3.390889
SEN,2011,12.958897,1310,1.334091
SEN,2012,13.310495,1320,4.002995
SEN,2013,13.710849,1350,2.412385
SEN,2014,14.152102,1370,6.224074
SEN,2015,14.593331,1310,6.367043
SEN,2016,15.034521,1270,6.356069
SEN,2017,15.475002,1270,7.407486
SEN,2018,15.914498,1390,6.209241
SEN,2019,16.352922,1430,4.613628
SEN,2020,16.789219,1440,1.342074
SEN,2021,17.220867,1530,6.544001
SEN,2022,17.651103,1600,3.850432
SEN,2023,18.077573,1630,4.257431
SEN,2024,18.501984,1680,6.892007
SGP,1960,1.6464,,
SGP,1961,1.7024,,8.137529
SGP,1962,1.7502,490,7.553444
SGP,1963,1.795,530,10.04017
SGP,1964,1.8416,510,-3.103168
SGP,1965,1.8869,540,7.83426
SGP,1966,1.9344,590,10.1801
SGP,1967,1.9776,660,12.50861
SGP,1968,2.012,750,13.52699
SGP,1969,2.0425,850,13.83383
SGP,1970,2.074507,970,13.942
SGP,1971,2.1129,1090,12.41344
SGP,1972,2.1524,1280,13.31556
SGP,1973,2.193,1600,10.603
SGP,1974,2.2298,2090,6.117404
SGP,1975,2.2626,2660,3.988739
SGP,1976,2.2933,2930,7.437167
SGP,1977,2.3253,3020,6.852442
SGP,1978,2.3536,3370,7.777182
SGP,1979,2.3835,3990,9.554449
SGP,1980,2.413945,4730,10.11337
SGP,1981,2.532835,5380,10.81592
SGP,1982,2.646466,5680,7.102145
SGP,1983,2.681061,6170,8.554482
SGP,1984,2.732221,6930,8.792286
SGP,1985,2.735957,7100,-.6227016
SGP,1986,2.733373,7330,1.34281
SGP,1987,2.774789,8080,10.79793
SGP,1988,2.846108,9320,11.26359
SGP,1989,2.930901,10320,10.15883
SGP,1990,3.047132,11450,9.8209
SGP,1991,3.135083,12970,6.688397
SGP,1992,3.230698,15270,6.639806
SGP,1993,3.313471,17710,11.45965
SGP,1994,3.419048,20780,11.09569
SGP,1995,3.524506,23630,7.175401
SGP,1996,3.670704,25610,7.471391
SGP,1997,3.796038,27730,8.316209
SGP,1998,3.927213,24010,-2.191015
SGP,1999,3.958723,23360,5.718372
SGP,2000,4.027887,23680,9.038317
SGP,2001,4.138012,22130,-1.070863
SGP,2002,4.17595,22000,3.923361
SGP,2003,4.114826,23440,4.548255
SGP,2004,4.166664,26170,9.939982
SGP,2005,4.265762,28830,7.366323
SGP,2006,4.401365,32550,9.006766
SGP,2007,4.588599,36010,9.02152
SGP,2008,4.839396,37230,1.863483
SGP,2009,4.987573,37320,.1279534
SGP,2010,5.076732,44930,14.51975
SGP,2011,5.183688,48250,6.214934
SGP,2012,5.312437,51710,4.435498
SGP,2013,5.399162,54470,4.817631
SGP,2014,5.469724,56380,3.93554
SGP,2015,5.535002,53160,2.976799
SGP,2016,5.607283,53470,3.747578
SGP,2017,5.612253,55230,4.476899
SGP,2018,5.638676,56360,3.451976
SGP,2019,5.703569,58430,1.308041
SGP,2020,5.685807,55780,-3.814709
SGP,2021,5.453566,65010,9.756804
SGP,2022,5.637022,66910,4.108
SGP,2023,5.917648,69850,1.821407
SGP,2024,6.03686,74750,4.388024
SLB,1960,.139688,,
SLB,1961,.142912,,
SLB,1962,.146201,,
SLB,1963,.149589,,
SLB,1964,.153085,,
SLB,1965,.156686,,
SLB,1966,.160393,,
SLB,1967,.164245,,
SLB,1968,.168282,,
SLB,1969,.172476,,
SLB,1970,.176579,,
SLB,1971,.180637,,
SLB,1972,.184994,,
SLB,1973,.189774,,
SLB,1974,.195041,,
SLB,1975,.200744,,
SLB,1976,.207194,,
SLB,1977,.214418,,
SLB,1978,.222029,,
SLB,1979,.229953,,
SLB,1980,.238135,,
SLB,1981,.246555,,-1.797019
SLB,1982,.2552,730,-1.669566
SLB,1983,.264068,690,3.890592
SLB,1984,.273163,640,.1702003
SLB,1985,.282455,590,-3.132323
SLB,1986,.291842,550,-.2014302
SLB,1987,.301414,570,8.42131
SLB,1988,.311265,570,1.250196
SLB,1989,.321282,560,4.264256
SLB,1990,.331435,600,2.2
SLB,1991,.341738,620,6.000001
SLB,1992,.352205,750,12.7
SLB,1993,.362839,800,4
SLB,1994,.373675,940,8.100001
SLB,1995,.384733,1120,10.08862
SLB,1996,.396009,1230,1.609908
SLB,1997,.407474,1220,-.9140772
SLB,1998,.419071,1150,1.291512
SLB,1999,.4305,1080,-.4857307
SLB,2000,.440469,920,-14.277
SLB,2001,.449125,870,-7.956606
SLB,2002,.457671,790,-2.799983
SLB,2003,.466154,870,6.523467
SLB,2004,.474611,980,7.6833
SLB,2005,.48308,1130,7.357842
SLB,2006,.491594,1190,4.13828
SLB,2007,.500156,1260,3.639673
SLB,2008,.50879,1380,6.225969
SLB,2009,.518141,1460,2.864268
SLB,2010,.532968,1600,9.708388
SLB,2011,.552945,1690,7.42995
SLB,2012,.573606,1820,2.466001
SLB,2013,.594945,2090,5.23774
SLB,2014,.616908,2090,1.189217
SLB,2015,.639415,2010,1.676146
SLB,2016,.662379,2000,5.554731
SLB,2017,.685672,2020,3.075348
SLB,2018,.709101,2150,2.745996
SLB,2019,.728147,2210,1.748567
SLB,2020,.744498,2170,-3.381148
SLB,2021,.762591,2140,2.56435
SLB,2022,.781066,2120,2.402481
SLB,2023,.800005,2110,2.656362
SLB,2024,.819198,2080,2.539342
SLE,1960,2.268356,,
SLE,1961,2.304227,,1.809044
SLE,1962,2.342242,,4.540967
SLE,1963,2.382258,,1.699715
SLE,1964,2.42439,160,6.685239
SLE,1965,2.468666,160,7.180156
SLE,1966,2.514638,160,1.7
SLE,1967,2.562384,150,.0362816
SLE,1968,2.611532,140,2.019924
SLE,1969,2.661365,150,8.525447
SLE,1970,2.712286,160,8.620493
SLE,1971,2.763222,170,3.465916
SLE,1972,2.814388,170,.9002346
SLE,1973,2.866955,190,2.256618
SLE,1974,2.920459,230,3.499828
SLE,1975,2.974657,250,1.669217
SLE,1976,3.02882,230,-.4491763
SLE,1977,3.085354,220,.0466758
SLE,1978,3.145517,250,2.406332
SLE,1979,3.207499,320,4.511266
SLE,1980,3.272089,380,4.843504
SLE,1981,3.33894,370,2.881428
SLE,1982,3.408183,370,4.781755
SLE,1983,3.481646,310,-2.102802
SLE,1984,3.558758,310,4.093034
SLE,1985,3.638438,250,-5.31134
SLE,1986,3.72838,180,1.236047
SLE,1987,3.829718,180,7.231269
SLE,1988,3.934517,180,-7.08
SLE,1989,4.034037,210,.73
SLE,1990,4.196828,190,3.349998
SLE,1991,4.246267,180,2.351961
SLE,1992,4.166366,140,-19.01291
SLE,1993,4.15713,160,1.37455
SLE,1994,4.173105,170,-1.947385
SLE,1995,4.179179,190,-7.999753
SLE,1996,4.19921,210,1.75382
SLE,1997,4.253716,200,-5.877081
SLE,1998,4.295785,170,1.785013
SLE,1999,4.318043,160,-1.979287
SLE,2000,4.423611,150,6.65273
SLE,2001,4.692716,170,-6.345456
SLE,2002,4.971435,260,26.52414
SLE,2003,5.177687,420,9.483631
SLE,2004,5.355717,410,6.478846
SLE,2005,5.501712,440,4.3535
SLE,2006,5.624466,440,4.283111
SLE,2007,5.749352,480,3.749758
SLE,2008,5.894722,580,3.68606
SLE,2009,6.055646,650,1.530803
SLE,2010,6.222714,690,6.355666
SLE,2011,6.387251,710,8.100656
SLE,2012,6.55108,830,10.57833
SLE,2013,6.714051,970,14.66332
SLE,2014,6.876385,970,-7.815015
SLE,2015,7.037655,950,-4.363333
SLE,2016,7.205328,930,6.437437
SLE,2017,7.379299,840,3.207861
SLE,2018,7.554563,830,2.893857
SLE,2019,7.731991,850,5.502709
SLE,2020,7.912558,840,-1.253349
SLE,2021,8.094602,890,5.896852
SLE,2022,8.276807,920,5.313555
SLE,2023,8.460512,870,5.710022
SLE,2024,8.642022,840,4
SLV,1960,2.791459,,
SLV,1961,2.870016,,
SLV,1962,2.949204,,
SLV,1963,3.028679,,
SLV,1964,3.111883,,
SLV,1965,3.199466,,
SLV,1966,3.290961,,7.161138
SLV,1967,3.385184,300,5.436849
SLV,1968,3.480773,300,3.236692
SLV,1969,3.576485,300,3.485419
SLV,1970,3.668796,310,2.977295
SLV,1971,3.757523,320,3.858258
SLV,1972,3.84683,350,6.117534
SLV,1973,3.938068,390,4.861673
SLV,1974,4.029671,440,5.336001
SLV,1975,4.120449,490,2.923532
SLV,1976,4.21031,530,5.04926
SLV,1977,4.301256,620,6.780062
SLV,1978,4.394114,720,5.322766
SLV,1979,4.480388,780,-4.180265
SLV,1980,4.540382,740,-15.83686
SLV,1981,4.570599,760,-5.720991
SLV,1982,4.622477,710,-6.308471
SLV,1983,4.707367,690,1.539025
SLV,1984,4.798003,710,1.335258
SLV,1985,4.894706,730,.6143162
SLV,1986,4.992769,760,.194673
SLV,1987,5.092441,820,2.508169
SLV,1988,5.195833,850,1.878177
SLV,1989,5.298979,840,.9640592
SLV,1990,5.399726,880,4.832901
SLV,1991,5.495077,910,1.494088
SLV,1992,5.585609,1020,7.021963
SLV,1993,5.659957,1130,5.818316
SLV,1994,5.714129,1260,4.692062
SLV,1995,5.762131,1440,4.734081
SLV,1996,5.805286,1560,.8114619
SLV,1997,5.844578,1660,3.13797
SLV,1998,5.880781,1730,2.652277
SLV,1999,5.9139,1790,2.162034
SLV,2000,5.943366,1890,1.127907
SLV,2001,5.96806,1940,.8796136
SLV,2002,5.986631,1990,1.572918
SLV,2003,5.998599,2120,1.565393
SLV,2004,6.004671,2280,.8894045
SLV,2005,6.005578,2430,2.68083
SLV,2006,6.002319,2600,4.336998
SLV,2007,6.009824,2730,1.847602
SLV,2008,6.029297,2910,2.154403
SLV,2009,6.048279,2870,-2.108768
SLV,2010,6.068249,2940,2.154195
SLV,2011,6.090127,3120,3.773585
SLV,2012,6.113975,3280,2.8877
SLV,2013,6.138839,3410,2.182952
SLV,2014,6.162955,3480,1.7294
SLV,2015,6.183676,3520,2.4
SLV,2016,6.2008,3600,2.539063
SLV,2017,6.213533,3700,2.247619
SLV,2018,6.219807,3940,2.412444
SLV,2019,6.222318,4130,2.437472
SLV,2020,6.234673,3800,-7.893101
SLV,2021,6.255782,4380,11.90476
SLV,2022,6.280319,4710,2.954615
SLV,2023,6.309624,4950,3.539157
SLV,2024,6.338193,5120,2.60202
SMR,1960,.015428,,
SMR,1961,.015799,,
SMR,1962,.016183,,
SMR,1963,.01658,,
SMR,1964,.016977,,
SMR,1965,.017305,,
SMR,1966,.017523,,
SMR,1967,.017688,,
SMR,1968,.017861,,
SMR,1969,.018026,,
SMR,1970,.018168,,
SMR,1971,.018419,,
SMR,1972,.018787,,
SMR,1973,.018992,,
SMR,1974,.01903,,
SMR,1975,.019046,,
SMR,1976,.01911,,
SMR,1977,.020017,,
SMR,1978,.021026,,
SMR,1979,.02132,,
SMR,1980,.021585,,
SMR,1981,.02184,,
SMR,1982,.022055,,
SMR,1983,.022229,,
SMR,1984,.022346,,
SMR,1985,.022485,,
SMR,1986,.022636,,
SMR,1987,.022686,,
SMR,1988,.022843,,
SMR,1989,.023154,,
SMR,1990,.023475,,
SMR,1991,.023797,,
SMR,1992,.024125,,
SMR,1993,.024472,,
SMR,1994,.024823,,
SMR,1995,.025158,,
SMR,1996,.025482,,
SMR,1997,.0258,,
SMR,1998,.026125,,7.465619
SMR,1999,.026459,,9.04936
SMR,2000,.026799,,2.17938
SMR,2001,.027143,,5.578343
SMR,2002,.027491,,.3108003
SMR,2003,.027843,,3.872967
SMR,2004,.029457,,4.548844
SMR,2005,.029836,,2.425107
SMR,2006,.030184,,3.830084
SMR,2007,.031211,,7.109323
SMR,2008,.031662,,-.5009392
SMR,2009,.033066,,-10.32096
SMR,2010,.03327,,-5.473684
SMR,2011,.03262,,-8.314774
SMR,2012,.033469,,-7.044534
SMR,2013,.033041,,-.7839721
SMR,2014,.032655,,-.7023705
SMR,2015,.032897,,2.291506
SMR,2016,.033101,,2.344406
SMR,2017,.033825,40010,.2582655
SMR,2018,.034522,41800,1.493905
SMR,2019,.034663,43770,2.065685
SMR,2020,.03477,40570,-6.647911
SMR,2021,.034252,48190,13.89779
SMR,2022,.033755,53930,7.898441
SMR,2023,.03386,,
SMR,2024,.033977,,
SOM,1960,2.876331,,
SOM,1961,2.952054,,-3.261981
SOM,1962,3.030091,70,7.076655
SOM,1963,3.110361,70,2.808803
SOM,1964,3.192796,70,-6.110623
SOM,1965,3.277874,70,-5.943682
SOM,1966,3.365106,80,9.098655
SOM,1967,3.454537,80,5.940944
SOM,1968,3.54659,80,2.029977
SOM,1969,3.641015,80,-1.69957
SOM,1970,3.738448,80,4.581408
SOM,1971,3.837691,90,2.138365
SOM,1972,3.939436,110,14.88095
SOM,1973,4.045592,120,-12.14937
SOM,1974,4.151842,110,.7524914
SOM,1975,4.257535,170,14.6952
SOM,1976,4.365812,180,-1.847941
SOM,1977,4.48405,170,13.64533
SOM,1978,4.814892,140,5.799418
SOM,1979,5.449117,110,-4.986949
SOM,1980,5.936154,110,1.792944
SOM,1981,5.982849,120,6.264205
SOM,1982,6.00384,120,2.76701
SOM,1983,6.19843,110,-11.57648
SOM,1984,6.428389,110,3.265666
SOM,1985,6.693289,120,9.529915
SOM,1986,6.974788,130,-2.145923
SOM,1987,7.228302,150,10.08772
SOM,1988,7.23536,160,3.415248
SOM,1989,7.114817,160,3.807665
SOM,1990,7.082811,160,2.326931
SOM,1991,6.81376,140,2.950571
SOM,1992,6.495107,120,-8.488323
SOM,1993,6.681399,130,3.990597
SOM,1994,7.026797,130,-17.84699
SOM,1995,7.285007,190,3.990597
SOM,1996,7.554474,230,8.046015
SOM,1997,7.824525,240,1.180492
SOM,1998,8.155417,270,6.586493
SOM,1999,8.492059,320,7.318295
SOM,2000,8.838713,370,7.110314
SOM,2001,9.198493,320,7.110314
SOM,2002,9.550063,270,7.630267
SOM,2003,9.909157,260,7.630267
SOM,2004,10.280998,310,7.110314
SOM,2005,10.644228,390,7.110314
SOM,2006,10.975502,450,6.486371
SOM,2007,11.322582,480,6.694352
SOM,2008,11.663084,510,6.694352
SOM,2009,11.961201,380,6.694352
SOM,2010,12.261756,290,6.694352
SOM,2011,12.34883,250,6.694352
SOM,2012,12.46116,280,6.694352
SOM,2013,12.869594,340,10.9593
SOM,2014,13.339491,410,8.978006
SOM,2015,13.806963,440,10.46219
SOM,2016,14.34874,450,7.034873
SOM,2017,14.916629,500,14.7358
SOM,2018,15.452487,510,2.054315
SOM,2019,16.030971,520,2.824313
SOM,2020,16.651191,500,-2.752481
SOM,2021,17.271431,540,3.458228
SOM,2022,17.801897,570,2.727114
SOM,2023,18.358615,590,4.216384
SOM,2024,19.009151,600,3.972321
SRB,1960,6.638992,,
SRB,1961,6.689077,,
SRB,1962,6.740264,,
SRB,1963,6.78795,,
SRB,1964,6.832855,,
SRB,1965,6.876624,,
SRB,1966,6.927969,,
SRB,1967,6.966522,,
SRB,1968,7.007586,,
SRB,1969,7.123249,,
SRB,1970,7.164993,,
SRB,1971,7.211716,,
SRB,1972,7.252012,,
SRB,1973,7.283902,,
SRB,1974,7.326043,,
SRB,1975,7.368717,,
SRB,1976,7.418973,,
SRB,1977,7.462783,,
SRB,1978,7.504017,,
SRB,1979,7.541997,,
SRB,1980,7.709544,,
SRB,1981,7.736787,,
SRB,1982,7.763335,,
SRB,1983,7.7881,,
SRB,1984,7.813549,,
SRB,1985,7.835902,,
SRB,1986,7.853824,,
SRB,1987,7.868027,,
SRB,1988,7.884218,,
SRB,1989,7.893787,,
SRB,1990,7.897937,,
SRB,1991,7.595636,,
SRB,1992,7.604063,,
SRB,1993,7.614328,,
SRB,1994,7.622711,,
SRB,1995,7.628264,,
SRB,1996,7.622185,,6.164962
SRB,1997,7.598538,3210,8.933212
SRB,1998,7.567745,3250,5.342642
SRB,1999,7.540401,2800,-10.32551
SRB,2000,7.516346,1720,6.055092
SRB,2001,7.503433,1630,6.778519
SRB,2002,7.500031,1610,6.541048
SRB,2003,7.480591,2510,4.55969
SRB,2004,7.463157,3340,6.686868
SRB,2005,7.440769,3940,5.903498
SRB,2006,7.411569,4280,3.900664
SRB,2007,7.381579,5000,7.832072
SRB,2008,7.350222,6250,5.160893
SRB,2009,7.320807,6680,-3.142611
SRB,2010,7.291436,6500,1.610973
SRB,2011,7.236519,6380,.0542725
SRB,2012,7.201497,6310,-.443956
SRB,2013,7.166553,6630,.4515788
SRB,2014,7.131787,6450,-1.80427
SRB,2015,7.095383,6210,1.295738
SRB,2016,7.058322,5920,2.975198
SRB,2017,7.020858,5810,2.363394
SRB,2018,6.982604,6700,4.64935
SRB,2019,6.945235,7380,4.750208
SRB,2020,6.899126,7790,-.950024
SRB,2021,6.834326,8890,7.949057
SRB,2022,6.664449,9790,2.630986
SRB,2023,6.623183,10760,3.847471
SRB,2024,6.587202,11570,3.878013
SSA,1960,206.28826,,
SSA,1961,211.29261,,1.108565
SSA,1962,216.51725,,6.042139
SSA,1963,221.9379,,6.281917
SSA,1964,227.57966,,5.007873
SSA,1965,233.44799,,4.670645
SSA,1966,239.52677,,1.898973
SSA,1967,245.82921,,-.8691838
SSA,1968,252.38497,,3.097367
SSA,1969,259.16683,,9.201274
SSA,1970,266.18879,,7.934511
SSA,1971,273.44046,,7.747465
SSA,1972,280.87241,,2.919096
SSA,1973,288.7504,,4.282508
SSA,1974,297.08301,,7.653787
SSA,1975,305.70195,,-.2756431
SSA,1976,314.54533,,5.271817
SSA,1977,323.71036,,2.769644
SSA,1978,333.68016,,-.2315295
SSA,1979,344.3945,,4.014494
SSA,1980,355.46747,,3.70032
SSA,1981,366.43752,,-.9032769
SSA,1982,377.64143,,-1.223405
SSA,1983,389.09465,,-2.76413
SSA,1984,400.53851,,2.362469
SSA,1985,412.35406,678.3268,2.291955
SSA,1986,424.4076,642.4489,1.750451
SSA,1987,436.64315,684.206,2.72726
SSA,1988,448.76407,770.1144,4.519846
SSA,1989,461.05254,796.1503,2.364166
SSA,1990,473.63545,792.6627,2.327521
SSA,1991,485.83403,826.32,.5290799
SSA,1992,498.34957,797.9718,-.2833306
SSA,1993,511.78964,785.8937,-1.174063
SSA,1994,525.1162,758.5148,.9696444
SSA,1995,538.76961,788.61,3.231346
SSA,1996,553.00992,795.1897,4.960326
SSA,1997,567.37196,808.2066,4.080387
SSA,1998,582.36122,757.4826,2.643746
SSA,1999,597.80226,734.915,2.128264
SSA,2000,613.63248,718.3217,3.410986
SSA,2001,630.01962,689.6148,4.116423
SSA,2002,646.94291,676.5272,6.479533
SSA,2003,664.40069,739.8655,4.228086
SSA,2004,682.49346,897.4867,6.518268
SSA,2005,701.21479,1111.81,5.92282
SSA,2006,720.48128,1248.377,5.92793
SSA,2007,740.37663,1371.1,6.017411
SSA,2008,761.02625,1488.134,5.05538
SSA,2009,782.25236,1522.124,2.993962
SSA,2010,804.03837,1587.933,5.831448
SSA,2011,826.29071,1684.321,4.249784
SSA,2012,849.08324,1827.313,3.108507
SSA,2013,872.70421,1907.606,4.917213
SSA,2014,896.75407,1958.385,4.603251
SSA,2015,921.29056,1840.103,2.686399
SSA,2016,946.0113,1643.098,.929693
SSA,2017,971.17932,1534.137,2.201462
SSA,2018,997.23609,1584.739,2.584185
SSA,2019,1023.4806,1653.477,2.418589
SSA,2020,1049.9993,1578.674,-2.397348
SSA,2021,1076.7741,1643.27,4.244484
SSA,2022,1103.7044,1709.901,3.653276
SSA,2023,1131.0909,1675.256,2.343971
SSA,2024,1158.8776,1534.872,3.19565
SSD,1960,2.931559,,
SSD,1961,2.976724,,
SSD,1962,3.024308,,
SSD,1963,3.072669,,
SSD,1964,3.129918,,
SSD,1965,3.189835,,
SSD,1966,3.236423,,
SSD,1967,3.277648,,
SSD,1968,3.321528,,
SSD,1969,3.365533,,
SSD,1970,3.409614,,
SSD,1971,3.468646,,
SSD,1972,3.542497,,
SSD,1973,3.627383,,
SSD,1974,3.723259,,
SSD,1975,3.821494,,
SSD,1976,3.92191,,
SSD,1977,4.024032,,
SSD,1978,4.127657,,
SSD,1979,4.232605,,
SSD,1980,4.33903,,
SSD,1981,4.447272,,
SSD,1982,4.557686,,
SSD,1983,4.661574,,
SSD,1984,4.750627,,
SSD,1985,4.834296,,
SSD,1986,4.92124,,
SSD,1987,4.962395,,
SSD,1988,4.848029,,
SSD,1989,4.713229,,
SSD,1990,4.737633,,
SSD,1991,4.836677,,
SSD,1992,4.909749,,
SSD,1993,4.956002,,
SSD,1994,5.071184,,
SSD,1995,5.225836,,
SSD,1996,5.356925,,
SSD,1997,5.509136,,
SSD,1998,5.620068,,
SSD,1999,5.771628,,
SSD,2000,6.032267,,
SSD,2001,6.308391,,
SSD,2002,6.596806,,
SSD,2003,6.903127,,
SSD,2004,7.233041,,
SSD,2005,7.590143,,
SSD,2006,7.976526,,
SSD,2007,8.388788,,
SSD,2008,8.817647,,
SSD,2009,9.243556,,5.041642
SSD,2010,9.745953,,5.493416
SSD,2011,10.288109,770,-4.640317
SSD,2012,10.75624,800,-46.08212
SSD,2013,11.166275,1080,13.12973
SSD,2014,11.235073,1170,3.373648
SSD,2015,11.107561,1050,-10.79336
SSD,2016,10.830102,,
SSD,2017,10.259154,,
SSD,2018,10.122977,,
SSD,2019,10.423384,,
SSD,2020,10.698467,,
SSD,2021,10.86578,,
SSD,2022,11.021177,,
SSD,2023,11.483374,,
SSD,2024,11.943408,,
SSF,1960,227.70665,,
SSF,1961,233.2416,,1.105132
SSF,1962,239.02641,,6.005681
SSF,1963,245.03471,,6.245862
SSF,1964,251.29253,,4.988868
SSF,1965,257.8061,,4.690651
SSF,1966,264.52816,,2.019481
SSF,1967,271.4994,,-.7580212
SSF,1968,278.77403,,3.124357
SSF,1969,286.29177,,9.011771
SSF,1970,294.07152,,7.837638
SSF,1971,302.09526,,7.72664
SSF,1972,310.30305,,2.948134
SSF,1973,318.97408,,4.302794
SSF,1974,328.09822,,7.55748
SSF,1975,337.48449,,-.2427656
SSF,1976,347.14025,,5.173942
SSF,1977,356.93942,,2.762397
SSF,1978,367.4769,,-.1596486
SSF,1979,378.69583,,3.921131
SSF,1980,389.95925,,3.744602
SSF,1981,401.80557,,-.8075076
SSF,1982,414.40713,,-1.182268
SSF,1983,426.8998,,-2.545259
SSF,1984,439.33895,,2.249574
SSF,1985,452.26144,638.3952,2.017862
SSF,1986,465.51091,610.5869,1.893303
SSF,1987,479.17169,654.8599,2.946551
SSF,1988,492.98365,731.0183,4.4337
SSF,1989,507.0014,751.912,2.314044
SSF,1990,521.31471,748.5358,2.340185
SSF,1991,535.62167,776.7122,.3752798
SSF,1992,550.27408,747.2545,-.433987
SSF,1993,565.57078,735.0019,-.9187024
SSF,1994,580.80191,703.5712,1.00951
SSF,1995,596.38225,727.6991,3.286577
SSF,1996,612.55397,733.4749,5.119765
SSF,1997,628.85382,744.3325,4.068405
SSF,1998,645.80359,696.2938,2.510005
SSF,1999,663.25723,675.3984,2.190488
SSF,2000,681.12511,660.2791,3.468444
SSF,2001,699.58858,634.3053,4.199815
SSF,2002,718.66215,621.1133,6.361457
SSF,2003,738.31613,677.0841,4.07953
SSF,2004,758.65314,820.6573,6.652303
SSF,2005,779.66511,1015.445,6.052817
SSF,2006,801.26937,1140.298,6.042761
SSF,2007,823.56488,1254.35,6.149471
SSF,2008,846.65687,1365.951,5.191211
SSF,2009,870.34729,1402.324,3.139603
SSF,2010,894.66666,1465.266,6.013863
SSF,2011,919.52813,1552.917,4.454915
SSF,2012,944.97031,1683.43,3.279455
SSF,2013,971.23291,1761.125,5.098034
SSF,2014,997.96104,1814.722,4.795953
SSF,2015,1025.2511,1713.451,2.968378
SSF,2016,1052.8241,1543.288,1.266905
SSF,2017,1080.9416,1452.301,2.512523
SSF,2018,1109.997,1503.541,2.774839
SSF,2019,1139.3156,1570.328,2.696697
SSF,2020,1169.0155,1507.051,-1.994294
SSF,2021,1199.0119,1571.703,4.314826
SSF,2022,1229.2086,1639.358,3.750658
SSF,2023,1259.9024,1618.776,2.574661
SSF,2024,1291.0587,1513.236,3.428438
SST,1960,8.767492,,
SST,1961,8.927466,,
SST,1962,9.111719,,
SST,1963,9.300542,,
SST,1964,9.487757,,
SST,1965,9.670463,,
SST,1966,9.846482,,
SST,1967,10.014042,,
SST,1968,10.181338,,
SST,1969,10.35336,,
SST,1970,10.526671,,
SST,1971,10.702728,,
SST,1972,10.876065,,
SST,1973,11.041388,,
SST,1974,11.199859,,
SST,1975,11.364129,,-.0729505
SST,1976,11.541204,,10.64394
SST,1977,11.728016,1329.909,8.327807
SST,1978,11.915233,1522.016,7.13729
SST,1979,12.105153,1836.702,11.43021
SST,1980,12.29838,2206.682,.3810612
SST,1981,12.490529,2439.55,-3.65946
SST,1982,12.68385,2485.613,1.537886
SST,1983,12.87495,2274.076,-1.119154
SST,1984,13.067491,2291.212,2.532376
SST,1985,13.275197,2319.002,1.344912
SST,1986,13.49215,2419.636,1.925479
SST,1987,13.70772,2669.634,3.058416
SST,1988,13.92407,3019.394,2.416289
SST,1989,14.14887,3076.928,3.1194
SST,1990,14.379862,3162.527,2.96889
SST,1991,14.610383,3253.865,-.3447665
SST,1992,14.735408,3557.998,-.9819476
SST,1993,14.83741,3572.088,.4833477
SST,1994,14.970002,3655.461,3.128707
SST,1995,15.087617,3937.595,3.944661
SST,1996,15.248657,4226.972,3.788833
SST,1997,15.435138,4360.321,5.396369
SST,1998,15.624755,4356.904,3.817511
SST,1999,15.698038,4490.002,3.505014
SST,2000,15.786741,4707.973,6.039852
SST,2001,16.017863,4737.401,2.733952
SST,2002,16.250203,4832.684,3.596692
SST,2003,16.441139,5381.429,4.738419
SST,2004,16.597133,6357.424,4.517858
SST,2005,16.699341,7398.969,4.334197
SST,2006,16.868546,8207.72,6.635987
SST,2007,17.04745,9113.229,4.657115
SST,2008,17.228345,9971.635,1.24906
SST,2009,17.398922,9663.651,-4.274274
SST,2010,17.5752,9698.323,2.291148
SST,2011,17.74822,9970.893,2.565225
SST,2012,17.926451,10523.77,2.258088
SST,2013,18.107202,10966.83,1.223628
SST,2014,18.292084,10989.7,2.281423
SST,2015,18.482578,10817.34,2.3177
SST,2016,18.671045,10396.49,1.812023
SST,2017,18.865506,10522.55,3.271502
SST,2018,19.084934,11352.73,3.396726
SST,2019,19.293697,11942.33,3.195249
SST,2020,19.472157,10860.12,-6.941072
SST,2021,19.646549,11679.74,6.916227
SST,2022,19.852364,12673.74,7.679198
SST,2023,20.051342,13688.8,4.658162
SST,2024,20.230689,14036.47,6.192074
STP,1960,.068012,,
STP,1961,.068707,,
STP,1962,.069403,,
STP,1963,.070112,,
STP,1964,.070865,,
STP,1965,.07168,,
STP,1966,.072576,,
STP,1967,.073596,,
STP,1968,.074765,,
STP,1969,.076083,,
STP,1970,.077626,,
STP,1971,.07933,,5.37533
STP,1972,.081041,550,2.291033
STP,1973,.082798,650,1.592301
STP,1974,.084672,780,5.683775
STP,1975,.086708,870,5.378097
STP,1976,.088922,750,1.639344
STP,1977,.091301,740,23.41753
STP,1978,.093794,680,2.8973
STP,1979,.096252,770,16.34316
STP,1980,.098544,860,-1.081359
STP,1981,.100615,810,-10.3139
STP,1982,.102508,820,3.092784
STP,1983,.10438,730,-3.873971
STP,1984,.106394,670,-6.03046
STP,1985,.108658,750,9.299886
STP,1986,.11115,750,-5.832119
STP,1987,.113919,900,-2.930114
STP,1988,.116939,980,1.99873
STP,1989,.119979,890,3.135316
STP,1990,.12298,820,-2.152646
STP,1991,.125697,800,1.201005
STP,1992,.12811,780,.699997
STP,1993,.130467,780,1.099999
STP,1994,.132732,820,2.200001
STP,1995,.134895,830,2.000002
STP,1996,.136962,840,1.500001
STP,1997,.138922,710,.9963209
STP,1998,.140751,590,2.499988
STP,1999,.142442,510,2.500006
STP,2000,.144018,480,.4483683
STP,2001,.146375,510,3.064483
STP,2002,.149922,520,3.360188
STP,2003,.153814,600,8.291519
STP,2004,.157705,690,3.537906
STP,2005,.161639,800,6.614625
STP,2006,.165638,910,8.866109
STP,2007,.1697,940,3.641472
STP,2008,.173793,1000,6.228785
STP,2009,.177853,1070,3.3024
STP,2010,.181802,1090,1.448455
STP,2011,.185649,1140,1.999432
STP,2012,.189439,1170,2.942943
STP,2013,.193148,1330,5.119678
STP,2014,.196767,1440,4.90621
STP,2015,.200291,1400,1.539704
STP,2016,.203689,1420,5.176825
STP,2017,.20697,1440,4.11298
STP,2018,.210187,1660,4.378128
STP,2019,.213392,1810,2.014317
STP,2020,.217435,2030,2.62486
STP,2021,.221961,2220,1.899299
STP,2022,.226305,2430,.1686985
STP,2023,.230871,2580,.3722528
STP,2024,.235536,2770,.9000006
SUR,1960,.263918,,
SUR,1961,.272791,,4.8
SUR,1962,.283912,290,3.9
SUR,1963,.297034,250,5.6
SUR,1964,.309041,260,6.5
SUR,1965,.32,380,12
SUR,1966,.331135,460,19.2
SUR,1967,.342679,510,12.1
SUR,1968,.354616,520,7.6
SUR,1969,.366906,530,4.5
SUR,1970,.379442,560,2.7
SUR,1971,.391932,580,3.9
SUR,1972,.397413,640,-.6
SUR,1973,.395772,710,-1.8
SUR,1974,.393676,900,.4
SUR,1975,.39117,1220,2.8
SUR,1976,.388289,1310,8.8
SUR,1977,.385067,1530,10.2
SUR,1978,.381502,1810,6.6
SUR,1979,.377602,2060,-.6
SUR,1980,.375377,2200,-8.8
SUR,1981,.375459,2530,7.1
SUR,1982,.376555,2410,-4.2
SUR,1983,.378746,2210,-3.9
SUR,1984,.382193,2230,-1.9
SUR,1985,.386972,2260,2
SUR,1986,.39233,2340,.8
SUR,1987,.396911,2420,-6.2
SUR,1988,.402227,2890,7.8
SUR,1989,.408409,2170,4.2
SUR,1990,.412493,1400,-4.5
SUR,1991,.415013,1130,2.699999
SUR,1992,.417589,1050,.4
SUR,1993,.419352,990,-6.699998
SUR,1994,.422375,1130,3.399999
SUR,1995,.429606,1360,0
SUR,1996,.43883,1660,1.000001
SUR,1997,.448067,1860,5.699998
SUR,1998,.457406,2070,2.300002
SUR,1999,.466916,1950,-1.4
SUR,2000,.476643,1950,2.099999
SUR,2001,.48656,1640,4.2
SUR,2002,.496551,1870,2.800001
SUR,2003,.506414,2120,6.299999
SUR,2004,.513923,2710,8.5
SUR,2005,.519313,3190,4.5
SUR,2006,.524997,3880,5.793544
SUR,2007,.531016,4860,5.111488
SUR,2008,.537245,6090,4.143407
SUR,2009,.543568,6700,3.013699
SUR,2010,.549923,7330,5.168825
SUR,2011,.556269,7620,5.849368
SUR,2012,.562633,8220,2.69035
SUR,2013,.56902,8610,2.933442
SUR,2014,.575373,8900,.255503
SUR,2015,.581627,8550,-3.413043
SUR,2016,.587757,6670,-4.911661
SUR,2017,.593713,5710,1.566038
SUR,2018,.599513,5730,4.948271
SUR,2019,.605768,5960,1.16759
SUR,2020,.612317,4460,-15.97519
SUR,2021,.617896,4470,-2.435386
SUR,2022,.623164,5040,2.406222
SUR,2023,.628886,5200,2.539567
SUR,2024,.634431,5870,2.839586
SVK,1960,4.068095,,
SVK,1961,4.191667,,
SVK,1962,4.238188,,
SVK,1963,4.282017,,
SVK,1964,4.327341,,
SVK,1965,4.370983,,
SVK,1966,4.411666,,
SVK,1967,4.449367,,
SVK,1968,4.483915,,
SVK,1969,4.518607,,
SVK,1970,4.538223,,
SVK,1971,4.557449,,
SVK,1972,4.596622,,
SVK,1973,4.641445,,
SVK,1974,4.689623,,
SVK,1975,4.739105,,
SVK,1976,4.789507,,
SVK,1977,4.840501,,
SVK,1978,4.890125,,
SVK,1979,4.938973,,
SVK,1980,4.979815,,
SVK,1981,5.016105,,
SVK,1982,5.055099,,
SVK,1983,5.091971,,
SVK,1984,5.127097,,
SVK,1985,5.161768,,
SVK,1986,5.193838,,
SVK,1987,5.22284,,
SVK,1988,5.250596,,
SVK,1989,5.275942,,
SVK,1990,5.299187,,
SVK,1991,5.303294,,-14.5738
SVK,1992,5.305016,2360,-6.721488
SVK,1993,5.325305,2960,1.901329
SVK,1994,5.346331,3480,6.205531
SVK,1995,5.361999,4280,5.843494
SVK,1996,5.373361,5060,6.119579
SVK,1997,5.383291,5440,5.48584
SVK,1998,5.390516,5450,3.826108
SVK,1999,5.39602,5380,-.4732612
SVK,2000,5.38872,5520,.7892245
SVK,2001,5.378867,5700,2.925161
SVK,2002,5.376912,6020,4.417253
SVK,2003,5.373374,6920,4.856699
SVK,2004,5.37228,9010,5.389499
SVK,2005,5.372807,11310,6.484932
SVK,2006,5.373054,12950,8.925687
SVK,2007,5.374622,14940,10.81863
SVK,2008,5.379233,17250,5.363377
SVK,2009,5.386406,17120,-5.505338
SVK,2010,5.391428,17600,6.790582
SVK,2011,5.398384,17560,2.562425
SVK,2012,5.407579,17830,1.569171
SVK,2013,5.413393,18280,.7033235
SVK,2014,5.418649,18380,2.707952
SVK,2015,5.423801,17800,5.176879
SVK,2016,5.430798,16900,1.947818
SVK,2017,5.439232,16710,2.874733
SVK,2018,5.446771,18460,4.06212
SVK,2019,5.454147,19230,2.275899
SVK,2020,5.458827,19420,-2.585512
SVK,2021,5.447247,21010,5.699593
SVK,2022,5.431752,21840,.4373595
SVK,2023,5.42674,23100,2.168149
SVK,2024,5.422069,23900,2.061678
SVN,1960,1.58472,,
SVN,1961,1.594131,,
SVN,1962,1.603649,,
SVN,1963,1.616971,,
SVN,1964,1.632114,,
SVN,1965,1.64916,,
SVN,1966,1.669905,,
SVN,1967,1.689528,,
SVN,1968,1.704546,,
SVN,1969,1.713874,,
SVN,1970,1.724891,,
SVN,1971,1.738335,,
SVN,1972,1.752233,,
SVN,1973,1.766697,,
SVN,1974,1.776132,,
SVN,1975,1.793581,,
SVN,1976,1.820249,,
SVN,1977,1.842377,,
SVN,1978,1.862548,,
SVN,1979,1.882599,,
SVN,1980,1.901315,,
SVN,1981,1.906531,,
SVN,1982,1.910334,,
SVN,1983,1.922321,,
SVN,1984,1.932154,,
SVN,1985,1.941641,,
SVN,1986,1.965964,,
SVN,1987,1.989776,,
SVN,1988,1.995196,,
SVN,1989,1.996351,,
SVN,1990,1.998161,,
SVN,1991,1.999429,,-8.900108
SVN,1992,1.996498,7120,-5.463698
SVN,1993,1.991746,6890,2.843419
SVN,1994,1.989443,7610,5.327486
SVN,1995,1.989872,9410,4.107158
SVN,1996,1.988628,10510,2.913618
SVN,1997,1.985956,11230,5.171338
SVN,1998,1.981629,10970,3.063826
SVN,1999,1.983045,11270,5.268007
SVN,2000,1.988925,11200,3.497919
SVN,2001,1.99206,10840,2.828685
SVN,2002,1.99453,10780,3.282584
SVN,2003,1.995733,12510,3.195031
SVN,2004,1.997012,15490,4.546022
SVN,2005,2.000474,18180,3.854128
SVN,2006,2.006868,19710,5.908782
SVN,2007,2.018122,21710,7.139231
SVN,2008,2.021316,24530,3.372239
SVN,2009,2.039669,24260,-7.590586
SVN,2010,2.048583,24370,1.112137
SVN,2011,2.052843,24340,.6554381
SVN,2012,2.057159,23010,-2.915538
SVN,2013,2.059953,23040,-.8237764
SVN,2014,2.06198,23400,2.762833
SVN,2015,2.063531,22080,2.393306
SVN,2016,2.065042,21610,3.034415
SVN,2017,2.066388,22040,5.174402
SVN,2018,2.073894,24510,4.379084
SVN,2019,2.088385,25900,3.505253
SVN,2020,2.102419,25380,-4.085001
SVN,2021,2.108079,28310,8.389651
SVN,2022,2.112076,29630,2.699239
SVN,2023,2.120461,30990,2.112591
SVN,2024,2.126324,31640,1.591015
SWE,1960,7.484656,,
SWE,1961,7.519998,,5.681293
SWE,1962,7.561588,2410,4.259047
SWE,1963,7.604328,2600,5.327934
SWE,1964,7.661354,2860,6.821165
SWE,1965,7.733853,3090,3.821507
SWE,1966,7.807797,3330,2.090844
SWE,1967,7.867931,3610,3.365389
SWE,1968,7.912273,3940,3.638506
SWE,1969,7.968072,4280,5.009075
SWE,1970,8.042801,4690,6.473674
SWE,1971,8.098334,4990,.9446462
SWE,1972,8.1223,5670,2.288739
SWE,1973,8.136312,7050,3.967981
SWE,1974,8.159955,8580,3.198196
SWE,1975,8.192437,10160,2.552863
SWE,1976,8.222286,10720,1.058105
SWE,1977,8.25154,11290,-1.596259
SWE,1978,8.275599,12460,1.751548
SWE,1979,8.293678,14790,3.840003
SWE,1980,8.310531,17300,1.699971
SWE,1981,8.320503,17530,.4548305
SWE,1982,8.325263,15760,1.248665
SWE,1983,8.329033,13550,1.900639
SWE,1984,8.336605,13020,4.229535
SWE,1985,8.350386,13080,2.160374
SWE,1986,8.369829,15330,2.691323
SWE,1987,8.397804,19360,3.353843
SWE,1988,8.436489,24190,2.559039
SWE,1989,8.492964,26090,2.654807
SWE,1990,8.558835,27760,.7546747
SWE,1991,8.617375,29110,-1.145975
SWE,1992,8.668067,31340,-1.158593
SWE,1993,8.718561,28200,-2.065616
SWE,1994,8.780745,27700,4.015655
SWE,1995,8.826939,28090,4.094253
SWE,1996,8.840998,30400,1.704821
SWE,1997,8.846062,31400,3.064871
SWE,1998,8.850974,31100,4.245725
SWE,1999,8.857874,31310,4.201074
SWE,2000,8.872109,31600,4.631116
SWE,2001,8.89596,29710,1.360767
SWE,2002,8.924958,29130,2.277671
SWE,2003,8.958229,32690,1.880944
SWE,2004,8.993531,39690,4.179531
SWE,2005,9.029572,45690,2.793177
SWE,2006,9.080505,49090,4.675999
SWE,2007,9.148092,52180,3.224911
SWE,2008,9.219637,55370,-.9231231
SWE,2009,9.298515,52390,-4.255574
SWE,2010,9.378126,54380,5.750736
SWE,2011,9.449213,56450,3.16391
SWE,2012,9.519374,58840,-.4144657
SWE,2013,9.600379,61530,1.137717
SWE,2014,9.69611,61350,2.295764
SWE,2015,9.799186,57910,4.410141
SWE,2016,9.923085,53980,2.349741
SWE,2017,10.057698,52330,1.825156
SWE,2018,10.175214,55090,1.902965
SWE,2019,10.278887,56230,2.549648
SWE,2020,10.353442,54680,-2.005337
SWE,2021,10.415811,60330,5.937509
SWE,2022,10.486941,62480,1.459288
SWE,2023,10.536632,60910,-.1141619
SWE,2024,10.569709,58820,.9738322
SWZ,1960,.345337,,
SWZ,1961,.353264,,
SWZ,1962,.361365,,
SWZ,1963,.369759,,
SWZ,1964,.378656,,
SWZ,1965,.388336,,
SWZ,1966,.398766,,
SWZ,1967,.409031,,
SWZ,1968,.419147,,
SWZ,1969,.429875,,
SWZ,1970,.441216,,
SWZ,1971,.453183,,13.74363
SWZ,1972,.465788,290,5.424294
SWZ,1973,.479038,360,9.018674
SWZ,1974,.492988,460,5.743487
SWZ,1975,.507673,,13.90844
SWZ,1976,.52333,,-2.119438
SWZ,1977,.540348,,1.009593
SWZ,1978,.558446,,1.327129
SWZ,1979,.577199,,3.106945
SWZ,1980,.596644,,12.44905
SWZ,1981,.616808,,14.64144
SWZ,1982,.637652,,1.172568
SWZ,1983,.658957,,1.202355
SWZ,1984,.680783,,6.161755
SWZ,1985,.706196,,3.792416
SWZ,1986,.734732,,12.26448
SWZ,1987,.763811,,14.60659
SWZ,1988,.799798,,6.569821
SWZ,1989,.8378,,12.9111
SWZ,1990,.872428,1220,21.018
SWZ,1991,.908189,1260,1.760377
SWZ,1992,.943416,1440,3.226207
SWZ,1993,.971318,1450,3.106114
SWZ,1994,.971212,1470,2.400691
SWZ,1995,.970433,1740,4.825651
SWZ,1996,.989841,1840,3.842054
SWZ,1997,1.006635,1870,3.102805
SWZ,1998,1.019653,1670,2.604039
SWZ,1999,1.030782,1670,2.950875
SWZ,2000,1.041414,1610,1.760174
SWZ,2001,1.051064,1640,1.054765
SWZ,2002,1.059441,1510,4.380099
SWZ,2003,1.0667,1630,3.880214
SWZ,2004,1.073159,2070,3.623914
SWZ,2005,1.079022,2950,5.998776
SWZ,2006,1.084436,3150,5.992167
SWZ,2007,1.090705,3330,4.435376
SWZ,2008,1.098091,3220,.8216639
SWZ,2009,1.105153,3180,1.565049
SWZ,2010,1.11165,3320,3.793755
SWZ,2011,1.117833,3700,2.24723
SWZ,2012,1.123863,4140,5.396631
SWZ,2013,1.12999,4200,3.861214
SWZ,2014,1.136299,3900,1.435897
SWZ,2015,1.142813,3540,2.04693
SWZ,2016,1.149507,3310,4.675846
SWZ,2017,1.158195,3260,1.456793
SWZ,2018,1.168929,3440,.256586
SWZ,2019,1.179874,3680,6.083177
SWZ,2020,1.192729,3420,-2.862882
SWZ,2021,1.206593,3590,3.434969
SWZ,2022,1.218917,3650,1.119591
SWZ,2023,1.230506,3750,3.444478
SWZ,2024,1.242822,3580,2.640705
SXM,1960,.002715,,
SXM,1961,.00297,,
SXM,1962,.003264,,
SXM,1963,.003584,,
SXM,1964,.003922,,
SXM,1965,.004282,,
SXM,1966,.004664,,
SXM,1967,.005071,,
SXM,1968,.0055,,
SXM,1969,.005948,,
SXM,1970,.006414,,
SXM,1971,.006888,,
SXM,1972,.00738,,
SXM,1973,.007917,,
SXM,1974,.008492,,
SXM,1975,.009094,,
SXM,1976,.009716,,
SXM,1977,.010364,,
SXM,1978,.011039,,
SXM,1979,.011723,,
SXM,1980,.01241,,
SXM,1981,.013302,,
SXM,1982,.014607,,
SXM,1983,.016133,,
SXM,1984,.017694,,
SXM,1985,.019291,,
SXM,1986,.02093,,
SXM,1987,.022617,,
SXM,1988,.024357,,
SXM,1989,.026169,,
SXM,1990,.028061,,
SXM,1991,.030046,,
SXM,1992,.031567,,
SXM,1993,.032026,,
SXM,1994,.031917,,
SXM,1995,.031772,,
SXM,1996,.031598,,
SXM,1997,.031404,,
SXM,1998,.031193,,
SXM,1999,.030977,,
SXM,2000,.030773,,
SXM,2001,.030726,,
SXM,2002,.03096,,
SXM,2003,.031327,,
SXM,2004,.03169,,
SXM,2005,.032057,,
SXM,2006,.032428,,
SXM,2007,.032791,,
SXM,2008,.033145,,
SXM,2009,.033491,,
SXM,2010,.033794,,3.199993
SXM,2011,.034267,26550,4.600003
SXM,2012,.035023,26910,1.390545
SXM,2013,.035854,27400,1.306731
SXM,2014,.036672,29620,1.580382
SXM,2015,.037471,31890,.1058132
SXM,2016,.038249,35260,.9677584
SXM,2017,.038996,32950,-7.535214
SXM,2018,.039712,31140,-6.856983
SXM,2019,.040385,34060,10.965
SXM,2020,.041008,29440,-13.31679
SXM,2021,.041571,31430,4.577597
SXM,2022,.042139,35620,9.800001
SXM,2023,.042749,36890,3.8
SXM,2024,.04335,,3.5
SYC,1960,.0417,,
SYC,1961,.042889,,-4.882277
SYC,1962,.044042,290,8.408582
SYC,1963,.045176,310,10.1356
SYC,1964,.046322,330,5.919246
SYC,1965,.0475,320,-1.060571
SYC,1966,.048699,360,13.89651
SYC,1967,.049911,350,.5047395
SYC,1968,.051134,350,7.553236
SYC,1969,.052365,330,0
SYC,1970,.0536,350,8.87187
SYC,1971,.054695,410,15.85178
SYC,1972,.056029,480,6.308308
SYC,1973,.056892,630,9.054186
SYC,1974,.057937,770,1.30285
SYC,1975,.059292,870,3.177405
SYC,1976,.060504,910,16.27765
SYC,1977,.061786,870,-6.190227
SYC,1978,.06215,1170,21.15169
SYC,1979,.062686,1760,15.79434
SYC,1980,.063261,2150,-5.100677
SYC,1981,.064035,2460,-3.876783
SYC,1982,.064413,2460,-2.071074
SYC,1983,.064335,2340,-.6162353
SYC,1984,.064717,2380,4.305623
SYC,1985,.065244,2640,10.29374
SYC,1986,.065652,2930,.7619466
SYC,1987,.068499,3440,4.874552
SYC,1988,.068755,4250,5.32641
SYC,1989,.069167,4820,10.28566
SYC,1990,.069507,5370,7.454766
SYC,1991,.070439,5550,2.760426
SYC,1992,.070763,6400,7.173044
SYC,1993,.072253,6850,7.303371
SYC,1994,.074205,6900,-2.436569
SYC,1995,.075304,6910,.4850367
SYC,1996,.076417,7430,9.997946
SYC,1997,.077319,7940,12.19364
SYC,1998,.078846,7520,2.467441
SYC,1999,.08041,7630,1.872005
SYC,2000,.081131,7920,4.253198
SYC,2001,.081202,7860,-2.271163
SYC,2002,.083723,7330,1.212833
SYC,2003,.082781,8000,-5.887128
SYC,2004,.082475,9870,-2.850454
SYC,2005,.082858,11850,9.005762
SYC,2006,.0846,13380,9.406129
SYC,2007,.085033,12890,8.876066
SYC,2008,.086956,11520,-2.725946
SYC,2009,.087298,10310,-2.479376
SYC,2010,.08977,10160,4.505132
SYC,2011,.087441,11150,9.509784
SYC,2012,.088303,12540,3.110678
SYC,2013,.089949,12350,1.253735
SYC,2014,.091359,13340,4.063692
SYC,2015,.093419,14750,8.914009
SYC,2016,.094677,15630,12.11753
SYC,2017,.095843,16180,6.954162
SYC,2018,.096762,17620,4.939473
SYC,2019,.097625,18700,5.514292
SYC,2020,.098462,15400,-11.73986
SYC,2021,.099258,14950,.5522816
SYC,2022,.119878,14700,12.71047
SYC,2023,.119773,16400,2.259253
SYC,2024,.121354,17460,3.465681
SYR,1960,4.6735,,
SYR,1961,4.815466,,10.83306
SYR,1962,4.95934,230,24.5213
SYR,1963,5.110467,210,-8.652746
SYR,1964,5.269087,230,9.271364
SYR,1965,5.435267,250,2.299374
SYR,1966,5.609047,230,-7.659066
SYR,1967,5.790198,260,8.257683
SYR,1968,5.978742,280,3.72908
SYR,1969,6.175166,340,18.76792
SYR,1970,6.380609,340,-1.796853
SYR,1971,6.598094,380,8.955814
SYR,1972,6.826024,470,25.66072
SYR,1973,7.060321,460,-10.46986
SYR,1974,7.30216,660,25.79577
SYR,1975,7.554364,890,16.35158
SYR,1976,7.81732,1010,12.25445
SYR,1977,8.090501,980,-1.799518
SYR,1978,8.372759,1090,9.94259
SYR,1979,8.661909,1180,.8879888
SYR,1980,8.957663,1470,14.50812
SYR,1981,9.260189,1630,7.755344
SYR,1982,9.572511,1630,2.789087
SYR,1983,9.904809,1610,2.32034
SYR,1984,10.258398,1510,-7.61063
SYR,1985,10.625672,1600,9.350807
SYR,1986,11.002844,1370,-7.952929
SYR,1987,11.388923,1170,1.682282
SYR,1988,11.782264,1130,18.01114
SYR,1989,12.17906,800,-13.64728
SYR,1990,12.579208,810,3.739556
SYR,1991,12.980821,900,7.666468
SYR,1992,13.385571,1010,12.97279
SYR,1993,13.795686,990,6.150896
SYR,1994,14.208583,890,7.213029
SYR,1995,14.616801,830,7.026589
SYR,1996,15.018104,810,9.825569
SYR,1997,15.417542,820,5.023805
SYR,1998,15.820413,860,6.785305
SYR,1999,16.228061,820,-3.55345
SYR,2000,16.637888,890,.6756426
SYR,2001,17.051338,980,1.047287
SYR,2002,17.468332,1060,3.954832
SYR,2003,17.889296,1150,7.204435
SYR,2004,18.336875,1280,6.902959
SYR,2005,18.814091,1390,6.215078
SYR,2006,19.637022,1520,5.046196
SYR,2007,20.884125,1670,5.674592
SYR,2008,21.636564,1950,4.476673
SYR,2009,21.976969,2250,5.912043
SYR,2010,22.482421,2480,5.191906
SYR,2011,22.878098,2600,2.850003
SYR,2012,22.759763,1980,-26.33902
SYR,2013,21.666917,1270,-26.30009
SYR,2014,20.273659,1070,-10.31034
SYR,2015,19.424618,900,-4.179791
SYR,2016,19.193834,750,-6.405591
SYR,2017,19.224668,720,-.7232818
SYR,2018,19.577845,810,1.393176
SYR,2019,20.353534,970,1.220705
SYR,2020,21.049429,790,-.6971545
SYR,2021,21.628839,700,1.854216
SYR,2022,22.462173,710,.7327813
SYR,2023,23.594623,770,-1.207264
SYR,2024,24.67276,,
TCA,1960,.005599,,
TCA,1961,.005622,,
TCA,1962,.005636,,
TCA,1963,.005647,,
TCA,1964,.005657,,
TCA,1965,.005658,,
TCA,1966,.005654,,
TCA,1967,.005657,,
TCA,1968,.005656,,
TCA,1969,.005652,,
TCA,1970,.005667,,
TCA,1971,.005754,,
TCA,1972,.005915,,
TCA,1973,.00609,,
TCA,1974,.006273,,
TCA,1975,.006463,,
TCA,1976,.00666,,
TCA,1977,.006864,,
TCA,1978,.007083,,
TCA,1979,.007306,,
TCA,1980,.007564,,
TCA,1981,.007908,,
TCA,1982,.008297,,
TCA,1983,.008697,,
TCA,1984,.009107,,
TCA,1985,.009521,,
TCA,1986,.009941,,
TCA,1987,.010361,,
TCA,1988,.010775,,
TCA,1989,.011193,,
TCA,1990,.011688,,
TCA,1991,.012305,,
TCA,1992,.01297,,
TCA,1993,.013648,,
TCA,1994,.014344,,
TCA,1995,.015052,,
TCA,1996,.015765,,
TCA,1997,.016482,,
TCA,1998,.017212,,
TCA,1999,.017959,,
TCA,2000,.01873,,
TCA,2001,.019576,,
TCA,2002,.020597,,
TCA,2003,.021727,,
TCA,2004,.022856,,
TCA,2005,.023988,,
TCA,2006,.025123,,
TCA,2007,.02627,,
TCA,2008,.027427,,8.271894
TCA,2009,.028588,,-19.55025
TCA,2010,.029739,,.9849249
TCA,2011,.030846,,4.620499
TCA,2012,.032127,,-2.666556
TCA,2013,.033653,,1.070881
TCA,2014,.03505,22020,8.711296
TCA,2015,.036605,23380,11.31483
TCA,2016,.038315,24950,7.251186
TCA,2017,.039913,24810,-2.490223
TCA,2018,.041559,40630,91.13704
TCA,2019,.043166,35590,4.981706
TCA,2020,.044386,20840,-33.8171
TCA,2021,.045243,27480,29.62938
TCA,2022,.045847,31880,14.08712
TCA,2023,.046198,34690,13.73115
TCA,2024,.046535,,5.636825
TCD,1960,3.049838,,
TCD,1961,3.111947,,1.397744
TCD,1962,3.175598,110,5.360116
TCD,1963,3.240905,110,-1.599454
TCD,1964,3.307479,110,-2.51094
TCD,1965,3.37422,120,.6062278
TCD,1966,3.440903,120,-1.807092
TCD,1967,3.508512,130,.7672014
TCD,1968,3.578231,130,-.4572189
TCD,1969,3.651113,140,6.88131
TCD,1970,3.727828,140,1.859656
TCD,1971,3.807316,130,-2.247626
TCD,1972,3.893252,140,1.149616
TCD,1973,3.985909,160,-8.380883
TCD,1974,4.078356,180,4.961853
TCD,1975,4.167234,220,9.010267
TCD,1976,4.251297,220,2.980765
TCD,1977,4.331667,230,2.234625
TCD,1978,4.411366,240,-.4696342
TCD,1979,4.505384,220,-21.44109
TCD,1980,4.515453,240,-6.047671
TCD,1981,4.520959,230,1.042918
TCD,1982,4.738483,210,5.346609
TCD,1983,4.97913,190,15.67872
TCD,1984,5.045145,180,2.048899
TCD,1985,5.096269,210,21.79277
TCD,1986,5.251069,200,-4.081667
TCD,1987,5.438309,210,-2.388808
TCD,1988,5.625602,270,15.48236
TCD,1989,5.819586,270,4.884735
TCD,1990,5.982833,270,-4.178473
TCD,1991,6.205676,290,8.535137
TCD,1992,6.474656,320,8.001443
TCD,1993,6.629146,240,-15.70984
TCD,1994,6.78345,220,10.13689
TCD,1995,7.089064,200,1.236549
TCD,1996,7.410108,200,2.214473
TCD,1997,7.670366,210,5.653392
TCD,1998,7.93884,210,6.95158
TCD,1999,8.222705,190,-.6828502
TCD,2000,8.512093,180,-.8796811
TCD,2001,8.804124,180,11.65813
TCD,2002,9.116192,190,8.49121
TCD,2003,9.487833,210,14.72167
TCD,2004,9.920036,330,33.62937
TCD,2005,10.328092,510,17.33253
TCD,2006,10.706424,630,-.5215223
TCD,2007,11.08166,820,4.356212
TCD,2008,11.476296,920,3.108362
TCD,2009,11.893754,1020,-1.338484
TCD,2010,12.312575,1150,13.79439
TCD,2011,12.754997,1190,4.55359
TCD,2012,13.210998,1310,9.05268
TCD,2013,13.691079,1310,2.807352
TCD,2014,14.188678,1260,2.062981
TCD,2015,14.647621,1130,3.310886
TCD,2016,15.114655,940,-4.129929
TCD,2017,15.622759,830,-1.627994
TCD,2018,16.156531,890,5.741116
TCD,2019,16.685223,920,5.388657
TCD,2020,17.224679,890,-.4088944
TCD,2021,17.828273,890,.2939792
TCD,2022,18.455316,1000,12.89662
TCD,2023,19.319064,1000,4.117452
TCD,2024,20.299123,970,3.654451
TEA,1960,884.25252,,
TEA,1961,883.5582,,-13.4346
TEA,1962,895.22491,73.52823,-.671942
TEA,1963,918.25904,79.7834,6.462934
TEA,1964,940.90951,88.21341,10.83151
TEA,1965,964.16394,99.76318,10.8233
TEA,1966,990.71924,107.7935,8.021073
TEA,1967,1016.5298,101.8111,-1.452205
TEA,1968,1043.3496,98.85117,1.732766
TEA,1969,1071.9126,110.8333,11.42094
TEA,1970,1101.2405,123.9388,13.482
TEA,1971,1131.0955,127.3794,6.771318
TEA,1972,1159.2201,134.4765,4.893043
TEA,1973,1186.3848,162.3641,8.257335
TEA,1974,1212.035,190.2914,3.918897
TEA,1975,1235.2228,221.5466,6.718202
TEA,1976,1256.6986,217.1182,2.752482
TEA,1977,1276.83,230.6723,7.464589
TEA,1978,1297.0592,244.7747,9.180251
TEA,1979,1317.674,270.2874,7.011403
TEA,1980,1338.0096,298.8847,7.462142
TEA,1981,1358.9928,316.33,5.570008
TEA,1982,1382.326,316.0018,6.440413
TEA,1983,1405.9388,311.5824,7.677514
TEA,1984,1428.5577,329.5824,10.0171
TEA,1985,1451.7422,352.0823,7.929732
TEA,1986,1476.2362,373.8669,7.142742
TEA,1987,1502.1924,390.7472,9.173891
TEA,1988,1528.5592,410.9166,9.774058
TEA,1989,1554.3213,413.0304,5.684987
TEA,1990,1579.6519,428.7578,5.153055
TEA,1991,1604.0953,459.5048,8.091577
TEA,1992,1627.1479,510.4775,11.24661
TEA,1993,1649.5575,554.4904,11.31032
TEA,1994,1671.8774,621.9863,10.948
TEA,1995,1693.9605,715.8071,9.936152
TEA,1996,1715.7645,832.9476,9.105742
TEA,1997,1737.4298,901.9576,7.395604
TEA,1998,1758.2636,846.0227,3.003207
TEA,1999,1777.4643,869.6851,6.450175
TEA,2000,1795.3749,927.5129,7.727841
TEA,2001,1812.4751,999.8112,6.980343
TEA,2002,1828.7448,1083.101,8.154715
TEA,2003,1844.3493,1232.337,9.023172
TEA,2004,1859.4501,1449.912,9.148728
TEA,2005,1874.4872,1670.475,10.04896
TEA,2006,1889.5072,1932.003,11.06977
TEA,2007,1904.568,2316.681,12.45102
TEA,2008,1919.5703,2824.146,8.648364
TEA,2009,1934.1679,3284.49,8.015449
TEA,2010,1948.6433,3840.758,9.897594
TEA,2011,1964.037,4437.833,8.584745
TEA,2012,1981.3827,5185.673,7.579077
TEA,2013,1998.5489,5828.183,7.317276
TEA,2014,2014.961,6342.573,7.022989
TEA,2015,2030.5043,6602.703,6.661434
TEA,2016,2045.8168,6816.027,6.509921
TEA,2017,2061.4499,7162.812,6.666422
TEA,2018,2074.797,7860.737,6.537036
TEA,2019,2086.2816,8469.148,5.885713
TEA,2020,2095.7594,8555.389,1.345178
TEA,2021,2102.3507,9603.404,7.719486
TEA,2022,2107.2611,10351.17,3.545316
TEA,2023,2111.1392,10776.82,5.254718
TEA,2024,2114.6531,10749.51,4.962607
TEC,1960,308.75936,,
TEC,1961,313.48359,,
TEC,1962,318.18613,,
TEC,1963,322.9615,,
TEC,1964,327.77476,,
TEC,1965,332.37519,,
TEC,1966,336.30474,,
TEC,1967,340.45429,,
TEC,1968,344.5353,,
TEC,1969,348.50985,,
TEC,1970,352.13935,,
TEC,1971,355.79633,,
TEC,1972,359.69842,,
TEC,1973,363.5542,,
TEC,1974,367.43155,,
TEC,1975,371.33606,,
TEC,1976,375.46933,,
TEC,1977,379.63588,,
TEC,1978,383.68782,,
TEC,1979,387.55993,,
TEC,1980,391.56218,,
TEC,1981,395.4416,,
TEC,1982,399.35352,,
TEC,1983,403.37826,,
TEC,1984,407.68601,,
TEC,1985,411.98004,,
TEC,1986,416.21156,,
TEC,1987,420.4306,,
TEC,1988,424.46614,,
TEC,1989,428.22142,,
TEC,1990,430.99055,,-1.457615
TEC,1991,433.13207,2306.42,-5.900273
TEC,1992,434.84445,2171.985,-9.548759
TEC,1993,436.15219,2139.009,-4.654014
TEC,1994,437.10629,1963.806,-8.423309
TEC,1995,437.79612,2049.434,-.0415455
TEC,1996,438.32553,2115.802,1.021161
TEC,1997,438.63805,2218.476,2.955094
TEC,1998,438.73525,2089.755,-.6013814
TEC,1999,438.65026,1973.443,2.439997
TEC,2000,438.42354,2064.469,7.369988
TEC,2001,438.10037,1994.891,2.595026
TEC,2002,437.80695,2154.699,4.993958
TEC,2003,437.90593,2522.492,6.181335
TEC,2004,438.13604,3231.847,7.8476
TEC,2005,438.3332,4091.729,6.61293
TEC,2006,438.71436,5003.402,7.844829
TEC,2007,438.68028,6173.854,7.615736
TEC,2008,439.73275,7523.285,4.470855
TEC,2009,441.30497,7489.136,-4.688915
TEC,2010,442.9366,7958.963,4.661662
TEC,2011,444.84637,8560.523,5.898512
TEC,2012,446.98079,9667.214,3.448314
TEC,2013,449.20679,10526.98,3.342417
TEC,2014,451.54777,10457.97,2.341987
TEC,2015,453.81148,9255.771,1.486927
TEC,2016,456.09963,8183.178,1.860093
TEC,2017,458.2355,7929.413,4.293526
TEC,2018,460.20553,8462.845,3.732052
TEC,2019,462.2196,8927.126,2.698037
TEC,2020,463.15166,8639.988,-1.461611
TEC,2021,463.42629,9502.742,7.480577
TEC,2022,461.26832,10353.54,1.947474
TEC,2023,458.93251,11479.04,3.841757
TEC,2024,459.95451,12369.29,3.673076
TGO,1960,1.67311,,
TGO,1961,1.702717,,12.16932
TGO,1962,1.732959,110,3.773653
TGO,1963,1.765072,120,4.999694
TGO,1964,1.80344,130,14.28601
TGO,1965,1.853771,140,15.45971
TGO,1966,1.918513,160,9.408719
TGO,1967,1.99589,160,5.500371
TGO,1968,2.080226,170,5.023692
TGO,1969,2.164814,180,10.83087
TGO,1970,2.244773,170,2.524303
TGO,1971,2.317976,170,0
TGO,1972,2.384994,190,7.625157
TGO,1973,2.448749,230,3.837484
TGO,1974,2.51176,300,4.832849
TGO,1975,2.574622,350,2.440541
TGO,1976,2.637796,350,-2.051522
TGO,1977,2.701894,380,6.959085
TGO,1978,2.768148,440,11.04543
TGO,1979,2.839854,460,-5.167743
TGO,1980,2.920894,560,14.57696
TGO,1981,3.013043,520,-3.315186
TGO,1982,3.115042,420,-3.582402
TGO,1983,3.222899,330,-5.414008
TGO,1984,3.332837,310,5.555555
TGO,1985,3.441091,310,5.555552
TGO,1986,3.547952,340,1.586504
TGO,1987,3.657508,410,.5101622
TGO,1988,3.769742,530,6.64237
TGO,1989,3.883411,540,4.060022
TGO,1990,3.998761,540,-.2436561
TGO,1991,4.11556,530,-.6999675
TGO,1992,4.233617,550,-3.980687
TGO,1993,4.207453,460,-15.09583
TGO,1994,4.22294,430,14.98241
TGO,1995,4.410832,420,7.845832
TGO,1996,4.57786,420,8.836211
TGO,1997,4.72503,480,14.37738
TGO,1998,4.860913,440,-2.299876
TGO,1999,5.000269,430,2.481751
TGO,2000,5.140037,420,-.7834796
TGO,2001,5.277382,400,.8234388
TGO,2002,5.413274,410,3.826622
TGO,2003,5.552167,470,6.720171
TGO,2004,5.696508,530,-.9786654
TGO,2005,5.844631,550,-4.666299
TGO,2006,6.010668,560,2.650132
TGO,2007,6.188344,570,-1.17512
TGO,2008,6.368812,640,4.035645
TGO,2009,6.551865,710,5.453824
TGO,2010,6.73259,740,5.854352
TGO,2011,6.916474,800,5.823252
TGO,2012,7.100736,790,6.302695
TGO,2013,7.285442,830,5.824266
TGO,2014,7.47245,850,5.63324
TGO,2015,7.663195,840,5.468031
TGO,2016,7.858289,800,4.214896
TGO,2017,8.05714,770,4.008133
TGO,2018,8.258778,830,4.79506
TGO,2019,8.463068,860,4.922926
TGO,2020,8.66972,860,1.992155
TGO,2021,8.878379,920,5.990876
TGO,2022,9.089738,970,5.759542
TGO,2023,9.304337,1000,6.407922
TGO,2024,9.515236,1010,5.300005
THA,1960,26.851747,,
THA,1961,27.650334,,5.362146
THA,1962,28.48104,120,7.554255
THA,1963,29.342322,120,7.999831
THA,1964,30.232141,130,6.830996
THA,1965,31.149337,140,8.181662
THA,1966,32.086071,160,11.12252
THA,1967,33.037801,170,8.615982
THA,1968,34.00256,190,8.122271
THA,1969,34.973782,200,6.55066
THA,1970,35.954408,210,11.40795
THA,1971,36.937387,220,4.895374
THA,1972,37.933929,220,4.278508
THA,1973,38.947787,270,10.23643
THA,1974,39.952891,340,4.466253
THA,1975,40.940005,400,4.970405
THA,1976,41.896504,430,9.326811
THA,1977,42.843974,470,9.843463
THA,1978,43.788976,550,10.29575
THA,1979,44.718434,630,5.371767
THA,1980,45.650022,740,5.173541
THA,1981,46.575855,790,5.906868
THA,1982,47.494577,790,5.352349
THA,1983,48.423309,790,5.584202
THA,1984,49.351708,820,5.75243
THA,1985,50.270753,820,4.64724
THA,1986,51.177834,860,5.533828
THA,1987,52.074105,990,9.518946
THA,1988,52.969595,1200,13.28811
THA,1989,53.848956,1370,12.19051
THA,1990,54.738329,1540,11.16716
THA,1991,55.637434,1710,8.55826
THA,1992,56.528834,1930,8.083388
THA,1993,57.408198,2170,8.251916
THA,1994,58.260854,2420,7.997025
THA,1995,59.098232,2750,8.120316
THA,1996,59.920064,2960,5.651945
THA,1997,60.724584,2680,-2.753575
THA,1998,61.52263,2080,-7.634035
THA,1999,62.299043,1980,4.572308
THA,2000,63.007815,1980,4.455247
THA,2001,63.651141,1960,3.444249
THA,2002,64.266437,1980,6.149036
THA,2003,64.868166,2170,7.189243
THA,2004,65.452047,2520,6.289342
THA,2005,66.01742,2770,4.187638
THA,2006,66.567687,3070,4.967811
THA,2007,67.102394,3480,5.435152
THA,2008,67.61983,3900,1.725699
THA,2009,68.12108,4060,-.6906182
THA,2010,68.579447,4490,7.513391
THA,2011,69.007208,4840,.8401321
THA,2012,69.436098,5400,7.242796
THA,2013,69.845114,5580,2.687495
THA,2014,70.216367,5620,.9844689
THA,2015,70.540795,5560,3.134047
THA,2016,70.859841,5550,3.435158
THA,2017,71.160187,5800,4.177681
THA,2018,71.376079,6430,4.22287
THA,2019,71.522271,7060,2.114558
THA,2020,71.641484,6900,-6.050038
THA,2021,71.727332,7090,1.552166
THA,2022,71.735329,7210,2.580379
THA,2023,71.702435,7190,2.017751
THA,2024,71.668011,7120,2.525962
TJK,1960,2.112131,,
TJK,1961,2.181805,,
TJK,1962,2.255026,,
TJK,1963,2.331736,,
TJK,1964,2.41126,,
TJK,1965,2.492998,,
TJK,1966,2.577184,,
TJK,1967,2.66413,,
TJK,1968,2.753848,,
TJK,1969,2.845273,,
TJK,1970,2.936779,,
TJK,1971,3.028837,,
TJK,1972,3.123691,,
TJK,1973,3.22229,,
TJK,1974,3.324499,,
TJK,1975,3.430425,,
TJK,1976,3.540076,,
TJK,1977,3.653265,,
TJK,1978,3.768508,,
TJK,1979,3.882691,,
TJK,1980,3.995256,,
TJK,1981,4.109022,,
TJK,1982,4.227171,,
TJK,1983,4.350874,,
TJK,1984,4.480026,,
TJK,1985,4.619003,,
TJK,1986,4.772139,,3.5
TJK,1987,4.939059,,-1.2
TJK,1988,5.114989,,13.9
TJK,1989,5.267249,,-6.5
TJK,1990,5.398768,,-.5999996
TJK,1991,5.541205,,-7.099999
TJK,1992,5.6494,340,-29
TJK,1993,5.724993,290,-16.4
TJK,1994,5.825368,210,-21.3
TJK,1995,5.948584,210,-12.41632
TJK,1996,6.066523,170,-16.7
TJK,1997,6.139829,160,1.680674
TJK,1998,6.176397,170,5.312868
TJK,1999,6.20837,170,3.699551
TJK,2000,6.284735,170,8.324325
TJK,2001,6.407377,160,9.580836
TJK,2002,6.531669,170,10.8
TJK,2003,6.658575,210,11
TJK,2004,6.790547,260,10.3
TJK,2005,6.92472,370,6.699998
TJK,2006,7.057566,460,7.000003
TJK,2007,7.194477,570,7.8
TJK,2008,7.338403,730,7.899998
TJK,2009,7.49023,790,3.900001
TJK,2010,7.652141,910,6.499999
TJK,2011,7.824785,1000,7.400001
TJK,2012,8.014084,1130,7.5
TJK,2013,8.216724,1300,7.4
TJK,2014,8.425552,1320,6.700001
TJK,2015,8.64384,1230,6.019303
TJK,2016,8.865631,1090,6.9
TJK,2017,9.085946,1000,7.1
TJK,2018,9.307333,1000,7.599999
TJK,2019,9.529966,1050,7.4
TJK,2020,9.74931,1030,4.400001
TJK,2021,9.966908,1130,9.4
TJK,2022,10.182222,1360,8
TJK,2023,10.389799,1400,8.299999
TJK,2024,10.590927,1650,8.4
TKM,1960,1.643457,,
TKM,1961,1.6954,,
TKM,1962,1.749214,,
TKM,1963,1.804272,,
TKM,1964,1.859997,,
TKM,1965,1.915916,,
TKM,1966,1.971737,,
TKM,1967,2.027403,,
TKM,1968,2.083069,,
TKM,1969,2.139024,,
TKM,1970,2.195616,,
TKM,1971,2.253119,,
TKM,1972,2.31143,,
TKM,1973,2.370919,,
TKM,1974,2.432028,,
TKM,1975,2.49457,,
TKM,1976,2.558521,,
TKM,1977,2.623948,,
TKM,1978,2.691088,,
TKM,1979,2.760358,,
TKM,1980,2.832203,,
TKM,1981,2.907187,,
TKM,1982,2.985557,,
TKM,1983,3.067534,,
TKM,1984,3.154079,,
TKM,1985,3.247534,,
TKM,1986,3.347809,,
TKM,1987,3.452731,,
TKM,1988,3.559363,,11.02362
TKM,1989,3.662459,,-4.25532
TKM,1990,3.760562,1040,35.38456
TKM,1991,3.855894,900,-4.605263
TKM,1992,3.944689,750,-14.96599
TKM,1993,4.032407,800,1.5
TKM,1994,4.116662,680,-17.29986
TKM,1995,4.191203,610,-7.200041
TKM,1996,4.263819,610,6.699992
TKM,1997,4.33673,550,-11.4
TKM,1998,4.410507,560,7.1
TKM,1999,4.49217,620,16.5
TKM,2000,4.582677,590,5.469064
TKM,2001,4.675409,630,4.343846
TKM,2002,4.769465,720,.2571799
TKM,2003,4.863865,940,3.268829
TKM,2004,4.958093,1240,5.000407
TKM,2005,5.052257,1500,13.03403
TKM,2006,5.147105,1770,10.97331
TKM,2007,5.244046,2160,11.0593
TKM,2008,5.345029,2800,14.7
TKM,2009,5.451592,3260,6.1
TKM,2010,5.564356,3720,9.2
TKM,2011,5.683417,4300,14.7
TKM,2012,5.808546,5040,11.1
TKM,2013,5.939341,5880,10.2
TKM,2014,6.075283,6480,10.3
TKM,2015,6.21577,6300,6.5
TKM,2016,6.360041,6080,6.2
TKM,2017,6.507061,5650,6.5
TKM,2018,6.655524,5930,6.2
TKM,2019,6.803944,6450,6.3
TKM,2020,6.949912,6740,5.9
TKM,2021,7.092043,7200,6.2
TKM,2022,7.230193,7780,6.2
TKM,2023,7.364438,8250,6.300158
TKM,2024,7.494498,8390,2.264117
TLA,1960,208.67111,,
TLA,1961,214.58267,,6.110178
TLA,1962,220.66834,387.7215,4.19612
TLA,1963,226.89975,394.6408,1.886124
TLA,1964,233.25563,427.1143,7.259432
TLA,1965,239.70869,455.4079,5.567986
TLA,1966,246.23996,479.6614,4.872345
TLA,1967,252.83827,493.2479,4.275917
TLA,1968,259.49472,526.7881,7.161972
TLA,1969,266.21124,559.4354,6.765444
TLA,1970,272.96281,594.404,6.527845
TLA,1971,279.78415,651.6378,6.880127
TLA,1972,286.72653,716.1485,7.270288
TLA,1973,293.78376,867.3009,8.134608
TLA,1974,300.93768,1108.878,6.482176
TLA,1975,308.17104,1286.141,3.6691
TLA,1976,315.49091,1368.512,5.411447
TLA,1977,322.95421,1407.377,4.770301
TLA,1978,330.57936,1558.71,4.411207
TLA,1979,338.30278,1837.438,7.457257
TLA,1980,346.10566,2142.161,6.927584
TLA,1981,353.92262,2305.771,.9404956
TLA,1982,361.76315,2182.49,-.3500794
TLA,1983,369.72827,1914.324,-2.467062
TLA,1984,377.77726,1850.591,3.707402
TLA,1985,385.83025,1783.281,3.154277
TLA,1986,393.86244,1848.833,3.529729
TLA,1987,401.8907,1967.522,3.372844
TLA,1988,409.94561,2103.32,.3786202
TLA,1989,418.00423,2149.856,1.645131
TLA,1990,426.09161,2206.066,-.2377587
TLA,1991,434.13878,2405.124,3.292284
TLA,1992,442.15089,2682.651,2.81627
TLA,1993,450.13138,2964.428,4.72367
TLA,1994,458.04287,3334.633,5.321801
TLA,1995,465.93946,3609.24,.7004337
TLA,1996,473.77548,4002.869,3.917007
TLA,1997,481.55561,4346.251,5.458701
TLA,1998,489.34627,4354.042,2.944533
TLA,1999,497.06514,4128.098,.4559254
TLA,2000,504.55606,4185.127,3.593261
TLA,2001,511.80982,4061.204,.2273831
TLA,2002,518.88197,3806.835,.4306244
TLA,2003,525.78722,3789.993,2.539773
TLA,2004,532.5564,4094.508,5.349847
TLA,2005,539.1888,4589.549,4.034525
TLA,2006,545.80591,5294.631,5.247374
TLA,2007,552.39965,6190.97,5.359212
TLA,2008,558.96882,7148.51,3.814268
TLA,2009,565.45493,7310.503,-2.32569
TLA,2010,571.82209,8123.743,6.679546
TLA,2011,578.17186,8960.916,4.576519
TLA,2012,584.52433,9909.473,2.638746
TLA,2013,590.80994,10332.5,2.848518
TLA,2014,597.02342,10219.02,1.39439
TLA,2015,603.0917,9216.66,.3614529
TLA,2016,609.01706,8452.162,-.3378302
TLA,2017,614.77666,8329.216,1.982245
TLA,2018,620.27443,8661.752,1.676509
TLA,2019,625.46731,8760.994,.6782583
TLA,2020,630.05102,7666.664,-6.529024
TLA,2021,633.86261,8166.076,7.280078
TLA,2022,637.83781,8771.982,4.000252
TLA,2023,642.39794,9540.399,2.338613
TLA,2024,647.00375,10059.76,2.244106
TLS,1960,.468118,,
TLS,1961,.475291,,
TLS,1962,.482774,,
TLS,1963,.490564,,
TLS,1964,.498659,,
TLS,1965,.507034,,
TLS,1966,.515696,,
TLS,1967,.524648,,
TLS,1968,.533875,,
TLS,1969,.543356,,
TLS,1970,.553069,,
TLS,1971,.562966,,
TLS,1972,.572962,,
TLS,1973,.582855,,
TLS,1974,.590827,,
TLS,1975,.598158,,
TLS,1976,.60762,,
TLS,1977,.618315,,
TLS,1978,.628775,,
TLS,1979,.638719,,
TLS,1980,.649871,,
TLS,1981,.660493,,
TLS,1982,.669149,,
TLS,1983,.677707,,
TLS,1984,.686777,,
TLS,1985,.696665,,
TLS,1986,.707185,,
TLS,1987,.718476,,
TLS,1988,.730745,,
TLS,1989,.744856,,
TLS,1990,.760345,,
TLS,1991,.778278,,10.71428
TLS,1992,.799318,450,10.45952
TLS,1993,.821437,510,10.20477
TLS,1994,.844493,570,7.122838
TLS,1995,.868146,620,6.681265
TLS,1996,.892282,670,7.982185
TLS,1997,.917184,690,3.999994
TLS,1998,.94253,660,-1.999996
TLS,1999,.834697,500,-35.45243
TLS,2000,.745088,660,58.07809
TLS,2001,.812249,710,16.35138
TLS,2002,.879159,790,-6.703652
TLS,2003,.916878,690,-2.182264
TLS,2004,.929074,820,.400004
TLS,2005,.948311,970,2.98458
TLS,2006,.976597,1360,-4.116093
TLS,2007,1.004889,1900,10.26539
TLS,2008,1.032429,3040,11.3948
TLS,2009,1.058782,2370,10.14695
TLS,2010,1.084679,2870,9.331511
TLS,2011,1.110207,3740,5.958539
TLS,2012,1.134885,3570,4.860622
TLS,2013,1.158695,3190,3.104367
TLS,2014,1.181903,2700,4.472498
TLS,2015,1.205131,2180,2.48004
TLS,2016,1.228312,1730,3.009931
TLS,2017,1.251703,1780,-3.182415
TLS,2018,1.275959,1800,.0001148
TLS,2019,1.300945,2170,23.41201
TLS,2020,1.326053,2040,31.96192
TLS,2021,1.350139,2050,5.315538
TLS,2022,1.369295,1820,-20.54158
TLS,2023,1.384286,2020,-18.12479
TLS,2024,1.400638,1560,-2.189121
TMN,1960,151.88305,,
TMN,1961,155.79624,,3.748431
TMN,1962,159.84926,144.3211,2.619273
TMN,1963,164.08278,153.6084,11.22026
TMN,1964,168.4744,164.523,10.1733
TMN,1965,173.01208,182.9093,12.22515
TMN,1966,177.75689,192.3325,7.15539
TMN,1967,182.73406,202.5475,7.57549
TMN,1968,187.87769,226.0485,12.42977
TMN,1969,193.18437,247.9448,11.04015
TMN,1970,198.63104,266.3382,8.711707
TMN,1971,204.09932,284.7096,5.557311
TMN,1972,209.69761,334.4241,11.88599
TMN,1973,215.56911,385.8467,5.459053
TMN,1974,221.66866,511.0631,7.381558
TMN,1975,228.18738,658.7511,3.118052
TMN,1976,235.05898,813.6765,15.16566
TMN,1977,242.09839,851.1695,1.682878
TMN,1978,249.39207,916.0013,-1.850696
TMN,1979,256.97619,1067.132,-.5309997
TMN,1980,264.94853,1206.758,-3.31884
TMN,1981,273.28852,1247.845,-1.43962
TMN,1982,281.84479,1335.316,10.94241
TMN,1983,290.72192,1304.752,4.752198
TMN,1984,300.04213,1289.658,.1621717
TMN,1985,309.56634,1376.059,4.35939
TMN,1986,319.25781,1432.221,-1.791321
TMN,1987,329.10168,1476.413,1.026134
TMN,1988,339.01367,1423.642,1.825102
TMN,1989,349.12079,1310.922,2.848366
TMN,1990,359.34395,1460.917,9.880116
TMN,1991,369.54181,1097.328,1.212996
TMN,1992,379.83235,1079.468,4.964883
TMN,1993,390.10881,949.1083,1.538992
TMN,1994,400.1091,918.382,2.310108
TMN,1995,409.97262,915.8909,2.933865
TMN,1996,419.78093,989.1446,5.991141
TMN,1997,429.6284,1036.563,3.391313
TMN,1998,439.6994,1046.047,5.358254
TMN,1999,449.94499,1065.653,4.183854
TMN,2000,460.05837,1140.783,5.860394
TMN,2001,470.22588,1188.104,2.917223
TMN,2002,480.46514,1183.12,3.283077
TMN,2003,491.13364,1230.145,2.745589
TMN,2004,502.38196,1391.798,7.622433
TMN,2005,513.92038,1571.064,4.911102
TMN,2006,525.75213,1761.455,5.442927
TMN,2007,537.34361,2023.264,5.830161
TMN,2008,549.09002,2337.458,3.439011
TMN,2009,561.34915,2522.141,2.79415
TMN,2010,573.60988,2705.644,4.824048
TMN,2011,585.76305,2815.798,-.4431131
TMN,2012,597.58699,3141.214,3.537074
TMN,2013,609.07458,3233.32,1.090166
TMN,2014,620.39066,3162.381,2.416521
TMN,2015,631.08259,2905.274,1.091978
TMN,2016,641.47083,2868.785,5.54086
TMN,2017,652.31281,2797.901,3.355369
TMN,2018,663.87834,2823.991,2.564691
TMN,2019,675.80569,2741.469,1.217943
TMN,2020,687.72876,2469.69,-2.793961
TMN,2021,699.53605,2595.175,4.449831
TMN,2022,711.46505,2805.445,4.179896
TMN,2023,723.91167,2873.68,2.892998
TMN,2024,736.40176,2844.959,2.161357
TON,1960,.06617,,
TON,1961,.068037,,
TON,1962,.06994,,
TON,1963,.071885,,
TON,1964,.073879,,
TON,1965,.075924,,
TON,1966,.078002,,
TON,1967,.079814,,
TON,1968,.081353,,
TON,1969,.082885,,
TON,1970,.084401,,
TON,1971,.085896,,
TON,1972,.087356,,
TON,1973,.088805,,
TON,1974,.090683,,
TON,1975,.093017,,
TON,1976,.095325,,
TON,1977,.096725,,
TON,1978,.097204,,
TON,1979,.097544,,
TON,1980,.097769,,
TON,1981,.097909,,
TON,1982,.09798,,4.741265
TON,1983,.097998,660,1.982403
TON,1984,.09799,660,1.738392
TON,1985,.097984,690,6.558464
TON,1986,.09801,740,2.118661
TON,1987,.098376,830,2.985638
TON,1988,.098969,1020,-1.881872
TON,1989,.099403,1100,.3899068
TON,1990,.0997,1170,-2.044091
TON,1991,.099895,1280,6.414954
TON,1992,.100022,1380,.2519734
TON,1993,.100103,1460,3.738058
TON,1994,.100166,1740,4.952521
TON,1995,.100225,1980,6.22816
TON,1996,.100275,2240,.0929182
TON,1997,.100674,2200,-.6005378
TON,1998,.101388,2130,2.292577
TON,1999,.102046,2050,2.302463
TON,2000,.102677,2010,3.754097
TON,2001,.103288,1920,1.492481
TON,2002,.103874,1890,4.429224
TON,2003,.104464,1870,.0518054
TON,2004,.105071,2050,-1.967947
TON,2005,.105671,2290,-.6576507
TON,2006,.106253,2560,-2.165663
TON,2007,.106726,2720,-2.464308
TON,2008,.10702,3130,4.862841
TON,2009,.107203,3090,-5.129178
TON,2010,.1074,3270,.8243969
TON,2011,.10757,3660,6.703698
TON,2012,.10746,4130,.919761
TON,2013,.107078,4330,.3939225
TON,2014,.106609,4360,1.990538
TON,2015,.106095,4220,1.113744
TON,2016,.105524,4280,6.598699
TON,2017,.105356,4450,3.20232
TON,2018,.105567,4650,.6875465
TON,2019,.105669,4940,-.2084334
TON,2020,.105704,5130,1.783396
TON,2021,.10549,5240,.3626043
TON,2022,.105042,5260,-2.309865
TON,2023,.104597,5520,2.084156
TON,2024,.104175,,
TSA,1960,507.91932,,
TSA,1961,520.4169,,4.006594
TSA,1962,533.16254,88.2896,3.284763
TSA,1963,546.11121,95.59179,4.897411
TSA,1964,559.36141,106.6202,7.78194
TSA,1965,572.49834,110.7151,-1.85577
TSA,1966,585.38102,105.122,.6292143
TSA,1967,598.61873,105.4674,6.209312
TSA,1968,612.17191,101.2664,4.231854
TSA,1969,625.77335,108.673,5.816177
TSA,1970,640.07821,114.3011,5.120871
TSA,1971,654.08136,118.3111,.6425253
TSA,1972,668.3832,123.1744,-2.150285
TSA,1973,684.0007,143.4548,3.381713
TSA,1974,700.24738,168.4412,2.307088
TSA,1975,717.09251,193.0201,7.317207
TSA,1976,734.21763,183.8953,2.199341
TSA,1977,751.76048,185.1565,6.599542
TSA,1978,769.32911,202.6108,5.837642
TSA,1979,787.44058,220.1473,-3.554199
TSA,1980,806.36978,264.7097,5.872058
TSA,1981,825.63856,290.2814,6.174084
TSA,1982,845.34935,282.4125,3.356498
TSA,1983,865.44234,276.7079,6.648219
TSA,1984,885.8945,274.702,4.095634
TSA,1985,906.62203,285.304,5.065563
TSA,1986,927.64619,305.3936,4.70176
TSA,1987,948.80214,342.3172,3.831989
TSA,1988,970.04415,381.0503,8.520642
TSA,1989,991.57102,378.0826,5.469163
TSA,1990,1013.297,374.7038,5.587172
TSA,1991,1035.0581,343.4533,1.515149
TSA,1992,1057.0746,342.5147,5.412368
TSA,1993,1079.2564,325.778,4.822605
TSA,1994,1101.3055,340.9986,6.367326
TSA,1995,1123.5156,366.0448,7.197629
TSA,1996,1145.9986,399.2631,7.074306
TSA,1997,1168.6259,408.9863,4.210618
TSA,1998,1191.4059,412.9066,5.985545
TSA,1999,1214.2638,435.5346,8.208555
TSA,2000,1237.1855,441.0117,4.086856
TSA,2001,1260.1491,448.3917,4.573242
TSA,2002,1282.5848,453.271,3.771998
TSA,2003,1304.3478,507.6793,7.465724
TSA,2004,1325.9506,593.1801,7.546049
TSA,2005,1346.8864,682.5818,7.644492
TSA,2006,1367.1873,757.7208,7.895184
TSA,2007,1386.9495,873.5299,7.534282
TSA,2008,1406.0472,953.8972,3.480636
TSA,2009,1425.3702,1067.163,7.389812
TSA,2010,1444.967,1170.709,8.194404
TSA,2011,1464.3726,1310.148,5.451094
TSA,2012,1483.5531,1424.795,5.645159
TSA,2013,1501.662,1466.609,6.233265
TSA,2014,1519.8392,1513.536,7.24548
TSA,2015,1537.3701,1561.679,7.689739
TSA,2016,1555.1119,1664.045,7.969123
TSA,2017,1572.5204,1800.115,6.78412
TSA,2018,1589.1647,1998.72,6.393666
TSA,2019,1605.413,2105.41,4.094543
TSA,2020,1621.0734,1957.005,-4.987502
TSA,2021,1634.7854,2222.502,9.246599
TSA,2022,1648.0096,2438.085,7.101154
TSA,2023,1662.5806,2603.007,8.505117
TSA,2024,1677.3845,2662.612,6.224842
TSS,1960,227.70665,,
TSS,1961,233.2416,,1.105132
TSS,1962,239.02641,,6.005681
TSS,1963,245.03471,,6.245862
TSS,1964,251.29253,,4.988868
TSS,1965,257.8061,,4.690651
TSS,1966,264.52816,,2.019481
TSS,1967,271.4994,,-.7580212
TSS,1968,278.77403,,3.124357
TSS,1969,286.29177,,9.011771
TSS,1970,294.07152,,7.837638
TSS,1971,302.09526,,7.72664
TSS,1972,310.30305,,2.948134
TSS,1973,318.97408,,4.302794
TSS,1974,328.09822,,7.55748
TSS,1975,337.48449,,-.2427656
TSS,1976,347.14025,,5.173942
TSS,1977,356.93942,,2.762397
TSS,1978,367.4769,,-.1596486
TSS,1979,378.69583,,3.921131
TSS,1980,389.95925,,3.744602
TSS,1981,401.80557,,-.8075076
TSS,1982,414.40713,,-1.182268
TSS,1983,426.8998,,-2.545259
TSS,1984,439.33895,,2.249574
TSS,1985,452.26144,638.3952,2.017862
TSS,1986,465.51091,610.5869,1.893303
TSS,1987,479.17169,654.8599,2.946551
TSS,1988,492.98365,731.0183,4.4337
TSS,1989,507.0014,751.912,2.314044
TSS,1990,521.31471,748.5358,2.340185
TSS,1991,535.62167,776.7122,.3752798
TSS,1992,550.27408,747.2545,-.433987
TSS,1993,565.57078,735.0019,-.9187024
TSS,1994,580.80191,703.5712,1.00951
TSS,1995,596.38225,727.6991,3.286577
TSS,1996,612.55397,733.4749,5.119765
TSS,1997,628.85382,744.3325,4.068405
TSS,1998,645.80359,696.2938,2.510005
TSS,1999,663.25723,675.3984,2.190488
TSS,2000,681.12511,660.2791,3.468444
TSS,2001,699.58858,634.3053,4.199815
TSS,2002,718.66215,621.1133,6.361457
TSS,2003,738.31613,677.0841,4.07953
TSS,2004,758.65314,820.6573,6.652303
TSS,2005,779.66511,1015.445,6.052817
TSS,2006,801.26937,1140.298,6.042761
TSS,2007,823.56488,1254.35,6.149471
TSS,2008,846.65687,1365.951,5.191211
TSS,2009,870.34729,1402.324,3.139603
TSS,2010,894.66666,1465.266,6.013863
TSS,2011,919.52813,1552.917,4.454915
TSS,2012,944.97031,1683.43,3.279455
TSS,2013,971.23291,1761.125,5.098034
TSS,2014,997.96104,1814.722,4.795953
TSS,2015,1025.2511,1713.451,2.968378
TSS,2016,1052.8241,1543.288,1.266905
TSS,2017,1080.9416,1452.301,2.512523
TSS,2018,1109.997,1503.541,2.774839
TSS,2019,1139.3156,1570.328,2.696697
TSS,2020,1169.0155,1507.051,-1.994294
TSS,2021,1199.0119,1571.703,4.314826
TSS,2022,1229.2086,1639.358,3.750658
TSS,2023,1259.9024,1618.776,2.574661
TSS,2024,1291.0587,1513.236,3.428438
TTO,1960,.844943,,
TTO,1961,.863144,,14.03707
TTO,1962,.880194,640,2.742463
TTO,1963,.896804,740,5.604597
TTO,1964,.912963,800,7.6305
TTO,1965,.928425,800,.6938503
TTO,1966,.942937,740,4.056821
TTO,1967,.956418,750,2.042518
TTO,1968,.969006,760,5.215142
TTO,1969,.980706,770,2.730685
TTO,1970,.991471,790,3.533636
TTO,1971,1.002585,830,1.040336
TTO,1972,1.014921,960,5.780347
TTO,1973,1.027851,1150,1.656421
TTO,1974,1.040761,1440,3.807604
TTO,1975,1.053469,2080,1.477965
TTO,1976,1.066311,2430,6.405145
TTO,1977,1.079554,2700,9.12179
TTO,1978,1.09338,3240,10.01648
TTO,1979,1.107639,3800,3.599368
TTO,1980,1.121744,4970,10.39081
TTO,1981,1.135132,5880,4.577209
TTO,1982,1.147927,6540,3.799318
TTO,1983,1.160534,6000,-10.30033
TTO,1984,1.172984,5940,-5.750906
TTO,1985,1.187366,5810,-4.11942
TTO,1986,1.203124,5000,-3.279163
TTO,1987,1.217364,4200,-4.561779
TTO,1988,1.230069,3840,-3.919724
TTO,1989,1.2416,3540,-.8299142
TTO,1990,1.252208,3610,1.509168
TTO,1991,1.262171,3790,3.112408
TTO,1992,1.271674,4290,10.09298
TTO,1993,1.280466,3960,-.6691148
TTO,1994,1.288341,3760,3.567181
TTO,1995,1.295169,3850,3.809913
TTO,1996,1.300928,4090,7.134478
TTO,1997,1.305836,4340,7.522855
TTO,1998,1.310225,4450,8.124564
TTO,1999,1.314708,4700,8.024817
TTO,2000,1.319774,5180,6.90136
TTO,2001,1.325567,5830,4.168524
TTO,2002,1.332011,6480,7.93671
TTO,2003,1.338709,7740,14.44099
TTO,2004,1.34538,9300,7.950051
TTO,2005,1.294494,11200,6.208938
TTO,2006,1.297944,13320,13.20806
TTO,2007,1.303188,15060,4.75421
TTO,2008,1.308587,17420,3.391737
TTO,2009,1.310106,16330,-4.391729
TTO,2010,1.317714,16590,3.323225
TTO,2011,1.328019,15060,-.2943544
TTO,2012,1.335194,17960,6.710083
TTO,2013,1.340557,20110,3.344606
TTO,2014,1.345343,20630,3.695365
TTO,2015,1.349667,20630,-.564817
TTO,2016,1.353895,17880,-7.403453
TTO,2017,1.356633,16940,-4.818589
TTO,2018,1.359193,16800,-.9855251
TTO,2019,1.363985,17270,.4718134
TTO,2020,1.366725,15090,-8.902795
TTO,2021,1.367558,16330,-.9119928
TTO,2022,1.365805,17540,1.082222
TTO,2023,1.36751,20070,1.427113
TTO,2024,1.368333,20000,1.650603
TUN,1960,4.267288,,
TUN,1961,4.316278,,
TUN,1962,4.369136,,-4.590085
TUN,1963,4.427131,190,-10.73399
TUN,1964,4.489869,200,-4.67595
TUN,1965,4.561385,210,-2.536692
TUN,1966,4.652287,220,3.454868
TUN,1967,4.76097,220,.1619525
TUN,1968,4.879899,240,10.40973
TUN,1969,5.004697,260,4.747816
TUN,1970,5.131396,270,4.669632
TUN,1971,5.261658,310,10.5602
TUN,1972,5.396557,390,17.74272
TUN,1973,5.537242,450,-.6546435
TUN,1974,5.684674,590,8.074782
TUN,1975,5.839262,740,7.1561
TUN,1976,5.996994,790,7.876853
TUN,1977,6.155931,820,3.411096
TUN,1978,6.30939,900,6.440474
TUN,1979,6.456419,1090,6.567521
TUN,1980,6.606195,1320,7.41874
TUN,1981,6.758284,1370,5.514073
TUN,1982,6.908642,1240,-.4937376
TUN,1983,7.0538,1160,4.681917
TUN,1984,7.220044,1150,5.748843
TUN,1985,7.409903,1130,5.648573
TUN,1986,7.600301,1130,-1.446988
TUN,1987,7.789987,1260,6.701371
TUN,1988,7.97444,1320,.0721591
TUN,1989,8.15166,1280,1.746699
TUN,1990,8.324509,1400,7.94982
TUN,1991,8.501827,1450,3.904545
TUN,1992,8.682512,1660,7.805729
TUN,1993,8.85791,1640,2.189829
TUN,1994,9.018448,1700,3.178411
TUN,1995,9.161258,1780,2.35167
TUN,1996,9.294432,1960,7.146081
TUN,1997,9.42127,2110,5.440944
TUN,1998,9.541667,2140,4.783762
TUN,1999,9.655963,2250,6.054635
TUN,2000,9.764935,2260,4.709973
TUN,2001,9.869677,2220,3.796272
TUN,2002,9.971515,2150,1.322557
TUN,2003,10.071632,2420,4.7024
TUN,2004,10.166163,2860,6.235791
TUN,2005,10.255472,3120,3.486546
TUN,2006,10.34641,3290,5.2441
TUN,2007,10.441702,3490,6.709521
TUN,2008,10.542635,3820,4.237782
TUN,2009,10.650681,4020,3.04345
TUN,2010,10.76598,4140,2.971133
TUN,2011,10.886035,4060,-2.046634
TUN,2012,11.009647,4250,4.216677
TUN,2013,11.141361,4300,2.429931
TUN,2014,11.274288,4310,3.090328
TUN,2015,11.402264,4130,.9677031
TUN,2016,11.528674,3930,1.117426
TUN,2017,11.650498,3700,2.237839
TUN,2018,11.765514,3700,2.62493
TUN,2019,11.875081,3590,1.587847
TUN,2020,11.974057,3270,-9.011934
TUN,2021,12.048622,3640,4.736321
TUN,2022,12.119334,3900,2.673318
TUN,2023,12.200431,3850,.0391566
TUN,2024,12.277109,3900,1.350653
TUR,1960,28.329898,,
TUR,1961,29.119238,,1.156069
TUR,1962,29.916147,,5.571429
TUR,1963,30.726841,,9.066305
TUR,1964,31.543072,,5.459057
TUR,1965,32.34522,,2.823529
TUR,1966,33.177672,,11.21282
TUR,1967,34.050421,450,4.73251
TUR,1968,34.921684,490,6.777996
TUR,1969,35.787774,540,4.081146
TUR,1970,36.638465,540,3.233509
TUR,1971,37.518611,520,5.566695
TUR,1972,38.430221,540,7.425788
TUR,1973,39.329533,620,3.262335
TUR,1974,40.210234,820,5.594474
TUR,1975,41.053126,1080,7.174113
TUR,1976,41.899984,1270,10.46118
TUR,1977,42.773298,1370,3.40667
TUR,1978,43.645306,1480,1.502933
TUR,1979,44.510429,1770,-.6241136
TUR,1980,45.408815,1810,-2.447351
TUR,1981,46.32119,1810,4.856649
TUR,1982,47.322096,1520,3.563228
TUR,1983,48.44741,1360,4.971081
TUR,1984,49.574069,1270,6.712016
TUR,1985,50.687115,1270,4.241336
TUR,1986,51.777772,1400,7.012031
TUR,1987,52.84367,1680,9.485538
TUR,1988,53.909626,1800,2.320737
TUR,1989,54.976723,1850,.2902441
TUR,1990,56.015628,2220,9.266147
TUR,1991,57.009887,2490,.720279
TUR,1992,57.990118,2830,5.035635
TUR,1993,58.999167,3030,7.651265
TUR,1994,60.033836,2570,-4.668148
TUR,1995,61.024503,2730,7.878267
TUR,1996,61.951134,2800,7.379664
TUR,1997,62.852966,3060,7.577663
TUR,1998,63.734383,3310,2.40415
TUR,1999,64.591923,3460,-3.263168
TUR,2000,65.425961,4170,6.93324
TUR,2001,66.245128,3460,-5.750007
TUR,2002,67.048795,3490,6.447722
TUR,2003,67.83173,3850,5.763206
TUR,2004,68.592617,5150,9.795937
TUR,2005,69.329557,6680,8.992305
TUR,2006,70.045349,7740,6.947988
TUR,2007,70.158112,8880,5.043508
TUR,2008,71.051678,9770,.8150246
TUR,2009,72.039206,9550,-4.823154
TUR,2010,73.14215,10380,8.427104
TUR,2011,74.223629,11190,11.20011
TUR,2012,75.175827,11880,4.788493
TUR,2013,76.147624,12570,8.485817
TUR,2014,77.181884,12630,4.939715
TUR,2015,78.218479,12080,6.084487
TUR,2016,79.277962,11340,3.323084
TUR,2017,80.312698,11090,7.501997
TUR,2018,81.407204,10650,3.01317
TUR,2019,82.57944,9800,.8185145
TUR,2020,83.38468,9160,1.859873
TUR,2021,84.147318,10010,11.4394
TUR,2022,84.979913,10640,5.533428
TUR,2023,85.325965,11730,5.111168
TUR,2024,85.518661,13150,3.184024
TUV,1960,.005598,,
TUV,1961,.005648,,
TUV,1962,.005699,,
TUV,1963,.005751,,
TUV,1964,.005752,,
TUV,1965,.005715,,
TUV,1966,.005686,,
TUV,1967,.005652,,
TUV,1968,.005624,,
TUV,1969,.005631,,
TUV,1970,.005663,,
TUV,1971,.005685,,-1.5837
TUV,1972,.005692,1000,-1.95
TUV,1973,.005681,1160,-1.9305
TUV,1974,.005822,1370,-1.6781
TUV,1975,.006117,1440,-1.5065
TUV,1976,.006404,1350,-.8451
TUV,1977,.006686,1180,-3.7415
TUV,1978,.006957,1140,-1.8325
TUV,1979,.007184,1180,-.3968
TUV,1980,.007366,1240,-.6395
TUV,1981,.007526,1290,2.6003
TUV,1982,.007664,1050,-16.0091
TUV,1983,.007789,1080,8.9736
TUV,1984,.007902,1120,7.461
TUV,1985,.008046,1020,-1.8351
TUV,1986,.008217,1210,22.5855
TUV,1987,.008371,1320,12.2569
TUV,1988,.008518,1660,19.307
TUV,1989,.008662,1720,-1.9478
TUV,1990,.008798,2130,15.376
TUV,1991,.008928,2300,3.609183
TUV,1992,.009038,2410,2.788789
TUV,1993,.009126,2220,4.110824
TUV,1994,.009207,2520,10.28338
TUV,1995,.00928,2450,-5.004452
TUV,1996,.009342,2350,-5.96137
TUV,1997,.0094,2860,10.0033
TUV,1998,.009451,2940,15.50117
TUV,1999,.009496,2710,-1.563871
TUV,2000,.009544,2330,-.9704892
TUV,2001,.009586,2780,0
TUV,2002,.009623,3430,9.523809
TUV,2003,.009695,2620,-4.347826
TUV,2004,.009816,3380,-2.272727
TUV,2005,.00994,3750,-4.651163
TUV,2006,.010056,3920,2.439024
TUV,2007,.010182,4670,7.142857
TUV,2008,.010321,4780,6.666667
TUV,2009,.010461,4870,-6.25
TUV,2010,.010614,4480,-2.222222
TUV,2011,.01078,4720,6.818182
TUV,2012,.010934,4440,-2.12766
TUV,2013,.011001,5610,4.347826
TUV,2014,.010984,4750,0
TUV,2015,.010963,5650,10.41667
TUV,2016,.01093,5450,5.660378
TUV,2017,.010869,5330,2.448393
TUV,2018,.010751,6230,1.387284
TUV,2019,.010581,6880,13.8221
TUV,2020,.010399,6880,-4.274932
TUV,2021,.010194,7510,1.804136
TUV,2022,.009992,8100,.6773093
TUV,2023,.009816,8770,3.852809
TUV,2024,.009646,,
TZA,1960,9.901419,,
TZA,1961,10.187886,,1.138296
TZA,1962,10.487756,300,9.096747
TZA,1963,10.799528,320,6.260003
TZA,1964,11.127826,340,5.511158
TZA,1965,11.470728,350,4.364721
TZA,1966,11.827459,380,11.64368
TZA,1967,12.200109,390,5.523259
TZA,1968,12.602076,410,6.285562
TZA,1969,13.0367,420,3.26164
TZA,1970,13.492677,220,-46.43304
TZA,1971,13.971451,230,3.901461
TZA,1972,14.479308,250,7.115315
TZA,1973,15.010101,290,6.191962
TZA,1974,15.56163,340,2.113391
TZA,1975,16.138361,390,3.989426
TZA,1976,16.736211,400,3.306012
TZA,1977,17.352929,420,.0495928
TZA,1978,17.976566,490,2.084008
TZA,1979,18.592038,570,2.500174
TZA,1980,19.189769,650,2.73798
TZA,1981,19.784703,670,-.978821
TZA,1982,20.398571,670,-.3676597
TZA,1983,21.079874,660,-.3916292
TZA,1984,21.779066,650,4.672972
TZA,1985,22.501693,650,1.244904
TZA,1986,23.258959,600,5.495713
TZA,1987,24.030378,500,4.79652
TZA,1988,24.769686,400,7.255435
TZA,1989,25.438759,320,3.764443
TZA,1990,26.110207,280,7.045072
TZA,1991,26.780436,270,2.071988
TZA,1992,27.457588,260,.5843222
TZA,1993,28.332692,250,1.205801
TZA,1994,29.442356,230,1.567662
TZA,1995,30.383497,240,3.569912
TZA,1996,30.945762,280,4.544367
TZA,1997,31.578089,310,3.525278
TZA,1998,32.420458,350,3.708512
TZA,1999,33.30033,380,4.863864
TZA,2000,34.260139,400,4.520785
TZA,2001,35.198299,400,6.070808
TZA,2002,36.121304,410,7.093195
TZA,2003,37.089555,430,6.67279
TZA,2004,38.109668,460,7.503815
TZA,2005,39.182076,490,7.476319
TZA,2006,40.294902,510,6.532221
TZA,2007,41.435512,530,6.768535
TZA,2008,42.570728,590,5.686417
TZA,2009,43.633982,660,5.269105
TZA,2010,44.758488,720,6.336524
TZA,2011,46.029367,760,7.672155
TZA,2012,47.37426,810,4.500154
TZA,2013,48.824128,880,6.781586
TZA,2014,50.351512,970,6.732462
TZA,2015,52.020962,970,6.160629
TZA,2016,53.824013,960,6.867116
TZA,2017,55.65289,960,6.762277
TZA,2018,57.437145,1010,5.468082
TZA,2019,59.174891,1050,5.8
TZA,2020,60.972798,1060,1.991965
TZA,2021,62.830412,1130,4.321384
TZA,2022,64.711821,1210,4.566006
TZA,2023,66.617606,1220,5.069523
TZA,2024,68.560157,1200,5.526314
UGA,1960,7.640973,,
UGA,1961,7.862217,,
UGA,1962,8.092231,,
UGA,1963,8.333663,,
UGA,1964,8.586363,,
UGA,1965,8.849203,,
UGA,1966,9.122864,,
UGA,1967,9.408924,,
UGA,1968,9.708632,,
UGA,1969,10.014858,,
UGA,1970,10.321603,,
UGA,1971,10.618206,,
UGA,1972,10.885796,,
UGA,1973,11.144236,,
UGA,1974,11.424846,,
UGA,1975,11.72524,,
UGA,1976,12.037294,,
UGA,1977,12.359669,,
UGA,1978,12.692113,,
UGA,1979,13.002163,,
UGA,1980,13.275741,,
UGA,1981,13.556452,,
UGA,1982,13.873631,,
UGA,1983,14.221881,,5.744558
UGA,1984,14.607677,170,-.3446767
UGA,1985,15.023681,190,-3.30638
UGA,1986,15.467579,240,.3900869
UGA,1987,15.95417,310,3.961903
UGA,1988,16.470483,390,8.267074
UGA,1989,17.010698,400,6.361941
UGA,1990,17.569897,320,6.47414
UGA,1991,18.155901,240,5.554095
UGA,1992,18.785032,190,3.418357
UGA,1993,19.445161,180,8.326293
UGA,1994,20.108801,180,6.403636
UGA,1995,20.665667,230,11.52324
UGA,1996,21.23155,270,9.072115
UGA,1997,21.856046,300,5.100002
UGA,1998,22.515806,290,4.905265
UGA,1999,23.257281,280,8.053948
UGA,2000,24.00015,270,3.141907
UGA,2001,24.745676,240,5.183661
UGA,2002,25.53287,250,8.732686
UGA,2003,26.352124,250,6.473258
UGA,2004,27.154515,280,6.807233
UGA,2005,27.963289,310,6.332565
UGA,2006,28.794003,350,10.78474
UGA,2007,29.65343,380,8.412426
UGA,2008,30.539553,430,8.708752
UGA,2009,31.451151,550,6.801517
UGA,2010,32.390802,680,5.637612
UGA,2011,33.354543,860,9.391656
UGA,2012,34.337438,830,3.837456
UGA,2013,35.337042,810,3.586906
UGA,2014,36.395539,830,5.106308
UGA,2015,37.531446,850,5.18786
UGA,2016,38.799152,810,4.781
UGA,2017,40.177388,760,3.131406
UGA,2018,41.565831,770,6.303924
UGA,2019,42.999637,810,6.438745
UGA,2020,44.457152,820,2.951306
UGA,2021,45.91093,860,3.53658
UGA,2022,47.312719,930,4.588022
UGA,2023,48.656601,970,5.336973
UGA,2024,50.015092,1020,6.136452
UKR,1960,42.824093,,
UKR,1961,43.399766,,
UKR,1962,43.943674,,
UKR,1963,44.462372,,
UKR,1964,44.951156,,
UKR,1965,45.386892,,
UKR,1966,45.802519,,
UKR,1967,46.215988,,
UKR,1968,46.614325,,
UKR,1969,46.976256,,
UKR,1970,47.261306,,
UKR,1971,47.573287,,
UKR,1972,47.946893,,
UKR,1973,48.277121,,
UKR,1974,48.57657,,
UKR,1975,48.865229,,
UKR,1976,49.120842,,
UKR,1977,49.336481,,
UKR,1978,49.521243,,
UKR,1979,49.721381,,
UKR,1980,49.955152,,
UKR,1981,50.189281,,
UKR,1982,50.402724,,
UKR,1983,50.637029,,
UKR,1984,50.887599,,
UKR,1985,51.10877,,
UKR,1986,51.318745,,
UKR,1987,51.515732,,
UKR,1988,51.724853,,2.566463
UKR,1989,51.917817,1620,3.873103
UKR,1990,52.054092,1600,-6.345235
UKR,1991,52.170961,1510,-8.7
UKR,1992,52.323671,1410,-9.9
UKR,1993,52.350126,1220,-14.2
UKR,1994,52.075998,1000,-22.9
UKR,1995,51.665539,920,-12.2
UKR,1996,51.226109,860,-10
UKR,1997,50.786885,880,-3
UKR,1998,50.379731,840,-1.9
UKR,1999,49.976446,760,-.2
UKR,2000,49.55666,680,5.9
UKR,2001,49.106855,710,8.8
UKR,2002,48.677281,780,5.339647
UKR,2003,48.315136,970,9.51661
UKR,2004,47.979507,1250,11.79535
UKR,2005,47.585556,1530,3.07123
UKR,2006,47.278694,1930,7.571421
UKR,2007,47.062798,2560,8.215844
UKR,2008,46.819175,3170,2.243492
UKR,2009,46.623731,2810,-15.13647
UKR,2010,46.456003,2990,4.092004
UKR,2011,46.307853,3100,5.445281
UKR,2012,46.210056,3600,.152315
UKR,2013,46.12677,3900,.0454391
UKR,2014,45.97238,3500,-10.07889
UKR,2015,45.784896,2760,-9.772987
UKR,2016,45.616832,2330,2.440982
UKR,2017,45.436041,2330,2.359972
UKR,2018,45.208907,2720,3.488362
UKR,2019,44.957458,3270,3.199504
UKR,2020,44.680014,3530,-3.752818
UKR,2021,44.29864,4060,3.445621
UKR,2022,41.048766,3930,-28.75858
UKR,2023,37.732836,4980,5.534734
UKR,2024,37.860221,5220,2.913822
UMC,1960,1149.6534,,
UMC,1961,1155.586,,.3724672
UMC,1962,1174.0542,143.1075,3.106297
UMC,1963,1204.0016,151.3837,4.485348
UMC,1964,1233.7161,168.216,8.758972
UMC,1965,1264.0389,186.8105,7.711067
UMC,1966,1297.8058,199.9473,6.26365
UMC,1967,1330.9896,199.4817,3.785049
UMC,1968,1365.25,207.6663,6.950867
UMC,1969,1401.3375,226.7489,8.37767
UMC,1970,1438.1754,245.862,8.416128
UMC,1971,1475.7168,260.8359,6.674757
UMC,1972,1511.6904,285.4857,7.71344
UMC,1973,1546.8117,346.8094,7.753781
UMC,1974,1580.5704,437.9698,6.364715
UMC,1975,1612.2275,527.1132,4.531301
UMC,1976,1642.4736,563.4644,6.554078
UMC,1977,1671.3989,587.0894,4.313756
UMC,1978,1700.4928,636.697,3.773733
UMC,1979,1729.8955,739.1558,5.577682
UMC,1980,1759.1883,840.4425,4.648409
UMC,1981,1789.7745,893.2363,1.874244
UMC,1982,1822.7229,879.3665,3.117809
UMC,1983,1855.4244,819.8241,1.437149
UMC,1984,1887.2551,824.671,5.394426
UMC,1985,1919.686,840.9816,4.719357
UMC,1986,1953.5716,881.007,3.676178
UMC,1987,1988.8904,936.3235,4.951989
UMC,1988,2024.3058,983.6472,3.405255
UMC,1989,2059.0004,995.8651,2.956722
UMC,1990,2092.6467,1058.44,2.719758
UMC,1991,2124.538,1066.966,3.115797
UMC,1992,2154.5859,1160.299,4.543471
UMC,1993,2182.9397,1226.24,5.92009
UMC,1994,2210.5052,1323.315,5.563047
UMC,1995,2237.6053,1445.762,4.46925
UMC,1996,2264.4432,1622.269,6.251833
UMC,1997,2290.9538,1755.114,6.115277
UMC,1998,2316.7066,1720.1,2.997612
UMC,1999,2341.2741,1695.439,3.242044
UMC,2000,2365.0223,1770.591,6.015746
UMC,2001,2387.8076,1782.066,3.44816
UMC,2002,2409.3417,1803.138,4.865362
UMC,2003,2430.3739,1952.574,5.939761
UMC,2004,2451.6019,2258.105,7.884289
UMC,2005,2472.8628,2625.501,7.575564
UMC,2006,2493.333,3047.12,8.619035
UMC,2007,2512.1652,3607.05,9.430767
UMC,2008,2532.3455,4262.421,6.310881
UMC,2009,2553.0162,4644.14,3.541911
UMC,2010,2573.4773,5278.43,8.536701
UMC,2011,2594.7533,5959.342,6.919915
UMC,2012,2618.4337,6803.41,5.779752
UMC,2013,2642.5657,7412.918,5.666793
UMC,2014,2665.7848,7712.935,5.00116
UMC,2015,2688.0524,7612.263,4.521732
UMC,2016,2709.5588,7526.913,4.564986
UMC,2017,2731.3753,7726.809,5.343358
UMC,2018,2751.8335,8304.818,4.935787
UMC,2019,2770.251,8753.022,4.16429
UMC,2020,2785.1812,8535.285,-.3983829
UMC,2021,2796.3262,9464.74,7.698365
UMC,2022,2803.4324,10178.76,3.425056
UMC,2023,2809.4419,10743.59,4.584982
UMC,2024,2818.1281,10880.41,4.154262
URY,1960,2.529957,,
URY,1961,2.562044,,2.493038
URY,1962,2.593298,580,-1.574549
URY,1963,2.623766,610,.1704589
URY,1964,2.65318,670,2.440521
URY,1965,2.681169,680,1.045604
URY,1966,2.707646,730,3.062856
URY,1967,2.732277,640,-3.656834
URY,1968,2.754606,620,1.888912
URY,1969,2.773974,670,5.864741
URY,1970,2.790807,820,2.333213
URY,1971,2.806462,860,-.2517115
URY,1972,2.821644,870,-1.31957
URY,1973,2.837133,1050,.2751996
URY,1974,2.853944,1350,2.895344
URY,1975,2.87232,1600,6.096914
URY,1976,2.891392,1460,3.93547
URY,1977,2.909461,1400,1.455461
URY,1978,2.925715,1600,5.373985
URY,1979,2.939903,2120,6.199117
URY,1980,2.951953,2830,5.843401
URY,1981,2.963246,3610,1.55956
URY,1982,2.975492,3270,-9.757872
URY,1983,2.988778,2180,-10.2744
URY,1984,3.002488,1730,-1.142617
URY,1985,3.017037,1500,1.466536
URY,1986,3.032845,1780,8.809809
URY,1987,3.049896,2210,7.993137
URY,1988,3.067961,2600,1.480937
URY,1989,3.086255,2730,1.103901
URY,1990,3.104403,2850,.2973484
URY,1991,3.122354,3190,3.538809
URY,1992,3.139702,3850,7.931589
URY,1993,3.156345,4380,2.657546
URY,1994,3.172834,5080,7.281343
URY,1995,3.18944,5590,-1.447599
URY,1996,3.206324,6240,5.577958
URY,1997,3.223345,7080,8.547683
URY,1998,3.23928,7360,4.51889
URY,1999,3.254015,7400,-1.520946
URY,2000,3.266206,7180,-1.929931
URY,2001,3.274251,6610,-3.84413
URY,2002,3.278867,5210,-7.732007
URY,2003,3.281186,4300,.8052839
URY,2004,3.283148,4180,5.00416
URY,2005,3.285771,4770,7.460132
URY,2006,3.289506,5470,4.098577
URY,2007,3.295153,6510,6.541511
URY,2008,3.302177,7930,7.176145
URY,2009,3.310091,9140,4.243494
URY,2010,3.31858,10930,7.80341
URY,2011,3.326825,12730,5.162133
URY,2012,3.335401,14230,3.538179
URY,2013,3.345337,16480,4.637538
URY,2014,3.356334,17140,3.238791
URY,2015,3.368017,17070,.3707412
URY,2016,3.379283,16490,1.689798
URY,2017,3.388438,16720,1.740376
URY,2018,3.394534,17700,.1647776
URY,2019,3.397206,18390,.9283512
URY,2020,3.398968,16130,-7.357327
URY,2021,3.396695,16220,5.844273
URY,2022,3.390913,17910,4.486227
URY,2023,3.388081,19850,.7421288
URY,2024,3.386588,21580,3.108255
USA,1960,180.671,,
USA,1961,183.691,,2.565343
USA,1962,186.538,3280,6.129637
USA,1963,189.242,3410,4.357286
USA,1964,191.889,3600,5.762747
USA,1965,194.303,3870,6.498454
USA,1966,196.56,4190,6.595342
USA,1967,198.712,4370,2.742666
USA,1968,200.706,4740,4.914509
USA,1969,202.677,5060,3.122477
USA,1970,205.052,5270,.1846194
USA,1971,207.661,5680,3.292722
USA,1972,209.896,6310,5.255502
USA,1973,211.909,7320,5.64568
USA,1974,213.854,8020,-.5405502
USA,1975,215.973,8580,-.2056192
USA,1976,218.035,9060,5.388034
USA,1977,220.239,9680,4.624187
USA,1978,222.585,10870,5.535206
USA,1979,225.055,12410,3.165988
USA,1980,227.225,13590,-.2567757
USA,1981,229.466,14530,2.537701
USA,1982,231.664,14250,-1.803014
USA,1983,233.792,14800,4.583791
USA,1984,235.825,16370,7.236453
USA,1985,237.924,17680,4.169575
USA,1986,240.133,19450,3.462655
USA,1987,242.289,21590,3.45463
USA,1988,244.499,23510,4.176982
USA,1989,246.819,24060,3.672238
USA,1990,249.623,24450,1.885966
USA,1991,252.981,24640,-.1083129
USA,1992,256.514,26140,3.522497
USA,1993,259.919,27000,2.751796
USA,1994,263.126,28190,4.029023
USA,1995,266.278,29390,2.684431
USA,1996,269.394,30490,3.772773
USA,1997,272.657,31320,4.447128
USA,1998,275.854,31840,4.483133
USA,1999,279.04,33580,4.788425
USA,2000,282.16241,35630,4.077586
USA,2001,284.96895,36320,.9555383
USA,2002,287.62519,37050,1.700447
USA,2003,290.10793,39690,2.795606
USA,2004,292.8053,43430,3.847772
USA,2005,295.5166,45990,3.48355
USA,2006,298.37991,47140,2.78454
USA,2007,301.23121,48570,2.003858
USA,2008,304.09397,49750,.1135872
USA,2009,306.77153,48550,-2.5765
USA,2010,309.37823,49400,2.695193
USA,2011,311.83946,50550,1.564407
USA,2012,314.3391,52130,2.289113
USA,2013,316.72628,53650,2.11783
USA,2014,319.25756,55080,2.52382
USA,2015,321.81512,56040,2.94555
USA,2016,324.35334,56990,1.819451
USA,2017,326.60861,59060,2.457622
USA,2018,328.52958,63230,2.966505
USA,2019,330.22623,66010,2.583825
USA,2020,331.57772,64940,-2.163029
USA,2021,332.09976,71490,6.055053
USA,2022,334.01732,77060,2.512375
USA,2023,336.80623,80710,2.887556
USA,2024,340.11099,83660,2.79619
UZB,1960,8.209109,,
UZB,1961,8.517711,,
UZB,1962,8.854368,,
UZB,1963,9.202246,,
UZB,1964,9.557611,,
UZB,1965,9.921681,,
UZB,1966,10.289294,,
UZB,1967,10.65918,,
UZB,1968,11.032155,,
UZB,1969,11.40315,,
UZB,1970,11.762638,,
UZB,1971,12.111511,,
UZB,1972,12.465106,,
UZB,1973,12.831047,,
UZB,1974,13.209011,,
UZB,1975,13.598521,,
UZB,1976,13.99862,,
UZB,1977,14.408822,,
UZB,1978,14.816349,,
UZB,1979,15.215587,,
UZB,1980,15.619936,,
UZB,1981,16.035032,,
UZB,1982,16.462736,,
UZB,1983,16.9084,,
UZB,1984,17.378846,,
UZB,1985,17.875339,,
UZB,1986,18.395621,,
UZB,1987,18.93007,,
UZB,1988,19.46063,,9.138582
UZB,1989,19.977183,,3.091294
UZB,1990,20.464956,630,1.6
UZB,1991,20.96291,650,-.492
UZB,1992,21.48509,600,-11.2
UZB,1993,21.987955,590,-2.3
UZB,1994,22.463291,570,-5.2
UZB,1995,22.917589,580,-.9
UZB,1996,23.351981,590,1.7
UZB,1997,23.75896,610,5.2
UZB,1998,24.134929,610,4.3
UZB,1999,24.476008,650,4.3
UZB,2000,24.787054,620,3.835
UZB,2001,25.090283,550,4.163838
UZB,2002,25.39998,450,3.973488
UZB,2003,25.711259,420,4.232627
UZB,2004,26.02935,460,7.449001
UZB,2005,26.356975,520,6.950007
UZB,2006,26.699043,600,7.451418
UZB,2007,27.076008,760,9.473005
UZB,2008,27.494774,970,9.029161
UZB,2009,27.939328,1150,8.050933
UZB,2010,28.385506,1420,7.597168
UZB,2011,28.823196,1760,7.52514
UZB,2012,29.261903,2200,7.102445
UZB,2013,29.724065,2470,7.29655
UZB,2014,30.222994,2650,6.873838
UZB,2015,30.749346,2790,7.218773
UZB,2016,31.284568,2840,5.932151
UZB,2017,31.819178,2630,4.395275
UZB,2018,32.37349,2340,5.559196
UZB,2019,32.964701,2150,6.779924
UZB,2020,33.586372,2000,1.563343
UZB,2021,34.243696,2250,8.034683
UZB,2022,34.938955,2500,6.001342
UZB,2023,35.652307,2750,6.291416
UZB,2024,36.361859,3020,6.5
VCT,1960,.084388,,
VCT,1961,.08587,,4.527284
VCT,1962,.087236,170,3.694262
VCT,1963,.088523,160,-6.265338
VCT,1964,.089749,160,3.669726
VCT,1965,.090927,170,.8849351
VCT,1966,.092052,170,0
VCT,1967,.093124,160,-9.523813
VCT,1968,.094123,180,6.509706
VCT,1969,.095058,180,2.860845
VCT,1970,.095964,200,10.74589
VCT,1971,.096872,210,2.968051
VCT,1972,.09779,280,25.83149
VCT,1973,.098691,290,-11.10133
VCT,1974,.099556,330,-8.820592
VCT,1975,.100387,350,-7.608709
VCT,1976,.101197,380,10.37682
VCT,1977,.101999,440,13.22941
VCT,1978,.102775,540,9.777473
VCT,1979,.103478,680,3.382217
VCT,1980,.104213,800,2.44272
VCT,1981,.105073,930,4.613904
VCT,1982,.105969,990,4.476849
VCT,1983,.106838,1050,2.168596
VCT,1984,.107687,1160,6.586339
VCT,1985,.108506,1280,6.179346
VCT,1986,.109281,1400,5.599741
VCT,1987,.110001,1600,.438005
VCT,1988,.110658,1880,14.07469
VCT,1989,.111272,1960,1.405611
VCT,1990,.111812,2030,4.149187
VCT,1991,.112222,2140,1.135575
VCT,1992,.112509,2440,6.377941
VCT,1993,.112735,2570,4.250731
VCT,1994,.112918,2530,-1.247623
VCT,1995,.113047,2760,7.76665
VCT,1996,.113119,2860,1.287912
VCT,1997,.113141,2930,3.505151
VCT,1998,.11318,3040,4.090195
VCT,1999,.113366,3140,2.710311
VCT,2000,.113545,3390,1.639032
VCT,2001,.113501,3660,1.748231
VCT,2002,.113347,4010,5.342127
VCT,2003,.113141,4430,6.691337
VCT,2004,.112835,4800,4.114699
VCT,2005,.11245,5060,2.488557
VCT,2006,.112014,5580,6.996926
VCT,2007,.111531,6030,3.322968
VCT,2008,.111028,6380,.4046408
VCT,2009,.110508,6530,-1.378194
VCT,2010,.109959,6310,-4.470468
VCT,2011,.109349,6390,-.6062766
VCT,2012,.108736,6720,1.169112
VCT,2013,.108135,6980,2.462484
VCT,2014,.107535,6860,1.250254
VCT,2015,.10696,7110,2.783161
VCT,2016,.106349,7480,4.145932
VCT,2017,.105663,7720,1.448831
VCT,2018,.104926,8370,3.175611
VCT,2019,.104167,8700,.6684285
VCT,2020,.103526,8360,-4.268924
VCT,2021,.102841,8720,2.093401
VCT,2022,.102046,9510,3.110833
VCT,2023,.101323,10380,5.326365
VCT,2024,.100616,11020,4.061835
VEN,1960,8.16009,,
VEN,1961,8.455915,,3.192519
VEN,1962,8.75687,940,8.532934
VEN,1963,9.064021,970,3.900951
VEN,1964,9.377712,950,11.12934
VEN,1965,9.69779,890,4.162867
VEN,1966,10.024854,820,1.51025
VEN,1967,10.358513,840,2.833869
VEN,1968,10.69753,900,7.337233
VEN,1969,11.04028,910,.7060368
VEN,1970,11.38779,980,7.711915
VEN,1971,11.741008,1020,1.479291
VEN,1972,12.09918,1120,1.282805
VEN,1973,12.463537,1340,7.109958
VEN,1974,12.835351,1710,2.069333
VEN,1975,13.215892,2130,2.896258
VEN,1976,13.606284,2470,7.72774
VEN,1977,14.006812,2590,6.270783
VEN,1978,14.416684,2780,2.346896
VEN,1979,14.834552,3170,.7643551
VEN,1980,15.258218,3590,-4.421322
VEN,1981,15.687297,4080,-.3628109
VEN,1982,16.121874,4020,-2.071006
VEN,1983,16.562205,3750,-3.764817
VEN,1984,17.008841,3610,1.442165
VEN,1985,17.461434,3480,.1933002
VEN,1986,17.923536,3580,6.510345
VEN,1987,18.394963,3330,3.58165
VEN,1988,18.87102,3370,5.821368
VEN,1989,19.348921,2540,-8.569882
VEN,1990,19.82701,2640,6.467941
VEN,1991,20.304896,2670,9.729888
VEN,1992,20.780948,2840,6.060473
VEN,1993,21.25452,2820,.2753882
VEN,1994,21.725188,2710,-2.349508
VEN,1995,22.193821,3010,3.951663
VEN,1996,22.662113,3060,-.1978373
VEN,1997,23.131685,3430,6.370932
VEN,1998,23.601337,3380,.2940552
VEN,1999,24.066593,3520,-5.970458
VEN,2000,24.526708,4070,3.686944
VEN,2001,24.979922,4540,3.394236
VEN,2002,25.435671,3940,-8.855647
VEN,2003,25.892703,3450,-7.7553
VEN,2004,26.340838,4060,18.28661
VEN,2005,26.785804,4910,10.31791
VEN,2006,27.224686,6050,9.872149
VEN,2007,27.649363,7520,8.753579
VEN,2008,28.053696,9260,5.277854
VEN,2009,28.438298,10230,-3.202303
VEN,2010,28.813101,11660,-1.488791
VEN,2011,29.185212,11860,4.176425
VEN,2012,29.553826,12620,5.625957
VEN,2013,29.912198,11920,1.343094
VEN,2014,30.254079,12990,-3.894387
VEN,2015,30.573972,,
VEN,2016,30.76572,,
VEN,2017,30.565323,,
VEN,2018,29.807592,,
VEN,2019,28.938098,,
VEN,2020,28.444077,,
VEN,2021,28.237826,,
VEN,2022,28.213017,,
VEN,2023,28.300854,,
VEN,2024,28.405543,,
VGB,1960,.00795,,
VGB,1961,.008034,,
VGB,1962,.00807,,
VGB,1963,.008114,,
VGB,1964,.008168,,
VGB,1965,.008257,,
VGB,1966,.008413,,
VGB,1967,.008646,,
VGB,1968,.009,,
VGB,1969,.009533,,
VGB,1970,.009933,,
VGB,1971,.010095,,
VGB,1972,.010235,,
VGB,1973,.010367,,
VGB,1974,.010494,,
VGB,1975,.010606,,
VGB,1976,.010709,,
VGB,1977,.0108,,
VGB,1978,.010886,,
VGB,1979,.010965,,
VGB,1980,.01113,,
VGB,1981,.011479,,
VGB,1982,.011921,,
VGB,1983,.01237,,
VGB,1984,.01282,,
VGB,1985,.013269,,
VGB,1986,.013726,,
VGB,1987,.014194,,
VGB,1988,.01468,,
VGB,1989,.01518,,
VGB,1990,.015704,,
VGB,1991,.016187,,
VGB,1992,.016593,,
VGB,1993,.016989,,
VGB,1994,.017406,,
VGB,1995,.01784,,
VGB,1996,.018287,,
VGB,1997,.018756,,
VGB,1998,.019238,,
VGB,1999,.01973,,
VGB,2000,.020241,,
VGB,2001,.020796,,
VGB,2002,.02143,,
VGB,2003,.022134,,
VGB,2004,.022881,,
VGB,2005,.023665,,
VGB,2006,.024493,,
VGB,2007,.025366,,
VGB,2008,.026288,,
VGB,2009,.027218,,
VGB,2010,.027675,,
VGB,2011,.02871,,
VGB,2012,.030345,,
VGB,2013,.031703,,
VGB,2014,.032962,,
VGB,2015,.034498,,
VGB,2016,.033878,,
VGB,2017,.032699,,
VGB,2018,.034657,,
VGB,2019,.036395,,
VGB,2020,.037135,,
VGB,2021,.037809,,
VGB,2022,.038319,,
VGB,2023,.038985,,
VGB,2024,.039471,,
VIR,1960,.0325,,
VIR,1961,.0343,,
VIR,1962,.035,,
VIR,1963,.0398,,
VIR,1964,.0408,,
VIR,1965,.0435,,
VIR,1966,.0462,,
VIR,1967,.0491,,
VIR,1968,.0557,,
VIR,1969,.0603,,
VIR,1970,.063476,,
VIR,1971,.070937,,
VIR,1972,.076319,,
VIR,1973,.084121,,
VIR,1974,.089941,,
VIR,1975,.094484,,
VIR,1976,.096166,,
VIR,1977,.093203,,
VIR,1978,.095929,,
VIR,1979,.096183,,
VIR,1980,.099636,,
VIR,1981,.099853,,
VIR,1982,.100068,,
VIR,1983,.100348,,
VIR,1984,.1006,,
VIR,1985,.10076,,
VIR,1986,.100842,,
VIR,1987,.100901,,
VIR,1988,.100952,,
VIR,1989,.101041,,
VIR,1990,.103963,,
VIR,1991,.104807,,
VIR,1992,.105712,,
VIR,1993,.106578,,
VIR,1994,.107318,,
VIR,1995,.107818,,
VIR,1996,.108095,,
VIR,1997,.108357,,
VIR,1998,.108537,,
VIR,1999,.108599,,
VIR,2000,.108642,,
VIR,2001,.108549,,
VIR,2002,.108509,,
VIR,2003,.108505,,-.3960809
VIR,2004,.108466,,3.285894
VIR,2005,.108453,,3.485309
VIR,2006,.108369,,3.504993
VIR,2007,.108337,,4.010594
VIR,2008,.108397,,1.218625
VIR,2009,.108404,,-6.594789
VIR,2010,.108357,,.5963832
VIR,2011,.10829,,-8.204246
VIR,2012,.108188,,-14.8125
VIR,2013,.108041,,-6.285155
VIR,2014,.107882,,-1.77453
VIR,2015,.107712,,-.4250797
VIR,2016,.107516,,1.600854
VIR,2017,.107281,,-.7352941
VIR,2018,.107001,,1.878307
VIR,2019,.106669,,2.908335
VIR,2020,.10629,,-1.614938
VIR,2021,.10587,,3.667607
VIR,2022,.105413,,-1.311232
VIR,2023,.104917,,
VIR,2024,.104377,,
VNM,1960,32.531933,,
VNM,1961,33.409059,,
VNM,1962,34.28856,,
VNM,1963,35.249101,,
VNM,1964,36.201563,,
VNM,1965,37.129656,,
VNM,1966,38.024836,,
VNM,1967,38.89508,,
VNM,1968,39.734609,,
VNM,1969,40.582096,,
VNM,1970,41.47523,,
VNM,1971,42.449276,,
VNM,1972,43.429168,,
VNM,1973,44.409861,,
VNM,1974,45.413537,,
VNM,1975,46.482903,,
VNM,1976,47.684931,,
VNM,1977,48.954872,,
VNM,1978,50.249552,,
VNM,1979,51.378211,,
VNM,1980,52.490101,,
VNM,1981,53.738141,,
VNM,1982,55.011289,,
VNM,1983,56.337921,,
VNM,1984,57.706067,,
VNM,1985,59.060622,,3.805856
VNM,1986,60.347048,,2.789292
VNM,1987,61.584651,,3.58347
VNM,1988,62.843228,,5.135012
VNM,1989,64.147348,220,7.364513
VNM,1990,65.504552,130,5.100918
VNM,1991,66.891775,110,5.960844
VNM,1992,68.260337,140,8.646048
VNM,1993,69.586384,170,8.072731
VNM,1994,70.854391,200,8.838981
VNM,1995,72.04994,260,9.540481
VNM,1996,73.156447,310,9.340017
VNM,1997,74.226889,350,8.152084
VNM,1998,75.29966,360,5.764455
VNM,1999,76.287452,370,4.773587
VNM,2000,77.154011,390,6.787316
VNM,2001,77.969361,410,6.192894
VNM,2002,78.772224,430,6.320821
VNM,2003,79.563777,480,6.899064
VNM,2004,80.338971,550,7.536411
VNM,2005,81.088313,650,7.547248
VNM,2006,82.167897,740,6.977955
VNM,2007,83.633375,860,7.129505
VNM,2008,85.175788,1000,5.661771
VNM,2009,86.460018,1120,5.397898
VNM,2010,87.455152,1370,6.423245
VNM,2011,88.468314,1630,6.413169
VNM,2012,89.510356,1980,5.504545
VNM,2013,90.573104,2200,5.553511
VNM,2014,91.679578,2390,6.422243
VNM,2015,92.823254,2460,6.987154
VNM,2016,94.000117,2560,6.690009
VNM,2017,95.176977,2680,6.94019
VNM,2018,96.237319,3020,7.465007
VNM,2019,97.173776,3290,7.359262
VNM,2020,98.079191,3400,2.865413
VNM,2021,98.935098,3540,2.553729
VNM,2022,99.680655,3980,8.5375
VNM,2023,100.35219,4150,5.065024
VNM,2024,100.98769,4490,7.091187
VUT,1960,.064431,,
VUT,1961,.066264,,
VUT,1962,.068174,,
VUT,1963,.070159,,
VUT,1964,.072219,,
VUT,1965,.074358,,
VUT,1966,.07659,,
VUT,1967,.078921,,
VUT,1968,.081314,,
VUT,1969,.083755,,
VUT,1970,.086266,,
VUT,1971,.088862,,
VUT,1972,.091562,,
VUT,1973,.094362,,
VUT,1974,.09726,,
VUT,1975,.100269,,
VUT,1976,.103388,,
VUT,1977,.106618,,
VUT,1978,.109963,,
VUT,1979,.11304,,
VUT,1980,.11566,,-11.39981
VUT,1981,.118249,940,4.377957
VUT,1982,.121035,840,1.979883
VUT,1983,.123998,800,3.009629
VUT,1984,.127109,900,9.574991
VUT,1985,.130356,930,1.001623
VUT,1986,.13372,970,-.1504634
VUT,1987,.137187,890,-2.893935
VUT,1988,.140756,980,-1.692883
VUT,1989,.144393,1100,1.531893
VUT,1990,.148063,1220,11.6957
VUT,1991,.151793,1110,3.147639
VUT,1992,.155608,1140,2.585414
VUT,1993,.159463,1160,.735448
VUT,1994,.163314,1210,9.081466
VUT,1995,.167137,1250,1.003945
VUT,1996,.170911,1340,2.327335
VUT,1997,.174626,1400,4.906813
VUT,1998,.178313,1450,1.176854
VUT,1999,.182048,1430,.3372932
VUT,2000,.186281,1420,5.924809
VUT,2001,.191031,1360,-3.397583
VUT,2002,.195863,1210,-5.198319
VUT,2003,.200746,1350,4.288335
VUT,2004,.205711,1580,3.987393
VUT,2005,.21076,1770,5.305326
VUT,2006,.215923,1980,8.460697
VUT,2007,.221276,2080,2.875892
VUT,2008,.226896,2430,5.600992
VUT,2009,.232731,2500,3.037303
VUT,2010,.238248,2580,1.258867
VUT,2011,.243474,2790,3.139803
VUT,2012,.248883,2840,1.010048
VUT,2013,.254482,3030,.4633904
VUT,2014,.26024,3030,2.57504
VUT,2015,.266101,2980,3.965919
VUT,2016,.272087,2970,3.471545
VUT,2017,.278507,3000,4.412666
VUT,2018,.285259,3270,2.90023
VUT,2019,.291985,3740,3.241188
VUT,2020,.298858,3390,-4.992491
VUT,2021,.305868,3520,-1.552295
VUT,2022,.313046,3850,5.186229
VUT,2023,.320409,3830,-.9647923
VUT,2024,.327777,3940,3.967258
WLD,1960,3021.5126,,
WLD,1961,3062.7681,,4.051201
WLD,1962,3117.3722,492.7452,5.329241
WLD,1963,3184.063,518.4051,5.002178
WLD,1964,3251.2532,555.2598,6.558702
WLD,1965,3318.9975,596.5434,5.630119
WLD,1966,3389.0872,637.7343,5.465857
WLD,1967,3459.0154,664.5429,3.815103
WLD,1968,3530.7036,711.2582,5.96514
WLD,1969,3604.8156,764.1392,5.991213
WLD,1970,3680.589,807.706,3.747988
WLD,1971,3758.6135,872.6377,4.271896
WLD,1972,3834.4463,984.968,5.604074
WLD,1973,3911.0685,1190.346,6.405682
WLD,1974,3987.2942,1397.79,1.927403
WLD,1975,4062.0708,1572.283,.5674463
WLD,1976,4135.7585,1658.322,5.184755
WLD,1977,4208.9588,1754.693,4.010437
WLD,1978,4283.431,1971.522,4.16245
WLD,1979,4360.0564,2334.839,4.185312
WLD,1980,4437.6029,2671.23,1.884449
WLD,1981,4516.9262,2770.098,1.941185
WLD,1982,4599.5392,2621.318,.3533907
WLD,1983,4682.9245,2492.199,2.631337
WLD,1984,4766.0403,2540.723,4.677376
WLD,1985,4850.7408,2622.854,3.709364
WLD,1986,4937.7116,2888.186,3.234538
WLD,1987,5027.0303,3353.017,3.754643
WLD,1988,5117.167,3948.207,4.551719
WLD,1989,5207.6549,4114.517,3.724554
WLD,1990,5299.2468,4269.696,2.723395
WLD,1991,5388.4962,4374.379,1.217528
WLD,1992,5477.124,4682.382,2.030586
WLD,1993,5564.7786,4771.216,1.847532
WLD,1994,5650.8532,4966.416,3.349446
WLD,1995,5736.5055,5260.285,3.106383
WLD,1996,5822.6146,5508.843,3.590032
WLD,1997,5908.4666,5550.185,3.959018
WLD,1998,5994.0401,5301.043,2.851658
WLD,1999,6078.4043,5307.879,3.596285
WLD,2000,6161.8848,5481.74,4.542102
WLD,2001,6245.1129,5453.571,2.040122
WLD,2002,6327.5574,5413.083,2.331328
WLD,2003,6409.7504,5817.449,3.109183
WLD,2004,6492.7698,6629.458,4.484997
WLD,2005,6575.8415,7339.292,4.038615
WLD,2006,6659.977,7794.303,4.471221
WLD,2007,6744.4894,8334.218,4.385583
WLD,2008,6830.5135,8948.702,2.073953
WLD,2009,6916.5891,8984.501,-1.319598
WLD,2010,7001.2669,9401.604,4.527147
WLD,2011,7087.12,9873.156,3.347311
WLD,2012,7176.9689,10433.2,2.707281
WLD,2013,7265.9705,10821.3,2.889022
WLD,2014,7354.1834,10925.16,3.148624
WLD,2015,7441.8269,10573.8,3.134515
WLD,2016,7529.0666,10341.45,2.814361
WLD,2017,7614.7486,10418.67,3.456342
WLD,2018,7697.4924,11120.47,3.296091
WLD,2019,7778.3039,11544.53,2.71004
WLD,2020,7855.0751,11099.37,-2.849082
WLD,2021,7920.8619,12172.91,6.419541
WLD,2022,7990.3998,12953.87,3.359911
WLD,2023,8064.9766,13332.59,2.943333
WLD,2024,8142.0564,13439.22,2.863263
WSM,1960,.11249,,
WSM,1961,.115496,,
WSM,1962,.118597,,
WSM,1963,.121764,,
WSM,1964,.124894,,
WSM,1965,.127978,,
WSM,1966,.131073,,
WSM,1967,.133764,,
WSM,1968,.13602,,
WSM,1969,.138233,,
WSM,1970,.1404,,
WSM,1971,.142503,,13.51351
WSM,1972,.144538,440,1.587302
WSM,1973,.146516,550,7.291667
WSM,1974,.149431,620,-10.67961
WSM,1975,.153344,680,-3.804348
WSM,1976,.157113,690,9.322034
WSM,1977,.159753,660,-.7751938
WSM,1978,.161375,710,6.25
WSM,1979,.162882,870,10.90909
WSM,1980,.164322,870,-6.193079
WSM,1981,.165678,790,-9.029122
WSM,1982,.166484,770,-.9605141
WSM,1983,.166714,730,.431036
WSM,1984,.166796,670,1.287558
WSM,1985,.166849,650,3.919496
WSM,1986,.167061,680,5.504578
WSM,1987,.167661,710,.4830961
WSM,1988,.168346,920,-1.4423
WSM,1989,.168768,1040,3.707314
WSM,1990,.169042,1050,-4.421451
WSM,1991,.169368,1000,-2.300012
WSM,1992,.170331,1010,-.1999871
WSM,1993,.171774,1060,4.099991
WSM,1994,.173159,820,-2.5421
WSM,1995,.174571,990,6.673643
WSM,1996,.176071,1320,7.178969
WSM,1997,.177547,1330,.643425
WSM,1998,.178905,1360,2.19489
WSM,1999,.180275,1380,2.185434
WSM,2000,.181685,1410,5.093045
WSM,2001,.183166,1410,7.390129
WSM,2002,.184471,1420,5.651959
WSM,2003,.18543,1570,5.212629
WSM,2004,.186249,1850,3.08726
WSM,2005,.186978,2240,6.639204
WSM,2006,.187709,2470,2.132127
WSM,2007,.188753,2660,.4859825
WSM,2008,.190107,2970,3.556105
WSM,2009,.191513,3160,-.5416776
WSM,2010,.193023,3430,6.12472
WSM,2011,.194713,3570,3.849078
WSM,2012,.196498,3590,-3.73213
WSM,2013,.198268,3750,.1072933
WSM,2014,.200037,3830,.6599238
WSM,2015,.201782,3970,3.850362
WSM,2016,.203499,4120,7.983863
WSM,2017,.205415,4100,1.406282
WSM,2018,.207582,4100,-.6096471
WSM,2019,.20978,4270,4.451859
WSM,2020,.211944,4060,-3.108444
WSM,2021,.213779,3910,-7.078831
WSM,2022,.215261,3780,-5.306291
WSM,2023,.216663,4220,9.20865
WSM,2024,.218019,4650,9.422351
XKX,1960,.984846,,
XKX,1961,1.011421,,
XKX,1962,1.03695,,
XKX,1963,1.062737,,
XKX,1964,1.09027,,
XKX,1965,1.120168,,
XKX,1966,1.152586,,
XKX,1967,1.187667,,
XKX,1968,1.214208,,
XKX,1969,1.23146,,
XKX,1970,1.249555,,
XKX,1971,1.273021,,
XKX,1972,1.301579,,
XKX,1973,1.331176,,
XKX,1974,1.363123,,
XKX,1975,1.397686,,
XKX,1976,1.43488,,
XKX,1977,1.474457,,
XKX,1978,1.516249,,
XKX,1979,1.559787,,
XKX,1980,1.604818,,
XKX,1981,1.646565,,
XKX,1982,1.683166,,
XKX,1983,1.719245,,
XKX,1984,1.756818,,
XKX,1985,1.796018,,
XKX,1986,1.836972,,
XKX,1987,1.88059,,
XKX,1988,1.917882,,
XKX,1989,1.946339,,
XKX,1990,1.97379,,
XKX,1991,2.005362,,
XKX,1992,2.039723,,
XKX,1993,2.072664,,
XKX,1994,2.105256,,
XKX,1995,2.137514,,
XKX,1996,2.168753,,
XKX,1997,2.197284,,
XKX,1998,2.078964,,
XKX,1999,1.871524,,
XKX,2000,1.802493,,
XKX,2001,1.820009,,
XKX,2002,1.829462,,
XKX,2003,1.826434,,
XKX,2004,1.822773,,
XKX,2005,1.818354,,
XKX,2006,1.813079,,
XKX,2007,1.807094,,
XKX,2008,1.800858,,
XKX,2009,1.794681,,5.034854
XKX,2010,1.788743,3120,4.939951
XKX,2011,1.791949,3390,6.31981
XKX,2012,1.807126,3540,1.712196
XKX,2013,1.818119,3800,5.340799
XKX,2014,1.812788,3900,3.348805
XKX,2015,1.788274,3930,5.916231
XKX,2016,1.777568,3930,5.571775
XKX,2017,1.791019,3950,4.825655
XKX,2018,1.797086,4300,3.406632
XKX,2019,1.788891,4640,4.756801
XKX,2020,1.790151,4440,-5.340275
XKX,2021,1.786079,5130,10.74566
XKX,2022,1.768096,5600,4.278499
XKX,2023,1.682668,6290,4.067627
XKX,2024,1.527324,7180,4.412738
YEM,1960,5.532301,,
YEM,1961,5.655232,,
YEM,1962,5.782221,,
YEM,1963,5.911135,,
YEM,1964,6.048006,,
YEM,1965,6.195593,,
YEM,1966,6.351494,,
YEM,1967,6.516444,,
YEM,1968,6.690524,,
YEM,1969,6.875859,,
YEM,1970,7.065279,,
YEM,1971,7.257462,,
YEM,1972,7.460068,,
YEM,1973,7.672796,,
YEM,1974,7.896783,,
YEM,1975,8.133598,,
YEM,1976,8.384113,,
YEM,1977,8.648222,,
YEM,1978,8.926586,,
YEM,1979,9.224194,,
YEM,1980,9.543358,,
YEM,1981,9.882362,,
YEM,1982,10.241006,,
YEM,1983,10.621499,,
YEM,1984,11.025597,,
YEM,1985,11.453825,,
YEM,1986,11.90104,,
YEM,1987,12.369912,,
YEM,1988,12.859708,,
YEM,1989,13.364174,,
YEM,1990,13.887862,,
YEM,1991,14.430201,,6.293494
YEM,1992,14.989494,1100,8.207598
YEM,1993,15.563914,1240,4.001966
YEM,1994,16.149147,1470,6.721949
YEM,1995,16.740058,1160,5.669371
YEM,1996,17.313177,620,4.634967
YEM,1997,17.873936,420,5.231112
YEM,1998,18.446013,350,6.006695
YEM,1999,19.02942,340,3.775531
YEM,2000,19.624141,380,6.181916
YEM,2001,20.226147,430,3.803646
YEM,2002,20.835086,460,3.935231
YEM,2003,21.456379,480,3.747398
YEM,2004,22.095167,540,3.972696
YEM,2005,22.790085,620,5.591748
YEM,2006,23.543083,710,3.170409
YEM,2007,24.318082,780,3.338428
YEM,2008,25.111941,880,3.647569
YEM,2009,25.927724,960,3.86623
YEM,2010,26.754387,1040,7.702307
YEM,2011,27.582897,930,-12.7149
YEM,2012,28.433647,1080,2.39299
YEM,2013,29.312952,1230,4.823519
YEM,2014,30.226309,1250,-.1886902
YEM,2015,31.159379,1030,-27.99455
YEM,2016,32.10901,970,-9.375124
YEM,2017,33.090921,880,-5.071795
YEM,2018,34.085182,740,.7524476
YEM,2019,35.111408,,
YEM,2020,36.134863,,
YEM,2021,37.14023,,
YEM,2022,38.222876,,
YEM,2023,39.390799,,
YEM,2024,40.583164,,
ZAF,1960,16.440172,,
ZAF,1961,16.908035,,3.844734
ZAF,1962,17.418522,550,6.177931
ZAF,1963,17.954564,580,7.373709
ZAF,1964,18.511361,620,7.939609
ZAF,1965,19.08938,660,6.122798
ZAF,1966,19.690087,700,4.438386
ZAF,1967,20.314066,750,7.196523
ZAF,1968,20.957287,800,4.153373
ZAF,1969,21.614676,850,4.715903
ZAF,1970,22.279984,920,5.248662
ZAF,1971,22.942143,990,4.278934
ZAF,1972,23.609456,1040,1.65483
ZAF,1973,24.294263,1260,4.571945
ZAF,1974,24.989108,1570,6.111122
ZAF,1975,25.69094,1790,1.695434
ZAF,1976,26.39545,1730,2.24986
ZAF,1977,27.118952,1650,-.0939791
ZAF,1978,27.869507,1760,3.01448
ZAF,1979,28.634162,2090,3.790519
ZAF,1980,29.518857,2650,6.620584
ZAF,1981,30.541044,3020,5.360791
ZAF,1982,31.615339,2890,-.3834191
ZAF,1983,32.739304,2630,-1.846558
ZAF,1984,33.892788,2550,5.099152
ZAF,1985,35.042093,2190,-1.211541
ZAF,1986,36.180515,2020,.0178492
ZAF,1987,37.32619,2220,2.100729
ZAF,1988,38.480649,2660,4.200109
ZAF,1989,39.628575,2810,2.394795
ZAF,1990,40.746268,2830,-.3177604
ZAF,1991,41.687898,2960,-1.018245
ZAF,1992,42.443509,3230,-2.137033
ZAF,1993,43.297156,3380,1.233558
ZAF,1994,44.004139,3550,3.2
ZAF,1995,44.541554,3730,3.1
ZAF,1996,45.123018,3790,4.3
ZAF,1997,45.666838,3750,2.6
ZAF,1998,46.22388,3390,.5
ZAF,1999,46.730335,3300,2.4
ZAF,2000,47.159719,3260,4.2
ZAF,2001,47.5668,3060,2.7
ZAF,2002,48.019415,2870,3.700374
ZAF,2003,48.500348,3160,2.949075
ZAF,2004,48.991421,4040,4.55456
ZAF,2005,49.490033,5430,5.277052
ZAF,2006,49.998277,6120,5.603806
ZAF,2007,50.528584,6440,5.360474
ZAF,2008,51.114599,6490,3.191044
ZAF,2009,51.728516,6350,-1.538089
ZAF,2010,52.344051,6730,3.039733
ZAF,2011,52.995205,7620,3.168556
ZAF,2012,53.782567,8220,2.396232
ZAF,2013,54.678791,7930,2.485468
ZAF,2014,55.594838,7230,1.413826
ZAF,2015,56.723537,6450,1.321862
ZAF,2016,57.259551,5880,.6645523
ZAF,2017,57.635162,5850,1.157947
ZAF,2018,58.613001,6250,1.556784
ZAF,2019,59.587885,6570,.2599356
ZAF,2020,60.562381,5930,-6.168918
ZAF,2021,61.502603,6330,4.955033
ZAF,2022,62.37841,6530,1.91148
ZAF,2023,63.212384,6480,.6984852
ZAF,2024,64.007187,6100,.5798537
ZMB,1960,3.153729,,
ZMB,1961,3.254086,,1.361382
ZMB,1962,3.358099,180,-2.490839
ZMB,1963,3.465907,180,3.272393
ZMB,1964,3.577017,200,12.21405
ZMB,1965,3.692086,250,16.64746
ZMB,1966,3.812003,260,-5.57031
ZMB,1967,3.936343,310,7.919696
ZMB,1968,4.065593,350,1.24833
ZMB,1969,4.197116,380,-.4369158
ZMB,1970,4.321718,430,4.797113
ZMB,1971,4.442525,410,-.0860396
ZMB,1972,4.569309,420,9.208865
ZMB,1973,4.702693,450,-.9620488
ZMB,1974,4.842746,560,6.428159
ZMB,1975,4.990086,570,-2.269329
ZMB,1976,5.143842,540,6.220975
ZMB,1977,5.30248,490,-4.564236
ZMB,1978,5.465374,490,.5537639
ZMB,1979,5.631728,520,-3.023931
ZMB,1980,5.802833,620,3.035622
ZMB,1981,5.983289,720,6.167957
ZMB,1982,6.178637,620,-2.812783
ZMB,1983,6.381038,520,-1.966689
ZMB,1984,6.58049,430,-.3368349
ZMB,1985,6.780953,350,1.61531
ZMB,1986,6.986471,260,.7238939
ZMB,1987,7.191282,270,2.675662
ZMB,1988,7.39144,340,6.280749
ZMB,1989,7.589216,420,-1.023502
ZMB,1990,7.786169,450,-.481072
ZMB,1991,7.98165,410,-.0361334
ZMB,1992,8.17668,380,-1.730922
ZMB,1993,8.373921,390,6.797274
ZMB,1994,8.576269,370,-8.625442
ZMB,1995,8.785763,390,2.897669
ZMB,1996,9.004053,420,6.218546
ZMB,1997,9.237063,420,3.814008
ZMB,1998,9.482408,370,-.3857462
ZMB,1999,9.740005,370,4.65019
ZMB,2000,10.017631,350,3.897323
ZMB,2001,10.325185,360,5.316868
ZMB,2002,10.647949,370,4.506014
ZMB,2003,10.983595,420,6.944974
ZMB,2004,11.338198,470,7.032395
ZMB,2005,11.718819,570,7.235599
ZMB,2006,12.129553,720,7.903695
ZMB,2007,12.565085,900,8.352436
ZMB,2008,13.021324,1170,7.773896
ZMB,2009,13.490389,1260,9.220348
ZMB,2010,13.965594,1310,10.29822
ZMB,2011,14.437796,1380,5.569252
ZMB,2012,14.913629,1640,7.597381
ZMB,2013,15.398997,1710,5.057537
ZMB,2014,15.895315,1740,4.693283
ZMB,2015,16.399089,1530,2.920375
ZMB,2016,16.914423,1320,3.7551
ZMB,2017,17.44132,1260,3.525863
ZMB,2018,17.973569,1390,4.034494
ZMB,2019,18.513839,1380,1.441306
ZMB,2020,19.059395,1120,-2.785055
ZMB,2021,19.603607,1040,6.234922
ZMB,2022,20.152938,1160,5.211224
ZMB,2023,20.723965,1290,5.367943
ZMB,2024,21.314956,1260,4.043149
ZWE,1960,3.809389,,
ZWE,1961,3.930401,,6.316157
ZWE,1962,4.055959,210,1.434471
ZWE,1963,4.185877,210,6.244345
ZWE,1964,4.320006,180,-1.106172
ZWE,1965,4.458462,230,4.910571
ZWE,1966,4.601217,250,1.52313
ZWE,1967,4.748307,280,8.367009
ZWE,1968,4.90044,280,1.970135
ZWE,1969,5.058181,320,12.42824
ZWE,1970,5.215918,380,22.56515
ZWE,1971,5.374712,390,8.917586
ZWE,1972,5.542445,430,8.329775
ZWE,1973,5.720404,510,2.604715
ZWE,1974,5.908328,640,6.625154
ZWE,1975,6.098658,690,-1.931223
ZWE,1976,6.287105,660,.4648389
ZWE,1977,6.449512,620,-6.860703
ZWE,1978,6.543575,630,-2.706923
ZWE,1979,6.647556,720,3.297035
ZWE,1980,7.041303,830,14.42068
ZWE,1981,7.498635,990,12.52542
ZWE,1982,7.796496,910,2.634297
ZWE,1983,8.098404,840,1.585305
ZWE,1984,8.391488,760,-1.90736
ZWE,1985,8.686813,660,6.944388
ZWE,1986,8.982578,590,2.099029
ZWE,1987,9.284644,590,1.150737
ZWE,1988,9.583094,690,7.552374
ZWE,1989,9.864798,740,5.199767
ZWE,1990,10.137281,730,6.988553
ZWE,1991,10.404816,700,5.531782
ZWE,1992,10.7027,550,-9.01557
ZWE,1993,10.860288,510,1.051459
ZWE,1994,10.873148,490,9.235199
ZWE,1995,10.974599,470,.1580257
ZWE,1996,11.15836,560,10.3607
ZWE,1997,11.369827,520,2.680594
ZWE,1998,11.594297,410,2.885212
ZWE,1999,11.783458,400,-.817821
ZWE,2000,11.892055,350,-3.05919
ZWE,2001,11.971901,390,1.439615
ZWE,2002,12.087653,370,-8.894024
ZWE,2003,12.232323,340,-16.99508
ZWE,2004,12.365896,320,-5.807538
ZWE,2005,12.483432,320,-5.711084
ZWE,2006,12.636445,280,-3.461495
ZWE,2007,12.804058,240,-3.653327
ZWE,2008,12.959149,120,-17.66895
ZWE,2009,13.14279,450,13.27208
ZWE,2010,13.356548,640,19.67541
ZWE,2011,13.595424,960,14.19392
ZWE,2012,13.817887,1150,16.66543
ZWE,2013,14.013808,1220,1.989486
ZWE,2014,14.207359,1270,2.376986
ZWE,2015,14.399013,1330,1.779854
ZWE,2016,14.600294,1240,.755794
ZWE,2017,14.812482,1680,4.734411
ZWE,2018,15.034452,2140,5.009922
ZWE,2019,15.271368,2170,-6.33245
ZWE,2020,15.526888,1690,-7.816933
ZWE,2021,15.79721,1740,8.46804
ZWE,2022,16.069056,1960,6.139176
ZWE,2023,16.340822,2060,5.336771
ZWE,2024,16.634373,2260,2.029484
