xyzdmxyzcountry,xyzdmxyzrequestyear,xyzdcxyzwelfaretype,xyzdcxyzcoverage,xyzdmxyzinterpolation,xyzdcxyzsurvname,xyzdmxyzcomparability,xyzdmxyzcomparable_spell,xyzdpxyzsi_pov_gini,xyzdpxyzsi_pov_theil,xyzdcxyzpppyear
AGO,2000,CONS,N,FALSE,HBS,0,2000,.5190728,.5449646,2011
AGO,2008,CONS,N,FALSE,IBEP-MICS,1,2008,.4271544,.3330786,2011
AGO,2018,CONS,N,FALSE,IDREA,2,2018,.5123752,.6133763,2011
ALB,1996,CONS,N,FALSE,EWS,0,1996,.2701034,.119247,2011
ALB,2002,CONS,N,FALSE,LSMS,1,2002-2012,.3173898,.1797405,2011
ALB,2005,CONS,N,FALSE,LSMS,1,2002-2012,.3059566,.1650443,2011
ALB,2008,CONS,N,FALSE,LSMS,1,2002-2012,.2998467,.1730688,2011
ALB,2012,CONS,N,FALSE,LSMS,1,2002-2012,.2896048,.1436571,2011
ALB,2014,CONS,N,FALSE,HBS,2,2014-2017,.345989,.1975382,2011
ALB,2015,CONS,N,FALSE,HBS,2,2014-2017,.3275373,.1764716,2011
ALB,2016,CONS,N,FALSE,HBS,2,2014-2017,.337363,.1866335,2011
ALB,2017,CONS,N,FALSE,HBS,2,2014-2017,.3305566,.178665,2011
ALB,2018,CONS,N,FALSE,HBS,3,2018-2020,.3014828,.1478622,2011
ALB,2019,CONS,N,FALSE,HBS,3,2018-2020,.3011577,.1506181,2011
ALB,2020,CONS,N,FALSE,HBS,3,2018-2020,.2941963,.1417546,2011
ARE,2013,INC,N,FALSE,HIES,0,2013-2018,.3251042,,2011
ARE,2018,INC,N,FALSE,HIES,0,2013-2018,.26399,,2011
ARG,1980,INC,U,FALSE,EPH,0,1980-1991,.4083086,,2011
ARG,1986,INC,U,FALSE,EPH,0,1980-1991,.4279506,.3370584,2011
ARG,1987,INC,U,FALSE,EPH,0,1980-1991,.4526534,.3860895,2011
ARG,1991,INC,U,FALSE,EPH,0,1980-1991,.4675267,.4564153,2011
ARG,1992,INC,U,FALSE,EPH,1,1992-1997,.4545199,.3777463,2011
ARG,1993,INC,U,FALSE,EPH,1,1992-1997,.4484025,.3659943,2011
ARG,1994,INC,U,FALSE,EPH,1,1992-1997,.4589401,.388304,2011
ARG,1995,INC,U,FALSE,EPH,1,1992-1997,.4887244,.444197,2011
ARG,1996,INC,U,FALSE,EPH,1,1992-1997,.4948264,.4591663,2011
ARG,1997,INC,U,FALSE,EPH,1,1992-1997,.4907977,.4357023,2011
ARG,1998,INC,U,FALSE,EPH,2,1998-2002,.5070817,.482268,2011
ARG,1999,INC,U,FALSE,EPH,2,1998-2002,.4975969,.4552244,2011
ARG,2000,INC,U,FALSE,EPH,2,1998-2002,.5103211,.4754784,2011
ARG,2001,INC,U,FALSE,EPH,2,1998-2002,.5328168,.518665,2011
ARG,2002,INC,U,FALSE,EPH,2,1998-2002,.5375164,.5397444,2011
ARG,2003,INC,U,FALSE,EPHC-S2,3,2003-2022,.5099213,.5258836,2011
ARG,2004,INC,U,FALSE,EPHC-S2,3,2003-2022,.4848245,.4244369,2011
ARG,2005,INC,U,FALSE,EPHC-S2,3,2003-2022,.4780937,.4196803,2011
ARG,2006,INC,U,FALSE,EPHC-S2,3,2003-2022,.4644394,.4086773,2011
ARG,2007,INC,U,FALSE,EPHC-S2,3,2003-2022,.4628177,.3985376,2011
ARG,2008,INC,U,FALSE,EPHC-S2,3,2003-2022,.4498618,.3666631,2011
ARG,2009,INC,U,FALSE,EPHC-S2,3,2003-2022,.437584,.3346955,2011
ARG,2010,INC,U,FALSE,EPHC-S2,3,2003-2022,.4367617,.3370779,2011
ARG,2011,INC,U,FALSE,EPHC-S2,3,2003-2022,.427376,.3184498,2011
ARG,2012,INC,U,FALSE,EPHC-S2,3,2003-2022,.414371,.295454,2011
ARG,2013,INC,U,FALSE,EPHC-S2,3,2003-2022,.4108603,.2901936,2011
ARG,2014,INC,U,FALSE,EPHC-S2,3,2003-2022,.418221,.3037075,2011
ARG,2016,INC,U,FALSE,EPHC-S2,3,2003-2022,.4234465,.3157088,2011
ARG,2017,INC,U,FALSE,EPHC-S2,3,2003-2022,.4143445,.2954837,2011
ARG,2018,INC,U,FALSE,EPHC-S2,3,2003-2022,.4171861,.3010229,2011
ARG,2019,INC,U,FALSE,EPHC-S2,3,2003-2022,.4331375,.3313681,2011
ARG,2020,INC,U,FALSE,EPHC-S2,3,2003-2022,.4274304,.3144425,2011
ARG,2021,INC,U,FALSE,EPHC-S2,3,2003-2022,.4244529,.3356349,2011
ARG,2022,INC,U,FALSE,EPHC-S2,3,2003-2022,.4073618,.285741,2011
ARM,1999,CONS,N,FALSE,ILCS,1,1999-2018,.3621973,.2618624,2011
ARM,2001,CONS,N,FALSE,ILCS,1,1999-2018,.3536436,.2361618,2011
ARM,2002,CONS,N,FALSE,ILCS,1,1999-2018,.3477967,.2379276,2011
ARM,2003,CONS,N,FALSE,ILCS,1,1999-2018,.3302809,.2322956,2011
ARM,2004,CONS,N,FALSE,ILCS,1,1999-2018,.3750563,.3136523,2011
ARM,2005,CONS,N,FALSE,ILCS,1,1999-2018,.3599235,.2842595,2011
ARM,2006,CONS,N,FALSE,ILCS,1,1999-2018,.2970999,.1623417,2011
ARM,2007,CONS,N,FALSE,ILCS,1,1999-2018,.3122606,.1725216,2011
ARM,2008,CONS,N,FALSE,ILCS,1,1999-2018,.2918814,.1542256,2011
ARM,2009,CONS,N,FALSE,ILCS,1,1999-2018,.2801588,.1376237,2011
ARM,2010,CONS,N,FALSE,ILCS,1,1999-2018,.2999258,.1783033,2011
ARM,2011,CONS,N,FALSE,ILCS,1,1999-2018,.2935295,.1574659,2011
ARM,2012,CONS,N,FALSE,ILCS,1,1999-2018,.2960226,.1643002,2011
ARM,2013,CONS,N,FALSE,ILCS,1,1999-2018,.3057966,.1794897,2011
ARM,2014,CONS,N,FALSE,ILCS,1,1999-2018,.3148329,.1873002,2011
ARM,2015,CONS,N,FALSE,ILCS,1,1999-2018,.3235677,.2036405,2011
ARM,2016,CONS,N,FALSE,ILCS,1,1999-2018,.3254795,.2179179,2011
ARM,2017,CONS,N,FALSE,ILCS,1,1999-2018,.3362184,.2486422,2011
ARM,2018,CONS,N,FALSE,ILCS,1,1999-2018,.344335,.2499934,2011
ARM,2019,CONS,N,FALSE,ILCS,2,2019-2022,.3003121,.1830496,2011
ARM,2020,CONS,N,FALSE,ILCS,2,2019-2022,.251316,.113075,2011
ARM,2021,CONS,N,FALSE,ILCS,2,2019-2022,.2794013,.1475941,2011
ARM,2022,CONS,N,FALSE,ILCS,2,2019-2022,.2794529,.1402678,2011
AUS,1981,INC,N,FALSE,IHS-LIS,0,1981,.3132479,.1629015,2011
AUS,1985,INC,N,FALSE,IDS-LIS,1,1985,.3249648,.1788495,2011
AUS,1989,INC,N,FALSE,SIHCA-LIS,2,1989-2018,.3315196,.1884909,2011
AUS,1995,INC,N,FALSE,SIH-LIS,2,1989-2018,.325787,.1823529,2011
AUS,2001,INC,N,FALSE,SIH-LIS,2,1989-2018,.334621,.1922049,2011
AUS,2003,INC,N,FALSE,SIH-LIS,2,1989-2018,.3349692,.1942663,2011
AUS,2004,INC,N,FALSE,SIH-HES-LIS,3,2004-2010,.330558,.1905275,2011
AUS,2008,INC,N,FALSE,SIH-LIS,2,1989-2018,.3542851,.2294933,2011
AUS,2010,INC,N,FALSE,SIH-HES-LIS,3,2004-2010,.3465673,.2119096,2011
AUS,2014,INC,N,FALSE,SIH-LIS,2,1989-2018,.3439822,.2252958,2011
AUS,2016,INC,N,FALSE,SIH-HES-LIS,2,1989-2018,.3368525,.2041957,2011
AUS,2018,INC,N,FALSE,SIH-LIS,2,1989-2018,.3433259,.2224792,2011
AUT,1994,INC,N,FALSE,ECHP-LIS,1,1994-2000,.3082802,.1667778,2011
AUT,1995,INC,N,FALSE,ECHP-LIS,0,1995,.2991433,.1558332,2011
AUT,1996,INC,N,FALSE,ECHP-LIS,1,1994-2000,.2931781,.1495902,2011
AUT,1997,INC,N,FALSE,ECHP-LIS,1,1994-2000,.2906537,.1437246,2011
AUT,1998,INC,N,FALSE,ECHP-LIS,1,1994-2000,.3134077,.1868318,2011
AUT,1999,INC,N,FALSE,ECHP-LIS,1,1994-2000,.2967054,.1543671,2011
AUT,2000,INC,N,FALSE,ECHP-LIS,1,1994-2000,.2896469,.1427822,2011
AUT,2003,INC,N,FALSE,EU-SILC,2,2003-2021,.2946558,.1579177,2011
AUT,2004,INC,N,FALSE,EU-SILC,2,2003-2021,.2978883,.157561,2011
AUT,2005,INC,N,FALSE,EU-SILC,2,2003-2021,.2871519,.1416054,2011
AUT,2006,INC,N,FALSE,EU-SILC,2,2003-2021,.2958756,.1587717,2011
AUT,2007,INC,N,FALSE,EU-SILC,2,2003-2021,.3057939,.165961,2011
AUT,2008,INC,N,FALSE,EU-SILC,2,2003-2021,.3043707,.1678932,2011
AUT,2009,INC,N,FALSE,EU-SILC,2,2003-2021,.3149481,.1815275,2011
AUT,2010,INC,N,FALSE,EU-SILC,2,2003-2021,.3025162,.1608866,2011
AUT,2011,INC,N,FALSE,EU-SILC,2,2003-2021,.3080101,.1707875,2011
AUT,2012,INC,N,FALSE,EU-SILC,2,2003-2021,.3047554,.1631834,2011
AUT,2013,INC,N,FALSE,EU-SILC,2,2003-2021,.3075289,.1785251,2011
AUT,2014,INC,N,FALSE,EU-SILC,2,2003-2021,.3053535,.1742974,2011
AUT,2015,INC,N,FALSE,EU-SILC,2,2003-2021,.305307,.1779285,2011
AUT,2016,INC,N,FALSE,EU-SILC,2,2003-2021,.3079502,.1713785,2011
AUT,2017,INC,N,FALSE,EU-SILC,2,2003-2021,.2973689,.1545348,2011
AUT,2018,INC,N,FALSE,EU-SILC,2,2003-2021,.3084731,.1726149,2011
AUT,2019,INC,N,FALSE,EU-SILC,2,2003-2021,.3021044,.1604896,2011
AUT,2020,INC,N,FALSE,EU-SILC,2,2003-2021,.2980061,.1573129,2011
AUT,2021,INC,N,FALSE,EU-SILC,2,2003-2021,.3070161,.177272,2011
AZE,1995,CONS,N,FALSE,SLC,0,1995,.3465028,.2105033,2011
AZE,2001,CONS,N,FALSE,HBS,1,2001-2005,.3645494,.2507486,2011
AZE,2002,CONS,N,FALSE,HBS,1,2001-2005,.2527767,.1280367,2011
AZE,2003,CONS,N,FALSE,HBS,1,2001-2005,.2683288,.1382024,2011
AZE,2004,CONS,N,FALSE,HBS,1,2001-2005,.2662159,.1474769,2011
AZE,2005,CONS,N,FALSE,HBS,1,2001-2005,.2655491,.1437015,2011
BDI,1992,CONS,N,FALSE,EDCM,0,1992,.3333381,,2011
BDI,1998,CONS,N,FALSE,EP,1,1998-2013,.4193529,.3452151,2011
BDI,2006,CONS,N,FALSE,QUIBB,1,1998-2013,.3335986,.2085476,2011
BDI,2013,CONS,N,FALSE,ECVMB,1,1998-2013,.3862227,.2833573,2011
BDI,2020,CONS,N,FALSE,EICVMB,2,2020,.3745407,.2634378,2011
BEL,1985,INC,N,FALSE,SEP-LIS,0,1985-1997,.2520385,.1079176,2011
BEL,1988,INC,N,FALSE,SEP-LIS,0,1985-1997,.2571153,.1189756,2011
BEL,1992,INC,N,FALSE,SEP-LIS,0,1985-1997,.249463,.1063937,2011
BEL,1995,INC,N,FALSE,PSBH-ECHP-LIS,1,1995-2000,.2841077,.1481005,2011
BEL,1997,INC,N,FALSE,SEP-LIS,0,1985-1997,.2683214,.1238337,2011
BEL,2000,INC,N,FALSE,PSBH-ECHP-LIS,1,1995-2000,.3313592,.3300595,2011
BEL,2003,INC,N,FALSE,EU-SILC,2,2003-2021,.2814332,.1404938,2011
BEL,2004,INC,N,FALSE,EU-SILC,2,2003-2021,.3054143,.305141,2011
BEL,2005,INC,N,FALSE,EU-SILC,2,2003-2021,.293369,.2218893,2011
BEL,2006,INC,N,FALSE,EU-SILC,2,2003-2021,.2805403,.1398015,2011
BEL,2007,INC,N,FALSE,EU-SILC,2,2003-2021,.2923767,.1734005,2011
BEL,2008,INC,N,FALSE,EU-SILC,2,2003-2021,.2837372,.1540892,2011
BEL,2009,INC,N,FALSE,EU-SILC,2,2003-2021,.2855119,.1531408,2011
BEL,2010,INC,N,FALSE,EU-SILC,2,2003-2021,.2837481,.163893,2011
BEL,2011,INC,N,FALSE,EU-SILC,2,2003-2021,.2806043,.1446795,2011
BEL,2012,INC,N,FALSE,EU-SILC,2,2003-2021,.2749048,.1367775,2011
BEL,2013,INC,N,FALSE,EU-SILC,2,2003-2021,.2766884,.134424,2011
BEL,2014,INC,N,FALSE,EU-SILC,2,2003-2021,.2813401,.1486832,2011
BEL,2015,INC,N,FALSE,EU-SILC,2,2003-2021,.277293,.1439547,2011
BEL,2016,INC,N,FALSE,EU-SILC,2,2003-2021,.2758073,.1409499,2011
BEL,2017,INC,N,FALSE,EU-SILC,2,2003-2021,.2738764,.1359582,2011
BEL,2018,INC,N,FALSE,EU-SILC,2,2003-2021,.2721419,.143417,2011
BEL,2019,INC,N,FALSE,EU-SILC,2,2003-2021,.2721955,.1445151,2011
BEL,2020,INC,N,FALSE,EU-SILC,2,2003-2021,.2595828,.1281429,2011
BEL,2021,INC,N,FALSE,EU-SILC,2,2003-2021,.2657763,.1324839,2011
BEN,2003,CONS,N,FALSE,QUIBB,0,2003,.3857768,.2911605,2011
BEN,2011,CONS,N,FALSE,EMICOV,1,2011-2015,.434396,.3514354,2011
BEN,2015,CONS,N,FALSE,EMICOV,1,2011-2015,.4763834,.4368889,2011
BEN,2018,CONS,N,FALSE,EHCVM,2,2018-2021,.3794864,.2692107,2011
BEN,2021,CONS,N,FALSE,EHCVM,2,2018-2021,.3439581,.215637,2011
BFA,1994,CONS,N,FALSE,EP-I,0,1994,.4801384,.4810055,2011
BFA,1998,CONS,N,FALSE,EP-II,1,1998-2003,.4986448,.6012883,2011
BFA,2003,CONS,N,FALSE,ECVM,1,1998-2003,.432511,.3642635,2011
BFA,2009,CONS,N,FALSE,ECVM,2,2009,.3976057,.3146386,2011
BFA,2014,CONS,N,FALSE,EMC,3,2014,.3530123,.2424356,2011
BFA,2018,CONS,N,FALSE,EHCVM,4,2018-2021,.4301673,.3656669,2011
BFA,2021,CONS,N,FALSE,EHCVM,4,2018-2021,.3739129,.2639373,2011
BGD,1983,CONS,N,FALSE,HHES,0,1983-1988,.2587649,,2011
BGD,1985,CONS,N,FALSE,HHES,0,1983-1988,.269175,,2011
BGD,1988,CONS,N,FALSE,HHES,0,1983-1988,.2884655,,2011
BGD,1991,CONS,N,FALSE,HHES,1,1991-1995,.275708,.138252,2011
BGD,1995,CONS,N,FALSE,HHES,1,1991-1995,.3294298,.215424,2011
BGD,2000,CONS,N,FALSE,HIES,2,2000-2016,.3340653,.2183324,2011
BGD,2005,CONS,N,FALSE,HIES,2,2000-2016,.3320129,.2147358,2011
BGD,2010,CONS,N,FALSE,HIES,2,2000-2016,.321303,.1994136,2011
BGD,2016,CONS,N,FALSE,HIES,2,2000-2016,.3238527,.206537,2011
BGD,2022,CONS,N,FALSE,HIES,3,2022,.3337316,.2063483,2011
BGR,2006,INC,N,FALSE,EU-SILC,5,2006-2014,.356898,.2390186,2011
BGR,2007,INC,N,FALSE,EU-SILC,5,2006-2014,.360959,.2345207,2011
BGR,2008,INC,N,FALSE,EU-SILC,5,2006-2014,.335726,.1963046,2011
BGR,2009,INC,N,FALSE,EU-SILC,5,2006-2014,.3382308,.2060081,2011
BGR,2010,INC,N,FALSE,EU-SILC,5,2006-2014,.3565347,.2351892,2011
BGR,2011,INC,N,FALSE,EU-SILC,5,2006-2014,.342751,.215807,2011
BGR,2012,INC,N,FALSE,EU-SILC,5,2006-2014,.3601111,.2414169,2011
BGR,2013,INC,N,FALSE,EU-SILC,5,2006-2014,.3657102,.2438479,2011
BGR,2014,INC,N,FALSE,EU-SILC,5,2006-2014,.3741599,.2613136,2011
BGR,2015,INC,N,FALSE,EU-SILC,6,2015-2021,.385645,.2753214,2011
BGR,2016,INC,N,FALSE,EU-SILC,6,2015-2021,.4058974,.3313512,2011
BGR,2017,INC,N,FALSE,EU-SILC,6,2015-2021,.4037897,.3528488,2011
BGR,2018,INC,N,FALSE,EU-SILC,6,2015-2021,.4128408,.3668416,2011
BGR,2019,INC,N,FALSE,EU-SILC,6,2015-2021,.4027114,.3117673,2011
BGR,2020,INC,N,FALSE,EU-SILC,6,2015-2021,.4052315,.3543538,2011
BGR,2021,INC,N,FALSE,EU-SILC,6,2015-2021,.3900545,.2839863,2011
BIH,2001,CONS,N,FALSE,LSMS,0,2001-2004,.2996644,.1969495,2011
BIH,2004,CONS,N,FALSE,LSMS,0,2001-2004,.3403749,.1998314,2011
BIH,2007,CONS,N,FALSE,HBS,1,2007-2011,.3306159,.1848235,2011
BIH,2011,CONS,N,FALSE,HBS,1,2007-2011,.3303019,.1861008,2011
BLR,1998,CONS,N,FALSE,HHS,1,1998-2020,.3201835,.1833698,2011
BLR,1999,CONS,N,FALSE,HHS,1,1998-2020,.3173815,.1703601,2011
BLR,2000,CONS,N,FALSE,HHS,1,1998-2020,.3116748,.1672684,2011
BLR,2001,CONS,N,FALSE,HHS,1,1998-2020,.3057672,.1658815,2011
BLR,2002,CONS,N,FALSE,HHS,1,1998-2020,.3033624,.1663696,2011
BLR,2003,CONS,N,FALSE,HHS,1,1998-2020,.2882101,.1412185,2011
BLR,2004,CONS,N,FALSE,HHS,1,1998-2020,.2647988,.116589,2011
BLR,2005,CONS,N,FALSE,HHS,1,1998-2020,.2755341,.1270593,2011
BLR,2006,CONS,N,FALSE,HHS,1,1998-2020,.2827544,.1392342,2011
BLR,2007,CONS,N,FALSE,HHS,1,1998-2020,.2961238,.1582496,2011
BLR,2008,CONS,N,FALSE,HHS,1,1998-2020,.2782604,.1365975,2011
BLR,2009,CONS,N,FALSE,HHS,1,1998-2020,.276893,.1347734,2011
BLR,2010,CONS,N,FALSE,HHS,1,1998-2020,.285666,.1369792,2011
BLR,2011,CONS,N,FALSE,HHS,1,1998-2020,.2715255,.1249552,2011
BLR,2012,CONS,N,FALSE,HHS,1,1998-2020,.265262,.1226051,2011
BLR,2013,CONS,N,FALSE,HHS,1,1998-2020,.2657505,.1327335,2011
BLR,2014,CONS,N,FALSE,HHS,1,1998-2020,.2717667,.1324196,2011
BLR,2015,CONS,N,FALSE,HHS,1,1998-2020,.2563322,.1108896,2011
BLR,2016,CONS,N,FALSE,HHS,1,1998-2020,.2530662,.1098435,2011
BLR,2017,CONS,N,FALSE,HHS,1,1998-2020,.2544457,.111526,2011
BLR,2018,CONS,N,FALSE,HHS,1,1998-2020,.2524053,.1112794,2011
BLR,2019,CONS,N,FALSE,HHS,1,1998-2020,.2527785,.1099357,2011
BLR,2020,CONS,N,FALSE,HHS,1,1998-2020,.2438336,.103225,2011
BLZ,1993,INC,N,FALSE,LFS,0,1993-1999,.6023595,,2011
BLZ,1994,INC,N,FALSE,LFS,0,1993-1999,.6087805,,2011
BLZ,1996,INC,N,FALSE,SLC,2,1996,.5656105,.7837139,2011
BLZ,1997,INC,N,FALSE,LFS,0,1993-1999,.6037539,,2011
BLZ,1998,INC,N,FALSE,LFS,0,1993-1999,.5487704,.6332962,2011
BLZ,1999,INC,N,FALSE,LFS,0,1993-1999,.5324021,.5716875,2011
BOL,1990,INC,U,FALSE,EPF,0,1990-1992,.4203572,,2011
BOL,1992,INC,U,FALSE,EIH,0,1990-1992,.4906187,.4808662,2011
BOL,1997,INC,N,FALSE,ENE,1,1997,.5812687,.7004314,2011
BOL,1999,INC,N,FALSE,ECH,2,1999,.5799549,.6433326,2011
BOL,2000,INC,N,FALSE,ECH,3,2000-2002,.615154,.7693309,2011
BOL,2001,INC,N,FALSE,EH,3,2000-2002,.5734469,.6608123,2011
BOL,2002,INC,N,FALSE,EH,3,2000-2002,.5924603,.7107981,2011
BOL,2004,INC,N,FALSE,ECH,4,2004,.5499543,.627176,2011
BOL,2005,INC,N,FALSE,EH,5,2005-2021,.5850695,.6925732,2011
BOL,2006,INC,N,FALSE,EH,5,2005-2021,.5665219,.6354762,2011
BOL,2007,INC,N,FALSE,EH,5,2005-2021,.5452896,.5729764,2011
BOL,2008,INC,N,FALSE,EH,5,2005-2021,.5081323,.4993173,2011
BOL,2009,INC,N,FALSE,EH,5,2005-2021,.4921876,.4818417,2011
BOL,2011,INC,N,FALSE,EH,5,2005-2021,.4607988,.3814185,2011
BOL,2012,INC,N,FALSE,EH,5,2005-2021,.4657908,.3897189,2011
BOL,2013,INC,N,FALSE,EH,5,2005-2021,.4758823,.4220919,2011
BOL,2014,INC,N,FALSE,EH,5,2005-2021,.478286,.4623056,2011
BOL,2015,INC,N,FALSE,EH,5,2005-2021,.4673034,.4251459,2011
BOL,2016,INC,N,FALSE,EH,5,2005-2021,.4523915,.3627756,2011
BOL,2017,INC,N,FALSE,EH,5,2005-2021,.446173,.3513498,2011
BOL,2018,INC,N,FALSE,EH,5,2005-2021,.4257865,.3169095,2011
BOL,2019,INC,N,FALSE,EH,5,2005-2021,.4164417,.3088663,2011
BOL,2020,INC,N,FALSE,EH,5,2005-2021,.4364542,.3502556,2011
BOL,2021,INC,N,FALSE,EH,5,2005-2021,.4091332,.2939515,2011
BRA,1981,INC,N,FALSE,PNAD,0,1981-2011,.5786915,.6668496,2011
BRA,1982,INC,N,FALSE,PNAD,0,1981-2011,.5836068,.6830401,2011
BRA,1983,INC,N,FALSE,PNAD,0,1981-2011,.589104,.7001692,2011
BRA,1984,INC,N,FALSE,PNAD,0,1981-2011,.5830514,.6786544,2011
BRA,1985,INC,N,FALSE,PNAD,0,1981-2011,.5553128,.5750922,2011
BRA,1986,INC,N,FALSE,PNAD,0,1981-2011,.5843526,.7064385,2011
BRA,1987,INC,N,FALSE,PNAD,0,1981-2011,.5964703,.7293279,2011
BRA,1988,INC,N,FALSE,PNAD,0,1981-2011,.6137698,.7700488,2011
BRA,1989,INC,N,FALSE,PNAD,0,1981-2011,.632497,.8799009,2011
BRA,1990,INC,N,FALSE,PNAD,0,1981-2011,.6045398,.7480916,2011
BRA,1992,INC,N,FALSE,PNAD,0,1981-2011,.5310954,.5247001,2011
BRA,1993,INC,N,FALSE,PNAD,0,1981-2011,.6007147,.7641763,2011
BRA,1995,INC,N,FALSE,PNAD,0,1981-2011,.5953415,.7193848,2011
BRA,1996,INC,N,FALSE,PNAD,0,1981-2011,.5984218,.7223174,2011
BRA,1997,INC,N,FALSE,PNAD,0,1981-2011,.5975823,.7258872,2011
BRA,1998,INC,N,FALSE,PNAD,0,1981-2011,.5956929,.7235144,2011
BRA,1999,INC,N,FALSE,PNAD,0,1981-2011,.5895427,.7033261,2011
BRA,2001,INC,N,FALSE,PNAD,0,1981-2011,.5840399,.6826495,2011
BRA,2002,INC,N,FALSE,PNAD,0,1981-2011,.5810646,.67798,2011
BRA,2003,INC,N,FALSE,PNAD,0,1981-2011,.5755439,.658255,2011
BRA,2004,INC,N,FALSE,PNAD,0,1981-2011,.5647259,.6367988,2011
BRA,2005,INC,N,FALSE,PNAD,0,1981-2011,.5631079,.6368335,2011
BRA,2006,INC,N,FALSE,PNAD,0,1981-2011,.5564271,.618988,2011
BRA,2007,INC,N,FALSE,PNAD,0,1981-2011,.5491996,.6000385,2011
BRA,2008,INC,N,FALSE,PNAD,0,1981-2011,.5403811,.5811148,2011
BRA,2009,INC,N,FALSE,PNAD,0,1981-2011,.5368247,.5733853,2011
BRA,2011,INC,N,FALSE,PNAD,0,1981-2011,.5294225,.5594478,2011
BRA,2012,INC,N,FALSE,PNADC-E1,1,2012-2022,.5343574,.5695158,2011
BRA,2013,INC,N,FALSE,PNADC-E1,1,2012-2022,.5268363,.5455076,2011
BRA,2014,INC,N,FALSE,PNADC-E1,1,2012-2022,.5202996,.5285676,2011
BRA,2015,INC,N,FALSE,PNADC-E1,1,2012-2022,.5192685,.5270561,2011
BRA,2016,INC,N,FALSE,PNADC-E1,1,2012-2022,.5336751,.5602229,2011
BRA,2017,INC,N,FALSE,PNADC-E1,1,2012-2022,.5332149,.5644725,2011
BRA,2018,INC,N,FALSE,PNADC-E1,1,2012-2022,.5388873,.579605,2011
BRA,2019,INC,N,FALSE,PNADC-E1,1,2012-2022,.5350974,.5712575,2011
BRA,2020,INC,N,FALSE,PNADC-E5,1,2012-2022,.4890212,.484466,2011
BRA,2021,INC,N,FALSE,PNADC-E5,1,2012-2022,.5293912,.5516101,2011
BRA,2022,INC,N,FALSE,PNADC-E1,1,2012-2022,.520156,.5385203,2011
BTN,2003,CONS,N,FALSE,BLSS,0,2003,.40898,.3091448,2011
BTN,2007,CONS,N,FALSE,BLSS,1,2007-2017,.3809077,.2575909,2011
BTN,2012,CONS,N,FALSE,BLSS,1,2007-2017,.3880933,.2851664,2011
BTN,2017,CONS,N,FALSE,BLSS,1,2007-2017,.3744141,.2462918,2011
BTN,2022,CONS,N,FALSE,BLSS,2,2022,.2845992,.1402333,2011
BWA,1985,CONS,N,FALSE,HIES,0,1985-1993,.5421201,,2011
BWA,1993,CONS,N,FALSE,HIES,0,1985-1993,.6014759,,2011
BWA,2002,CONS,N,FALSE,HIES,1,2002-2015,.6472753,.8955425,2011
BWA,2009,CONS,N,FALSE,CWIS,1,2002-2015,.6045835,.8224945,2011
BWA,2015,CONS,N,FALSE,BMTHS,1,2002-2015,.5332503,.5991259,2011
CAF,1992,CONS,N,FALSE,EPCM,0,1992,.5796585,,2011
CAF,2008,CONS,N,FALSE,ECASEB,1,2008,.5615489,.7619639,2011
CAF,2021,CONS,N,FALSE,EHCVM,2,2021,.4301902,.3455895,2011
CAN,1971,INC,N,FALSE,SCF-LIS,0,1971-1995,.3724721,.2384669,2011
CAN,1973,INC,N,FALSE,SCF-LIS,0,1971-1995,.3490224,.2084862,2011
CAN,1975,INC,N,FALSE,SCF-LIS,0,1971-1995,.3408758,.1977688,2011
CAN,1977,INC,N,FALSE,SCF-LIS,0,1971-1995,.3372957,.1916477,2011
CAN,1979,INC,N,FALSE,SCF-LIS,0,1971-1995,.334694,.1891381,2011
CAN,1981,INC,N,FALSE,SCF-LIS,0,1971-1995,.3296324,.1832593,2011
CAN,1982,INC,N,FALSE,SCF-LIS,0,1971-1995,.3293068,.1829272,2011
CAN,1984,INC,N,FALSE,SCF-LIS,0,1971-1995,.3351851,.1923601,2011
CAN,1985,INC,N,FALSE,SCF-LIS,0,1971-1995,.3317495,.1915922,2011
CAN,1986,INC,N,FALSE,SCF-LIS,0,1971-1995,.3167605,.1700339,2011
CAN,1987,INC,N,FALSE,SCF-LIS,0,1971-1995,.3165403,.1701674,2011
CAN,1988,INC,N,FALSE,SCF-LIS,0,1971-1995,.3119802,.1653053,2011
CAN,1989,INC,N,FALSE,SCF-LIS,0,1971-1995,.3101282,.1636654,2011
CAN,1990,INC,N,FALSE,SCF-LIS,0,1971-1995,.3136565,.1679247,2011
CAN,1991,INC,N,FALSE,SCF-LIS,0,1971-1995,.3194371,.1733623,2011
CAN,1992,INC,N,FALSE,SCF-LIS,0,1971-1995,.3156447,.1689602,2011
CAN,1993,INC,N,FALSE,SCF-LIS,0,1971-1995,.3167624,.1697359,2011
CAN,1994,INC,N,FALSE,SCF-LIS,0,1971-1995,.3130404,.1647449,2011
CAN,1995,INC,N,FALSE,SCF-LIS,0,1971-1995,.3150974,.1671269,2011
CAN,1996,INC,N,FALSE,SLID-LIS,1,1996-2011,.3276805,.1875842,2011
CAN,1997,INC,N,FALSE,SLID-LIS,1,1996-2011,.3311694,.1956991,2011
CAN,1998,INC,N,FALSE,SLID-LIS,1,1996-2011,.3321725,.2011666,2011
CAN,1999,INC,N,FALSE,SLID-LIS,1,1996-2011,.3306094,.1945344,2011
CAN,2000,INC,N,FALSE,SLID-LIS,1,1996-2011,.3341829,.2019509,2011
CAN,2001,INC,N,FALSE,SLID-LIS,1,1996-2011,.3355479,.2010714,2011
CAN,2002,INC,N,FALSE,SLID-LIS,1,1996-2011,.3356031,.1996241,2011
CAN,2003,INC,N,FALSE,SLID-LIS,1,1996-2011,.3380947,.2049171,2011
CAN,2004,INC,N,FALSE,SLID-LIS,1,1996-2011,.3377648,.2027464,2011
CAN,2005,INC,N,FALSE,SLID-LIS,1,1996-2011,.336218,.2017682,2011
CAN,2006,INC,N,FALSE,SLID-LIS,1,1996-2011,.3409054,.2107745,2011
CAN,2007,INC,N,FALSE,SLID-LIS,1,1996-2011,.3384101,.2099625,2011
CAN,2008,INC,N,FALSE,SLID-LIS,1,1996-2011,.3393057,.2083822,2011
CAN,2009,INC,N,FALSE,SLID-LIS,1,1996-2011,.3395215,.2043553,2011
CAN,2010,INC,N,FALSE,SLID-LIS,1,1996-2011,.335926,.2036162,2011
CAN,2011,INC,N,FALSE,SLID-LIS,1,1996-2011,.3265708,.185482,2011
CAN,2012,INC,N,FALSE,CIS-LIS,2,2012-2019,.3353901,.194186,2011
CAN,2013,INC,N,FALSE,CIS-LIS,2,2012-2019,.3379898,.196282,2011
CAN,2014,INC,N,FALSE,CIS-LIS,2,2012-2019,.331576,.191291,2011
CAN,2015,INC,N,FALSE,CIS-LIS,2,2012-2019,.3374648,.1970847,2011
CAN,2016,INC,N,FALSE,CIS-LIS,2,2012-2019,.3270182,.1855773,2011
CAN,2017,INC,N,FALSE,CIS-LIS,2,2012-2019,.3330821,.1936495,2011
CAN,2018,INC,N,FALSE,CIS-LIS,2,2012-2019,.3250927,.1837762,2011
CAN,2019,INC,N,FALSE,CIS-LIS,2,2012-2019,.3174965,.1759837,2011
CHE,1982,INC,N,FALSE,SIWS-LIS,0,1982,.3600532,.2669561,2011
CHE,1992,INC,N,FALSE,NPS-LIS,1,1992,.3385491,.2196156,2011
CHE,2000,INC,N,FALSE,IES-LIS,2,2000-2004,.3343106,.2130984,2011
CHE,2002,INC,N,FALSE,IES-LIS,2,2000-2004,.3168673,.1710501,2011
CHE,2004,INC,N,FALSE,IES-LIS,2,2000-2004,.3156451,.1725558,2011
CHE,2006,INC,N,FALSE,EU-SILC,3,2006-2020,.3391881,.2100284,2011
CHE,2007,INC,N,FALSE,EU-SILC,3,2006-2020,.3425553,.2222855,2011
CHE,2008,INC,N,FALSE,EU-SILC,3,2006-2020,.337947,.2130133,2011
CHE,2009,INC,N,FALSE,EU-SILC,3,2006-2020,.3285586,.2021827,2011
CHE,2010,INC,N,FALSE,EU-SILC,3,2006-2020,.3255303,.1975591,2011
CHE,2011,INC,N,FALSE,EU-SILC,3,2006-2020,.3171362,.1777172,2011
CHE,2012,INC,N,FALSE,EU-SILC,3,2006-2020,.3156713,.1837879,2011
CHE,2013,INC,N,FALSE,EU-SILC,3,2006-2020,.3246219,.1909064,2011
CHE,2014,INC,N,FALSE,EU-SILC,3,2006-2020,.3252566,.1937501,2011
CHE,2015,INC,N,FALSE,EU-SILC,3,2006-2020,.3230696,.191877,2011
CHE,2016,INC,N,FALSE,EU-SILC,3,2006-2020,.3304245,.2099179,2011
CHE,2017,INC,N,FALSE,EU-SILC,3,2006-2020,.3267633,.1944658,2011
CHE,2018,INC,N,FALSE,EU-SILC,3,2006-2020,.3314104,.2100323,2011
CHE,2019,INC,N,FALSE,EU-SILC,3,2006-2020,.3399834,.22625,2011
CHE,2020,INC,N,FALSE,EU-SILC,3,2006-2020,.3373793,.2163851,2011
CHL,1987,INC,N,FALSE,CASEN,0,1987-1998,.5619671,.6386315,2011
CHL,1990,INC,N,FALSE,CASEN,0,1987-1998,.5723794,.7009064,2011
CHL,1992,INC,N,FALSE,CASEN,0,1987-1998,.5480784,.6432443,2011
CHL,1994,INC,N,FALSE,CASEN,0,1987-1998,.5642306,.7254815,2011
CHL,1996,INC,N,FALSE,CASEN,0,1987-1998,.5486972,.622815,2011
CHL,1998,INC,N,FALSE,CASEN,0,1987-1998,.5551761,.6462305,2011
CHL,2000,INC,N,FALSE,CASEN,1,2000-2003,.527605,.586284,2011
CHL,2003,INC,N,FALSE,CASEN,1,2000-2003,.5147753,.5591283,2011
CHL,2006,INC,N,FALSE,CASEN,2,2006-2022,.4770726,.4580907,2011
CHL,2009,INC,N,FALSE,CASEN,2,2006-2022,.4740509,.4506807,2011
CHL,2011,INC,N,FALSE,CASEN,2,2006-2022,.468683,.4354484,2011
CHL,2013,INC,N,FALSE,CASEN,2,2006-2022,.4682408,.4417066,2011
CHL,2015,INC,N,FALSE,CASEN,2,2006-2022,.4534349,.4121909,2011
CHL,2017,INC,N,FALSE,CASEN,2,2006-2022,.4527018,.4169499,2011
CHL,2020,INC,N,FALSE,CASEN,2,2006-2022,.4700578,.4573538,2011
CHL,2022,INC,N,FALSE,CASEN,2,2006-2022,.4304301,.3576433,2011
CHN,1990,CONS,N,FALSE,CRHS-CUHS,1,1990-2012,.3222662,,2011
CHN,1993,CONS,N,FALSE,CRHS-CUHS,1,1990-2012,.338778,,2011
CHN,1996,CONS,N,FALSE,CRHS-CUHS,1,1990-2012,.3522766,,2011
CHN,1999,CONS,N,FALSE,CRHS-CUHS,1,1990-2012,.3870322,,2011
CHN,2002,CONS,N,FALSE,CRHS-CUHS,1,1990-2012,.4198572,,2011
CHN,2005,CONS,N,FALSE,CRHS-CUHS,1,1990-2012,.4090077,,2011
CHN,2008,CONS,N,FALSE,CRHS-CUHS,1,1990-2012,.4296504,,2011
CHN,2010,CONS,N,FALSE,CRHS-CUHS,1,1990-2012,.4374495,,2011
CHN,2011,CONS,N,FALSE,CRHS-CUHS,1,1990-2012,.4240922,,2011
CHN,2012,CONS,N,FALSE,CNIHS,1,1990-2012,.4223717,,2011
CHN,2013,CONS,N,FALSE,CNIHS,2,2013-2021,.397364,,2011
CHN,2014,CONS,N,FALSE,CNIHS,2,2013-2021,.3917765,,2011
CHN,2015,CONS,N,FALSE,CNIHS,2,2013-2021,.385953,,2011
CHN,2016,CONS,N,FALSE,CNIHS,2,2013-2021,.3848052,,2011
CHN,2017,CONS,N,FALSE,CNIHS,2,2013-2021,.3907578,,2011
CHN,2018,CONS,N,FALSE,CNIHS,2,2013-2021,.3849764,,2011
CHN,2019,CONS,N,FALSE,CNIHS,2,2013-2021,.3816834,,2011
CHN,2020,CONS,N,FALSE,CNIHS,2,2013-2021,.3709083,,2011
CHN,2021,CONS,N,FALSE,CNIHS,2,2013-2021,.3574375,,2011
CIV,1985,CONS,N,FALSE,EPAM,0,1985-1988,.4552246,.4054121,2011
CIV,1986,CONS,N,FALSE,EPAM,0,1985-1988,.3796976,.2566355,2011
CIV,1987,CONS,N,FALSE,EPAM,0,1985-1988,.4050926,.3044311,2011
CIV,1988,CONS,N,FALSE,EPAM,0,1985-1988,.3688629,.2413873,2011
CIV,1992,CONS,N,FALSE,EP,1,1992-1998,.3938293,.2730406,2011
CIV,1995,CONS,N,FALSE,ENV,1,1992-1998,.4056382,.3087613,2011
CIV,1998,CONS,N,FALSE,ENV,1,1992-1998,.3895776,.2723749,2011
CIV,2002,CONS,N,FALSE,ENV,2,2002-2015,.4133894,.3248998,2011
CIV,2008,CONS,N,FALSE,ENV,2,2002-2015,.4318095,.3375015,2011
CIV,2015,CONS,N,FALSE,ENV,2,2002-2015,.4147012,.3165132,2011
CIV,2018,CONS,N,FALSE,EHCVM,3,2018-2021,.3716888,.2456696,2011
CIV,2021,CONS,N,FALSE,EHCVM,3,2018-2021,.3527536,.2209971,2011
CMR,1996,CONS,N,FALSE,ECAM-I,0,1996,.4444667,.392161,2011
CMR,2001,CONS,N,FALSE,ECAM-II,1,2001-2014,.4213679,.363605,2011
CMR,2007,CONS,N,FALSE,ECAM-III,1,2001-2014,.4282006,.3397515,2011
CMR,2014,CONS,N,FALSE,ECAM-IV,1,2001-2014,.4664087,.3970884,2011
CMR,2021,CONS,N,FALSE,ECAM-V,2,2021,.4217607,.3114105,2011
COD,2004,CONS,N,FALSE,E123,0,2004-2012,.4114057,.3100365,2011
COD,2012,CONS,N,FALSE,E123,0,2004-2012,.4204134,.321704,2011
COD,2020,CONS,N,FALSE,EGI-ODD,1,2020,.4459848,.4039543,2011
COG,2005,CONS,N,FALSE,ECOM,0,2005-2011,.4732822,.4344902,2011
COG,2011,CONS,N,FALSE,ECOM,0,2005-2011,.4893624,.4775696,2011
COL,1980,INC,U,FALSE,ENH,0,1980,.5509124,,2011
COL,1988,INC,U,FALSE,ENH,1,1988-2000,.5310616,,2011
COL,1989,INC,U,FALSE,ENH,1,1988-2000,.528438,,2011
COL,1991,INC,U,FALSE,ENH,1,1988-2000,.513189,,2011
COL,1992,INC,N,FALSE,ENH,1,1988-2000,.5135678,.508537,2011
COL,1996,INC,N,FALSE,ENH,1,1988-2000,.5678789,.7185919,2011
COL,1999,INC,N,FALSE,ENH,1,1988-2000,.5854641,.7426382,2011
COL,2000,INC,N,FALSE,ENH,1,1988-2000,.5840717,.7439921,2011
COL,2001,INC,N,FALSE,ECH,2,2001,.5733606,.6926343,2011
COL,2002,INC,N,FALSE,ECH,3,2002-2005,.5600825,.6742455,2011
COL,2003,INC,N,FALSE,ECH,3,2002-2005,.5357453,.576241,2011
COL,2004,INC,N,FALSE,ECH,3,2002-2005,.5497538,.6269054,2011
COL,2005,INC,N,FALSE,ECH,3,2002-2005,.5390842,.5943454,2011
COL,2008,INC,N,FALSE,GEIH,4,2008-2020,.5530806,.6178409,2011
COL,2009,INC,N,FALSE,GEIH,4,2008-2020,.5428377,.5959336,2011
COL,2010,INC,N,FALSE,GEIH,4,2008-2020,.5461735,.6094217,2011
COL,2011,INC,N,FALSE,GEIH,4,2008-2020,.5348392,.5800441,2011
COL,2012,INC,N,FALSE,GEIH,4,2008-2020,.5263819,.5526019,2011
COL,2013,INC,N,FALSE,GEIH,4,2008-2020,.5262559,.5563514,2011
COL,2014,INC,N,FALSE,GEIH,4,2008-2020,.5254381,.5563817,2011
COL,2015,INC,N,FALSE,GEIH,4,2008-2020,.5098342,.5175709,2011
COL,2016,INC,N,FALSE,GEIH,4,2008-2020,.5056331,.511729,2011
COL,2017,INC,N,FALSE,GEIH,4,2008-2020,.497075,.4887479,2011
COL,2018,INC,N,FALSE,GEIH,4,2008-2020,.5041121,.5082269,2011
COL,2019,INC,N,FALSE,GEIH,4,2008-2020,.513264,.5223527,2011
COL,2020,INC,N,FALSE,GEIH,4,2008-2020,.5349066,.582832,2011
COL,2021,INC,N,FALSE,GEIH,5,2021-2022,.5511823,.6079386,2011
COL,2022,INC,N,FALSE,GEIH,5,2021-2022,.5481985,.6018549,2011
COM,2004,CONS,N,FALSE,EIM,0,2004,.5592441,.7705912,2011
COM,2014,CONS,N,FALSE,EESIC,1,2014,.4533288,.3639522,2011
CPV,2001,CONS,N,FALSE,IDRF,0,2001,.5249613,.5877162,2011
CPV,2007,CONS,N,FALSE,QUIBB,1,2007,.4718739,.4474974,2011
CPV,2015,CONS,N,FALSE,IDRF,2,2015,.4238109,.3204005,2011
CRI,1981,INC,N,FALSE,ENH,0,1981-1986,.4749465,,2011
CRI,1986,INC,N,FALSE,ENH,0,1981-1986,.3440976,,2011
CRI,1989,INC,N,FALSE,EHPM,1,1989-2000,.4547025,.3795303,2011
CRI,1990,INC,N,FALSE,EHPM,1,1989-2000,.4521846,.3701966,2011
CRI,1991,INC,N,FALSE,EHPM,1,1989-2000,.4655817,.4085588,2011
CRI,1992,INC,N,FALSE,EHPM,1,1989-2000,.4564305,.3863843,2011
CRI,1993,INC,N,FALSE,EHPM,1,1989-2000,.459303,.3866595,2011
CRI,1994,INC,N,FALSE,EHPM,1,1989-2000,.467044,.4099106,2011
CRI,1995,INC,N,FALSE,EHPM,1,1989-2000,.4566171,.3813861,2011
CRI,1996,INC,N,FALSE,EHPM,1,1989-2000,.4648096,.388202,2011
CRI,1997,INC,N,FALSE,EHPM,1,1989-2000,.4558015,.3790458,2011
CRI,1998,INC,N,FALSE,EHPM,1,1989-2000,.4563891,.3758008,2011
CRI,1999,INC,N,FALSE,EHPM,1,1989-2000,.4763239,.413045,2011
CRI,2000,INC,N,FALSE,EHPM,1,1989-2000,.4741163,.4119158,2011
CRI,2001,INC,N,FALSE,EHPM,2,2001-2009,.5150651,.5060934,2011
CRI,2002,INC,N,FALSE,EHPM,2,2001-2009,.5181319,.5244876,2011
CRI,2003,INC,N,FALSE,EHPM,2,2001-2009,.4930083,.4510945,2011
CRI,2004,INC,N,FALSE,EHPM,2,2001-2009,.4841796,.432489,2011
CRI,2005,INC,N,FALSE,EHPM,2,2001-2009,.4751046,.4152017,2011
CRI,2006,INC,N,FALSE,EHPM,2,2001-2009,.4928077,.4607725,2011
CRI,2007,INC,N,FALSE,EHPM,2,2001-2009,.4931292,.483215,2011
CRI,2008,INC,N,FALSE,EHPM,2,2001-2009,.4864103,.4546276,2011
CRI,2009,INC,N,FALSE,EHPM,2,2001-2009,.5055496,.4863965,2011
CRI,2010,INC,N,FALSE,ENAHO,3,2010-2023,.4804319,.4353163,2011
CRI,2011,INC,N,FALSE,ENAHO,3,2010-2023,.4875938,.4530964,2011
CRI,2012,INC,N,FALSE,ENAHO,3,2010-2023,.4841739,.4413138,2011
CRI,2013,INC,N,FALSE,ENAHO,3,2010-2023,.4915184,.4467498,2011
CRI,2014,INC,N,FALSE,ENAHO,3,2010-2023,.486322,.432665,2011
CRI,2015,INC,N,FALSE,ENAHO,3,2010-2023,.4837407,.4274676,2011
CRI,2016,INC,N,FALSE,ENAHO,3,2010-2023,.4870421,.4385167,2011
CRI,2017,INC,N,FALSE,ENAHO,3,2010-2023,.4834529,.4342223,2011
CRI,2018,INC,N,FALSE,ENAHO,3,2010-2023,.4797008,.4261388,2011
CRI,2019,INC,N,FALSE,ENAHO,3,2010-2023,.4818992,.4305055,2011
CRI,2020,INC,N,FALSE,ENAHO,3,2010-2023,.4924527,.4384095,2011
CRI,2021,INC,N,FALSE,ENAHO,3,2010-2023,.4867809,.4487855,2011
CRI,2022,INC,N,FALSE,ENAHO,3,2010-2023,.4715136,.4085226,2011
CRI,2023,INC,N,FALSE,ENAHO,3,2010-2023,.4672936,.3960481,2011
CYP,2004,INC,N,FALSE,EU-SILC,0,2004-2021,.3008907,.1729034,2011
CYP,2005,INC,N,FALSE,EU-SILC,0,2004-2021,.3025941,.1799024,2011
CYP,2006,INC,N,FALSE,EU-SILC,0,2004-2021,.3112596,.203774,2011
CYP,2007,INC,N,FALSE,EU-SILC,0,2004-2021,.3111327,.1935186,2011
CYP,2008,INC,N,FALSE,EU-SILC,0,2004-2021,.3170861,.2034929,2011
CYP,2009,INC,N,FALSE,EU-SILC,0,2004-2021,.3210828,.2075884,2011
CYP,2010,INC,N,FALSE,EU-SILC,0,2004-2021,.3145779,.1938484,2011
CYP,2011,INC,N,FALSE,EU-SILC,0,2004-2021,.326255,.2126553,2011
CYP,2012,INC,N,FALSE,EU-SILC,0,2004-2021,.3431243,.2440047,2011
CYP,2013,INC,N,FALSE,EU-SILC,0,2004-2021,.3704184,.2962409,2011
CYP,2014,INC,N,FALSE,EU-SILC,0,2004-2021,.355653,.2571253,2011
CYP,2015,INC,N,FALSE,EU-SILC,0,2004-2021,.3396638,.226439,2011
CYP,2016,INC,N,FALSE,EU-SILC,0,2004-2021,.3289168,.2093548,2011
CYP,2017,INC,N,FALSE,EU-SILC,0,2004-2021,.3141623,.1852784,2011
CYP,2018,INC,N,FALSE,EU-SILC,0,2004-2021,.3273976,.2189204,2011
CYP,2019,INC,N,FALSE,EU-SILC,0,2004-2021,.3122327,.1833055,2011
CYP,2020,INC,N,FALSE,EU-SILC,0,2004-2021,.3172794,.1982776,2011
CYP,2021,INC,N,FALSE,EU-SILC,0,2004-2021,.3125177,.1874682,2011
CZE,1992,INC,N,FALSE,MC-LIS,0,1992-2002,.2070328,.0822235,2011
CZE,1993,INC,N,FALSE,CM,0,1992-2002,.2655349,,2011
CZE,1996,INC,N,FALSE,MC-LIS,0,1992-2002,.2579901,.1236732,2011
CZE,2002,INC,N,FALSE,MC-LIS,0,1992-2002,.2655509,.1294403,2011
CZE,2004,INC,N,FALSE,EU-SILC,1,2004-2021,.2753318,.1448109,2011
CZE,2005,INC,N,FALSE,EU-SILC,1,2004-2021,.2694602,.1407289,2011
CZE,2006,INC,N,FALSE,EU-SILC,1,2004-2021,.2674412,.1346798,2011
CZE,2007,INC,N,FALSE,EU-SILC,1,2004-2021,.2599865,.1276503,2011
CZE,2008,INC,N,FALSE,EU-SILC,1,2004-2021,.2628021,.139603,2011
CZE,2009,INC,N,FALSE,EU-SILC,1,2004-2021,.2615668,.1307835,2011
CZE,2010,INC,N,FALSE,EU-SILC,1,2004-2021,.2662351,.1301724,2011
CZE,2011,INC,N,FALSE,EU-SILC,1,2004-2021,.2638127,.1280257,2011
CZE,2012,INC,N,FALSE,EU-SILC,1,2004-2021,.2610993,.122901,2011
CZE,2013,INC,N,FALSE,EU-SILC,1,2004-2021,.264739,.1334726,2011
CZE,2014,INC,N,FALSE,EU-SILC,1,2004-2021,.2592322,.1238846,2011
CZE,2015,INC,N,FALSE,EU-SILC,1,2004-2021,.2586743,.1275739,2011
CZE,2016,INC,N,FALSE,EU-SILC,1,2004-2021,.2540633,.1220263,2011
CZE,2017,INC,N,FALSE,EU-SILC,1,2004-2021,.2485221,.1128662,2011
CZE,2018,INC,N,FALSE,EU-SILC,1,2004-2021,.2499034,.112158,2011
CZE,2019,INC,N,FALSE,EU-SILC,1,2004-2021,.252622,.1111252,2011
CZE,2020,INC,N,FALSE,EU-SILC,1,2004-2021,.2624513,.1310335,2011
CZE,2021,INC,N,FALSE,EU-SILC,1,2004-2021,.262021,.1231273,2011
DEU,1991,INC,N,FALSE,GSOEP-LIS,2,1991-2020,.2949287,.1500195,2011
DEU,1992,INC,N,FALSE,GSOEP-LIS,2,1991-2020,.2907326,.1454367,2011
DEU,1993,INC,N,FALSE,GSOEP-LIS,2,1991-2020,.2861209,.1397209,2011
DEU,1994,INC,N,FALSE,GSOEP-LIS,2,1991-2020,.2915941,.1461464,2011
DEU,1995,INC,N,FALSE,GSOEP-LIS,2,1991-2020,.2881127,.1441331,2011
DEU,1996,INC,N,FALSE,GSOEP-LIS,2,1991-2020,.2799378,.1336426,2011
DEU,1997,INC,N,FALSE,GSOEP-LIS,2,1991-2020,.2824672,.1348866,2011
DEU,1998,INC,N,FALSE,GSOEP-LIS,2,1991-2020,.2827037,.1355249,2011
DEU,1999,INC,N,FALSE,GSOEP-LIS,2,1991-2020,.2904798,.146525,2011
DEU,2000,INC,N,FALSE,GSOEP-LIS,2,1991-2020,.2888814,.1451323,2011
DEU,2001,INC,N,FALSE,GSOEP-LIS,2,1991-2020,.2994939,.1589935,2011
DEU,2002,INC,N,FALSE,GSOEP-LIS,2,1991-2020,.2981053,.1558867,2011
DEU,2003,INC,N,FALSE,GSOEP-LIS,2,1991-2020,.2980293,.1630465,2011
DEU,2004,INC,N,FALSE,GSOEP-LIS,2,1991-2020,.3019259,.16579,2011
DEU,2005,INC,N,FALSE,GSOEP-LIS,2,1991-2020,.3170409,.186242,2011
DEU,2006,INC,N,FALSE,GSOEP-LIS,2,1991-2020,.3104196,.1744242,2011
DEU,2007,INC,N,FALSE,GSOEP-LIS,2,1991-2020,.3117709,.1829095,2011
DEU,2008,INC,N,FALSE,GSOEP-LIS,2,1991-2020,.3080027,.1752685,2011
DEU,2009,INC,N,FALSE,GSOEP-LIS,2,1991-2020,.3047943,.1655942,2011
DEU,2010,INC,N,FALSE,GSOEP-LIS,2,1991-2020,.3021841,.1611582,2011
DEU,2011,INC,N,FALSE,GSOEP-LIS,2,1991-2020,.306105,.1698726,2011
DEU,2012,INC,N,FALSE,GSOEP-LIS,2,1991-2020,.3105579,.1719897,2011
DEU,2013,INC,N,FALSE,GSOEP-LIS,2,1991-2020,.314536,.1828953,2011
DEU,2014,INC,N,FALSE,GSOEP-LIS,2,1991-2020,.3084779,.1715829,2011
DEU,2015,INC,N,FALSE,GSOEP-LIS,2,1991-2020,.3165391,.1896686,2011
DEU,2016,INC,N,FALSE,GSOEP-LIS,2,1991-2020,.3141309,.1810103,2011
DEU,2017,INC,N,FALSE,GSOEP-LIS,2,1991-2020,.3131486,.1853793,2011
DEU,2018,INC,N,FALSE,GSOEP-LIS,2,1991-2020,.3187211,.1965487,2011
DEU,2019,INC,N,FALSE,GSOEP-LIS,2,1991-2020,.3178093,.1933824,2011
DEU,2020,INC,N,FALSE,GSOEP-LIS,2,1991-2020,.3243345,.2035021,2011
DJI,2002,CONS,N,FALSE,EDAM,0,2002,.3999747,.299258,2011
DJI,2012,CONS,N,FALSE,EDAM,1,2012,.4510939,.3863663,2011
DJI,2013,CONS,N,FALSE,EDAM,2,2013,.4411957,.3664032,2011
DJI,2017,CONS,N,FALSE,EDAM,3,2017,.4158637,.3260862,2011
DNK,1987,INC,N,FALSE,LM-LIS,0,1987-2000,.2623236,.1239609,2011
DNK,1992,INC,N,FALSE,LM-LIS,0,1987-2000,.2469106,.1141027,2011
DNK,1995,INC,N,FALSE,LM-LIS,0,1987-2000,.229559,.0972422,2011
DNK,2000,INC,N,FALSE,LM-LIS,0,1987-2000,.2376632,.1003396,2011
DNK,2003,INC,N,FALSE,EU-SILC,1,2003-2021,.2563104,.1252687,2011
DNK,2004,INC,N,FALSE,EU-SILC,1,2003-2021,.249118,.1119648,2011
DNK,2005,INC,N,FALSE,EU-SILC,1,2003-2021,.2518639,.1159283,2011
DNK,2006,INC,N,FALSE,EU-SILC,1,2003-2021,.2591308,.1418789,2011
DNK,2007,INC,N,FALSE,EU-SILC,1,2003-2021,.2618426,.1442722,2011
DNK,2008,INC,N,FALSE,EU-SILC,1,2003-2021,.2524627,.1220313,2011
DNK,2009,INC,N,FALSE,EU-SILC,1,2003-2021,.2670119,.1385207,2011
DNK,2010,INC,N,FALSE,EU-SILC,1,2003-2021,.2719856,.1391806,2011
DNK,2011,INC,N,FALSE,EU-SILC,1,2003-2021,.2731175,.1433318,2011
DNK,2012,INC,N,FALSE,EU-SILC,1,2003-2021,.2779075,.1899044,2011
DNK,2013,INC,N,FALSE,EU-SILC,1,2003-2021,.2854256,.1740428,2011
DNK,2014,INC,N,FALSE,EU-SILC,1,2003-2021,.2835288,.1679891,2011
DNK,2015,INC,N,FALSE,EU-SILC,1,2003-2021,.2817725,.2059232,2011
DNK,2016,INC,N,FALSE,EU-SILC,1,2003-2021,.2818744,.1872748,2011
DNK,2017,INC,N,FALSE,EU-SILC,1,2003-2021,.2874666,.1758202,2011
DNK,2018,INC,N,FALSE,EU-SILC,1,2003-2021,.2816573,.1642527,2011
DNK,2019,INC,N,FALSE,EU-SILC,1,2003-2021,.2772332,.169194,2011
DNK,2020,INC,N,FALSE,EU-SILC,1,2003-2021,.2750394,.1537498,2011
DNK,2021,INC,N,FALSE,EU-SILC,1,2003-2021,.283235,.1673489,2011
DOM,1986,INC,N,FALSE,ENGSLF,0,1986,.4778079,,2011
DOM,1989,INC,N,FALSE,ENGSLF,1,1989,.5044813,,2011
DOM,1992,INC,N,FALSE,ICS,2,1992,.5105281,,2011
DOM,1996,INC,N,FALSE,ENFT,3,1996-1997,.4742063,.4208708,2011
DOM,1997,INC,N,FALSE,ENFT,3,1996-1997,.4890414,.4869586,2011
DOM,2000,INC,N,FALSE,ENFT,4,2000-2004,.5151468,.5348711,2011
DOM,2001,INC,N,FALSE,ENFT,4,2000-2004,.49999,.4828108,2011
DOM,2002,INC,N,FALSE,ENFT,4,2000-2004,.4967233,.4732483,2011
DOM,2003,INC,N,FALSE,ENFT,4,2000-2004,.5212073,.5539723,2011
DOM,2004,INC,N,FALSE,ENFT,4,2000-2004,.5205098,.5781026,2011
DOM,2005,INC,N,FALSE,ENFT,5,2005-2016,.4996527,.4941444,2011
DOM,2006,INC,N,FALSE,ENFT,5,2005-2016,.5196131,.5631641,2011
DOM,2007,INC,N,FALSE,ENFT,5,2005-2016,.4885569,.4668038,2011
DOM,2008,INC,N,FALSE,ENFT,5,2005-2016,.4810763,.4516684,2011
DOM,2009,INC,N,FALSE,ENFT,5,2005-2016,.4887567,.4679265,2011
DOM,2010,INC,N,FALSE,ENFT,5,2005-2016,.4732595,.4108215,2011
DOM,2011,INC,N,FALSE,ENFT,5,2005-2016,.4770691,.4383581,2011
DOM,2012,INC,N,FALSE,ENFT,5,2005-2016,.4613355,.3978909,2011
DOM,2013,INC,N,FALSE,ENFT,5,2005-2016,.4765639,.4401708,2011
DOM,2014,INC,N,FALSE,ENFT,5,2005-2016,.4427947,.3459416,2011
DOM,2015,INC,N,FALSE,ENFT,5,2005-2016,.4518103,.3882808,2011
DOM,2016,INC,N,FALSE,ENFT,5,2005-2016,.4572273,.3863922,2011
DOM,2017,INC,N,FALSE,ECNFT-Q03,6,2017-2022,.421933,.3644279,2011
DOM,2018,INC,N,FALSE,ECNFT-Q03,6,2017-2022,.4368616,.4351171,2011
DOM,2019,INC,N,FALSE,ECNFT-Q03,6,2017-2022,.4191725,.3396693,2011
DOM,2020,INC,N,FALSE,ECNFT-Q03,6,2017-2022,.3962871,.2864911,2011
DOM,2021,INC,N,FALSE,ECNFT-Q03,6,2017-2022,.3852936,.281265,2011
DOM,2022,INC,N,FALSE,ECNFT-Q03,6,2017-2022,.369794,.2428464,2011
DZA,1988,CONS,N,FALSE,EDCM,0,1988,.3735699,,2011
DZA,1995,CONS,N,FALSE,ENMNV,1,1995,.3533005,,2011
DZA,2011,CONS,N,FALSE,ENCNVM,2,2011,.2761573,,2011
ECU,1987,INC,U,FALSE,EPED,0,1987,.5048004,,2011
ECU,1994,INC,N,FALSE,ECV,1,1994,.5333056,.5901652,2011
ECU,1995,INC,U,FALSE,EPED,2,1995,.5082759,.5213464,2011
ECU,1998,INC,U,FALSE,EPED,3,1998,.4960447,.449822,2011
ECU,1999,INC,N,FALSE,ECV,4,1999,.5857093,.80831,2011
ECU,2000,INC,N,FALSE,EPED,5,2000,.5629954,.7053428,2011
ECU,2003,INC,N,FALSE,ENEMDU,6,2003-2006,.5351394,.5711853,2011
ECU,2004,INC,N,FALSE,ENEMDU,6,2003-2006,.5388939,.6093432,2011
ECU,2005,INC,N,FALSE,ENEMDU,6,2003-2006,.5305002,.5549719,2011
ECU,2006,INC,N,FALSE,ENEMDU,6,2003-2006,.5224721,.6785097,2011
ECU,2007,INC,N,FALSE,ENEMDU,7,2007-2023,.5335467,.5930901,2011
ECU,2008,INC,N,FALSE,ENEMDU,7,2007-2023,.4978763,.4848987,2011
ECU,2009,INC,N,FALSE,ENEMDU,7,2007-2023,.4849847,.4572582,2011
ECU,2010,INC,N,FALSE,ENEMDU,7,2007-2023,.487998,.4680695,2011
ECU,2011,INC,N,FALSE,ENEMDU,7,2007-2023,.4587125,.3871064,2011
ECU,2012,INC,N,FALSE,ENEMDU,7,2007-2023,.4610938,.4045037,2011
ECU,2013,INC,N,FALSE,ENEMDU,7,2007-2023,.4686237,.4182478,2011
ECU,2014,INC,N,FALSE,ENEMDU,7,2007-2023,.4499255,.3844799,2011
ECU,2015,INC,N,FALSE,ENEMDU,7,2007-2023,.4595082,.4058779,2011
ECU,2016,INC,N,FALSE,ENEMDU,7,2007-2023,.4501623,.3836569,2011
ECU,2017,INC,N,FALSE,ENEMDU,7,2007-2023,.4466993,.3723486,2011
ECU,2018,INC,N,FALSE,ENEMDU,7,2007-2023,.4543791,.3834502,2011
ECU,2019,INC,N,FALSE,ENEMDU,7,2007-2023,.4570994,.3906127,2011
ECU,2020,INC,N,FALSE,ENEMDU,7,2007-2023,.4730956,.4264705,2011
ECU,2021,INC,N,FALSE,ENEMDU,7,2007-2023,.4579747,.3855118,2011
ECU,2022,INC,N,FALSE,ENEMDU,7,2007-2023,.4546504,.3945998,2011
ECU,2023,INC,N,FALSE,ENEMDU,7,2007-2023,.4457951,.3568383,2011
EGY,1990,CONS,N,FALSE,HIECS,0,1990-1995,.3200394,,2011
EGY,1995,CONS,N,FALSE,HIECS,0,1990-1995,.3008284,,2011
EGY,1999,CONS,N,FALSE,HIECS,1,1999,.3083484,,2011
EGY,2004,CONS,N,FALSE,HIECS,2,2004-2008,.3184755,.2019039,2011
EGY,2008,CONS,N,FALSE,HIECS,2,2004-2008,.3110244,.199236,2011
EGY,2010,CONS,N,FALSE,HIECS,3,2010-2017,.3019146,.1799411,2011
EGY,2012,CONS,N,FALSE,HIECS,3,2010-2017,.282922,.1534854,2011
EGY,2015,CONS,N,FALSE,HIECS,3,2010-2017,.3182336,.2226352,2011
EGY,2017,CONS,N,FALSE,HIECS,3,2010-2017,.3153395,.1972976,2011
EGY,2019,CONS,N,FALSE,HIECS,4,2019,.3189299,.215613,2011
ESP,1980,INC,N,FALSE,HBS-LIS,0,1980-1990,.3448355,.2116699,2011
ESP,1985,INC,N,FALSE,HBS-LIS,0,1980-1990,.3443168,.2134498,2011
ESP,1990,INC,N,FALSE,HBS-LIS,0,1980-1990,.3202311,.1834579,2011
ESP,1993,INC,N,FALSE,ECHP-LIS,1,1993-2000,.3565839,.2212356,2011
ESP,1994,INC,N,FALSE,ECHP-LIS,1,1993-2000,.3510362,.2113654,2011
ESP,1995,INC,N,FALSE,ECHP-LIS,1,1993-2000,.3572656,.2250123,2011
ESP,1996,INC,N,FALSE,ECHP-LIS,1,1993-2000,.3646438,.2294952,2011
ESP,1997,INC,N,FALSE,ECHP-LIS,1,1993-2000,.3532423,.2155138,2011
ESP,1998,INC,N,FALSE,ECHP-LIS,1,1993-2000,.3457992,.2059544,2011
ESP,1999,INC,N,FALSE,ECHP-LIS,1,1993-2000,.3379185,.1999492,2011
ESP,2000,INC,N,FALSE,ECHP-LIS,1,1993-2000,.3412885,.2062003,2011
ESP,2003,INC,N,FALSE,EU-SILC,2,2003-2021,.318008,.1747281,2011
ESP,2004,INC,N,FALSE,EU-SILC,2,2003-2021,.3330182,.192735,2011
ESP,2005,INC,N,FALSE,EU-SILC,2,2003-2021,.3243162,.1822059,2011
ESP,2006,INC,N,FALSE,EU-SILC,2,2003-2021,.33541,.1947233,2011
ESP,2007,INC,N,FALSE,EU-SILC,2,2003-2021,.3413736,.2034299,2011
ESP,2008,INC,N,FALSE,EU-SILC,2,2003-2021,.3422034,.2048382,2011
ESP,2009,INC,N,FALSE,EU-SILC,2,2003-2021,.34924,.2132235,2011
ESP,2010,INC,N,FALSE,EU-SILC,2,2003-2021,.352444,.2176344,2011
ESP,2011,INC,N,FALSE,EU-SILC,2,2003-2021,.3569379,.2195158,2011
ESP,2012,INC,N,FALSE,EU-SILC,2,2003-2021,.3540355,.2169725,2011
ESP,2013,INC,N,FALSE,EU-SILC,2,2003-2021,.3618177,.2228387,2011
ESP,2014,INC,N,FALSE,EU-SILC,2,2003-2021,.3605223,.2226931,2011
ESP,2015,INC,N,FALSE,EU-SILC,2,2003-2021,.3617821,.2263116,2011
ESP,2016,INC,N,FALSE,EU-SILC,2,2003-2021,.3575698,.220843,2011
ESP,2017,INC,N,FALSE,EU-SILC,2,2003-2021,.3465113,.2064923,2011
ESP,2018,INC,N,FALSE,EU-SILC,2,2003-2021,.3471622,.2078172,2011
ESP,2019,INC,N,FALSE,EU-SILC,2,2003-2021,.3430363,.2024977,2011
ESP,2020,INC,N,FALSE,EU-SILC,2,2003-2021,.3486357,.2064028,2011
ESP,2021,INC,N,FALSE,EU-SILC,2,2003-2021,.3388585,.194118,2011
EST,2003,INC,N,FALSE,EU-SILC,3,2003-2021,.371958,.2487402,2011
EST,2004,INC,N,FALSE,EU-SILC,3,2003-2021,.3355991,.1986576,2011
EST,2005,INC,N,FALSE,EU-SILC,3,2003-2021,.3344698,.2001072,2011
EST,2006,INC,N,FALSE,EU-SILC,3,2003-2021,.3366803,.2329377,2011
EST,2007,INC,N,FALSE,EU-SILC,3,2003-2021,.3117857,.1675955,2011
EST,2008,INC,N,FALSE,EU-SILC,3,2003-2021,.3191518,.1764315,2011
EST,2009,INC,N,FALSE,EU-SILC,3,2003-2021,.3144277,.1698614,2011
EST,2010,INC,N,FALSE,EU-SILC,3,2003-2021,.3199997,.1778796,2011
EST,2011,INC,N,FALSE,EU-SILC,3,2003-2021,.324887,.1847014,2011
EST,2012,INC,N,FALSE,EU-SILC,3,2003-2021,.3291376,.1881296,2011
EST,2013,INC,N,FALSE,EU-SILC,3,2003-2021,.3507592,.2112737,2011
EST,2014,INC,N,FALSE,EU-SILC,3,2003-2021,.3458817,.2051303,2011
EST,2015,INC,N,FALSE,EU-SILC,3,2003-2021,.3266813,.1773831,2011
EST,2016,INC,N,FALSE,EU-SILC,3,2003-2021,.311949,.1583794,2011
EST,2017,INC,N,FALSE,EU-SILC,3,2003-2021,.3035437,.1491476,2011
EST,2018,INC,N,FALSE,EU-SILC,3,2003-2021,.3032024,.1483396,2011
EST,2019,INC,N,FALSE,EU-SILC,3,2003-2021,.3076556,.1561029,2011
EST,2020,INC,N,FALSE,EU-SILC,3,2003-2021,.3073716,.1567146,2011
EST,2021,INC,N,FALSE,EU-SILC,3,2003-2021,.3183406,.1671965,2011
ETH,1981,CONS,R,FALSE,HICES,0,1981,.3098036,,2011
ETH,1995,CONS,N,FALSE,HICES,1,1995-2021,.4456225,.5623505,2011
ETH,1999,CONS,N,FALSE,HICES,1,1995-2021,.2997577,.180281,2011
ETH,2004,CONS,N,FALSE,HICES,1,1995-2021,.2980685,.2006574,2011
ETH,2010,CONS,N,FALSE,HICES,1,1995-2021,.331706,.2305868,2011
ETH,2015,CONS,N,FALSE,HICES,1,1995-2021,.349931,.2327816,2011
FIN,1987,INC,N,FALSE,IDS-LIS,0,1987-2000,.221714,.0835318,2011
FIN,1991,INC,N,FALSE,IDS-LIS,0,1987-2000,.2287976,.0881401,2011
FIN,1995,INC,N,FALSE,IDS-LIS,0,1987-2000,.2345914,.0983873,2011
FIN,2000,INC,N,FALSE,IDS-LIS,0,1987-2000,.2715663,.1415214,2011
FIN,2003,INC,N,FALSE,EU-SILC,1,2003-2021,.2768643,.1605449,2011
FIN,2004,INC,N,FALSE,EU-SILC,1,2003-2021,.2789766,.174833,2011
FIN,2005,INC,N,FALSE,EU-SILC,1,2003-2021,.276195,.1518826,2011
FIN,2006,INC,N,FALSE,EU-SILC,1,2003-2021,.2799873,.1519614,2011
FIN,2007,INC,N,FALSE,EU-SILC,1,2003-2021,.2828556,.1550575,2011
FIN,2008,INC,N,FALSE,EU-SILC,1,2003-2021,.2783814,.1485997,2011
FIN,2009,INC,N,FALSE,EU-SILC,1,2003-2021,.2745528,.1408741,2011
FIN,2010,INC,N,FALSE,EU-SILC,1,2003-2021,.2771397,.1448184,2011
FIN,2011,INC,N,FALSE,EU-SILC,1,2003-2021,.2764265,.144678,2011
FIN,2012,INC,N,FALSE,EU-SILC,1,2003-2021,.2709638,.1356831,2011
FIN,2013,INC,N,FALSE,EU-SILC,1,2003-2021,.2719368,.1362859,2011
FIN,2014,INC,N,FALSE,EU-SILC,1,2003-2021,.2677681,.1273933,2011
FIN,2015,INC,N,FALSE,EU-SILC,1,2003-2021,.2710182,.1317023,2011
FIN,2016,INC,N,FALSE,EU-SILC,1,2003-2021,.2707842,.1337955,2011
FIN,2017,INC,N,FALSE,EU-SILC,1,2003-2021,.2738284,.1380563,2011
FIN,2018,INC,N,FALSE,EU-SILC,1,2003-2021,.2732957,.1393936,2011
FIN,2019,INC,N,FALSE,EU-SILC,1,2003-2021,.2773713,.1435389,2011
FIN,2020,INC,N,FALSE,EU-SILC,1,2003-2021,.2709105,.1397072,2011
FIN,2021,INC,N,FALSE,EU-SILC,1,2003-2021,.2770851,.147434,2011
FJI,2002,CONS,N,FALSE,HIES,0,2002-2013,.3810205,.2618163,2011
FJI,2008,CONS,N,FALSE,HIES,0,2002-2013,.4037559,.3637998,2011
FJI,2013,CONS,N,FALSE,HIES,0,2002-2013,.366966,.2639426,2011
FJI,2019,CONS,N,FALSE,HIES,1,2019,.3070687,.1608762,2011
FRA,1970,INC,N,FALSE,TIS-LIS,0,1970-2002,.3714556,.2498711,2011
FRA,1975,INC,N,FALSE,TIS-LIS,0,1970-2002,.3591827,.2399936,2011
FRA,1979,INC,N,FALSE,TIS-LIS,0,1970-2002,.3404262,.2152924,2011
FRA,1984,INC,N,FALSE,TIS-LIS,0,1970-2002,.3339818,.2061165,2011
FRA,1990,INC,N,FALSE,TIS-LIS,0,1970-2002,.3211906,.1839796,2011
FRA,1996,INC,N,FALSE,TSIS-LIS,0,1970-2002,.3201658,.1746986,2011
FRA,1997,INC,N,FALSE,TSIS-LIS,0,1970-2002,.3190015,.1737875,2011
FRA,1998,INC,N,FALSE,TSIS-LIS,0,1970-2002,.3165776,.1725545,2011
FRA,1999,INC,N,FALSE,TSIS-LIS,0,1970-2002,.3249977,.1863522,2011
FRA,2000,INC,N,FALSE,TSIS-LIS,0,1970-2002,.3255306,.1870524,2011
FRA,2001,INC,N,FALSE,TSIS-LIS,0,1970-2002,.3253329,.1888462,2011
FRA,2002,INC,N,FALSE,TSIS-LIS,0,1970-2002,.3177816,.1783529,2011
FRA,2003,INC,N,FALSE,EU-SILC,1,2003-2021,.3141105,.1863427,2011
FRA,2004,INC,N,FALSE,EU-SILC,1,2003-2021,.3064726,.1674647,2011
FRA,2005,INC,N,FALSE,EU-SILC,1,2003-2021,.2983387,.162156,2011
FRA,2006,INC,N,FALSE,EU-SILC,1,2003-2021,.2969109,.1554225,2011
FRA,2007,INC,N,FALSE,EU-SILC,1,2003-2021,.3242771,.1983801,2011
FRA,2008,INC,N,FALSE,EU-SILC,1,2003-2021,.3299644,.216017,2011
FRA,2009,INC,N,FALSE,EU-SILC,1,2003-2021,.3266122,.2016212,2011
FRA,2010,INC,N,FALSE,EU-SILC,1,2003-2021,.3372042,.2235282,2011
FRA,2011,INC,N,FALSE,EU-SILC,1,2003-2021,.3329475,.2250333,2011
FRA,2012,INC,N,FALSE,EU-SILC,1,2003-2021,.3311486,.2120014,2011
FRA,2013,INC,N,FALSE,EU-SILC,1,2003-2021,.3251255,.2063515,2011
FRA,2014,INC,N,FALSE,EU-SILC,1,2003-2021,.3226216,.2024073,2011
FRA,2015,INC,N,FALSE,EU-SILC,1,2003-2021,.3270423,.23132,2011
FRA,2016,INC,N,FALSE,EU-SILC,1,2003-2021,.3192352,.2091524,2011
FRA,2017,INC,N,FALSE,EU-SILC,1,2003-2021,.3163205,.216556,2011
FRA,2018,INC,N,FALSE,EU-SILC,1,2003-2021,.3238066,.2610521,2011
FRA,2019,INC,N,FALSE,EU-SILC,1,2003-2021,.3119957,.1875158,2011
FRA,2020,INC,N,FALSE,EU-SILC,1,2003-2021,.3066147,.1789395,2011
FRA,2021,INC,N,FALSE,EU-SILC,1,2003-2021,.3150096,.185645,2011
FSM,2005,CONS,N,FALSE,HIES,1,2005,.423558,.3296606,2011
FSM,2013,CONS,N,FALSE,HIES,2,2013,.4005342,.2968419,2011
GAB,2005,CONS,N,FALSE,EGEP,0,2005,.4218498,.3464845,2011
GAB,2017,CONS,N,FALSE,EGEP,1,2017,.3802437,.2456277,2011
GBR,1968,INC,N,FALSE,FES-LIS,0,1968-1993,.2684166,.1286142,2011
GBR,1969,INC,N,FALSE,FES-LIS,0,1968-1993,.279049,.1395697,2011
GBR,1970,INC,N,FALSE,FES-LIS,0,1968-1993,.279645,.136556,2011
GBR,1971,INC,N,FALSE,FES-LIS,0,1968-1993,.2929356,.1518735,2011
GBR,1972,INC,N,FALSE,FES-LIS,0,1968-1993,.2877628,.1407289,2011
GBR,1973,INC,N,FALSE,FES-LIS,0,1968-1993,.2881038,.1456313,2011
GBR,1974,INC,N,FALSE,FES-LIS,0,1968-1993,.2895715,.1482768,2011
GBR,1975,INC,N,FALSE,FES-LIS,0,1968-1993,.2788086,.1346393,2011
GBR,1976,INC,N,FALSE,FES-LIS,0,1968-1993,.2758965,.1285444,2011
GBR,1977,INC,N,FALSE,FES-LIS,0,1968-1993,.2714188,.1260018,2011
GBR,1978,INC,N,FALSE,FES-LIS,0,1968-1993,.2723537,.1246688,2011
GBR,1979,INC,N,FALSE,FES-LIS,0,1968-1993,.2743262,.1248082,2011
GBR,1980,INC,N,FALSE,FES-LIS,0,1968-1993,.2847789,.1386687,2011
GBR,1981,INC,N,FALSE,FES-LIS,0,1968-1993,.2968705,.1553593,2011
GBR,1982,INC,N,FALSE,FES-LIS,0,1968-1993,.29903,.1544452,2011
GBR,1983,INC,N,FALSE,FES-LIS,0,1968-1993,.2978669,.15324,2011
GBR,1984,INC,N,FALSE,FES-LIS,0,1968-1993,.291662,.1459454,2011
GBR,1985,INC,N,FALSE,FES-LIS,0,1968-1993,.3041937,.1571172,2011
GBR,1986,INC,N,FALSE,FES-LIS,0,1968-1993,.3191919,.1884533,2011
GBR,1987,INC,N,FALSE,FES-LIS,0,1968-1993,.3385342,.2130667,2011
GBR,1988,INC,N,FALSE,FES-LIS,0,1968-1993,.3427287,.2227881,2011
GBR,1989,INC,N,FALSE,FES-LIS,0,1968-1993,.333542,.1943737,2011
GBR,1990,INC,N,FALSE,FES-LIS,0,1968-1993,.3574197,.2351249,2011
GBR,1991,INC,N,FALSE,FES-LIS,0,1968-1993,.3496282,.2202223,2011
GBR,1992,INC,N,FALSE,FES-LIS,0,1968-1993,.3495547,.2142734,2011
GBR,1993,INC,N,FALSE,FES-LIS,0,1968-1993,.3507596,.2187172,2011
GBR,1994,INC,N,FALSE,FRS-LIS,1,1994-2021,.3597892,.2402641,2011
GBR,1995,INC,N,FALSE,FRS-LIS,1,1994-2021,.3551664,.2284645,2011
GBR,1996,INC,N,FALSE,FRS-LIS,1,1994-2021,.3529524,.2299651,2011
GBR,1997,INC,N,FALSE,FRS-LIS,1,1994-2021,.3573516,.2379324,2011
GBR,1998,INC,N,FALSE,FRS-LIS,1,1994-2021,.3662147,.261022,2011
GBR,1999,INC,N,FALSE,FRS-LIS,1,1994-2021,.3678378,.2659033,2011
GBR,2000,INC,N,FALSE,FRS-LIS,1,1994-2021,.3884864,.3468124,2011
GBR,2001,INC,N,FALSE,FRS-LIS,1,1994-2021,.3708622,.2786047,2011
GBR,2002,INC,N,FALSE,FRS-LIS,1,1994-2021,.3514639,.2368326,2011
GBR,2003,INC,N,FALSE,FRS-LIS,1,1994-2021,.3485606,.229,2011
GBR,2004,INC,N,FALSE,FRS-LIS,1,1994-2021,.3483416,.2279149,2011
GBR,2005,INC,N,FALSE,FRS-LIS,1,1994-2021,.3548503,.2431305,2011
GBR,2006,INC,N,FALSE,FRS-LIS,1,1994-2021,.3587999,.2491745,2011
GBR,2007,INC,N,FALSE,FRS-LIS,1,1994-2021,.3441315,.2110576,2011
GBR,2008,INC,N,FALSE,FRS-LIS,1,1994-2021,.3544512,.2413155,2011
GBR,2009,INC,N,FALSE,FRS-LIS,1,1994-2021,.3513736,.2371918,2011
GBR,2010,INC,N,FALSE,FRS-LIS,1,1994-2021,.337056,.2056285,2011
GBR,2011,INC,N,FALSE,FRS-LIS,1,1994-2021,.3319108,.1974961,2011
GBR,2012,INC,N,FALSE,FRS-LIS,1,1994-2021,.3309065,.1950528,2011
GBR,2013,INC,N,FALSE,FRS-LIS,1,1994-2021,.3269957,.187192,2011
GBR,2014,INC,N,FALSE,FRS-LIS,1,1994-2021,.3314094,.1958539,2011
GBR,2015,INC,N,FALSE,FRS-LIS,1,1994-2021,.3331196,.1975293,2011
GBR,2016,INC,N,FALSE,FRS-LIS,1,1994-2021,.3310933,.1966413,2011
GBR,2017,INC,N,FALSE,FRS-LIS,1,1994-2021,.3260822,.187081,2011
GBR,2018,INC,N,FALSE,FRS-LIS,1,1994-2021,.3368979,.2002931,2011
GBR,2019,INC,N,FALSE,FRS-LIS,1,1994-2021,.3282417,.188941,2011
GBR,2020,INC,N,FALSE,FRS-LIS,1,1994-2021,.3264456,.1849908,2011
GBR,2021,INC,N,FALSE,FRS-LIS,1,1994-2021,.3241462,.1830231,2011
GEO,1996,CONS,N,FALSE,HIS,0,1996,.3713271,,2011
GEO,1997,CONS,N,FALSE,HIS,1,1997,.4068527,.2921471,2011
GEO,1998,CONS,N,FALSE,HIS,2,1998-2022,.4123412,.4177488,2011
GEO,1999,CONS,N,FALSE,HIS,2,1998-2022,.4013186,.2920426,2011
GEO,2000,CONS,N,FALSE,HIS,2,1998-2022,.4046393,.3004203,2011
GEO,2001,CONS,N,FALSE,HIS,2,1998-2022,.3956095,.2949488,2011
GEO,2002,CONS,N,FALSE,HIS,2,1998-2022,.372468,.2461425,2011
GEO,2003,CONS,N,FALSE,HIS,2,1998-2022,.3665133,.2321424,2011
GEO,2004,CONS,N,FALSE,HIS,2,1998-2022,.3616979,.2264003,2011
GEO,2005,CONS,N,FALSE,HIS,2,1998-2022,.3737603,.2476375,2011
GEO,2006,CONS,N,FALSE,HIS,2,1998-2022,.3686629,.2371902,2011
GEO,2007,CONS,N,FALSE,HIS,2,1998-2022,.3810975,.2693055,2011
GEO,2008,CONS,N,FALSE,HIS,2,1998-2022,.3853323,.2690209,2011
GEO,2009,CONS,N,FALSE,HIS,2,1998-2022,.3823528,.2660093,2011
GEO,2010,CONS,N,FALSE,HIS,2,1998-2022,.3945923,.2805862,2011
GEO,2011,CONS,N,FALSE,HIS,2,1998-2022,.3959408,.2997643,2011
GEO,2012,CONS,N,FALSE,HIS,2,1998-2022,.389541,.2723114,2011
GEO,2013,CONS,N,FALSE,HIS,2,1998-2022,.3858885,.268249,2011
GEO,2014,CONS,N,FALSE,HIS,2,1998-2022,.3755413,.2557406,2011
GEO,2015,CONS,N,FALSE,HIS,2,1998-2022,.3650368,.2372077,2011
GEO,2016,CONS,N,FALSE,HIS,2,1998-2022,.3663965,.2400875,2011
GEO,2017,CONS,N,FALSE,HIS,2,1998-2022,.3793963,.258226,2011
GEO,2018,CONS,N,FALSE,HIS,2,1998-2022,.3641136,.2350837,2011
GEO,2019,CONS,N,FALSE,HIS,2,1998-2022,.3590072,.2462571,2011
GEO,2020,CONS,N,FALSE,HIS,2,1998-2022,.3446503,.2096777,2011
GEO,2021,CONS,N,FALSE,HIS,2,1998-2022,.3417849,.2101855,2011
GEO,2022,CONS,N,FALSE,HIS,2,1998-2022,.3350021,.1940332,2011
GHA,1987,CONS,N,FALSE,GLSS-I,0,1987-1988,.3534958,,2011
GHA,1988,CONS,N,FALSE,GLSS-II,0,1987-1988,.3599354,,2011
GHA,1991,CONS,N,FALSE,GLSS-III,1,1991-2016,.384369,.2694742,2011
GHA,1998,CONS,N,FALSE,GLSS-IV,1,1991-2016,.4007262,.2794699,2011
GHA,2005,CONS,N,FALSE,GLSS-V,1,1991-2016,.4276446,.34197,2011
GHA,2012,CONS,N,FALSE,GLSS-VI,1,1991-2016,.4237293,.3230368,2011
GHA,2016,CONS,N,FALSE,GLSS-VII,1,1991-2016,.4351772,.3459694,2011
GIN,1991,CONS,N,FALSE,ESIP,0,1991,.4240052,,2011
GIN,1994,CONS,N,FALSE,EIBC,1,1994,.4608146,.4169438,2011
GIN,2002,CONS,N,FALSE,EIBEP,2,2002,.4299348,.3624789,2011
GIN,2007,CONS,N,FALSE,ELEP,3,2007-2012,.3935524,.2786768,2011
GIN,2012,CONS,N,FALSE,ELEP,3,2007-2012,.3372933,.2068533,2011
GIN,2018,CONS,N,FALSE,EHCVM,4,2018,.2959195,.1455988,2011
GMB,1998,CONS,N,FALSE,HPS,0,1998,.4830144,.4532537,2011
GMB,2003,CONS,N,FALSE,HIS,1,2003,.4731369,.4568243,2011
GMB,2010,CONS,N,FALSE,IHS,2,2010,.4356839,.4147473,2011
GMB,2015,CONS,N,FALSE,IHS,3,2015-2020,.3591883,.2399781,2011
GMB,2020,CONS,N,FALSE,IHS,3,2015-2020,.3875721,.311533,2011
GNB,1991,CONS,N,FALSE,ILJF,0,1991,.556527,,2011
GNB,1993,CONS,N,FALSE,ICOF,1,1993,.4360931,.3842742,2011
GNB,2002,CONS,N,FALSE,ILAP-I,2,2002,.3556854,.2377291,2011
GNB,2010,CONS,N,FALSE,ILAP-II,3,2010,.5059553,.5191859,2011
GNB,2018,CONS,N,FALSE,EHCVM,4,2018-2021,.3476523,.2188414,2011
GNB,2021,CONS,N,FALSE,EHCVM,4,2018-2021,.3343507,.1937318,2011
GRC,1995,INC,N,FALSE,ECHP-LIS,0,1995-2000,.3696643,.2396808,2011
GRC,2000,INC,N,FALSE,ECHP-LIS,0,1995-2000,.3423688,.2011696,2011
GRC,2003,INC,N,FALSE,EU-SILC,1,2003-2021,.3275923,.1883029,2011
GRC,2004,INC,N,FALSE,EU-SILC,1,2003-2021,.3358806,.1970046,2011
GRC,2005,INC,N,FALSE,EU-SILC,1,2003-2021,.345967,.2109266,2011
GRC,2006,INC,N,FALSE,EU-SILC,1,2003-2021,.3512184,.222911,2011
GRC,2007,INC,N,FALSE,EU-SILC,1,2003-2021,.3395084,.2090939,2011
GRC,2008,INC,N,FALSE,EU-SILC,1,2003-2021,.3358773,.2088083,2011
GRC,2009,INC,N,FALSE,EU-SILC,1,2003-2021,.3361501,.2046246,2011
GRC,2010,INC,N,FALSE,EU-SILC,1,2003-2021,.3409881,.2078954,2011
GRC,2011,INC,N,FALSE,EU-SILC,1,2003-2021,.3484199,.2164147,2011
GRC,2012,INC,N,FALSE,EU-SILC,1,2003-2021,.3625037,.2403249,2011
GRC,2013,INC,N,FALSE,EU-SILC,1,2003-2021,.3612729,.2328962,2011
GRC,2014,INC,N,FALSE,EU-SILC,1,2003-2021,.3580458,.2389089,2011
GRC,2015,INC,N,FALSE,EU-SILC,1,2003-2021,.3599687,.2421619,2011
GRC,2016,INC,N,FALSE,EU-SILC,1,2003-2021,.3495607,.2285111,2011
GRC,2017,INC,N,FALSE,EU-SILC,1,2003-2021,.3435033,.228879,2011
GRC,2018,INC,N,FALSE,EU-SILC,1,2003-2021,.3289005,.1993103,2011
GRC,2019,INC,N,FALSE,EU-SILC,1,2003-2021,.3310186,.2013934,2011
GRC,2020,INC,N,FALSE,EU-SILC,1,2003-2021,.3355814,.2023065,2011
GRC,2021,INC,N,FALSE,EU-SILC,1,2003-2021,.3293951,.1918533,2011
GRD,2018,CONS,N,FALSE,SLCHB,0,2018,.4381641,.3501655,2011
GTM,1986,INC,N,FALSE,ENSD,0,1986-1989,.5412972,,2011
GTM,1989,INC,N,FALSE,ENSD,0,1986-1989,.5878605,,2011
GTM,1998,INC,N,FALSE,ENIGF,1,1998,.493976,,2011
GTM,2000,INC,N,FALSE,ENCOVI,2,2000-2014,.5417336,.6171944,2011
GTM,2006,INC,N,FALSE,ENCOVI,2,2000-2014,.5456858,.6296989,2011
GTM,2014,INC,N,FALSE,ENCOVI,2,2000-2014,.4827631,.5016738,2011
GUY,1992,INC,N,FALSE,GLSMS,0,1992-1998,.3946759,,2011
GUY,1998,INC,N,FALSE,GLSMS,0,1992-1998,.4504112,.3881308,2011
HND,1986,INC,U,FALSE,ECSFT,0,1986,.5509298,,2011
HND,1989,INC,N,FALSE,EPHPM,1,1989,.5536728,,2011
HND,1990,INC,N,FALSE,EPHPM,2,1990,.5592856,,2011
HND,1991,INC,N,FALSE,EPHPM,3,1991-1999,.5181729,.5431306,2011
HND,1992,INC,N,FALSE,EPHPM,3,1991-1999,.5180209,.5513423,2011
HND,1993,INC,N,FALSE,EPHPM,3,1991-1999,.5344349,.6330557,2011
HND,1994,INC,N,FALSE,EPHPM,3,1991-1999,.5498965,.6184159,2011
HND,1995,INC,N,FALSE,EPHPM,3,1991-1999,.554673,.640886,2011
HND,1996,INC,N,FALSE,EPHPM,3,1991-1999,.5569443,.6615796,2011
HND,1997,INC,N,FALSE,EPHPM,3,1991-1999,.5272672,.5784578,2011
HND,1998,INC,N,FALSE,EPHPM,3,1991-1999,.5728162,.6647909,2011
HND,1999,INC,N,FALSE,EPHPM,3,1991-1999,.5520673,.5857572,2011
HND,2001,INC,N,FALSE,EPHPM,4,2001-2010,.5535026,.5822808,2011
HND,2002,INC,N,FALSE,EPHPM,4,2001-2010,.5570692,.6109532,2011
HND,2003,INC,N,FALSE,EPHPM,4,2001-2010,.5807493,.6733176,2011
HND,2004,INC,N,FALSE,EPHPM,4,2001-2010,.5808932,.6877045,2011
HND,2005,INC,N,FALSE,EPHPM,4,2001-2010,.5947323,.7080013,2011
HND,2006,INC,N,FALSE,EPHPM,4,2001-2010,.5752285,.6692285,2011
HND,2007,INC,N,FALSE,EPHPM,4,2001-2010,.5581533,.6168255,2011
HND,2008,INC,N,FALSE,EPHPM,4,2001-2010,.5548834,.6611368,2011
HND,2009,INC,N,FALSE,EPHPM,4,2001-2010,.5128152,.498973,2011
HND,2010,INC,N,FALSE,EPHPM,4,2001-2010,.530855,.5373336,2011
HND,2011,INC,N,FALSE,EPHPM,5,2011-2019,.5255308,.5195792,2011
HND,2012,INC,N,FALSE,EPHPM,5,2011-2019,.5336421,.5484228,2011
HND,2013,INC,N,FALSE,EPHPM,5,2011-2019,.4995813,.4479413,2011
HND,2014,INC,N,FALSE,EPHPM,5,2011-2019,.4987516,.4497062,2011
HND,2015,INC,N,FALSE,EPHPM,5,2011-2019,.4924853,.4354118,2011
HND,2016,INC,N,FALSE,EPHPM,5,2011-2019,.4981005,.4372689,2011
HND,2017,INC,N,FALSE,EPHPM,5,2011-2019,.4944104,.4474773,2011
HND,2018,INC,N,FALSE,EPHPM,5,2011-2019,.4893602,.4221308,2011
HND,2019,INC,N,FALSE,EPHPM,5,2011-2019,.481622,.4091924,2011
HRV,2009,INC,N,FALSE,EU-SILC,3,2009-2021,.3255356,.17886,2011
HRV,2010,INC,N,FALSE,EU-SILC,3,2009-2021,.3237295,.1781473,2011
HRV,2011,INC,N,FALSE,EU-SILC,3,2009-2021,.3225419,.1736679,2011
HRV,2012,INC,N,FALSE,EU-SILC,3,2009-2021,.3247162,.1751745,2011
HRV,2013,INC,N,FALSE,EU-SILC,3,2009-2021,.3199219,.1722913,2011
HRV,2014,INC,N,FALSE,EU-SILC,3,2009-2021,.3210288,.1756533,2011
HRV,2015,INC,N,FALSE,EU-SILC,3,2009-2021,.3111311,.1639069,2011
HRV,2016,INC,N,FALSE,EU-SILC,3,2009-2021,.3089786,.1621847,2011
HRV,2017,INC,N,FALSE,EU-SILC,3,2009-2021,.3035226,.1573014,2011
HRV,2018,INC,N,FALSE,EU-SILC,3,2009-2021,.2972862,.1514021,2011
HRV,2019,INC,N,FALSE,EU-SILC,3,2009-2021,.2890828,.1432158,2011
HRV,2020,INC,N,FALSE,EU-SILC,3,2009-2021,.295433,.1479399,2011
HRV,2021,INC,N,FALSE,EU-SILC,3,2009-2021,.2889594,.1422292,2011
HTI,2001,INC,N,FALSE,ECVH,0,2001,.5910891,.7429881,2011
HTI,2012,CONS,N,FALSE,ECVMAS,1,2012,.4110354,.3158284,2011
HUN,2004,INC,N,FALSE,EU-SILC,4,2004-2021,.2986437,.1703915,2011
HUN,2005,INC,N,FALSE,EU-SILC,4,2004-2021,.3472123,.2481119,2011
HUN,2006,INC,N,FALSE,EU-SILC,4,2004-2021,.2829615,.1445164,2011
HUN,2007,INC,N,FALSE,EU-SILC,4,2004-2021,.278819,.1364864,2011
HUN,2008,INC,N,FALSE,EU-SILC,4,2004-2021,.2751403,.1301173,2011
HUN,2009,INC,N,FALSE,EU-SILC,4,2004-2021,.2695933,.1249785,2011
HUN,2010,INC,N,FALSE,EU-SILC,4,2004-2021,.2944414,.1484846,2011
HUN,2011,INC,N,FALSE,EU-SILC,4,2004-2021,.2915799,.1506242,2011
HUN,2012,INC,N,FALSE,EU-SILC,4,2004-2021,.308028,.1700632,2011
HUN,2013,INC,N,FALSE,EU-SILC,4,2004-2021,.315041,.1765346,2011
HUN,2014,INC,N,FALSE,EU-SILC,4,2004-2021,.309139,.1689686,2011
HUN,2015,INC,N,FALSE,EU-SILC,4,2004-2021,.3040746,.1629848,2011
HUN,2016,INC,N,FALSE,EU-SILC,4,2004-2021,.3032489,.1680265,2011
HUN,2017,INC,N,FALSE,EU-SILC,4,2004-2021,.3058285,.1760142,2011
HUN,2018,INC,N,FALSE,EU-SILC,4,2004-2021,.2961154,.1706637,2011
HUN,2019,INC,N,FALSE,EU-SILC,4,2004-2021,.2995047,.1981314,2011
HUN,2020,INC,N,FALSE,EU-SILC,4,2004-2021,.2971191,.1579152,2011
HUN,2021,INC,N,FALSE,EU-SILC,4,2004-2021,.291722,.1645222,2011
IDN,1984,CONS,N,FALSE,SUSENAS,0,1984-1990,.3230242,,2011
IDN,1987,CONS,N,FALSE,SUSENAS,0,1984-1990,.3041209,,2011
IDN,1990,CONS,N,FALSE,SUSENAS,0,1984-1990,.3106927,,2011
IDN,1993,CONS,N,FALSE,SUSENAS,1,1993-1999,.3175508,.1966832,2011
IDN,1996,CONS,N,FALSE,SUSENAS,1,1993-1999,.3421386,.2341227,2011
IDN,1998,CONS,N,FALSE,SUSENAS,1,1993-1999,.3085921,.1883669,2011
IDN,1999,CONS,N,FALSE,SUSENAS,1,1993-1999,.3078852,.2370253,2011
IDN,2000,CONS,N,FALSE,SUSENAS,2,2000-2001,.3030629,.1770666,2011
IDN,2001,CONS,N,FALSE,SUSENAS,2,2000-2001,.3116591,.1873541,2011
IDN,2002,CONS,N,FALSE,SUSENAS,3,2002-2010,.3016376,.1736001,2011
IDN,2003,CONS,N,FALSE,SUSENAS,3,2002-2010,.2932319,.1563459,2011
IDN,2004,CONS,N,FALSE,SUSENAS,3,2002-2010,.3041651,.1698466,2011
IDN,2005,CONS,N,FALSE,SUSENAS,4,2005-2009,.2990362,.1664352,2011
IDN,2006,CONS,N,FALSE,SUSENAS,4,2005-2009,.3152412,.2212733,2011
IDN,2007,CONS,N,FALSE,SUSENAS,4,2005-2009,.3323172,.2078061,2011
IDN,2008,CONS,N,FALSE,SUSENAS,4,2005-2009,.3263291,.2048878,2011
IDN,2009,CONS,N,FALSE,SUSENAS,4,2005-2009,.3343271,.2444098,2011
IDN,2010,CONS,N,FALSE,SUSENAS,3,2002-2010,.3458631,.2264299,2011
IDN,2011,CONS,N,FALSE,SUSENAS,5,2011-2014,.3792591,.2949601,2011
IDN,2012,CONS,N,FALSE,SUSENAS,5,2011-2014,.3714888,.2843074,2011
IDN,2013,CONS,N,FALSE,SUSENAS,5,2011-2014,.3892685,.3001671,2011
IDN,2014,CONS,N,FALSE,SUSENAS,5,2011-2014,.3877997,.2978777,2011
IDN,2015,CONS,N,FALSE,SUSENAS,6,2015-2023,.3820753,.2942002,2011
IDN,2016,CONS,N,FALSE,SUSENAS,6,2015-2023,.368857,.2512287,2011
IDN,2017,CONS,N,FALSE,SUSENAS,6,2015-2023,.3636789,.2408554,2011
IDN,2018,CONS,N,FALSE,SUSENAS,6,2015-2023,.3633865,.2443429,2011
IDN,2019,CONS,N,FALSE,SUSENAS,6,2015-2023,.3535986,.233003,2011
IDN,2020,CONS,N,FALSE,SUSENAS,6,2015-2023,.3533562,.2294853,2011
IDN,2021,CONS,N,FALSE,SUSENAS,6,2015-2023,.3550476,.2363371,2011
IDN,2022,CONS,N,FALSE,SUSENAS,6,2015-2023,.3551203,.2414137,2011
IDN,2023,CONS,N,FALSE,SUSENAS,6,2015-2023,.3605703,.2550854,2011
IND,1977,CONS,N,FALSE,NSS,0,1977,.3321363,,2011
IND,1983,CONS,N,FALSE,NSS,1,1983,.3200849,,2011
IND,1987,CONS,N,FALSE,NSS-SCH1,2,1987,.3245848,,2011
IND,1993,CONS,N,FALSE,NSS-SCH1,3,1993-2011,.3155515,,2011
IND,2004,CONS,N,FALSE,NSS-SCH1,3,1993-2011,.3400891,,2011
IND,2009,CONS,N,FALSE,NSS-SCH1,3,1993-2011,.3488902,,2011
IND,2011,CONS,N,FALSE,NSS-SCH1,3,1993-2011,.3539906,,2011
IND,2015,CONS,N,FALSE,CPHS,4,2015-2016,.3468829,,2011
IND,2016,CONS,N,FALSE,CPHS,4,2015-2016,.3474677,,2011
IND,2017,CONS,N,FALSE,CPHS,5,2017-2018,.3590051,,2011
IND,2018,CONS,N,FALSE,CPHS,5,2017-2018,.3455063,,2011
IND,2019,CONS,N,FALSE,CPHS,6,2019-2021,.3381277,,2011
IND,2020,CONS,N,FALSE,CPHS,6,2019-2021,.3377852,,2011
IND,2021,CONS,N,FALSE,CPHS,6,2019-2021,.3277978,,2011
IRL,1987,INC,N,FALSE,SIDPUSS-LIS,0,1987,.354662,.2252829,2011
IRL,1994,INC,N,FALSE,LIS-ECHP-LIS,1,1994-2000,.3691421,.2571842,2011
IRL,1995,INC,N,FALSE,LIS-ECHP-LIS,1,1994-2000,.3704509,.257939,2011
IRL,1996,INC,N,FALSE,LIS-ECHP-LIS,1,1994-2000,.3562213,.2371561,2011
IRL,2000,INC,N,FALSE,LIS-ECHP-LIS,1,1994-2000,.330052,.2038153,2011
IRL,2002,INC,N,FALSE,SILC-LIS,2,2002,.3229026,.1846194,2011
IRL,2003,INC,N,FALSE,EU-SILC,3,2003-2021,.3288746,.2046048,2011
IRL,2004,INC,N,FALSE,EU-SILC,3,2003-2021,.3360956,.2251905,2011
IRL,2005,INC,N,FALSE,EU-SILC,3,2003-2021,.3375396,.2359848,2011
IRL,2006,INC,N,FALSE,EU-SILC,3,2003-2021,.3272764,.1984985,2011
IRL,2007,INC,N,FALSE,EU-SILC,3,2003-2021,.3194661,.1912935,2011
IRL,2008,INC,N,FALSE,EU-SILC,3,2003-2021,.3090573,.1709726,2011
IRL,2009,INC,N,FALSE,EU-SILC,3,2003-2021,.3268061,.1938242,2011
IRL,2010,INC,N,FALSE,EU-SILC,3,2003-2021,.3229525,.1827299,2011
IRL,2011,INC,N,FALSE,EU-SILC,3,2003-2021,.3287266,.1941533,2011
IRL,2012,INC,N,FALSE,EU-SILC,3,2003-2021,.3322015,.203189,2011
IRL,2013,INC,N,FALSE,EU-SILC,3,2003-2021,.3348634,.2023255,2011
IRL,2014,INC,N,FALSE,EU-SILC,3,2003-2021,.3187483,.1809418,2011
IRL,2015,INC,N,FALSE,EU-SILC,3,2003-2021,.3182063,.1896285,2011
IRL,2016,INC,N,FALSE,EU-SILC,3,2003-2021,.3280723,.2048854,2011
IRL,2017,INC,N,FALSE,EU-SILC,3,2003-2021,.3135894,.2002953,2011
IRL,2018,INC,N,FALSE,EU-SILC,3,2003-2021,.3060293,.1782483,2011
IRL,2019,INC,N,FALSE,EU-SILC,3,2003-2021,.308315,.1905915,2011
IRL,2020,INC,N,FALSE,EU-SILC,3,2003-2021,.2922825,.1608692,2011
IRL,2021,INC,N,FALSE,EU-SILC,3,2003-2021,.3011929,.1844269,2011
IRN,1986,CONS,N,FALSE,SECH,0,1986-1998,.4741963,,2011
IRN,1990,CONS,N,FALSE,SECH,0,1986-1998,.4360478,,2011
IRN,1994,CONS,N,FALSE,SECH,0,1986-1998,.4299837,,2011
IRN,1998,CONS,N,FALSE,SECH,0,1986-1998,.4409564,,2011
IRN,2005,CONS,N,FALSE,HEIS,1,2005-2022,.4355864,.3484214,2011
IRN,2006,CONS,N,FALSE,HEIS,1,2005-2022,.4475204,.3635323,2011
IRN,2009,CONS,N,FALSE,HEIS,1,2005-2022,.4205002,.3128103,2011
IRN,2011,CONS,N,FALSE,HEIS,1,2005-2022,.34662,.2162617,2011
IRN,2012,CONS,N,FALSE,HEIS,1,2005-2022,.3442554,.2146498,2011
IRN,2013,CONS,N,FALSE,HEIS,1,2005-2022,.3396952,.2049981,2011
IRN,2014,CONS,N,FALSE,HEIS,1,2005-2022,.3481404,.2172132,2011
IRN,2015,CONS,N,FALSE,HEIS,1,2005-2022,.3526405,.2241003,2011
IRN,2016,CONS,N,FALSE,HEIS,1,2005-2022,.3591231,.2315752,2011
IRN,2017,CONS,N,FALSE,HEIS,1,2005-2022,.3669368,.2408096,2011
IRN,2018,CONS,N,FALSE,HEIS,1,2005-2022,.3741991,.2552193,2011
IRN,2019,CONS,N,FALSE,HEIS,1,2005-2022,.3648226,.2400356,2011
IRN,2020,CONS,N,FALSE,HEIS,1,2005-2022,.3584296,.2271948,2011
IRN,2021,CONS,N,FALSE,HEIS,1,2005-2022,.3546873,.2186143,2011
IRN,2022,CONS,N,FALSE,HEIS,1,2005-2022,.3480344,.2136771,2011
IRQ,2006,CONS,N,FALSE,IHSES,0,2006-2012,.2860061,.1449614,2011
IRQ,2012,CONS,N,FALSE,IHSES,0,2006-2012,.2954186,.1509719,2011
ISL,2003,INC,N,FALSE,EU-SILC,0,2003-2017,.2683604,.1385382,2011
ISL,2004,INC,N,FALSE,EU-SILC,0,2003-2017,.2798187,.1621688,2011
ISL,2005,INC,N,FALSE,EU-SILC,0,2003-2017,.2900245,.1700956,2011
ISL,2006,INC,N,FALSE,EU-SILC,0,2003-2017,.3024502,.1875311,2011
ISL,2007,INC,N,FALSE,EU-SILC,0,2003-2017,.2947089,.1705228,2011
ISL,2008,INC,N,FALSE,EU-SILC,0,2003-2017,.3178928,.2064388,2011
ISL,2009,INC,N,FALSE,EU-SILC,0,2003-2017,.2865625,.1554253,2011
ISL,2010,INC,N,FALSE,EU-SILC,0,2003-2017,.2617132,.1307105,2011
ISL,2011,INC,N,FALSE,EU-SILC,0,2003-2017,.268303,.1317297,2011
ISL,2012,INC,N,FALSE,EU-SILC,0,2003-2017,.2676943,.1311456,2011
ISL,2013,INC,N,FALSE,EU-SILC,0,2003-2017,.2540292,.1155468,2011
ISL,2014,INC,N,FALSE,EU-SILC,0,2003-2017,.2780042,.1700397,2011
ISL,2015,INC,N,FALSE,EU-SILC,0,2003-2017,.2678797,.1420456,2011
ISL,2016,INC,N,FALSE,EU-SILC,0,2003-2017,.272411,.1437379,2011
ISL,2017,INC,N,FALSE,EU-SILC,0,2003-2017,.2613158,.1310007,2011
ISR,1979,INC,N,FALSE,HES-LIS,0,1979-2021,.3632998,.2285389,2011
ISR,1986,INC,N,FALSE,HES-LIS,0,1979-2021,.3649054,.2259625,2011
ISR,1992,INC,N,FALSE,HES-LIS,0,1979-2021,.3550725,.2198448,2011
ISR,1997,INC,N,FALSE,HES-LIS,0,1979-2021,.3809711,.2542139,2011
ISR,2001,INC,N,FALSE,HES-LIS,0,1979-2021,.3894766,.2692547,2011
ISR,2002,INC,N,FALSE,HES-LIS,0,1979-2021,.3955942,.2698542,2011
ISR,2003,INC,N,FALSE,HES-LIS,0,1979-2021,.4072257,.2894537,2011
ISR,2004,INC,N,FALSE,HES-LIS,0,1979-2021,.414563,.2955801,2011
ISR,2005,INC,N,FALSE,HES-LIS,0,1979-2021,.4226762,.3190728,2011
ISR,2006,INC,N,FALSE,HES-LIS,0,1979-2021,.4155532,.3037061,2011
ISR,2007,INC,N,FALSE,HES-LIS,0,1979-2021,.4109863,.2899586,2011
ISR,2008,INC,N,FALSE,HES-LIS,0,1979-2021,.4164268,.2990293,2011
ISR,2009,INC,N,FALSE,HES-LIS,0,1979-2021,.4263395,.3367008,2011
ISR,2010,INC,N,FALSE,HES-LIS,0,1979-2021,.4255947,.3373237,2011
ISR,2011,INC,N,FALSE,HES-LIS,0,1979-2021,.4144416,.2991976,2011
ISR,2012,INC,N,FALSE,HES-LIS,0,1979-2021,.413022,.2984471,2011
ISR,2013,INC,N,FALSE,HES-LIS,0,1979-2021,.3987053,.2793789,2011
ISR,2014,INC,N,FALSE,HES-LIS,0,1979-2021,.3975749,.2698146,2011
ISR,2015,INC,N,FALSE,HES-LIS,0,1979-2021,.3971953,.274417,2011
ISR,2016,INC,N,FALSE,HES-LIS,0,1979-2021,.3901302,.2565063,2011
ISR,2017,INC,N,FALSE,HES-LIS,0,1979-2021,.3820207,.2460727,2011
ISR,2018,INC,N,FALSE,HES-LIS,0,1979-2021,.3857718,.2561416,2011
ISR,2019,INC,N,FALSE,HES-LIS,0,1979-2021,.3828222,.2485258,2011
ISR,2020,INC,N,FALSE,HES-LIS,0,1979-2021,.3777356,.2383369,2011
ISR,2021,INC,N,FALSE,HES-LIS,0,1979-2021,.3789385,.2444027,2011
ITA,1977,INC,N,FALSE,SHIW-LIS,0,1977-2002,.3400661,.2036913,2011
ITA,1978,INC,N,FALSE,SHIW-LIS,0,1977-2002,.3327727,.2017772,2011
ITA,1979,INC,N,FALSE,SHIW-LIS,0,1977-2002,.3326154,.1958,2011
ITA,1980,INC,N,FALSE,SHIW-LIS,0,1977-2002,.3289927,.2104048,2011
ITA,1981,INC,N,FALSE,SHIW-LIS,0,1977-2002,.3157181,.1752669,2011
ITA,1982,INC,N,FALSE,SHIW-LIS,0,1977-2002,.2923156,.1444774,2011
ITA,1983,INC,N,FALSE,SHIW-LIS,0,1977-2002,.2976722,.1523681,2011
ITA,1984,INC,N,FALSE,SHIW-LIS,0,1977-2002,.3133436,.1671581,2011
ITA,1986,INC,N,FALSE,SHIW-LIS,0,1977-2002,.3116282,.1699854,2011
ITA,1987,INC,N,FALSE,SHIW-LIS,0,1977-2002,.3417948,.1998721,2011
ITA,1989,INC,N,FALSE,SHIW-LIS,0,1977-2002,.3210614,.1816786,2011
ITA,1991,INC,N,FALSE,SHIW-LIS,0,1977-2002,.3104995,.1675773,2011
ITA,1993,INC,N,FALSE,SHIW-LIS,0,1977-2002,.3508639,.2158423,2011
ITA,1995,INC,N,FALSE,SHIW-LIS,0,1977-2002,.3521085,.2194106,2011
ITA,1998,INC,N,FALSE,SHIW-LIS,0,1977-2002,.3665241,.254387,2011
ITA,2000,INC,N,FALSE,SHIW-LIS,0,1977-2002,.3524487,.2252415,2011
ITA,2002,INC,N,FALSE,SHIW-LIS,0,1977-2002,.3469577,.2132675,2011
ITA,2003,INC,N,FALSE,EU-SILC,1,2003-2021,.3492873,.2270844,2011
ITA,2004,INC,N,FALSE,EU-SILC,1,2003-2021,.3429307,.2201644,2011
ITA,2005,INC,N,FALSE,EU-SILC,1,2003-2021,.3383099,.204834,2011
ITA,2006,INC,N,FALSE,EU-SILC,1,2003-2021,.3369478,.2036377,2011
ITA,2007,INC,N,FALSE,EU-SILC,1,2003-2021,.3288829,.1944336,2011
ITA,2008,INC,N,FALSE,EU-SILC,1,2003-2021,.3376776,.2071688,2011
ITA,2009,INC,N,FALSE,EU-SILC,1,2003-2021,.3383301,.2078501,2011
ITA,2010,INC,N,FALSE,EU-SILC,1,2003-2021,.3471681,.226322,2011
ITA,2011,INC,N,FALSE,EU-SILC,1,2003-2021,.3505305,.2246068,2011
ITA,2012,INC,N,FALSE,EU-SILC,1,2003-2021,.3515153,.2307434,2011
ITA,2013,INC,N,FALSE,EU-SILC,1,2003-2021,.3490574,.2173732,2011
ITA,2014,INC,N,FALSE,EU-SILC,1,2003-2021,.3465244,.2130376,2011
ITA,2015,INC,N,FALSE,EU-SILC,1,2003-2021,.3539012,.2223884,2011
ITA,2016,INC,N,FALSE,EU-SILC,1,2003-2021,.3523968,.2265251,2011
ITA,2017,INC,N,FALSE,EU-SILC,1,2003-2021,.3592227,.2342084,2011
ITA,2018,INC,N,FALSE,EU-SILC,1,2003-2021,.3521738,.2189537,2011
ITA,2019,INC,N,FALSE,EU-SILC,1,2003-2021,.3458363,.2106177,2011
ITA,2020,INC,N,FALSE,EU-SILC,1,2003-2021,.3524094,.2175027,2011
ITA,2021,INC,N,FALSE,EU-SILC,1,2003-2021,.3484462,.220939,2011
JAM,1988,CONS,N,FALSE,SLC,0,1988-1993,.4315501,,2011
JAM,1990,CONS,N,FALSE,SLC,1,1990-2004,.4111373,.3134701,2011
JAM,1993,CONS,N,FALSE,SLC,0,1988-1993,.3567342,,2011
JAM,1996,CONS,N,FALSE,SLC,1,1990-2004,.403949,.3205957,2011
JAM,1999,CONS,N,FALSE,SLC,1,1990-2004,.4407862,.3818663,2011
JAM,2002,CONS,N,FALSE,SLC,1,1990-2004,.4831572,.4610373,2011
JAM,2004,CONS,N,FALSE,SLC,1,1990-2004,.4545747,.3889201,2011
JAM,2018,CONS,N,FALSE,JSLC,2,2018-2021,.3563868,.2224595,2011
JAM,2021,CONS,N,FALSE,JSLC,2,2018-2021,.4021027,.2838849,2011
JOR,1986,CONS,N,FALSE,HEIS,0,1986-1997,.3606143,,2011
JOR,1992,CONS,N,FALSE,HEIS,0,1986-1997,.4309958,,2011
JOR,1997,CONS,N,FALSE,HEIS,0,1986-1997,.3642053,,2011
JOR,2002,CONS,N,FALSE,HEIS,1,2002,.3695461,.2497961,2011
JOR,2006,CONS,N,FALSE,HEIS,2,2006,.3385625,.2106942,2011
JOR,2008,CONS,N,FALSE,HEIS,3,2008-2010,.3257345,.1871315,2011
JOR,2010,CONS,N,FALSE,HEIS,3,2008-2010,.3365573,.2053708,2011
JPN,2008,INC,N,FALSE,JHPS-LIS,0,2008-2013,.3484232,.2122326,2011
JPN,2010,INC,N,FALSE,JHPS-LIS,0,2008-2013,.3210032,.1893798,2011
JPN,2013,INC,N,FALSE,JHPS-LIS,0,2008-2013,.3285473,.2036255,2011
KAZ,1996,CONS,N,FALSE,LSMS,1,1996,.3537831,.2108471,2011
KAZ,2001,CONS,N,FALSE,HBS,2,2001-2004,.3596458,.2261899,2011
KAZ,2002,CONS,N,FALSE,HBS,2,2001-2004,.3481114,.2143029,2011
KAZ,2003,CONS,N,FALSE,HBS,2,2001-2004,.3369148,.1975091,2011
KAZ,2004,CONS,N,FALSE,HBS,2,2001-2004,.3183876,.1816831,2011
KAZ,2005,CONS,N,FALSE,HBS,3,2005-2021,.3982599,.2774623,2011
KAZ,2006,CONS,N,FALSE,HBS,3,2005-2021,.3024386,.1750741,2011
KAZ,2007,CONS,N,FALSE,HBS,3,2005-2021,.3008406,.1712025,2011
KAZ,2008,CONS,N,FALSE,HBS,3,2005-2021,.2849644,.1481163,2011
KAZ,2009,CONS,N,FALSE,HBS,3,2005-2021,.2820887,.1422891,2011
KAZ,2010,CONS,N,FALSE,HBS,3,2005-2021,.2795451,.1387549,2011
KAZ,2011,CONS,N,FALSE,HBS,3,2005-2021,.2798384,.1371818,2011
KAZ,2012,CONS,N,FALSE,HBS,3,2005-2021,.2816882,.1384358,2011
KAZ,2013,CONS,N,FALSE,HBS,3,2005-2021,.2706543,.1301145,2011
KAZ,2014,CONS,N,FALSE,HBS,3,2005-2021,.2701586,.1341277,2011
KAZ,2015,CONS,N,FALSE,HBS,3,2005-2021,.2680367,.1343838,2011
KAZ,2016,CONS,N,FALSE,HBS,3,2005-2021,.2722532,.1319846,2011
KAZ,2017,CONS,N,FALSE,HBS,3,2005-2021,.2745028,.1334597,2011
KAZ,2018,CONS,N,FALSE,HBS,3,2005-2021,.2779287,.1380077,2011
KAZ,2019,CONS,N,FALSE,HBS,3,2005-2021,.2796828,.1397706,2011
KAZ,2020,CONS,N,FALSE,HBS,3,2005-2021,.2868392,.149971,2011
KAZ,2021,CONS,N,FALSE,HBS,3,2005-2021,.2919153,.1619324,2011
KEN,1992,CONS,N,FALSE,WMS-I,0,1992,.5692055,,2011
KEN,1994,CONS,N,FALSE,WMS-II,1,1994,.4310034,.3774247,2011
KEN,1997,CONS,N,FALSE,WMS-III,2,1997,.4498245,.4076996,2011
KEN,2005,CONS,N,FALSE,IHBS,3,2005-2021,.4643436,.447003,2011
KEN,2015,CONS,N,FALSE,IHBS,3,2005-2021,.4077354,.3164388,2011
KEN,2020,CONS,N,FALSE,KCHS,3,2005-2021,.3624642,.2329226,2011
KEN,2021,CONS,N,FALSE,KCHS,3,2005-2021,.3870038,.3027364,2011
KGZ,1998,INC,N,FALSE,KPMS,0,1998,.4635604,.4263734,2011
KGZ,2000,CONS,N,FALSE,HBS,1,2000-2003,.3103501,.162968,2011
KGZ,2001,CONS,N,FALSE,HBS,1,2000-2003,.3016398,.1547326,2011
KGZ,2002,CONS,N,FALSE,HBS,1,2000-2003,.3030239,.1552411,2011
KGZ,2003,CONS,N,FALSE,HBS,1,2000-2003,.2870865,.1401116,2011
KGZ,2004,CONS,N,FALSE,KIHS,2,2004-2022,.3477343,.2110431,2011
KGZ,2005,CONS,N,FALSE,KIHS,2,2004-2022,.3256139,.1936669,2011
KGZ,2006,CONS,N,FALSE,KIHS,2,2004-2022,.3738124,.2663243,2011
KGZ,2007,CONS,N,FALSE,KIHS,2,2004-2022,.3391182,.202992,2011
KGZ,2008,CONS,N,FALSE,KIHS,2,2004-2022,.3145067,.1798722,2011
KGZ,2009,CONS,N,FALSE,KIHS,2,2004-2022,.2987418,.1638136,2011
KGZ,2010,CONS,N,FALSE,KIHS,2,2004-2022,.3013389,.1679791,2011
KGZ,2011,CONS,N,FALSE,KIHS,2,2004-2022,.2783978,.1404176,2011
KGZ,2012,CONS,N,FALSE,KIHS,2,2004-2022,.2735694,.1355539,2011
KGZ,2013,CONS,N,FALSE,KIHS,2,2004-2022,.2881483,.1486747,2011
KGZ,2014,CONS,N,FALSE,KIHS,2,2004-2022,.26819,.1334857,2011
KGZ,2015,CONS,N,FALSE,KIHS,2,2004-2022,.2899782,.1661262,2011
KGZ,2016,CONS,N,FALSE,KIHS,2,2004-2022,.2678071,.1279772,2011
KGZ,2017,CONS,N,FALSE,KIHS,2,2004-2022,.2733501,.140316,2011
KGZ,2018,CONS,N,FALSE,KIHS,2,2004-2022,.2769033,.1422311,2011
KGZ,2019,CONS,N,FALSE,KIHS,2,2004-2022,.2970072,.1866983,2011
KGZ,2020,CONS,N,FALSE,KIHS,2,2004-2022,.2898927,.1521891,2011
KGZ,2021,CONS,N,FALSE,KIHS,2,2004-2022,.287934,.1556907,2011
KGZ,2022,CONS,N,FALSE,KIHS,2,2004-2022,.2635253,.1202904,2011
KIR,2006,CONS,N,FALSE,HIES,0,2006,.36973,.2525696,2011
KIR,2019,CONS,N,FALSE,HIES,1,2019,.278327,.1363375,2011
KOR,2006,INC,N,FALSE,HIES-FHES-LIS,0,2006-2021,.3170298,.1717956,2011
KOR,2008,INC,N,FALSE,HIES-FHES-LIS,0,2006-2021,.3232483,.17929,2011
KOR,2010,INC,N,FALSE,HIES-FHES-LIS,0,2006-2021,.3202122,.1769041,2011
KOR,2012,INC,N,FALSE,HIES-FHES-LIS,0,2006-2021,.3155805,.1715027,2011
KOR,2014,INC,N,FALSE,HIES-FHES-LIS,0,2006-2021,.311929,.1654266,2011
KOR,2016,INC,N,FALSE,SHFLC-LIS,0,2006-2021,.3522221,.2213612,2011
KOR,2017,INC,N,FALSE,SHFLC-LIS,0,2006-2021,.3485464,.2129252,2011
KOR,2018,INC,N,FALSE,SHFLC-LIS,0,2006-2021,.3372503,.1956537,2011
KOR,2019,INC,N,FALSE,SHFLC-LIS,0,2006-2021,.3319616,.193667,2011
KOR,2020,INC,N,FALSE,SHFLC-LIS,0,2006-2021,.3270861,.1908914,2011
KOR,2021,INC,N,FALSE,SHFLC-LIS,0,2006-2021,.3290657,.1871024,2011
LAO,1992,CONS,N,FALSE,LECS,0,1992-2007,.3430977,.2212466,2011
LAO,1997,CONS,N,FALSE,LECS,0,1992-2007,.3489328,.2462344,2011
LAO,2002,CONS,N,FALSE,LECS,0,1992-2007,.3262011,.2034493,2011
LAO,2007,CONS,N,FALSE,LECS,0,1992-2007,.3536103,.2509553,2011
LAO,2012,CONS,N,FALSE,LECS,1,2012-2018,.3596355,.2419658,2011
LAO,2018,CONS,N,FALSE,LECS,1,2012-2018,.3880243,.2952797,2011
LBN,2011,CONS,N,FALSE,HBS,0,2011,.3183245,.174551,2011
LBR,2007,CONS,N,FALSE,CWIQ,0,2007,.3638698,.2405275,2011
LBR,2014,CONS,N,FALSE,HIES,1,2014-2016,.3323788,.1921061,2011
LBR,2016,CONS,N,FALSE,HIES,1,2014-2016,.3526507,.2249659,2011
LCA,1995,INC,N,FALSE,LSMS,0,1995,.4258438,,2011
LCA,2015,CONS,N,FALSE,SLCHBS,1,2015,.4369342,.3433159,2011
LKA,1985,CONS,N,FALSE,LFSS,0,1985,.3246785,,2011
LKA,1990,CONS,N,FALSE,HIES,1,1990,.3244743,.2155691,2011
LKA,1995,CONS,N,FALSE,SES,2,1995,.3539954,.2373164,2011
LKA,2002,CONS,N,FALSE,HIES,3,2002-2019,.4017191,.3225957,2011
LKA,2006,CONS,N,FALSE,HIES,3,2002-2019,.3966902,.3254303,2011
LKA,2009,CONS,N,FALSE,HIES,3,2002-2019,.3605415,.2678708,2011
LKA,2012,CONS,N,FALSE,HIES,3,2002-2019,.3871361,.317204,2011
LKA,2016,CONS,N,FALSE,HIES,3,2002-2019,.3934577,.3216645,2011
LKA,2019,CONS,N,FALSE,HIES,3,2002-2019,.3766378,.2823008,2011
LSO,1986,CONS,N,FALSE,HBS,0,1986,.5601283,,2011
LSO,1994,CONS,N,FALSE,NHECS,1,1994,.6308483,.7704231,2011
LSO,2002,CONS,N,FALSE,HBS,2,2002,.5130963,.4992483,2011
LSO,2017,CONS,N,FALSE,CMSHBS,3,2017,.4487847,.3569362,2011
LTU,2004,INC,N,FALSE,EU-SILC,3,2004-2021,.3701121,.2394167,2011
LTU,2005,INC,N,FALSE,EU-SILC,3,2004-2021,.3529677,.2184142,2011
LTU,2006,INC,N,FALSE,EU-SILC,3,2004-2021,.344145,.2120121,2011
LTU,2007,INC,N,FALSE,EU-SILC,3,2004-2021,.3478918,.2227546,2011
LTU,2008,INC,N,FALSE,EU-SILC,3,2004-2021,.3572707,.240749,2011
LTU,2009,INC,N,FALSE,EU-SILC,3,2004-2021,.3721853,.2476125,2011
LTU,2010,INC,N,FALSE,EU-SILC,3,2004-2021,.3360882,.1964937,2011
LTU,2011,INC,N,FALSE,EU-SILC,3,2004-2021,.3248647,.1808855,2011
LTU,2012,INC,N,FALSE,EU-SILC,3,2004-2021,.3509237,.2181105,2011
LTU,2013,INC,N,FALSE,EU-SILC,3,2004-2021,.3530735,.2183328,2011
LTU,2014,INC,N,FALSE,EU-SILC,3,2004-2021,.3767508,.2631214,2011
LTU,2015,INC,N,FALSE,EU-SILC,3,2004-2021,.3737034,.2492955,2011
LTU,2016,INC,N,FALSE,EU-SILC,3,2004-2021,.3838589,.2744982,2011
LTU,2017,INC,N,FALSE,EU-SILC,3,2004-2021,.3728364,.2590423,2011
LTU,2018,INC,N,FALSE,EU-SILC,3,2004-2021,.3570535,.2282414,2011
LTU,2019,INC,N,FALSE,EU-SILC,3,2004-2021,.3525137,.2264475,2011
LTU,2020,INC,N,FALSE,EU-SILC,3,2004-2021,.3595665,.2408429,2011
LTU,2021,INC,N,FALSE,EU-SILC,3,2004-2021,.3665642,.2507752,2011
LUX,1985,INC,N,FALSE,PSELL-LIS,0,1985-1993,.2629436,.1177996,2011
LUX,1986,INC,N,FALSE,PSELL-LIS,0,1985-1993,.2811276,.1470696,2011
LUX,1987,INC,N,FALSE,PSELL-LIS,0,1985-1993,.2954707,.1650555,2011
LUX,1988,INC,N,FALSE,PSELL-LIS,0,1985-1993,.288273,.1533041,2011
LUX,1989,INC,N,FALSE,PSELL-LIS,0,1985-1993,.3081434,.198471,2011
LUX,1990,INC,N,FALSE,PSELL-LIS,0,1985-1993,.2770192,.1372686,2011
LUX,1991,INC,N,FALSE,PSELL-LIS,0,1985-1993,.2717853,.1286243,2011
LUX,1992,INC,N,FALSE,PSELL-LIS,0,1985-1993,.273095,.128326,2011
LUX,1993,INC,N,FALSE,PSELL-LIS,0,1985-1993,.2704791,.1260148,2011
LUX,1994,INC,N,FALSE,PSELL-ECHP-LIS,1,1994-2001,.2814787,.1389044,2011
LUX,1995,INC,N,FALSE,PSELL-ECHP-LIS,1,1994-2001,.2830105,.1394824,2011
LUX,1996,INC,N,FALSE,PSELL-ECHP-LIS,1,1994-2001,.2904337,.147755,2011
LUX,1997,INC,N,FALSE,PSELL-ECHP-LIS,1,1994-2001,.2957325,.1543445,2011
LUX,1998,INC,N,FALSE,PSELL-ECHP-LIS,1,1994-2001,.3060536,.1663984,2011
LUX,1999,INC,N,FALSE,PSELL-ECHP-LIS,1,1994-2001,.3004106,.1605729,2011
LUX,2000,INC,N,FALSE,PSELL-ECHP-LIS,1,1994-2001,.3010296,.1552691,2011
LUX,2001,INC,N,FALSE,PSELL-ECHP-LIS,1,1994-2001,.3092632,.171197,2011
LUX,2002,INC,N,FALSE,SEP-SILC-LIS,2,2002,.3098299,.1757288,2011
LUX,2003,INC,N,FALSE,EU-SILC,3,2003-2021,.3018747,.1551952,2011
LUX,2004,INC,N,FALSE,EU-SILC,3,2003-2021,.301727,.159016,2011
LUX,2005,INC,N,FALSE,EU-SILC,3,2003-2021,.3084081,.1652927,2011
LUX,2006,INC,N,FALSE,EU-SILC,3,2003-2021,.3094812,.1717286,2011
LUX,2007,INC,N,FALSE,EU-SILC,3,2003-2021,.3113375,.1730691,2011
LUX,2008,INC,N,FALSE,EU-SILC,3,2003-2021,.3256154,.1935823,2011
LUX,2009,INC,N,FALSE,EU-SILC,3,2003-2021,.3119692,.1742959,2011
LUX,2010,INC,N,FALSE,EU-SILC,3,2003-2021,.3050438,.1602186,2011
LUX,2011,INC,N,FALSE,EU-SILC,3,2003-2021,.3205409,.1783163,2011
LUX,2012,INC,N,FALSE,EU-SILC,3,2003-2021,.3434715,.2251685,2011
LUX,2013,INC,N,FALSE,EU-SILC,3,2003-2021,.3203596,.1734659,2011
LUX,2014,INC,N,FALSE,EU-SILC,3,2003-2021,.3115809,.1705529,2011
LUX,2015,INC,N,FALSE,EU-SILC,3,2003-2021,.3292152,.1953703,2011
LUX,2016,INC,N,FALSE,EU-SILC,3,2003-2021,.317279,.1751505,2011
LUX,2017,INC,N,FALSE,EU-SILC,3,2003-2021,.3451532,.2115468,2011
LUX,2018,INC,N,FALSE,EU-SILC,3,2003-2021,.3536788,.2298014,2011
LUX,2019,INC,N,FALSE,EU-SILC,3,2003-2021,.3424116,.2064705,2011
LUX,2020,INC,N,FALSE,EU-SILC,3,2003-2021,.3337364,.1876537,2011
LUX,2021,INC,N,FALSE,EU-SILC,3,2003-2021,.3273477,.1818754,2011
LVA,2004,INC,N,FALSE,EU-SILC,2,2004-2021,.3638314,.2542458,2011
LVA,2005,INC,N,FALSE,EU-SILC,2,2004-2021,.3897356,.2843217,2011
LVA,2006,INC,N,FALSE,EU-SILC,2,2004-2021,.3559736,.2238488,2011
LVA,2007,INC,N,FALSE,EU-SILC,2,2004-2021,.3746122,.2461021,2011
LVA,2008,INC,N,FALSE,EU-SILC,2,2004-2021,.3721174,.2478054,2011
LVA,2009,INC,N,FALSE,EU-SILC,2,2004-2021,.3594604,.2242746,2011
LVA,2010,INC,N,FALSE,EU-SILC,2,2004-2021,.3503056,.2109785,2011
LVA,2011,INC,N,FALSE,EU-SILC,2,2004-2021,.357727,.2272948,2011
LVA,2012,INC,N,FALSE,EU-SILC,2,2004-2021,.3523616,.2176191,2011
LVA,2013,INC,N,FALSE,EU-SILC,2,2004-2021,.3549755,.2199677,2011
LVA,2014,INC,N,FALSE,EU-SILC,2,2004-2021,.3511373,.2169663,2011
LVA,2015,INC,N,FALSE,EU-SILC,2,2004-2021,.3420258,.2076967,2011
LVA,2016,INC,N,FALSE,EU-SILC,2,2004-2021,.3432889,.201467,2011
LVA,2017,INC,N,FALSE,EU-SILC,2,2004-2021,.3557108,.2232017,2011
LVA,2018,INC,N,FALSE,EU-SILC,2,2004-2021,.3509574,.2159083,2011
LVA,2019,INC,N,FALSE,EU-SILC,2,2004-2021,.3448913,.211799,2011
LVA,2020,INC,N,FALSE,EU-SILC,2,2004-2021,.35704,.2373472,2011
LVA,2021,INC,N,FALSE,EU-SILC,2,2004-2021,.342559,.2118656,2011
MAR,1984,CONS,N,FALSE,ECDM,0,1984-1998,.3646891,,2011
MAR,1990,CONS,N,FALSE,ENNVM,0,1984-1998,.392069,.2824272,2011
MAR,1998,CONS,N,FALSE,ENNVM,0,1984-1998,.3935391,.2829003,2011
MAR,2000,CONS,N,FALSE,ENCDM,1,2000-2013,.4063697,.3175271,2011
MAR,2006,CONS,N,FALSE,ENNVM,1,2000-2013,.407183,.3275985,2011
MAR,2013,CONS,N,FALSE,ENCDM,1,2000-2013,.3954851,.297834,2011
MDA,1997,CONS,N,FALSE,HBS,0,1997-2004,.3694208,.2457803,2011
MDA,1998,CONS,N,FALSE,HBS,0,1997-2004,.3951788,.2924789,2011
MDA,1999,CONS,N,FALSE,HBS,0,1997-2004,.4262396,.3531863,2011
MDA,2000,CONS,N,FALSE,HBS,0,1997-2004,.3642384,.2417602,2011
MDA,2001,CONS,N,FALSE,HBS,0,1997-2004,.3798749,.263611,2011
MDA,2002,CONS,N,FALSE,HBS,0,1997-2004,.3584591,.2256171,2011
MDA,2003,CONS,N,FALSE,HBS,0,1997-2004,.3490208,.221669,2011
MDA,2004,CONS,N,FALSE,HBS,0,1997-2004,.3502957,.2204766,2011
MDA,2005,CONS,N,FALSE,HBS,1,2005,.3628084,.2391746,2011
MDA,2006,CONS,N,FALSE,HBS,2,2006-2021,.353996,.2229004,2011
MDA,2007,CONS,N,FALSE,HBS,2,2006-2021,.3442104,.2078194,2011
MDA,2008,CONS,N,FALSE,HBS,2,2006-2021,.3469244,.2194125,2011
MDA,2009,CONS,N,FALSE,HBS,2,2006-2021,.3291091,.1841909,2011
MDA,2010,CONS,N,FALSE,HBS,2,2006-2021,.3205092,.1836443,2011
MDA,2011,CONS,N,FALSE,HBS,2,2006-2021,.3062858,.1695341,2011
MDA,2012,CONS,N,FALSE,HBS,2,2006-2021,.2915884,.1463383,2011
MDA,2013,CONS,N,FALSE,HBS,2,2006-2021,.2853416,.1437148,2011
MDA,2014,CONS,N,FALSE,HBS,2,2006-2021,.2683385,.1223416,2011
MDA,2015,CONS,N,FALSE,HBS,2,2006-2021,.2702816,.1278891,2011
MDA,2016,CONS,N,FALSE,HBS,2,2006-2021,.2634539,.1362347,2011
MDA,2017,CONS,N,FALSE,HBS,2,2006-2021,.2589925,.1143385,2011
MDA,2018,CONS,N,FALSE,HBS,2,2006-2021,.2566165,.11564,2011
MDA,2019,CONS,N,FALSE,HBS,2,2006-2021,.2601665,.1151631,2011
MDA,2021,CONS,N,FALSE,HBS,2,2006-2021,.2573164,.1179812,2011
MDG,1980,CONS,N,FALSE,EB,0,1980,.4684863,,2011
MDG,1993,CONS,N,FALSE,EPM,1,1993,.4521937,.5134823,2011
MDG,1997,CONS,N,FALSE,EPM,2,1997-1999,.3943895,.2884529,2011
MDG,1999,CONS,N,FALSE,EPM,2,1997-1999,.3858753,.2569375,2011
MDG,2001,CONS,N,FALSE,EPM,3,2001-2012,.4742401,.4127219,2011
MDG,2005,CONS,N,FALSE,EPM,3,2001-2012,.3993036,.3279258,2011
MDG,2010,CONS,N,FALSE,EPM,3,2001-2012,.423901,.3728087,2011
MDG,2012,CONS,N,FALSE,ENSOMD,3,2001-2012,.4257244,.3369845,2011
MDV,2002,CONS,N,FALSE,HIES,0,2002,.4131203,.5391222,2011
MDV,2009,CONS,N,FALSE,HIES,1,2009,.3837276,.2801957,2011
MDV,2016,CONS,N,FALSE,HIES,2,2016,.3128565,.1752463,2011
MDV,2019,CONS,N,FALSE,HIES,3,2019,.2928509,.1429096,2011
MEX,1989,INC,N,FALSE,ENIGH,0,1984-2014,.5010928,.5702245,2011
MEX,1992,INC,N,FALSE,ENIGH,0,1984-2014,.5231075,.5773804,2011
MEX,1994,INC,N,FALSE,ENIGH,0,1984-2014,.5342225,.5844971,2011
MEX,1996,INC,N,FALSE,ENIGH,0,1984-2014,.519715,.5542455,2011
MEX,1998,INC,N,FALSE,ENIGH,0,1984-2014,.532833,.5913118,2011
MEX,2000,INC,N,FALSE,ENIGH,0,1984-2014,.5341769,.5773787,2011
MEX,2002,INC,N,FALSE,ENIGH,0,1984-2014,.5058296,.4947732,2011
MEX,2004,INC,N,FALSE,ENIGH,0,1984-2014,.5034311,.5383699,2011
MEX,2005,INC,N,FALSE,ENIGH,0,1984-2014,.5093911,.5593299,2011
MEX,2006,INC,N,FALSE,ENIGH,0,1984-2014,.4971228,.494861,2011
MEX,2008,INC,N,FALSE,ENIGH,0,1984-2014,.5084366,.5414194,2011
MEX,2010,INC,N,FALSE,ENIGH,0,1984-2014,.4765801,.4457478,2011
MEX,2012,INC,N,FALSE,ENIGH,0,1984-2014,.4959725,.4972978,2011
MEX,2014,INC,N,FALSE,ENIGH,0,1984-2014,.489124,.4957718,2011
MEX,2016,INC,N,FALSE,ENIGHNS,1,2016-2022,.4691244,.454556,2011
MEX,2018,INC,N,FALSE,ENIGHNS,1,2016-2022,.4595491,.4424354,2011
MEX,2020,INC,N,FALSE,ENIGHNS,1,2016-2022,.4459434,.400934,2011
MEX,2022,INC,N,FALSE,ENIGHNS,1,2016-2022,.4345403,.3841259,2011
MHL,2019,CONS,N,FALSE,HIES,0,2019,.3548294,.2214255,2011
MKD,2009,INC,N,FALSE,SILC-C,2,2009-2019,.427606,.3417921,2011
MKD,2010,INC,N,FALSE,SILC-C,2,2009-2019,.4006277,.2743819,2011
MKD,2011,INC,N,FALSE,SILC-C,2,2009-2019,.3936026,.2589802,2011
MKD,2012,INC,N,FALSE,SILC-C,2,2009-2019,.3813214,.2443154,2011
MKD,2013,INC,N,FALSE,SILC-C,2,2009-2019,.3623897,.2185704,2011
MKD,2014,INC,N,FALSE,SILC-C,2,2009-2019,.352015,.2075057,2011
MKD,2015,INC,N,FALSE,SILC-C,2,2009-2019,.3559045,.212548,2011
MKD,2016,INC,N,FALSE,SILC-C,2,2009-2019,.3453449,.2006269,2011
MKD,2017,INC,N,FALSE,SILC-C,2,2009-2019,.3419885,.1989454,2011
MKD,2018,INC,N,FALSE,SILC-C,2,2009-2019,.3296044,.1797731,2011
MKD,2019,INC,N,FALSE,SILC-C,2,2009-2019,.3350582,.1847881,2011
MLI,1994,CONS,N,FALSE,EMCES,0,1994,.5012083,.5227613,2011
MLI,2001,CONS,N,FALSE,EMEP,1,2001,.3986618,.2842705,2011
MLI,2006,CONS,N,FALSE,ELIM,2,2006-2009,.3892904,.2710525,2011
MLI,2009,CONS,N,FALSE,ELIM,2,2006-2009,.330343,.1844871,2011
MLI,2018,CONS,N,FALSE,EHCVM,3,2018-2021,.3596336,.2274191,2011
MLI,2021,CONS,N,FALSE,EHCVM,3,2018-2021,.3565359,.2263354,2011
MLT,2006,INC,N,FALSE,EU-SILC,0,2006-2020,.2801998,.1325334,2011
MLT,2007,INC,N,FALSE,EU-SILC,0,2006-2020,.2920774,.1461579,2011
MLT,2008,INC,N,FALSE,EU-SILC,0,2006-2020,.2899551,.1413689,2011
MLT,2009,INC,N,FALSE,EU-SILC,0,2006-2020,.3024448,.1594887,2011
MLT,2010,INC,N,FALSE,EU-SILC,0,2006-2020,.2902579,.1425514,2011
MLT,2011,INC,N,FALSE,EU-SILC,0,2006-2020,.2914216,.150447,2011
MLT,2012,INC,N,FALSE,EU-SILC,0,2006-2020,.2936044,.1571324,2011
MLT,2013,INC,N,FALSE,EU-SILC,0,2006-2020,.2884367,.1470607,2011
MLT,2014,INC,N,FALSE,EU-SILC,0,2006-2020,.2902035,.1502524,2011
MLT,2015,INC,N,FALSE,EU-SILC,0,2006-2020,.2943377,.1534218,2011
MLT,2016,INC,N,FALSE,EU-SILC,0,2006-2020,.2908904,.1459019,2011
MLT,2017,INC,N,FALSE,EU-SILC,0,2006-2020,.2923224,.1468152,2011
MLT,2018,INC,N,FALSE,EU-SILC,0,2006-2020,.2866509,.1430449,2011
MLT,2019,INC,N,FALSE,EU-SILC,0,2006-2020,.310418,.1779023,2011
MLT,2020,INC,N,FALSE,EU-SILC,0,2006-2020,.3140378,.1807166,2011
MMR,2015,CONS,N,FALSE,MPLCS,0,2015-2017,.3806851,.376905,2011
MMR,2017,CONS,N,FALSE,MLCS,0,2015-2017,.3069687,.1823801,2011
MNE,2012,INC,N,FALSE,SILC-C,1,2012-2021,.4120629,.2909333,2011
MNE,2013,INC,N,FALSE,SILC-C,1,2012-2021,.3902173,.2535756,2011
MNE,2014,INC,N,FALSE,SILC-C,1,2012-2021,.3876931,.2494301,2011
MNE,2015,INC,N,FALSE,SILC-C,1,2012-2021,.3900503,.2602188,2011
MNE,2016,INC,N,FALSE,SILC-C,1,2012-2021,.384667,.2588904,2011
MNE,2017,INC,N,FALSE,SILC-C,1,2012-2021,.3688116,.2341422,2011
MNE,2018,INC,N,FALSE,SILC-C,1,2012-2021,.36809,.2310954,2011
MNE,2019,INC,N,FALSE,SILC-C,1,2012-2021,.356654,.2146985,2011
MNE,2020,INC,N,FALSE,SILC-C,1,2012-2021,.3541234,.218119,2011
MNE,2021,INC,N,FALSE,SILC-C,1,2012-2021,.3429705,.2010475,2011
MNG,1995,CONS,N,FALSE,LSMS,0,1995-1998,.3319534,,2011
MNG,1998,CONS,N,FALSE,LSMS,0,1995-1998,.3027196,,2011
MNG,2002,CONS,N,FALSE,HIES-LSMS,1,2002,.3289295,.182967,2011
MNG,2007,CONS,N,FALSE,HSES,2,2007,.3582187,.2307318,2011
MNG,2010,CONS,N,FALSE,HSES,3,2010-2018,.3308121,.1933344,2011
MNG,2011,CONS,N,FALSE,HSES,3,2010-2018,.3388351,.2096784,2011
MNG,2012,CONS,N,FALSE,HSES,3,2010-2018,.3375162,.2000594,2011
MNG,2014,CONS,N,FALSE,HSES,3,2010-2018,.3203779,.1858175,2011
MNG,2016,CONS,N,FALSE,HSES,3,2010-2018,.3234573,.1898669,2011
MNG,2018,CONS,N,FALSE,HSES,3,2010-2018,.3274099,.1922387,2011
MNG,2022,CONS,N,FALSE,HSES,4,2022,.3141648,.1693327,2011
MOZ,1996,CONS,N,FALSE,NHS,0,1996-2022,.5331857,.6036901,2011
MOZ,2002,CONS,N,FALSE,IAF,0,1996-2022,.4696232,.5182151,2011
MOZ,2008,CONS,N,FALSE,IOF,0,1996-2022,.4549615,.4567248,2011
MOZ,2014,CONS,N,FALSE,IOF,0,1996-2022,.5395941,.718592,2011
MOZ,2019,CONS,N,FALSE,IOF,0,1996-2022,.5028552,.5589356,2011
MRT,1987,CONS,N,FALSE,EPCV,0,1987,.4393141,,2011
MRT,1993,CONS,N,FALSE,EP,1,1993,.4952175,,2011
MRT,1995,CONS,N,FALSE,EPCV,2,1995,.3774736,.2507291,2011
MRT,2000,CONS,N,FALSE,EPCV,3,2000-2019,.3902847,.2611993,2011
MRT,2004,CONS,N,FALSE,EPCV,3,2000-2019,.4016877,.3202925,2011
MRT,2008,CONS,N,FALSE,EPCV,3,2000-2019,.3568538,.214068,2011
MRT,2014,CONS,N,FALSE,EPCV,3,2000-2019,.3261935,.1837421,2011
MRT,2019,CONS,N,FALSE,EPCV,3,2000-2019,.3199675,.1737871,2011
MUS,2006,CONS,N,FALSE,HBS,0,2006-2017,.3565342,.2399068,2011
MUS,2012,CONS,N,FALSE,HBS,0,2006-2017,.384654,.3047754,2011
MUS,2017,CONS,N,FALSE,HBS,0,2006-2017,.3676121,.2722869,2011
MWI,1997,CONS,N,FALSE,IHS-I,0,1997,.6575456,,2011
MWI,2004,CONS,N,FALSE,IHS-II,1,2004-2019,.3987145,.3300919,2011
MWI,2010,CONS,N,FALSE,IHS-III,1,2004-2019,.4546804,.436543,2011
MWI,2016,CONS,N,FALSE,IHS-IV,1,2004-2019,.446936,.7876917,2011
MWI,2019,CONS,N,FALSE,IHS-V,1,2004-2019,.3854193,.2891392,2011
MYS,1984,INC,N,FALSE,HIS,0,1984-1997,.4849629,,2011
MYS,1987,INC,N,FALSE,HIS,0,1984-1997,.4704182,,2011
MYS,1989,INC,N,FALSE,HIS,0,1984-1997,.4616848,,2011
MYS,1992,INC,N,FALSE,HIS,0,1984-1997,.4765372,,2011
MYS,1995,INC,N,FALSE,HIS,0,1984-1997,.4852266,,2011
MYS,1997,INC,N,FALSE,HIS,0,1984-1997,.4914965,,2011
MYS,2003,INC,N,FALSE,HIS,1,2003-2021,.4641619,.4153326,2011
MYS,2006,INC,N,FALSE,HIS,1,2003-2021,.4475235,.3708048,2011
MYS,2008,INC,N,FALSE,HIS,1,2003-2021,.4547971,.3806268,2011
MYS,2011,INC,N,FALSE,HIS,1,2003-2021,.439436,.3622041,2011
MYS,2013,INC,N,FALSE,HIS,1,2003-2021,.4134883,.3203989,2011
MYS,2015,INC,N,FALSE,HIS,1,2003-2021,.410664,.313098,2011
MYS,2018,INC,N,FALSE,HIESBA,1,2003-2021,.4117678,.3120907,2011
MYS,2021,INC,N,FALSE,HIS,1,2003-2021,.4066843,.3065116,2011
NAM,2003,CONS,N,FALSE,NHIES,1,2003-2015,.6331769,.8759359,2011
NAM,2009,CONS,N,FALSE,NHIES,1,2003-2015,.6096489,.8046627,2011
NAM,2015,CONS,N,FALSE,NHIES,1,2003-2015,.5906661,.6872268,2011
NER,1992,CONS,N,FALSE,ENBCM,0,1992,.3604249,,2011
NER,1994,CONS,N,FALSE,EPCES,1,1994,.4146801,.3339602,2011
NER,2005,CONS,N,FALSE,ENCVM,2,2005,.4439073,.4475903,2011
NER,2007,CONS,N,FALSE,ENBCM,3,2007,.3730428,.2822955,2011
NER,2011,CONS,N,FALSE,ECVMA,4,2011-2014,.3145171,.1845244,2011
NER,2014,CONS,N,FALSE,ECVMA,4,2011-2014,.3427657,.2080629,2011
NER,2018,CONS,N,FALSE,EHCVM,5,2018-2021,.3725942,.2786459,2011
NER,2021,CONS,N,FALSE,EHCVM,5,2018-2021,.3286256,.2116308,2011
NGA,1985,CONS,N,FALSE,NCS,0,1985,.3867785,,2011
NGA,1992,CONS,N,FALSE,NCS,1,1992,.4483444,.3372502,2011
NGA,1996,CONS,N,FALSE,NCS,2,1996,.5184463,.5624739,2011
NGA,2003,CONS,N,FALSE,LSS,3,2003,.4005483,.2873756,2011
NGA,2010,CONS,N,FALSE,GHSP-W1,4,2010-2015,.3565021,.21212,2011
NGA,2012,CONS,N,FALSE,GHSP-W2,4,2010-2015,.35513,.2129276,2011
NGA,2015,CONS,N,FALSE,GHSP-W3,4,2010-2015,.3587977,.2134368,2011
NGA,2018,CONS,N,FALSE,LSS,5,2018-2022,.3512774,.2171314,2011
NIC,1993,INC,N,FALSE,EMNV,0,1993-2001,.5713983,.665104,2011
NIC,1998,INC,N,FALSE,EMNV,0,1993-2001,.5438128,.6528611,2011
NIC,2001,INC,N,FALSE,EMNV,0,1993-2001,.5287542,.6474375,2011
NIC,2005,INC,N,FALSE,EMNV,1,2005-2014,.4882024,.5188863,2011
NIC,2009,INC,N,FALSE,EMNV,1,2005-2014,.4394167,.3719228,2011
NIC,2014,INC,N,FALSE,EMNV,1,2005-2014,.4615629,.4558705,2011
NLD,1983,INC,N,FALSE,AVO-LIS,0,1983-1990,.2836414,.1407327,2011
NLD,1987,INC,N,FALSE,AVO-LIS,0,1983-1990,.2676959,.1226926,2011
NLD,1990,INC,N,FALSE,AVO-LIS,0,1983-1990,.3108671,.1778984,2011
NLD,1993,INC,N,FALSE,SEP-LIS,1,1993-1999,.304315,.1574024,2011
NLD,1999,INC,N,FALSE,SEP-LIS,1,1993-1999,.280634,.1314177,2011
NLD,2004,INC,N,FALSE,EU-SILC,2,2004-2021,.2980001,.1713011,2011
NLD,2005,INC,N,FALSE,EU-SILC,2,2004-2021,.2904823,.1569702,2011
NLD,2006,INC,N,FALSE,EU-SILC,2,2004-2021,.3004333,.1819284,2011
NLD,2007,INC,N,FALSE,EU-SILC,2,2004-2021,.2959278,.1673968,2011
NLD,2008,INC,N,FALSE,EU-SILC,2,2004-2021,.2929801,.1612328,2011
NLD,2009,INC,N,FALSE,EU-SILC,2,2004-2021,.27882,.1370517,2011
NLD,2010,INC,N,FALSE,EU-SILC,2,2004-2021,.2784524,.1375408,2011
NLD,2011,INC,N,FALSE,EU-SILC,2,2004-2021,.2775009,.1401096,2011
NLD,2012,INC,N,FALSE,EU-SILC,2,2004-2021,.2762093,.1376613,2011
NLD,2013,INC,N,FALSE,EU-SILC,2,2004-2021,.2810648,.1423872,2011
NLD,2014,INC,N,FALSE,EU-SILC,2,2004-2021,.2863142,.1530371,2011
NLD,2015,INC,N,FALSE,EU-SILC,2,2004-2021,.2824158,.1496824,2011
NLD,2016,INC,N,FALSE,EU-SILC,2,2004-2021,.2817357,.1434704,2011
NLD,2017,INC,N,FALSE,EU-SILC,2,2004-2021,.2853581,.1545879,2011
NLD,2018,INC,N,FALSE,EU-SILC,2,2004-2021,.2812104,.1483472,2011
NLD,2019,INC,N,FALSE,EU-SILC,2,2004-2021,.2924833,.1722414,2011
NLD,2020,INC,N,FALSE,EU-SILC,2,2004-2021,.2599421,.1282496,2011
NLD,2021,INC,N,FALSE,EU-SILC,2,2004-2021,.2574387,.121531,2011
NOR,1979,INC,N,FALSE,IDS-LIS,0,1979-2000,.2689476,.1238932,2011
NOR,1986,INC,N,FALSE,IDS-LIS,0,1979-2000,.2463048,.103314,2011
NOR,1991,INC,N,FALSE,IDS-LIS,0,1979-2000,.2522636,.1131237,2011
NOR,1995,INC,N,FALSE,IDS-LIS,0,1979-2000,.2601971,.1288291,2011
NOR,2000,INC,N,FALSE,IDS-LIS,0,1979-2000,.2735879,.1622209,2011
NOR,2003,INC,N,FALSE,EU-SILC,1,2003-2019,.2762692,.1764223,2011
NOR,2004,INC,N,FALSE,EU-SILC,1,2003-2019,.3157811,.3883322,2011
NOR,2005,INC,N,FALSE,EU-SILC,1,2003-2019,.3059705,.2683418,2011
NOR,2006,INC,N,FALSE,EU-SILC,1,2003-2019,.2635386,.1270448,2011
NOR,2007,INC,N,FALSE,EU-SILC,1,2003-2019,.2709066,.1457215,2011
NOR,2008,INC,N,FALSE,EU-SILC,1,2003-2019,.2699635,.133793,2011
NOR,2009,INC,N,FALSE,EU-SILC,1,2003-2019,.2615823,.1267614,2011
NOR,2010,INC,N,FALSE,EU-SILC,1,2003-2019,.2572372,.1224202,2011
NOR,2011,INC,N,FALSE,EU-SILC,1,2003-2019,.2530018,.1100293,2011
NOR,2012,INC,N,FALSE,EU-SILC,1,2003-2019,.2572601,.1171676,2011
NOR,2013,INC,N,FALSE,EU-SILC,1,2003-2019,.2636112,.1255281,2011
NOR,2014,INC,N,FALSE,EU-SILC,1,2003-2019,.2675257,.1350625,2011
NOR,2015,INC,N,FALSE,EU-SILC,1,2003-2019,.2749676,.1422424,2011
NOR,2016,INC,N,FALSE,EU-SILC,1,2003-2019,.2849336,.1677093,2011
NOR,2017,INC,N,FALSE,EU-SILC,1,2003-2019,.2698677,.1295493,2011
NOR,2018,INC,N,FALSE,EU-SILC,1,2003-2019,.2756028,.140532,2011
NOR,2019,INC,N,FALSE,EU-SILC,1,2003-2019,.2774186,.1448556,2011
NPL,1995,CONS,N,FALSE,LSS-I,1,1995-2003,.3520702,.2443926,2011
NPL,2003,CONS,N,FALSE,LSS-II,1,1995-2003,.437681,.4154547,2011
NPL,2010,CONS,N,FALSE,LSS-III,2,2010,.3284059,.1938722,2011
NPL,2022,CONS,N,FALSE,LSS-IV,3,2022,.3002026,.1589597,2011
NRU,2012,CONS,N,FALSE,HIES,0,2012,.3236158,.1826253,2011
PAK,1987,CONS,N,FALSE,HIES,0,1987-1998,.3331666,.2109934,2011
PAK,1990,CONS,N,FALSE,HIES,0,1987-1998,.3324817,.2050733,2011
PAK,1996,CONS,N,FALSE,IHS,0,1987-1998,.2866499,.1851345,2011
PAK,1998,CONS,N,FALSE,HIES,0,1987-1998,.3312329,.2282495,2011
PAK,2001,CONS,N,FALSE,PIHS,1,2001-2018,.2865302,.1611536,2011
PAK,2004,CONS,N,FALSE,HIES,1,2001-2018,.3088611,.1860498,2011
PAK,2005,CONS,N,FALSE,HIES,1,2001-2018,.3126125,.2010591,2011
PAK,2007,CONS,N,FALSE,HIES,1,2001-2018,.296695,.1731047,2011
PAK,2010,CONS,N,FALSE,HIES,1,2001-2018,.2878086,.1643132,2011
PAK,2011,CONS,N,FALSE,HIES,1,2001-2018,.2969796,.1769817,2011
PAK,2013,CONS,N,FALSE,HIES,1,2001-2018,.2952857,.1723964,2011
PAK,2015,CONS,N,FALSE,HIES,1,2001-2018,.3129127,.1967601,2011
PAK,2018,CONS,N,FALSE,HIES,1,2001-2018,.2958927,.1781637,2011
PAN,1979,INC,N,FALSE,EMO,0,1979,.4874014,,2011
PAN,1989,INC,N,FALSE,EMO,1,1989,.5859196,.6416257,2011
PAN,1991,INC,N,FALSE,EMO,2,1991,.5800816,.6365984,2011
PAN,1995,INC,N,FALSE,EH,3,1995-2000,.5765102,.6316617,2011
PAN,1997,INC,N,FALSE,EH,3,1995-2000,.581331,.6667138,2011
PAN,1998,INC,N,FALSE,EH,3,1995-2000,.5735091,.6325847,2011
PAN,1999,INC,N,FALSE,EH,3,1995-2000,.5634238,.603095,2011
PAN,2000,INC,N,FALSE,EH,3,1995-2000,.5658671,.6185143,2011
PAN,2001,INC,N,FALSE,EH,4,2001-2007,.5670269,.6060783,2011
PAN,2002,INC,N,FALSE,EH,4,2001-2007,.5609045,.6023574,2011
PAN,2003,INC,N,FALSE,EH,4,2001-2007,.5564861,.5853921,2011
PAN,2004,INC,N,FALSE,EH,4,2001-2007,.5477164,.5532584,2011
PAN,2005,INC,N,FALSE,EH,4,2001-2007,.5379908,.5336547,2011
PAN,2006,INC,N,FALSE,EH,4,2001-2007,.5463525,.5608543,2011
PAN,2007,INC,N,FALSE,EH,4,2001-2007,.5268487,.5209306,2011
PAN,2008,INC,N,FALSE,EH,5,2008-2023,.5269301,.5695083,2011
PAN,2009,INC,N,FALSE,EH,5,2008-2023,.5177034,.5142993,2011
PAN,2010,INC,N,FALSE,EH,5,2008-2023,.5160871,.5211181,2011
PAN,2011,INC,N,FALSE,EH,5,2008-2023,.5134689,.5090297,2011
PAN,2012,INC,N,FALSE,EH,5,2008-2023,.5173891,.5165617,2011
PAN,2013,INC,N,FALSE,EH,5,2008-2023,.514559,.5006369,2011
PAN,2014,INC,N,FALSE,EH,5,2008-2023,.5046542,.4842955,2011
PAN,2015,INC,N,FALSE,EH,5,2008-2023,.5080557,.5018746,2011
PAN,2016,INC,N,FALSE,EH,5,2008-2023,.5040682,.4673609,2011
PAN,2017,INC,N,FALSE,EH,5,2008-2023,.4988472,.4770227,2011
PAN,2018,INC,N,FALSE,EH,5,2008-2023,.4921145,.4630639,2011
PAN,2019,INC,N,FALSE,EH,5,2008-2023,.4983747,.4711646,2011
PAN,2021,INC,N,FALSE,EH,5,2008-2023,.5085815,.4971008,2011
PAN,2023,INC,N,FALSE,EH,5,2008-2023,.4887576,.450533,2011
PER,1997,INC,N,FALSE,ENAHO,1,1997-1999,.5325772,.5684449,2011
PER,1998,INC,N,FALSE,ENAHO,1,1997-1999,.5511878,.6275992,2011
PER,1999,INC,N,FALSE,ENAHO,1,1997-1999,.5482367,.6023454,2011
PER,2000,INC,N,FALSE,ENAHO,2,2000-2003,.4907261,.4450275,2011
PER,2001,INC,N,FALSE,ENAHO,2,2000-2003,.5130286,.5206474,2011
PER,2002,INC,N,FALSE,ENAHO,2,2000-2003,.5356414,.5927199,2011
PER,2003,INC,N,FALSE,ENAHO,2,2000-2003,.5307993,.5822977,2011
PER,2004,INC,N,FALSE,ENAHO,3,2004-2022,.4987986,.4820533,2011
PER,2005,INC,N,FALSE,ENAHO,3,2004-2022,.5044966,.4886179,2011
PER,2006,INC,N,FALSE,ENAHO,3,2004-2022,.503323,.489931,2011
PER,2007,INC,N,FALSE,ENAHO,3,2004-2022,.5002154,.4864071,2011
PER,2008,INC,N,FALSE,ENAHO,3,2004-2022,.4748658,.4269597,2011
PER,2009,INC,N,FALSE,ENAHO,3,2004-2022,.4700614,.4156727,2011
PER,2010,INC,N,FALSE,ENAHO,3,2004-2022,.4553777,.3937125,2011
PER,2011,INC,N,FALSE,ENAHO,3,2004-2022,.4465988,.3741929,2011
PER,2012,INC,N,FALSE,ENAHO,3,2004-2022,.4444008,.3662123,2011
PER,2013,INC,N,FALSE,ENAHO,3,2004-2022,.4388278,.3547612,2011
PER,2014,INC,N,FALSE,ENAHO,3,2004-2022,.4313892,.3405885,2011
PER,2015,INC,N,FALSE,ENAHO,3,2004-2022,.4335614,.3464565,2011
PER,2016,INC,N,FALSE,ENAHO,3,2004-2022,.4363905,.3491026,2011
PER,2017,INC,N,FALSE,ENAHO,3,2004-2022,.432927,.343005,2011
PER,2018,INC,N,FALSE,ENAHO,3,2004-2022,.423656,.3216192,2011
PER,2019,INC,N,FALSE,ENAHO,3,2004-2022,.4152818,.3102339,2011
PER,2020,INC,N,FALSE,ENAHO,3,2004-2022,.4374041,.3510946,2011
PER,2021,INC,N,FALSE,ENAHO,3,2004-2022,.4012183,.2945737,2011
PER,2022,INC,N,FALSE,ENAHO,3,2004-2022,.403493,.2986417,2011
PHL,2000,INC,N,FALSE,FIES,2,2000,.476527,.4595576,2011
PHL,2003,INC,N,FALSE,FIES,3,2003-2021,.4657645,.4439194,2011
PHL,2006,INC,N,FALSE,FIES,3,2003-2021,.4719773,.4260877,2011
PHL,2009,INC,N,FALSE,FIES,3,2003-2021,.4630938,.430511,2011
PHL,2012,INC,N,FALSE,FIES,3,2003-2021,.464929,.4121182,2011
PHL,2015,INC,N,FALSE,FIES,3,2003-2021,.4455042,.3819992,2011
PHL,2018,INC,N,FALSE,FIES,3,2003-2021,.4227358,.3568024,2011
PHL,2021,INC,N,FALSE,FIES,3,2003-2021,.4067907,.3234841,2011
PNG,1996,CONS,N,FALSE,HIES,0,1996,.4576742,.3777415,2011
PNG,2009,CONS,N,FALSE,HIES,1,2009,.4185054,.3120385,2011
POL,2004,INC,N,FALSE,EU-SILC,3,2004-2021,.3802199,.2597785,2011
POL,2005,INC,N,FALSE,EU-SILC,3,2004-2021,.3580842,.2233997,2011
POL,2006,INC,N,FALSE,EU-SILC,3,2004-2021,.346676,.2163388,2011
POL,2007,INC,N,FALSE,EU-SILC,3,2004-2021,.3400137,.2116972,2011
POL,2008,INC,N,FALSE,EU-SILC,3,2004-2021,.3348565,.2104067,2011
POL,2009,INC,N,FALSE,EU-SILC,3,2004-2021,.3335574,.199951,2011
POL,2010,INC,N,FALSE,EU-SILC,3,2004-2021,.3321483,.200188,2011
POL,2011,INC,N,FALSE,EU-SILC,3,2004-2021,.3318067,.1947872,2011
POL,2012,INC,N,FALSE,EU-SILC,3,2004-2021,.3302018,.1915282,2011
POL,2013,INC,N,FALSE,EU-SILC,3,2004-2021,.3313733,.1933315,2011
POL,2014,INC,N,FALSE,EU-SILC,3,2004-2021,.3282445,.1893671,2011
POL,2015,INC,N,FALSE,EU-SILC,3,2004-2021,.3175094,.1755125,2011
POL,2016,INC,N,FALSE,EU-SILC,3,2004-2021,.311892,.1730994,2011
POL,2017,INC,N,FALSE,EU-SILC,3,2004-2021,.2968532,.1530129,2011
POL,2018,INC,N,FALSE,EU-SILC,3,2004-2021,.3021493,.163626,2011
POL,2019,INC,N,FALSE,EU-SILC,3,2004-2021,.2876018,.1447684,2011
POL,2020,INC,N,FALSE,EU-SILC,3,2004-2021,.2846261,.1421232,2011
POL,2021,INC,N,FALSE,EU-SILC,3,2004-2021,.2847951,.1416713,2011
PRT,2003,INC,N,FALSE,EU-SILC,0,2003-2021,.3877504,.2738077,2011
PRT,2004,INC,N,FALSE,EU-SILC,0,2003-2021,.3893879,.2799573,2011
PRT,2005,INC,N,FALSE,EU-SILC,0,2003-2021,.3848007,.277719,2011
PRT,2006,INC,N,FALSE,EU-SILC,0,2003-2021,.3806078,.2628353,2011
PRT,2007,INC,N,FALSE,EU-SILC,0,2003-2021,.3675018,.2466285,2011
PRT,2008,INC,N,FALSE,EU-SILC,0,2003-2021,.3663415,.250394,2011
PRT,2009,INC,N,FALSE,EU-SILC,0,2003-2021,.3490742,.2173305,2011
PRT,2010,INC,N,FALSE,EU-SILC,0,2003-2021,.3584467,.2317093,2011
PRT,2011,INC,N,FALSE,EU-SILC,0,2003-2021,.3634468,.2467229,2011
PRT,2012,INC,N,FALSE,EU-SILC,0,2003-2021,.3603479,.2332463,2011
PRT,2013,INC,N,FALSE,EU-SILC,0,2003-2021,.361871,.2323,2011
PRT,2014,INC,N,FALSE,EU-SILC,0,2003-2021,.3556217,.2257183,2011
PRT,2015,INC,N,FALSE,EU-SILC,0,2003-2021,.355233,.2238716,2011
PRT,2016,INC,N,FALSE,EU-SILC,0,2003-2021,.3519052,.2269637,2011
PRT,2017,INC,N,FALSE,EU-SILC,0,2003-2021,.3380384,.202904,2011
PRT,2018,INC,N,FALSE,EU-SILC,0,2003-2021,.3349256,.2007631,2011
PRT,2019,INC,N,FALSE,EU-SILC,0,2003-2021,.3276275,.1895243,2011
PRT,2020,INC,N,FALSE,EU-SILC,0,2003-2021,.3466863,.2157946,2011
PRT,2021,INC,N,FALSE,EU-SILC,0,2003-2021,.3459203,.2185561,2011
PRY,1990,INC,N,FALSE,EH,0,1990-1995,.4083742,.2895282,2011
PRY,1995,INC,N,FALSE,EH,0,1990-1995,.5814142,.6938698,2011
PRY,1997,INC,N,FALSE,EIH,1,1997-2001,.5488854,.582772,2011
PRY,1999,INC,N,FALSE,EPH,2,1999,.5457169,.6342604,2011
PRY,2001,INC,N,FALSE,EIH,1,1997-2001,.54627,.6460478,2011
PRY,2002,INC,N,FALSE,EPH,3,2002-2022,.5727457,.8898103,2011
PRY,2003,INC,N,FALSE,EPH,3,2002-2022,.5493762,.6892228,2011
PRY,2004,INC,N,FALSE,EPH,3,2002-2022,.5226051,.6192561,2011
PRY,2005,INC,N,FALSE,EPH,3,2002-2022,.5138118,.5603336,2011
PRY,2006,INC,N,FALSE,EPH,3,2002-2022,.5299434,.6800269,2011
PRY,2007,INC,N,FALSE,EPH,3,2002-2022,.5304049,.7026255,2011
PRY,2008,INC,N,FALSE,EPH,3,2002-2022,.5070469,.5562952,2011
PRY,2009,INC,N,FALSE,EPH,3,2002-2022,.4914514,.5006588,2011
PRY,2010,INC,N,FALSE,EPH,3,2002-2022,.5098244,.6106699,2011
PRY,2011,INC,N,FALSE,EPH,3,2002-2022,.523097,.5893353,2011
PRY,2012,INC,N,FALSE,EPH,3,2002-2022,.4763356,.4636678,2011
PRY,2013,INC,N,FALSE,EPH,3,2002-2022,.4793542,.4555537,2011
PRY,2014,INC,N,FALSE,EPH,3,2002-2022,.5070264,.5928522,2011
PRY,2015,INC,N,FALSE,EPH,3,2002-2022,.4760575,.4509716,2011
PRY,2016,INC,N,FALSE,EPH,3,2002-2022,.4789972,.467018,2011
PRY,2017,INC,N,FALSE,EPH,3,2002-2022,.4854749,.5569265,2011
PRY,2018,INC,N,FALSE,EPH,3,2002-2022,.459551,.4142366,2011
PRY,2019,INC,N,FALSE,EPH,3,2002-2022,.4565064,.4168749,2011
PRY,2020,INC,N,FALSE,EPH,3,2002-2022,.4348194,.3506196,2011
PRY,2021,INC,N,FALSE,EPH,3,2002-2022,.4290516,.348214,2011
PRY,2022,INC,N,FALSE,EPH,3,2002-2022,.4510825,.4043688,2011
PSE,2004,CONS,N,FALSE,PECS,0,2004-2009,.3404466,.2074179,2011
PSE,2005,CONS,N,FALSE,PECS,0,2004-2009,.3474262,.2116109,2011
PSE,2006,CONS,N,FALSE,PECS,0,2004-2009,.3395928,.2083953,2011
PSE,2007,CONS,N,FALSE,PECS,0,2004-2009,.3560608,.2324313,2011
PSE,2009,CONS,N,FALSE,PECS,0,2004-2009,.3446397,.2135129,2011
PSE,2010,CONS,N,FALSE,PECS,1,2010-2016,.3529443,.2266279,2011
PSE,2011,CONS,N,FALSE,PECS,1,2010-2016,.3441524,.2100245,2011
PSE,2016,CONS,N,FALSE,PECS,1,2010-2016,.3369004,.1895627,2011
QAT,2017,INC,N,FALSE,HIES,0,2017,.3512838,,2011
ROU,2006,INC,N,FALSE,EU-SILC,3,2006-2021,.3964113,.276861,2011
ROU,2007,INC,N,FALSE,EU-SILC,3,2006-2021,.3754781,.2460984,2011
ROU,2008,INC,N,FALSE,EU-SILC,3,2006-2021,.3642893,.2307053,2011
ROU,2009,INC,N,FALSE,EU-SILC,3,2006-2021,.3556436,.2160401,2011
ROU,2010,INC,N,FALSE,EU-SILC,3,2006-2021,.354712,.2118204,2011
ROU,2011,INC,N,FALSE,EU-SILC,3,2006-2021,.3586715,.2151441,2011
ROU,2012,INC,N,FALSE,EU-SILC,3,2006-2021,.3654574,.2341341,2011
ROU,2013,INC,N,FALSE,EU-SILC,3,2006-2021,.3691543,.247538,2011
ROU,2014,INC,N,FALSE,EU-SILC,3,2006-2021,.360094,.2268578,2011
ROU,2015,INC,N,FALSE,EU-SILC,3,2006-2021,.3591368,.2184768,2011
ROU,2016,INC,N,FALSE,EU-SILC,3,2006-2021,.344067,.1978757,2011
ROU,2017,INC,N,FALSE,EU-SILC,3,2006-2021,.3601283,.2169075,2011
ROU,2018,INC,N,FALSE,EU-SILC,3,2006-2021,.3575856,.2140923,2011
ROU,2019,INC,N,FALSE,EU-SILC,3,2006-2021,.348007,.2033925,2011
ROU,2020,INC,N,FALSE,EU-SILC,3,2006-2021,.3457032,.2018622,2011
ROU,2021,INC,N,FALSE,EU-SILC,3,2006-2021,.3385271,.1958917,2011
RUS,2014,INC,N,FALSE,VNDN,3,2014-2021,.3688619,,2011
RUS,2015,INC,N,FALSE,VNDN,3,2014-2021,.3651672,,2011
RUS,2016,INC,N,FALSE,VNDN,3,2014-2021,.367203,,2011
RUS,2017,INC,N,FALSE,VNDN,3,2014-2021,.3545398,,2011
RUS,2018,INC,N,FALSE,VNDN,3,2014-2021,.3528012,,2011
RUS,2019,INC,N,FALSE,VNDN,3,2014-2021,.3567446,,2011
RUS,2020,INC,N,FALSE,VNDN,3,2014-2021,.337149,.1951414,2011
RUS,2021,INC,N,FALSE,VNDN,3,2014-2021,.3514422,.2124223,2011
RWA,1984,CONS,R,FALSE,ENBCM,0,1984,.2889859,,2011
RWA,2000,CONS,N,FALSE,EICV-I,1,2000-2016,.4850657,.5270122,2011
RWA,2005,CONS,N,FALSE,EICV-II,1,2000-2016,.5201237,.6249357,2011
RWA,2010,CONS,N,FALSE,EICV-III,1,2000-2016,.4722144,.498102,2011
RWA,2013,CONS,N,FALSE,EICV-IV,1,2000-2016,.4511103,.4499308,2011
RWA,2016,CONS,N,FALSE,EICV-V,1,2000-2016,.4370909,.3921898,2011
SDN,2009,CONS,N,FALSE,NBHS,0,2009,.3539526,.216952,2011
SDN,2014,CONS,N,FALSE,NBHS,1,2014,.3424279,.2365047,2011
SEN,1991,CONS,N,FALSE,EP,0,1991,.5401124,,2011
SEN,1994,CONS,N,FALSE,ESAM,1,1994,.392452,,2011
SEN,2001,CONS,N,FALSE,ESAM-II,2,2001,.4122944,.351515,2011
SEN,2005,CONS,N,FALSE,ESPS-I,3,2005-2011,.3921392,.2766209,2011
SEN,2011,CONS,N,FALSE,ESPS-II,3,2005-2011,.4027588,.2910305,2011
SEN,2018,CONS,N,FALSE,EHCVM,4,2018-2021,.3831478,.279507,2011
SEN,2021,CONS,N,FALSE,EHCVM,4,2018-2021,.3615772,.2389562,2011
SLB,2005,CONS,N,FALSE,HIES,0,2005,.4608953,.4102345,2011
SLB,2012,CONS,N,FALSE,HIES,1,2012,.3705493,.2580661,2011
SLE,2003,CONS,N,FALSE,SLIHS,1,2003-2018,.4016283,.2912657,2011
SLE,2011,CONS,N,FALSE,SLIHS,1,2003-2018,.3402944,.2011951,2011
SLE,2018,CONS,N,FALSE,SLIHS,1,2003-2018,.3569018,.2508326,2011
SLV,1989,INC,N,FALSE,EHPM,0,1989-1999,.4869729,,2011
SLV,1991,INC,N,FALSE,EHPM,0,1989-1999,.5380135,.5913001,2011
SLV,1995,INC,N,FALSE,EHPM,0,1989-1999,.4985,.4981103,2011
SLV,1996,INC,N,FALSE,EHPM,0,1989-1999,.509596,.5179631,2011
SLV,1998,INC,N,FALSE,EHPM,0,1989-1999,.5438593,.5869385,2011
SLV,1999,INC,N,FALSE,EHPM,0,1989-1999,.5208687,.507985,2011
SLV,2000,INC,N,FALSE,EHPM,1,2000-2022,.5146452,.5375596,2011
SLV,2001,INC,N,FALSE,EHPM,1,2000-2022,.5134895,.5043324,2011
SLV,2002,INC,N,FALSE,EHPM,1,2000-2022,.5185302,.5473189,2011
SLV,2003,INC,N,FALSE,EHPM,1,2000-2022,.5044072,.4740267,2011
SLV,2004,INC,N,FALSE,EHPM,1,2000-2022,.4780034,.4236639,2011
SLV,2005,INC,N,FALSE,EHPM,1,2000-2022,.4847316,.4492503,2011
SLV,2006,INC,N,FALSE,EHPM,1,2000-2022,.4568952,.4054974,2011
SLV,2007,INC,N,FALSE,EHPM,1,2000-2022,.4521753,.4114409,2011
SLV,2008,INC,N,FALSE,EHPM,1,2000-2022,.4688563,.4294428,2011
SLV,2009,INC,N,FALSE,EHPM,1,2000-2022,.4582486,.405885,2011
SLV,2010,INC,N,FALSE,EHPM,1,2000-2022,.4351334,.3429145,2011
SLV,2011,INC,N,FALSE,EHPM,1,2000-2022,.42318,.335511,2011
SLV,2012,INC,N,FALSE,EHPM,1,2000-2022,.4182886,.3386573,2011
SLV,2013,INC,N,FALSE,EHPM,1,2000-2022,.4335868,.4060212,2011
SLV,2014,INC,N,FALSE,EHPM,1,2000-2022,.4155947,.3234087,2011
SLV,2015,INC,N,FALSE,EHPM,1,2000-2022,.4055183,.3188338,2011
SLV,2016,INC,N,FALSE,EHPM,1,2000-2022,.3997855,.3042549,2011
SLV,2017,INC,N,FALSE,EHPM,1,2000-2022,.3800716,.2675324,2011
SLV,2018,INC,N,FALSE,EHPM,1,2000-2022,.3861057,.2705578,2011
SLV,2019,INC,N,FALSE,EHPM,1,2000-2022,.3877876,.2736076,2011
SLV,2021,INC,N,FALSE,EHPM,1,2000-2022,.3901089,.266157,2011
SLV,2022,INC,N,FALSE,EHPM,1,2000-2022,.387534,.2637243,2011
SRB,2012,INC,N,FALSE,EU-SILC,2,2012-2021,.3988768,.2805383,2011
SRB,2013,INC,N,FALSE,EU-SILC,2,2012-2021,.3944608,.2762584,2011
SRB,2014,INC,N,FALSE,EU-SILC,2,2012-2021,.404377,.3083552,2011
SRB,2015,INC,N,FALSE,EU-SILC,2,2012-2021,.4046196,.3407571,2011
SRB,2016,INC,N,FALSE,EU-SILC,2,2012-2021,.3877534,.2663384,2011
SRB,2017,INC,N,FALSE,EU-SILC,2,2012-2021,.3610582,.2301067,2011
SRB,2018,INC,N,FALSE,EU-SILC,2,2012-2021,.3500338,.2138751,2011
SRB,2019,INC,N,FALSE,EU-SILC,2,2012-2021,.3447549,.2164132,2011
SRB,2020,INC,N,FALSE,EU-SILC,2,2012-2021,.3495093,.2551743,2011
SRB,2021,INC,N,FALSE,EU-SILC,2,2012-2021,.3312898,.2151096,2011
SSD,2009,CONS,N,FALSE,NBHS,0,2009,.4628847,.3780269,2011
SSD,2016,CONS,N,FALSE,HFS-W3,1,2016,.4393441,.3211782,2011
STP,2000,CONS,N,FALSE,IOF,0,2000,.3212589,.1710605,2011
STP,2010,CONS,N,FALSE,IOF,1,2010,.3082127,.1589319,2011
STP,2017,CONS,N,FALSE,IOF,2,2017,.4072948,.3234519,2011
SUR,1999,INC,U,FALSE,EHS,0,1999,.5745704,.6330058,2011
SUR,2022,CONS,N,FALSE,SSLC,1,2022,.391799,.2866813,2011
SVK,2004,INC,N,FALSE,EU-SILC,2,2004-2021,.2707678,.139513,2011
SVK,2005,INC,N,FALSE,EU-SILC,2,2004-2021,.2929649,.2141399,2011
SVK,2006,INC,N,FALSE,EU-SILC,2,2004-2021,.2579706,.1261565,2011
SVK,2007,INC,N,FALSE,EU-SILC,2,2004-2021,.246648,.114316,2011
SVK,2008,INC,N,FALSE,EU-SILC,2,2004-2021,.2602506,.1199783,2011
SVK,2009,INC,N,FALSE,EU-SILC,2,2004-2021,.2723098,.1413826,2011
SVK,2010,INC,N,FALSE,EU-SILC,2,2004-2021,.2731572,.1498118,2011
SVK,2011,INC,N,FALSE,EU-SILC,2,2004-2021,.2653829,.120131,2011
SVK,2012,INC,N,FALSE,EU-SILC,2,2004-2021,.2611587,.1164901,2011
SVK,2013,INC,N,FALSE,EU-SILC,2,2004-2021,.2808616,.1455532,2011
SVK,2014,INC,N,FALSE,EU-SILC,2,2004-2021,.261039,.1205867,2011
SVK,2015,INC,N,FALSE,EU-SILC,2,2004-2021,.2649128,.1316671,2011
SVK,2016,INC,N,FALSE,EU-SILC,2,2004-2021,.2515633,.1130198,2011
SVK,2017,INC,N,FALSE,EU-SILC,2,2004-2021,.2323741,.0909148,2011
SVK,2018,INC,N,FALSE,EU-SILC,2,2004-2021,.2497004,.1061724,2011
SVK,2019,INC,N,FALSE,EU-SILC,2,2004-2021,.2323232,.0909379,2011
SVK,2020,INC,N,FALSE,EU-SILC,2,2004-2021,.2421944,.0967032,2011
SVK,2021,INC,N,FALSE,EU-SILC,2,2004-2021,.2411023,.0971281,2011
SVN,2004,INC,N,FALSE,EU-SILC,3,2004-2021,.2479073,.1053404,2011
SVN,2005,INC,N,FALSE,EU-SILC,3,2004-2021,.2463474,.1037857,2011
SVN,2006,INC,N,FALSE,EU-SILC,3,2004-2021,.2436393,.1001576,2011
SVN,2007,INC,N,FALSE,EU-SILC,3,2004-2021,.2435475,.1007828,2011
SVN,2008,INC,N,FALSE,EU-SILC,3,2004-2021,.2371802,.0960248,2011
SVN,2009,INC,N,FALSE,EU-SILC,3,2004-2021,.2478773,.1049789,2011
SVN,2010,INC,N,FALSE,EU-SILC,3,2004-2021,.2493326,.106938,2011
SVN,2011,INC,N,FALSE,EU-SILC,3,2004-2021,.2486803,.1069426,2011
SVN,2012,INC,N,FALSE,EU-SILC,3,2004-2021,.255855,.1138246,2011
SVN,2013,INC,N,FALSE,EU-SILC,3,2004-2021,.262411,.1193182,2011
SVN,2014,INC,N,FALSE,EU-SILC,3,2004-2021,.2565753,.1126203,2011
SVN,2015,INC,N,FALSE,EU-SILC,3,2004-2021,.2540846,.1148642,2011
SVN,2016,INC,N,FALSE,EU-SILC,3,2004-2021,.2475794,.1043258,2011
SVN,2017,INC,N,FALSE,EU-SILC,3,2004-2021,.2421931,.1005443,2011
SVN,2018,INC,N,FALSE,EU-SILC,3,2004-2021,.2463336,.1065035,2011
SVN,2019,INC,N,FALSE,EU-SILC,3,2004-2021,.2438423,.1088106,2011
SVN,2020,INC,N,FALSE,EU-SILC,3,2004-2021,.2403153,.1031575,2011
SVN,2021,INC,N,FALSE,EU-SILC,3,2004-2021,.2428228,.1048779,2011
SWE,1975,INC,N,FALSE,HIS-LIS,1,1975-2002,.2428399,.096889,2011
SWE,1981,INC,N,FALSE,HIS-LIS,1,1975-2002,.2292357,.0858433,2011
SWE,1987,INC,N,FALSE,HIS-LIS,1,1975-2002,.2305763,.0905258,2011
SWE,1992,INC,N,FALSE,HIS-LIS,1,1975-2002,.2490873,.1046204,2011
SWE,1995,INC,N,FALSE,HIS-LIS,1,1975-2002,.2523651,.1093363,2011
SWE,2000,INC,N,FALSE,HIS-LIS,1,1975-2002,.2696006,.1355739,2011
SWE,2001,INC,N,FALSE,HIS-LIS,1,1975-2002,.2654536,.1268906,2011
SWE,2002,INC,N,FALSE,HIS-LIS,1,1975-2002,.2621691,.1202986,2011
SWE,2003,INC,N,FALSE,EU-SILC,2,2003-2021,.252687,.1075888,2011
SWE,2004,INC,N,FALSE,EU-SILC,2,2003-2021,.2614038,.1216784,2011
SWE,2005,INC,N,FALSE,EU-SILC,2,2003-2021,.2682168,.1300248,2011
SWE,2006,INC,N,FALSE,EU-SILC,2,2003-2021,.2635141,.1240385,2011
SWE,2007,INC,N,FALSE,EU-SILC,2,2003-2021,.271144,.1353279,2011
SWE,2008,INC,N,FALSE,EU-SILC,2,2003-2021,.281195,.1506917,2011
SWE,2009,INC,N,FALSE,EU-SILC,2,2003-2021,.2734006,.1354133,2011
SWE,2010,INC,N,FALSE,EU-SILC,2,2003-2021,.277364,.1419027,2011
SWE,2011,INC,N,FALSE,EU-SILC,2,2003-2021,.2760545,.1353986,2011
SWE,2012,INC,N,FALSE,EU-SILC,2,2003-2021,.2764409,.135436,2011
SWE,2013,INC,N,FALSE,EU-SILC,2,2003-2021,.2882306,.1515869,2011
SWE,2014,INC,N,FALSE,EU-SILC,2,2003-2021,.2838879,.1442355,2011
SWE,2015,INC,N,FALSE,EU-SILC,2,2003-2021,.2920974,.1715227,2011
SWE,2016,INC,N,FALSE,EU-SILC,2,2003-2021,.2956132,.1864712,2011
SWE,2017,INC,N,FALSE,EU-SILC,2,2003-2021,.2877419,.1526623,2011
SWE,2018,INC,N,FALSE,EU-SILC,2,2003-2021,.2997191,.1908616,2011
SWE,2019,INC,N,FALSE,EU-SILC,2,2003-2021,.2930475,.1758832,2011
SWE,2020,INC,N,FALSE,EU-SILC,2,2003-2021,.2887077,.1584446,2011
SWE,2021,INC,N,FALSE,EU-SILC,2,2003-2021,.2976562,.1677193,2011
SWZ,1994,CONS,N,FALSE,HIES,0,1994,.586966,,2011
SWZ,2000,CONS,N,FALSE,HIES,1,2000-2016,.5311352,.5817096,2011
SWZ,2009,CONS,N,FALSE,HIES,1,2000-2016,.5144731,.5004366,2011
SWZ,2016,CONS,N,FALSE,HIES,1,2000-2016,.5457979,.5686932,2011
SYC,2013,INC,N,FALSE,HBS,2,2013-2018,.4682213,.6673653,2011
SYC,2018,INC,N,FALSE,HBS,2,2013-2018,.3212532,.1720233,2011
SYR,1996,CONS,N,FALSE,HIES,0,1996-2003,.3516938,.2455158,2011
SYR,2003,CONS,N,FALSE,HIES,0,1996-2003,.375146,.2649161,2011
SYR,2006,CONS,N,FALSE,HIES,1,2006-2009,.4014725,,2011
SYR,2009,CONS,N,FALSE,HIES,1,2006-2009,.4039478,,2011
SYR,2022,CONS,N,FALSE,HNAP,2,2022,.2662802,.1146885,2011
TCD,2003,CONS,N,FALSE,ECOSIT-II,0,2003-2011,.3980799,.2925195,2011
TCD,2011,CONS,N,FALSE,ECOSIT-III,0,2003-2011,.4331935,.3543456,2011
TCD,2018,CONS,N,FALSE,EHCVM,1,2018-2022,.3749915,.256957,2011
TCD,2022,CONS,N,FALSE,EHCVM,1,2018-2022,.3735724,.2527195,2011
TGO,2006,CONS,N,FALSE,QUIBB,0,2006-2015,.422124,.3203772,2011
TGO,2011,CONS,N,FALSE,QUIBB,0,2006-2015,.4601566,.3829564,2011
TGO,2015,CONS,N,FALSE,QUIBB,0,2006-2015,.4303004,.3252761,2011
TGO,2018,CONS,N,FALSE,EHCVM,1,2018-2021,.4253424,.3362766,2011
TGO,2021,CONS,N,FALSE,EHCVM,1,2018-2021,.3785801,.2627083,2011
THA,1981,CONS,N,FALSE,SES,0,1981-1988,.4521682,,2011
THA,1988,CONS,N,FALSE,SES,0,1981-1988,.438386,,2011
THA,1990,CONS,N,FALSE,SES,1,1990-1999,.4526565,.408458,2011
THA,1992,CONS,N,FALSE,SES,1,1990-1999,.4785796,.4584078,2011
THA,1994,CONS,N,FALSE,SES,1,1990-1999,.4347021,.379457,2011
THA,1996,CONS,N,FALSE,SES,1,1990-1999,.4290492,.3629605,2011
THA,1998,CONS,N,FALSE,SES,1,1990-1999,.414558,.3142522,2011
THA,1999,CONS,N,FALSE,SES,1,1990-1999,.4309159,.3502165,2011
THA,2000,CONS,N,FALSE,SES,2,2000-2013,.4283367,.3478829,2011
THA,2002,CONS,N,FALSE,SES,2,2000-2013,.4194449,.3375285,2011
THA,2004,CONS,N,FALSE,SES,2,2000-2013,.4254031,.3499078,2011
THA,2006,CONS,N,FALSE,SES,2,2000-2013,.4181903,.3224548,2011
THA,2007,CONS,N,FALSE,SES,2,2000-2013,.3976152,.2900655,2011
THA,2008,CONS,N,FALSE,SES,2,2000-2013,.4028828,.2998288,2011
THA,2009,CONS,N,FALSE,SES,2,2000-2013,.3960126,.2895023,2011
THA,2010,CONS,N,FALSE,SES,2,2000-2013,.3940277,.2837476,2011
THA,2011,CONS,N,FALSE,SES,2,2000-2013,.3745903,.2645166,2011
THA,2012,CONS,N,FALSE,SES,2,2000-2013,.3925667,.289896,2011
THA,2013,CONS,N,FALSE,SES,2,2000-2013,.3784711,.2579768,2011
THA,2014,CONS,N,FALSE,SES,3,2014-2021,.3703266,.2505194,2011
THA,2015,CONS,N,FALSE,SES,3,2014-2021,.3598733,.2393839,2011
THA,2016,CONS,N,FALSE,SES,3,2014-2021,.3689063,.2511298,2011
THA,2017,CONS,N,FALSE,SES,3,2014-2021,.3638281,.2385486,2011
THA,2018,CONS,N,FALSE,SES,3,2014-2021,.3641217,.233577,2011
THA,2019,CONS,N,FALSE,SES,3,2014-2021,.3485572,.2154068,2011
THA,2020,CONS,N,FALSE,SES,3,2014-2021,.3498582,.2134784,2011
THA,2021,CONS,N,FALSE,SES,3,2014-2021,.3492387,.2157278,2011
TJK,1999,CONS,N,FALSE,TLSS,0,1999-2015,.2953887,.1520293,2011
TJK,2003,CONS,N,FALSE,TLSS,0,1999-2015,.327205,.1866695,2011
TJK,2004,CONS,N,FALSE,HBS,1,2004,.3360195,.1987837,2011
TJK,2007,CONS,N,FALSE,TLSS,0,1999-2015,.3218568,.2036885,2011
TJK,2009,CONS,N,FALSE,TLSS,0,1999-2015,.3077495,.165839,2011
TJK,2015,CONS,N,FALSE,HSITAFIEN,0,1999-2015,.3399572,.2015616,2011
TKM,1998,CONS,N,FALSE,LSMS,0,1998,.4080693,.3114457,2011
TLS,2001,CONS,N,FALSE,TLSS,0,2001-2014,.3593529,.2329336,2011
TLS,2007,CONS,N,FALSE,TLSLS,0,2001-2014,.2782332,.1370762,2011
TLS,2014,CONS,N,FALSE,TLSLS,0,2001-2014,.2865293,.1513521,2011
TON,2000,CONS,N,FALSE,HIES,0,2000,.3769017,.2483303,2011
TON,2009,CONS,N,FALSE,HIES,1,2009-2015,.3749649,.2522868,2011
TON,2015,CONS,N,FALSE,HIES,1,2009-2015,.335213,.2034249,2011
TON,2021,CONS,N,FALSE,HIES,2,2021,.2709576,.1235889,2011
TTO,1988,INC,N,FALSE,SLC,0,1988,.4260131,,2011
TTO,1992,INC,N,FALSE,PHC,1,1992,.4018545,,2011
TUN,1985,CONS,N,FALSE,HBCS,0,1985-1990,.4343376,,2011
TUN,1990,CONS,N,FALSE,HBCS,0,1985-1990,.4010224,,2011
TUN,1995,CONS,N,FALSE,LSS,1,1995-2000,.416573,,2011
TUN,2000,CONS,N,FALSE,LSS,1,1995-2000,.4080948,,2011
TUN,2005,CONS,N,FALSE,NSHBCSL,2,2005-2021,.3773338,.2537382,2011
TUN,2010,CONS,N,FALSE,NSHBCSL,2,2005-2021,.3580826,.219745,2011
TUN,2015,CONS,N,FALSE,NSHBCSL,2,2005-2021,.3281588,.1877256,2011
TUN,2021,CONS,N,FALSE,NSHBCSL,2,2005-2021,.3371643,.2403524,2011
TUR,2017,INC,N,FALSE,SILC-C,2,2017-2021,.4353174,.37992,2011
TUR,2018,INC,N,FALSE,SILC-C,2,2017-2021,.4244147,.3511221,2011
TUR,2019,INC,N,FALSE,SILC-C,2,2017-2021,.4383382,.3736246,2011
TUR,2020,INC,N,FALSE,SILC-C,2,2017-2021,.4304505,.3623491,2011
TUR,2021,INC,N,FALSE,SILC-C,2,2017-2021,.4436484,.4132781,2011
TUV,2010,CONS,N,FALSE,HIES,0,2010,.3913903,.2906005,2011
TWN,1981,INC,N,FALSE,FIDES-LIS,0,1981-2021,.2996948,.1559094,2011
TWN,1986,INC,N,FALSE,FIDES-LIS,0,1981-2021,.2970796,.1600413,2011
TWN,1991,INC,N,FALSE,FIDES-LIS,0,1981-2021,.299678,.1607131,2011
TWN,1995,INC,N,FALSE,FIDES-LIS,0,1981-2021,.3132405,.172215,2011
TWN,1997,INC,N,FALSE,FIDES-LIS,0,1981-2021,.3082211,.1658256,2011
TWN,2000,INC,N,FALSE,FIDES-LIS,0,1981-2021,.3111148,.1696655,2011
TWN,2005,INC,N,FALSE,FIDES-LIS,0,1981-2021,.3217959,.1840774,2011
TWN,2007,INC,N,FALSE,FIDES-LIS,0,1981-2021,.3212457,.1786939,2011
TWN,2010,INC,N,FALSE,FIDES-LIS,0,1981-2021,.3321333,.1942157,2011
TWN,2013,INC,N,FALSE,FIDES-LIS,0,1981-2021,.3248739,.1885489,2011
TWN,2016,INC,N,FALSE,FIDES-LIS,0,1981-2021,.3144864,.1759859,2011
TWN,2017,INC,N,FALSE,FIDES-LIS,0,1981-2021,.3175469,.184594,2011
TWN,2018,INC,N,FALSE,FIDES-LIS,0,1981-2021,.3163368,.1834667,2011
TWN,2019,INC,N,FALSE,FIDES-LIS,0,1981-2021,.3119192,.1737802,2011
TWN,2020,INC,N,FALSE,FIDES-LIS,0,1981-2021,.3123102,.1789554,2011
TWN,2021,INC,N,FALSE,FIDES-LIS,0,1981-2021,.3156638,.1816002,2011
TZA,1991,CONS,N,FALSE,HBS,0,1991,.3527068,.2187065,2011
TZA,2000,CONS,N,FALSE,HBS,1,2000-2018,.372515,.2490894,2011
TZA,2007,CONS,N,FALSE,HBS,1,2000-2018,.4027649,.3135561,2011
TZA,2011,CONS,N,FALSE,HBS,1,2000-2018,.3778315,.2938029,2011
TZA,2018,CONS,N,FALSE,HBS,1,2000-2018,.4049123,.3427615,2011
UGA,1989,CONS,N,FALSE,HBS,0,1989,.4436272,,2011
UGA,1992,CONS,N,FALSE,NIHS,1,1992-1999,.4142403,.3575,2011
UGA,1996,CONS,N,FALSE,NIHS,1,1992-1999,.3904305,.2905794,2011
UGA,1999,CONS,N,FALSE,NIHS,1,1992-1999,.4299904,.3759539,2011
UGA,2002,CONS,N,FALSE,UNHS,2,2002-2019,.4517052,.4678695,2011
UGA,2005,CONS,N,FALSE,UNHS,2,2002-2019,.429444,.3643255,2011
UGA,2009,CONS,N,FALSE,UNHS,2,2002-2019,.4419066,.3931888,2011
UGA,2012,CONS,N,FALSE,UNHS,2,2002-2019,.4100963,.3197679,2011
UGA,2016,CONS,N,FALSE,UNHS,2,2002-2019,.4275355,.3560397,2011
UGA,2019,CONS,N,FALSE,UNHS,2,2002-2019,.4270278,.4198943,2011
UKR,1992,CONS,N,FALSE,HS,0,1992-1993,.2970889,.1508226,2011
UKR,1993,CONS,N,FALSE,HS,0,1992-1993,.2892698,.1460157,2011
UKR,1995,CONS,N,FALSE,HIES,1,1995,.3923102,,2011
UKR,1996,CONS,N,FALSE,HIES,2,1996,.3515393,.2317253,2011
UKR,2002,CONS,N,FALSE,HLCS,4,2002-2020,.290457,.1444973,2011
UKR,2003,CONS,N,FALSE,HLCS,4,2002-2020,.2866489,.1426303,2011
UKR,2004,CONS,N,FALSE,HLCS,4,2002-2020,.2893402,.1457046,2011
UKR,2005,CONS,N,FALSE,HLCS,4,2002-2020,.2902071,.1436838,2011
UKR,2006,CONS,N,FALSE,HLCS,4,2002-2020,.2979439,.1602228,2011
UKR,2007,CONS,N,FALSE,HLCS,4,2002-2020,.2701268,.1245412,2011
UKR,2008,CONS,N,FALSE,HLCS,4,2002-2020,.2663823,.1214085,2011
UKR,2009,CONS,N,FALSE,HLCS,4,2002-2020,.2531666,.1082053,2011
UKR,2010,CONS,N,FALSE,HLCS,4,2002-2020,.2481898,.1041485,2011
UKR,2011,CONS,N,FALSE,HLCS,4,2002-2020,.2455184,.1026142,2011
UKR,2012,CONS,N,FALSE,HLCS,4,2002-2020,.2474066,.1025536,2011
UKR,2013,CONS,N,FALSE,HLCS,4,2002-2020,.2455499,.1035444,2011
UKR,2014,CONS,N,FALSE,HLCS,4,2002-2020,.2402537,.0994479,2011
UKR,2015,CONS,N,FALSE,HLCS,4,2002-2020,.2545754,.1138756,2011
UKR,2016,CONS,N,FALSE,HLCS,4,2002-2020,.250022,.1115329,2011
UKR,2017,CONS,N,FALSE,HLCS,4,2002-2020,.2604905,.1171163,2011
UKR,2018,CONS,N,FALSE,HLCS,4,2002-2020,.2607149,.1189624,2011
UKR,2019,CONS,N,FALSE,HLCS,4,2002-2020,.2661947,.1231826,2011
UKR,2020,CONS,N,FALSE,HLCS,4,2002-2020,.2562736,.1150426,2011
URY,1981,INC,U,FALSE,ENH,0,1981,.4364543,,2011
URY,1989,INC,U,FALSE,ENH,1,1989,.4236905,.3544088,2011
URY,1992,INC,U,FALSE,ECH,2,1992-2005,.4146803,.313796,2011
URY,1995,INC,U,FALSE,ECH,2,1992-2005,.4092633,.2959013,2011
URY,1996,INC,U,FALSE,ECH,2,1992-2005,.4075122,.2907875,2011
URY,1997,INC,U,FALSE,ECH,2,1992-2005,.4145671,.3051765,2011
URY,1998,INC,U,FALSE,ECH,2,1992-2005,.4248224,.3205908,2011
URY,2000,INC,U,FALSE,ECH,2,1992-2005,.4290708,.328207,2011
URY,2001,INC,U,FALSE,ECH,2,1992-2005,.4500767,.3651962,2011
URY,2002,INC,U,FALSE,ECH,2,1992-2005,.4554421,.3757197,2011
URY,2003,INC,U,FALSE,ECH,2,1992-2005,.4503369,.3715172,2011
URY,2004,INC,U,FALSE,ECH,2,1992-2005,.4588094,.3877212,2011
URY,2005,INC,U,FALSE,ECH,2,1992-2005,.4472756,.3617477,2011
URY,2006,INC,N,FALSE,ECH,3,2006-2019,.4594137,.3885051,2011
URY,2007,INC,N,FALSE,ECH,3,2006-2019,.4640476,.4044521,2011
URY,2008,INC,N,FALSE,ECH,3,2006-2019,.4508152,.3784772,2011
URY,2009,INC,N,FALSE,ECH,3,2006-2019,.4554152,.3912662,2011
URY,2010,INC,N,FALSE,ECH,3,2006-2019,.444748,.3639686,2011
URY,2011,INC,N,FALSE,ECH,3,2006-2019,.4217514,.3197865,2011
URY,2012,INC,N,FALSE,ECH,3,2006-2019,.3990043,.2726462,2011
URY,2013,INC,N,FALSE,ECH,3,2006-2019,.4045079,.2886087,2011
URY,2014,INC,N,FALSE,ECH,3,2006-2019,.4011094,.2832458,2011
URY,2015,INC,N,FALSE,ECH,3,2006-2019,.4012859,.2891719,2011
URY,2016,INC,N,FALSE,ECH,3,2006-2019,.3969535,.2785814,2011
URY,2017,INC,N,FALSE,ECH,3,2006-2019,.3946438,.2782792,2011
URY,2018,INC,N,FALSE,ECH,3,2006-2019,.3968712,.2793991,2011
URY,2019,INC,N,FALSE,ECH,3,2006-2019,.3967631,.276787,2011
URY,2020,INC,N,FALSE,ECH,4,2020,.4015561,.2835308,2011
URY,2021,INC,N,FALSE,ECH-S2,5,2021,.4077684,.3036043,2011
URY,2022,INC,N,FALSE,ECH,6,2022,.4055169,.2929136,2011
USA,1963,INC,N,FALSE,CPS-LIS,0,1963-2001,.3760023,.2441227,2011
USA,1964,INC,N,FALSE,CPS-LIS,0,1963-2001,.3813861,.2550328,2011
USA,1965,INC,N,FALSE,CPS-LIS,0,1963-2001,.3749812,.2418969,2011
USA,1966,INC,N,FALSE,CPS-LIS,0,1963-2001,.3778269,.2442831,2011
USA,1967,INC,N,FALSE,CPS-LIS,0,1963-2001,.3688652,.2327126,2011
USA,1968,INC,N,FALSE,CPS-LIS,0,1963-2001,.3632627,.2256898,2011
USA,1969,INC,N,FALSE,CPS-LIS,0,1963-2001,.3601459,.2213718,2011
USA,1970,INC,N,FALSE,CPS-LIS,0,1963-2001,.3663143,.2294678,2011
USA,1971,INC,N,FALSE,CPS-LIS,0,1963-2001,.3691758,.2340133,2011
USA,1972,INC,N,FALSE,CPS-LIS,0,1963-2001,.3666148,.2293911,2011
USA,1973,INC,N,FALSE,CPS-LIS,0,1963-2001,.3611293,.2224883,2011
USA,1974,INC,N,FALSE,CPS-LIS,0,1963-2001,.3547668,.2132496,2011
USA,1975,INC,N,FALSE,CPS-LIS,0,1963-2001,.3564848,.2163211,2011
USA,1976,INC,N,FALSE,CPS-LIS,0,1963-2001,.3556061,.2145951,2011
USA,1977,INC,N,FALSE,CPS-LIS,0,1963-2001,.3550441,.218492,2011
USA,1978,INC,N,FALSE,CPS-LIS,0,1963-2001,.347901,.2052552,2011
USA,1979,INC,N,FALSE,CPS-LIS,0,1963-2001,.3475896,.2052927,2011
USA,1980,INC,N,FALSE,CPS-LIS,0,1963-2001,.3471699,.2041537,2011
USA,1981,INC,N,FALSE,CPS-LIS,0,1963-2001,.3548761,.2126152,2011
USA,1982,INC,N,FALSE,CPS-LIS,0,1963-2001,.366605,.2280422,2011
USA,1983,INC,N,FALSE,CPS-LIS,0,1963-2001,.3729209,.2346041,2011
USA,1984,INC,N,FALSE,CPS-LIS,0,1963-2001,.3734441,.2361404,2011
USA,1985,INC,N,FALSE,CPS-LIS,0,1963-2001,.3764074,.2408378,2011
USA,1986,INC,N,FALSE,CPS-LIS,0,1963-2001,.3755641,.2395739,2011
USA,1987,INC,N,FALSE,CPS-LIS,0,1963-2001,.3719618,.2353173,2011
USA,1988,INC,N,FALSE,CPS-LIS,0,1963-2001,.3770515,.2437292,2011
USA,1989,INC,N,FALSE,CPS-LIS,0,1963-2001,.3823802,.2537247,2011
USA,1990,INC,N,FALSE,CPS-LIS,0,1963-2001,.3826256,.2531144,2011
USA,1991,INC,N,FALSE,CPS-LIS,0,1963-2001,.3804492,.2488432,2011
USA,1992,INC,N,FALSE,CPS-LIS,0,1963-2001,.3837287,.2537525,2011
USA,1993,INC,N,FALSE,CPS-LIS,0,1963-2001,.4036317,.3047017,2011
USA,1994,INC,N,FALSE,CPS-LIS,0,1963-2001,.3998546,.2992791,2011
USA,1995,INC,N,FALSE,CPS-LIS,0,1963-2001,.3985367,.2986775,2011
USA,1996,INC,N,FALSE,CPS-LIS,0,1963-2001,.4030839,.3153158,2011
USA,1997,INC,N,FALSE,CPS-LIS,0,1963-2001,.4052427,.3178603,2011
USA,1998,INC,N,FALSE,CPS-LIS,0,1963-2001,.3995189,.3036095,2011
USA,1999,INC,N,FALSE,CPS-LIS,0,1963-2001,.3998453,.3027765,2011
USA,2000,INC,N,FALSE,CPS-LIS,0,1963-2001,.4013901,.3151761,2011
USA,2001,INC,N,FALSE,CPS-LIS,0,1963-2001,.4059441,.3259469,2011
USA,2002,INC,N,FALSE,CPS-ASEC-LIS,1,2002-2022,.4035216,.3095654,2011
USA,2003,INC,N,FALSE,CPS-ASEC-LIS,1,2002-2022,.4077018,.3109344,2011
USA,2004,INC,N,FALSE,CPS-ASEC-LIS,1,2002-2022,.4025069,.3104703,2011
USA,2005,INC,N,FALSE,CPS-ASEC-LIS,1,2002-2022,.4096299,.3218028,2011
USA,2006,INC,N,FALSE,CPS-ASEC-LIS,1,2002-2022,.4139605,.3327181,2011
USA,2007,INC,N,FALSE,CPS-ASEC-LIS,1,2002-2022,.4079605,.3128168,2011
USA,2008,INC,N,FALSE,CPS-ASEC-LIS,1,2002-2022,.4080932,.3122429,2011
USA,2009,INC,N,FALSE,CPS-ASEC-LIS,1,2002-2022,.4060844,.3121821,2011
USA,2010,INC,N,FALSE,CPS-ASEC-LIS,1,2002-2022,.400077,.2870151,2011
USA,2011,INC,N,FALSE,CPS-ASEC-LIS,1,2002-2022,.4093435,.3053591,2011
USA,2012,INC,N,FALSE,CPS-ASEC-LIS,1,2002-2022,.4093427,.3064406,2011
USA,2013,INC,N,FALSE,CPS-ASEC-LIS,1,2002-2022,.4064939,.2975513,2011
USA,2014,INC,N,FALSE,CPS-ASEC-LIS,1,2002-2022,.4150818,.3080504,2011
USA,2015,INC,N,FALSE,CPS-ASEC-LIS,1,2002-2022,.4123575,.305972,2011
USA,2016,INC,N,FALSE,CPS-ASEC-LIS,1,2002-2022,.4111911,.3048623,2011
USA,2017,INC,N,FALSE,CPS-ASEC-LIS,1,2002-2022,.4117738,.3052559,2011
USA,2018,INC,N,FALSE,CPS-ASEC-LIS,1,2002-2022,.4140531,.3134166,2011
USA,2019,INC,N,FALSE,CPS-ASEC-LIS,1,2002-2022,.415336,.3118694,2011
USA,2020,INC,N,FALSE,CPS-ASEC-LIS,1,2002-2022,.3968215,.2830395,2011
USA,2021,INC,N,FALSE,CPS-ASEC-LIS,1,2002-2022,.396965,.2877203,2011
USA,2022,INC,N,FALSE,CPS-ASEC-LIS,1,2002-2022,.4133426,.3094012,2011
UZB,1998,CONS,N,FALSE,HBS,0,1998-2003,.4443707,.3574558,2011
UZB,2000,CONS,N,FALSE,HBS,0,1998-2003,.3607475,.2462146,2011
UZB,2002,CONS,N,FALSE,HBS,0,1998-2003,.330411,.2078286,2011
UZB,2003,CONS,N,FALSE,HBS,0,1998-2003,.3526779,.2324048,2011
UZB,2022,CONS,N,FALSE,HBS,1,2022,.3118483,.1611619,2011
VEN,1981,INC,N,FALSE,EHM,0,1981-1987,.5560985,,2011
VEN,1987,INC,N,FALSE,EHM,0,1981-1987,.5344797,,2011
VEN,1989,INC,N,FALSE,EHM,1,1989-1999,.4377888,.3563726,2011
VEN,1992,INC,N,FALSE,EHM,1,1989-1999,.4206361,.3200903,2011
VEN,1995,INC,N,FALSE,EHM,1,1989-1999,.4716927,.4223432,2011
VEN,1998,INC,N,FALSE,EHM,1,1989-1999,.4800254,.4298246,2011
VEN,1999,INC,N,FALSE,EHM,1,1989-1999,.4770231,.4278144,2011
VEN,2001,INC,N,FALSE,EHM,2,2001-2006,.4717393,.4131951,2011
VEN,2002,INC,N,FALSE,EHM,2,2001-2006,.4888564,.4443489,2011
VEN,2003,INC,N,FALSE,EHM,2,2001-2006,.4791739,.4247299,2011
VEN,2004,INC,N,FALSE,EHM,2,2001-2006,.4732697,.4093984,2011
VEN,2005,INC,N,FALSE,EHM,2,2001-2006,.4932491,.4846493,2011
VEN,2006,INC,N,FALSE,EHM,2,2001-2006,.4470229,.3693343,2011
VNM,1992,CONS,N,FALSE,VLSS,0,1992-1997,.356534,.2315915,2011
VNM,1997,CONS,N,FALSE,VLSS,0,1992-1997,.3544221,.233198,2011
VNM,2002,CONS,N,FALSE,VHLSS,1,2002-2008,.3702962,.2488028,2011
VNM,2004,CONS,N,FALSE,VHLSS,1,2002-2008,.3678583,.2384081,2011
VNM,2006,CONS,N,FALSE,VHLSS,1,2002-2008,.3578862,.2266656,2011
VNM,2008,CONS,N,FALSE,VHLSS,1,2002-2008,.3557031,.2270587,2011
VNM,2010,CONS,N,FALSE,VHLSS,2,2010-2022,.3925273,.2935199,2011
VNM,2012,CONS,N,FALSE,VHLSS,2,2010-2022,.3564589,.2290707,2011
VNM,2014,CONS,N,FALSE,VHLSS,2,2010-2022,.3475538,.2164045,2011
VNM,2016,CONS,N,FALSE,VHLSS,2,2010-2022,.3526674,.2228426,2011
VNM,2018,CONS,N,FALSE,VHLSS,2,2010-2022,.3571555,.2259765,2011
VNM,2020,CONS,N,FALSE,VHLSS,2,2010-2022,.3679017,.2462575,2011
VNM,2022,CONS,N,FALSE,VHLSS,2,2010-2022,.36093,.2660981,2011
VUT,2010,CONS,N,FALSE,HIES,0,2010,.373513,.2613908,2011
VUT,2019,CONS,N,FALSE,NSDP,1,2019,.3231758,.1805218,2011
WSM,2002,CONS,N,FALSE,HIES,0,2002-2013,.4073552,.314188,2011
WSM,2008,CONS,N,FALSE,HIES,0,2002-2013,.4204655,.3435619,2011
WSM,2013,CONS,N,FALSE,HIES,0,2002-2013,.3874345,.2893106,2011
XKX,2003,CONS,N,FALSE,HBS,0,2003-2011,.2895386,.1392633,2011
XKX,2005,CONS,N,FALSE,HBS,0,2003-2011,.3123823,.1611793,2011
XKX,2006,CONS,N,FALSE,HBS,0,2003-2011,.3032163,.153922,2011
XKX,2009,CONS,N,FALSE,HBS,0,2003-2011,.3178172,.169438,2011
XKX,2010,CONS,N,FALSE,HBS,0,2003-2011,.332543,.1849267,2011
XKX,2011,CONS,N,FALSE,HBS,0,2003-2011,.2783175,.1284192,2011
XKX,2012,CONS,N,FALSE,HBS,1,2012-2017,.2897227,.1552692,2011
XKX,2013,CONS,N,FALSE,HBS,1,2012-2017,.2630659,.1235612,2011
XKX,2014,CONS,N,FALSE,HBS,1,2012-2017,.2727017,.1261291,2011
XKX,2015,CONS,N,FALSE,HBS,1,2012-2017,.2645415,.1171573,2011
XKX,2016,CONS,N,FALSE,HBS,1,2012-2017,.2672114,.123164,2011
XKX,2017,CONS,N,FALSE,HBS,1,2012-2017,.2901295,.1656347,2011
YEM,1998,CONS,N,FALSE,HBS,0,1998,.3499779,.2153419,2011
YEM,2005,CONS,N,FALSE,HBS,1,2005-2014,.3473233,.243091,2011
YEM,2014,CONS,N,FALSE,HBS,1,2005-2014,.3670709,.2546958,2011
ZAF,1993,CONS,N,FALSE,KIDS,0,1993,.5933394,,2011
ZAF,2000,CONS,N,FALSE,HIES,2,2000,.5776966,,2011
ZAF,2005,CONS,N,FALSE,IES,3,2005-2014,.6476219,.8675075,2011
ZAF,2008,CONS,N,FALSE,LCS,3,2005-2014,.63009,.7911583,2011
ZAF,2010,CONS,N,FALSE,IES,3,2005-2014,.6338277,.7907304,2011
ZAF,2014,CONS,N,FALSE,LCS,3,2005-2014,.6302586,.7791004,2011
ZMB,1991,CONS,N,FALSE,HBS,0,1991,.5953651,.6534568,2011
ZMB,1993,CONS,N,FALSE,HBS,1,1993,.5252778,,2011
ZMB,1996,CONS,N,FALSE,LCMS-I,2,1996,.4832981,.45468,2011
ZMB,1998,CONS,N,FALSE,LCMS-II,3,1998-2006,.4912584,.4771005,2011
ZMB,2002,CONS,N,FALSE,LCMS-III,3,1998-2006,.4205924,.371071,2011
ZMB,2004,CONS,N,FALSE,LCMS-IV,3,1998-2006,.5427433,.6110301,2011
ZMB,2006,CONS,N,FALSE,LCMS-V,3,1998-2006,.5458363,.5917901,2011
ZMB,2010,CONS,N,FALSE,LCMS-VI,4,2010-2022,.5201874,.5208348,2011
ZMB,2015,CONS,N,FALSE,LCMS-VII,4,2010-2022,.5586104,.6199052,2011
ZMB,2022,CONS,N,FALSE,LCMS-VIII,4,2010-2022,.5149583,.5073395,2011
ZWE,2011,CONS,N,FALSE,ICES,0,2011-2019,.4315358,,2011
ZWE,2017,CONS,N,FALSE,PICES,0,2011-2019,.4433708,.3792188,2011
ZWE,2019,CONS,N,FALSE,PICES,0,2011-2019,.5025645,.4550769,2011
RUS,1997,CONS,N,FALSE,HBS,1,1997-2020,.3840923,.2684716,2011
RUS,1998,CONS,N,FALSE,HBS,1,1997-2020,.3813704,.2551302,2011
RUS,1999,CONS,N,FALSE,HBS,1,1997-2020,.3744344,.2441476,2011
RUS,2000,CONS,N,FALSE,HBS,1,1997-2020,.3709283,.2396907,2011
RUS,2001,CONS,N,FALSE,HBS,1,1997-2020,.3692512,.2412477,2011
RUS,2002,CONS,N,FALSE,HBS,1,1997-2020,.3728383,.2461456,2011
RUS,2003,CONS,N,FALSE,HBS,1,1997-2020,.3997157,.2779509,2011
RUS,2004,CONS,N,FALSE,HBS,1,1997-2020,.4031584,.2854866,2011
RUS,2005,CONS,N,FALSE,HBS,1,1997-2020,.4126561,.302773,2011
RUS,2006,CONS,N,FALSE,HBS,1,1997-2020,.4095095,.2953436,2011
RUS,2007,CONS,N,FALSE,HBS,1,1997-2020,.4227247,.3207287,2011
RUS,2008,CONS,N,FALSE,HBS,1,1997-2020,.4156859,.3161366,2011
RUS,2009,CONS,N,FALSE,HBS,1,1997-2020,.398456,.2860049,2011
RUS,2010,CONS,N,FALSE,HBS,1,1997-2020,.3954898,.2790949,2011
RUS,2011,CONS,N,FALSE,HBS,1,1997-2020,.3974932,.2845841,2011
RUS,2012,CONS,N,FALSE,HBS,1,1997-2020,.4071483,.3061719,2011
RUS,2013,CONS,N,FALSE,HBS,1,1997-2020,.4088442,.3104908,2011
SLE,1989,CONS,N,FALSE,HEEAS,0,1989,,,2011
AGO,2000,CONS,N,FALSE,HBS,0,2000,.5194472,.545873,2017
AGO,2008,CONS,N,FALSE,IBEP-MICS,1,2008,.4271551,.3330803,2017
AGO,2018,CONS,N,FALSE,IDREA,2,2018,.5126399,.6139762,2017
ALB,1996,CONS,N,FALSE,EWS,0,1996,.2701034,.119247,2017
ALB,2002,CONS,N,FALSE,LSMS,1,2002-2012,.3173898,.1797405,2017
ALB,2005,CONS,N,FALSE,LSMS,1,2002-2012,.3059566,.1650443,2017
ALB,2008,CONS,N,FALSE,LSMS,1,2002-2012,.2998467,.1730688,2017
ALB,2012,CONS,N,FALSE,LSMS,1,2002-2012,.2896048,.1436571,2017
ALB,2014,CONS,N,FALSE,HBS,2,2014-2017,.345989,.1975382,2017
ALB,2015,CONS,N,FALSE,HBS,2,2014-2017,.3275373,.1764716,2017
ALB,2016,CONS,N,FALSE,HBS,2,2014-2017,.337363,.1866335,2017
ALB,2017,CONS,N,FALSE,HBS,2,2014-2017,.3305566,.178665,2017
ALB,2018,CONS,N,FALSE,HBS,3,2018-2020,.3014828,.1478622,2017
ALB,2019,CONS,N,FALSE,HBS,3,2018-2020,.3011577,.1506181,2017
ALB,2020,CONS,N,FALSE,HBS,3,2018-2020,.2941963,.1417546,2017
ARE,2013,INC,N,FALSE,HIES,0,2013-2018,.3251042,,2017
ARE,2018,INC,N,FALSE,HIES,0,2013-2018,.26399,,2017
ARG,1980,INC,U,FALSE,EPH,0,1980-1991,.4083086,,2017
ARG,1986,INC,U,FALSE,EPH,0,1980-1991,.4279778,.3371578,2017
ARG,1987,INC,U,FALSE,EPH,0,1980-1991,.4526751,.3861666,2017
ARG,1991,INC,U,FALSE,EPH,0,1980-1991,.4675446,.4564747,2017
ARG,1992,INC,U,FALSE,EPH,1,1992-1997,.4545517,.3778514,2017
ARG,1993,INC,U,FALSE,EPH,1,1992-1997,.4484342,.3660994,2017
ARG,1994,INC,U,FALSE,EPH,1,1992-1997,.458985,.3884526,2017
ARG,1995,INC,U,FALSE,EPH,1,1992-1997,.4887874,.444402,2017
ARG,1996,INC,U,FALSE,EPH,1,1992-1997,.4949141,.4594506,2017
ARG,1997,INC,U,FALSE,EPH,1,1992-1997,.4908586,.4359007,2017
ARG,1998,INC,U,FALSE,EPH,2,1998-2002,.5071322,.482431,2017
ARG,1999,INC,U,FALSE,EPH,2,1998-2002,.497663,.455436,2017
ARG,2000,INC,U,FALSE,EPH,2,1998-2002,.5103861,.4756848,2017
ARG,2001,INC,U,FALSE,EPH,2,1998-2002,.5329431,.5190596,2017
ARG,2002,INC,U,FALSE,EPH,2,1998-2002,.5376044,.5399969,2017
ARG,2003,INC,U,FALSE,EPHC-S2,3,2003-2022,.5099472,.5259646,2017
ARG,2004,INC,U,FALSE,EPHC-S2,3,2003-2022,.4848365,.4244748,2017
ARG,2005,INC,U,FALSE,EPHC-S2,3,2003-2022,.4781039,.4197132,2017
ARG,2006,INC,U,FALSE,EPHC-S2,3,2003-2022,.4644456,.4086979,2017
ARG,2007,INC,U,FALSE,EPHC-S2,3,2003-2022,.4628268,.398568,2017
ARG,2008,INC,U,FALSE,EPHC-S2,3,2003-2022,.4498683,.3666852,2017
ARG,2009,INC,U,FALSE,EPHC-S2,3,2003-2022,.43759,.3347161,2017
ARG,2010,INC,U,FALSE,EPHC-S2,3,2003-2022,.436766,.3370926,2017
ARG,2011,INC,U,FALSE,EPHC-S2,3,2003-2022,.4273796,.3184621,2017
ARG,2012,INC,U,FALSE,EPHC-S2,3,2003-2022,.4143739,.2954642,2017
ARG,2013,INC,U,FALSE,EPHC-S2,3,2003-2022,.4108651,.2902102,2017
ARG,2014,INC,U,FALSE,EPHC-S2,3,2003-2022,.4182253,.3037223,2017
ARG,2016,INC,U,FALSE,EPHC-S2,3,2003-2022,.4234505,.3157226,2017
ARG,2017,INC,U,FALSE,EPHC-S2,3,2003-2022,.4143484,.2954971,2017
ARG,2018,INC,U,FALSE,EPHC-S2,3,2003-2022,.4171901,.3010364,2017
ARG,2019,INC,U,FALSE,EPHC-S2,3,2003-2022,.4331418,.3313826,2017
ARG,2020,INC,U,FALSE,EPHC-S2,3,2003-2022,.4274376,.3144661,2017
ARG,2021,INC,U,FALSE,EPHC-S2,3,2003-2022,.4244559,.335645,2017
ARG,2022,INC,U,FALSE,EPHC-S2,3,2003-2022,.4073649,.2857514,2017
ARM,1999,CONS,N,FALSE,ILCS,1,1999-2018,.3621973,.2618624,2017
ARM,2001,CONS,N,FALSE,ILCS,1,1999-2018,.3536436,.2361618,2017
ARM,2002,CONS,N,FALSE,ILCS,1,1999-2018,.3477967,.2379276,2017
ARM,2003,CONS,N,FALSE,ILCS,1,1999-2018,.3302809,.2322956,2017
ARM,2004,CONS,N,FALSE,ILCS,1,1999-2018,.3750563,.3136523,2017
ARM,2005,CONS,N,FALSE,ILCS,1,1999-2018,.3599235,.2842595,2017
ARM,2006,CONS,N,FALSE,ILCS,1,1999-2018,.2970999,.1623417,2017
ARM,2007,CONS,N,FALSE,ILCS,1,1999-2018,.3122606,.1725216,2017
ARM,2008,CONS,N,FALSE,ILCS,1,1999-2018,.2918814,.1542256,2017
ARM,2009,CONS,N,FALSE,ILCS,1,1999-2018,.2801588,.1376237,2017
ARM,2010,CONS,N,FALSE,ILCS,1,1999-2018,.2999258,.1783033,2017
ARM,2011,CONS,N,FALSE,ILCS,1,1999-2018,.2935295,.1574659,2017
ARM,2012,CONS,N,FALSE,ILCS,1,1999-2018,.2960226,.1643002,2017
ARM,2013,CONS,N,FALSE,ILCS,1,1999-2018,.3057966,.1794897,2017
ARM,2014,CONS,N,FALSE,ILCS,1,1999-2018,.3148329,.1873002,2017
ARM,2015,CONS,N,FALSE,ILCS,1,1999-2018,.3235677,.2036405,2017
ARM,2016,CONS,N,FALSE,ILCS,1,1999-2018,.3254795,.2179179,2017
ARM,2017,CONS,N,FALSE,ILCS,1,1999-2018,.3362184,.2486422,2017
ARM,2018,CONS,N,FALSE,ILCS,1,1999-2018,.344335,.2499934,2017
ARM,2019,CONS,N,FALSE,ILCS,2,2019-2022,.3003121,.1830496,2017
ARM,2020,CONS,N,FALSE,ILCS,2,2019-2022,.251316,.113075,2017
ARM,2021,CONS,N,FALSE,ILCS,2,2019-2022,.2794013,.1475941,2017
ARM,2022,CONS,N,FALSE,ILCS,2,2019-2022,.2794529,.1402678,2017
AUS,1981,INC,N,FALSE,IHS-LIS,0,1981,.3132476,.1629,2017
AUS,1985,INC,N,FALSE,IDS-LIS,1,1985,.3249643,.1788477,2017
AUS,1989,INC,N,FALSE,SIHCA-LIS,2,1989-2018,.3315193,.1884895,2017
AUS,1995,INC,N,FALSE,SIH-LIS,2,1989-2018,.3257863,.18235,2017
AUS,2001,INC,N,FALSE,SIH-LIS,2,1989-2018,.3346204,.1922023,2017
AUS,2003,INC,N,FALSE,SIH-LIS,2,1989-2018,.3349686,.1942638,2017
AUS,2004,INC,N,FALSE,SIH-HES-LIS,3,2004-2010,.3305577,.1905263,2017
AUS,2008,INC,N,FALSE,SIH-LIS,2,1989-2018,.3542851,.2294933,2017
AUS,2010,INC,N,FALSE,SIH-HES-LIS,3,2004-2010,.3465673,.2119096,2017
AUS,2014,INC,N,FALSE,SIH-LIS,2,1989-2018,.343982,.2252949,2017
AUS,2016,INC,N,FALSE,SIH-HES-LIS,2,1989-2018,.3368523,.2041947,2017
AUS,2018,INC,N,FALSE,SIH-LIS,2,1989-2018,.3433256,.2224783,2017
AUT,1994,INC,N,FALSE,ECHP-LIS,1,1994-2000,.3082802,.1667778,2017
AUT,1995,INC,N,FALSE,ECHP-LIS,0,1995,.2991433,.1558332,2017
AUT,1996,INC,N,FALSE,ECHP-LIS,1,1994-2000,.2931781,.1495902,2017
AUT,1997,INC,N,FALSE,ECHP-LIS,1,1994-2000,.2906537,.1437246,2017
AUT,1998,INC,N,FALSE,ECHP-LIS,1,1994-2000,.3134077,.1868318,2017
AUT,1999,INC,N,FALSE,ECHP-LIS,1,1994-2000,.2967054,.1543671,2017
AUT,2000,INC,N,FALSE,ECHP-LIS,1,1994-2000,.2896469,.1427822,2017
AUT,2003,INC,N,FALSE,EU-SILC,2,2003-2021,.2946558,.1579175,2017
AUT,2004,INC,N,FALSE,EU-SILC,2,2003-2021,.2978882,.157561,2017
AUT,2005,INC,N,FALSE,EU-SILC,2,2003-2021,.2871518,.1416053,2017
AUT,2006,INC,N,FALSE,EU-SILC,2,2003-2021,.2958756,.1587717,2017
AUT,2007,INC,N,FALSE,EU-SILC,2,2003-2021,.3057939,.1659607,2017
AUT,2008,INC,N,FALSE,EU-SILC,2,2003-2021,.3043706,.1678931,2017
AUT,2009,INC,N,FALSE,EU-SILC,2,2003-2021,.314948,.1815271,2017
AUT,2010,INC,N,FALSE,EU-SILC,2,2003-2021,.3025161,.1608864,2017
AUT,2011,INC,N,FALSE,EU-SILC,2,2003-2021,.30801,.1707873,2017
AUT,2012,INC,N,FALSE,EU-SILC,2,2003-2021,.3047553,.1631831,2017
AUT,2013,INC,N,FALSE,EU-SILC,2,2003-2021,.3075289,.178525,2017
AUT,2014,INC,N,FALSE,EU-SILC,2,2003-2021,.3053535,.1742973,2017
AUT,2015,INC,N,FALSE,EU-SILC,2,2003-2021,.3053069,.177928,2017
AUT,2016,INC,N,FALSE,EU-SILC,2,2003-2021,.3079501,.171378,2017
AUT,2017,INC,N,FALSE,EU-SILC,2,2003-2021,.2973688,.1545346,2017
AUT,2018,INC,N,FALSE,EU-SILC,2,2003-2021,.3084731,.1726145,2017
AUT,2019,INC,N,FALSE,EU-SILC,2,2003-2021,.3021043,.1604892,2017
AUT,2020,INC,N,FALSE,EU-SILC,2,2003-2021,.2980061,.1573125,2017
AUT,2021,INC,N,FALSE,EU-SILC,2,2003-2021,.307016,.1772717,2017
AZE,1995,CONS,N,FALSE,SLC,0,1995,.3464838,.2104559,2017
AZE,2001,CONS,N,FALSE,HBS,1,2001-2005,.3645494,.2507486,2017
AZE,2002,CONS,N,FALSE,HBS,1,2001-2005,.2527767,.1280367,2017
AZE,2003,CONS,N,FALSE,HBS,1,2001-2005,.2683288,.1382024,2017
AZE,2004,CONS,N,FALSE,HBS,1,2001-2005,.2662159,.1474769,2017
AZE,2005,CONS,N,FALSE,HBS,1,2001-2005,.2655491,.1437015,2017
BDI,1992,CONS,N,FALSE,EDCM,0,1992,.3333381,,2017
BDI,1998,CONS,N,FALSE,EP,1,1998-2013,.4205956,.3471644,2017
BDI,2006,CONS,N,FALSE,QUIBB,1,1998-2013,.3335986,.2085476,2017
BDI,2013,CONS,N,FALSE,ECVMB,1,1998-2013,.3862399,.2833872,2017
BDI,2020,CONS,N,FALSE,EICVMB,2,2020,.3745609,.2634732,2017
BEL,1985,INC,N,FALSE,SEP-LIS,0,1985-1997,.2520385,.1079176,2017
BEL,1988,INC,N,FALSE,SEP-LIS,0,1985-1997,.2571152,.1189753,2017
BEL,1992,INC,N,FALSE,SEP-LIS,0,1985-1997,.2494629,.1063934,2017
BEL,1995,INC,N,FALSE,PSBH-ECHP-LIS,1,1995-2000,.2841077,.1481004,2017
BEL,1997,INC,N,FALSE,SEP-LIS,0,1985-1997,.2683214,.1238336,2017
BEL,2000,INC,N,FALSE,PSBH-ECHP-LIS,1,1995-2000,.3313591,.3300593,2017
BEL,2003,INC,N,FALSE,EU-SILC,2,2003-2021,.2814332,.1404938,2017
BEL,2004,INC,N,FALSE,EU-SILC,2,2003-2021,.3054143,.305141,2017
BEL,2005,INC,N,FALSE,EU-SILC,2,2003-2021,.293369,.2218892,2017
BEL,2006,INC,N,FALSE,EU-SILC,2,2003-2021,.2805403,.1398015,2017
BEL,2007,INC,N,FALSE,EU-SILC,2,2003-2021,.2923767,.1734005,2017
BEL,2008,INC,N,FALSE,EU-SILC,2,2003-2021,.2837372,.1540892,2017
BEL,2009,INC,N,FALSE,EU-SILC,2,2003-2021,.2855119,.1531408,2017
BEL,2010,INC,N,FALSE,EU-SILC,2,2003-2021,.2837481,.163893,2017
BEL,2011,INC,N,FALSE,EU-SILC,2,2003-2021,.2806043,.1446795,2017
BEL,2012,INC,N,FALSE,EU-SILC,2,2003-2021,.2749048,.1367775,2017
BEL,2013,INC,N,FALSE,EU-SILC,2,2003-2021,.2766884,.134424,2017
BEL,2014,INC,N,FALSE,EU-SILC,2,2003-2021,.2813401,.1486832,2017
BEL,2015,INC,N,FALSE,EU-SILC,2,2003-2021,.277293,.1439547,2017
BEL,2016,INC,N,FALSE,EU-SILC,2,2003-2021,.2758073,.1409499,2017
BEL,2017,INC,N,FALSE,EU-SILC,2,2003-2021,.2738764,.1359582,2017
BEL,2018,INC,N,FALSE,EU-SILC,2,2003-2021,.2721419,.143417,2017
BEL,2019,INC,N,FALSE,EU-SILC,2,2003-2021,.2721955,.1445151,2017
BEL,2020,INC,N,FALSE,EU-SILC,2,2003-2021,.2595828,.1281429,2017
BEL,2021,INC,N,FALSE,EU-SILC,2,2003-2021,.2657763,.1324839,2017
BEN,2003,CONS,N,FALSE,QUIBB,0,2003,.3857762,.2911594,2017
BEN,2011,CONS,N,FALSE,EMICOV,1,2011-2015,.4343956,.3514344,2017
BEN,2015,CONS,N,FALSE,EMICOV,1,2011-2015,.4762964,.4367123,2017
BEN,2018,CONS,N,FALSE,EHCVM,2,2018-2021,.3794864,.2692107,2017
BEN,2021,CONS,N,FALSE,EHCVM,2,2018-2021,.3439581,.215637,2017
BFA,1994,CONS,N,FALSE,EP-I,0,1994,.4802524,.4811844,2017
BFA,1998,CONS,N,FALSE,EP-II,1,1998-2003,.4987795,.6015259,2017
BFA,2003,CONS,N,FALSE,ECVM,1,1998-2003,.4325128,.364267,2017
BFA,2009,CONS,N,FALSE,ECVM,2,2009,.39761,.3146471,2017
BFA,2014,CONS,N,FALSE,EMC,3,2014,.3530123,.2424356,2017
BFA,2018,CONS,N,FALSE,EHCVM,4,2018-2021,.4301673,.3656669,2017
BFA,2021,CONS,N,FALSE,EHCVM,4,2018-2021,.3739129,.2639373,2017
BGD,1983,CONS,N,FALSE,HHES,0,1983-1988,.2587649,,2017
BGD,1985,CONS,N,FALSE,HHES,0,1983-1988,.269175,,2017
BGD,1988,CONS,N,FALSE,HHES,0,1983-1988,.2884655,,2017
BGD,1991,CONS,N,FALSE,HHES,1,1991-1995,.275708,.138252,2017
BGD,1995,CONS,N,FALSE,HHES,1,1991-1995,.3294298,.215424,2017
BGD,2000,CONS,N,FALSE,HIES,2,2000-2016,.3340653,.2183324,2017
BGD,2005,CONS,N,FALSE,HIES,2,2000-2016,.3320129,.2147358,2017
BGD,2010,CONS,N,FALSE,HIES,2,2000-2016,.3213031,.1994138,2017
BGD,2016,CONS,N,FALSE,HIES,2,2000-2016,.3238527,.206537,2017
BGD,2022,CONS,N,FALSE,HIES,3,2022,.3337316,.2063483,2017
BGR,2006,INC,N,FALSE,EU-SILC,5,2006-2014,.3568935,.2390052,2017
BGR,2007,INC,N,FALSE,EU-SILC,5,2006-2014,.3609589,.2345203,2017
BGR,2008,INC,N,FALSE,EU-SILC,5,2006-2014,.3357258,.1963042,2017
BGR,2009,INC,N,FALSE,EU-SILC,5,2006-2014,.3382308,.2060079,2017
BGR,2010,INC,N,FALSE,EU-SILC,5,2006-2014,.3565347,.2351892,2017
BGR,2011,INC,N,FALSE,EU-SILC,5,2006-2014,.3427505,.2158051,2017
BGR,2012,INC,N,FALSE,EU-SILC,5,2006-2014,.3601105,.2414148,2017
BGR,2013,INC,N,FALSE,EU-SILC,5,2006-2014,.3657096,.2438459,2017
BGR,2014,INC,N,FALSE,EU-SILC,5,2006-2014,.3741592,.2613115,2017
BGR,2015,INC,N,FALSE,EU-SILC,6,2015-2021,.3856444,.2753195,2017
BGR,2016,INC,N,FALSE,EU-SILC,6,2015-2021,.4058971,.3313502,2017
BGR,2017,INC,N,FALSE,EU-SILC,6,2015-2021,.4037896,.3528487,2017
BGR,2018,INC,N,FALSE,EU-SILC,6,2015-2021,.4128408,.3668416,2017
BGR,2019,INC,N,FALSE,EU-SILC,6,2015-2021,.4027113,.311767,2017
BGR,2020,INC,N,FALSE,EU-SILC,6,2015-2021,.4052315,.3543538,2017
BGR,2021,INC,N,FALSE,EU-SILC,6,2015-2021,.3900545,.2839862,2017
BIH,2001,CONS,N,FALSE,LSMS,0,2001-2004,.2996643,.1969492,2017
BIH,2004,CONS,N,FALSE,LSMS,0,2001-2004,.3403749,.1998314,2017
BIH,2007,CONS,N,FALSE,HBS,1,2007-2011,.3306159,.1848235,2017
BIH,2011,CONS,N,FALSE,HBS,1,2007-2011,.3303019,.1861008,2017
BLR,1998,CONS,N,FALSE,HHS,1,1998-2020,.3201835,.1833698,2017
BLR,1999,CONS,N,FALSE,HHS,1,1998-2020,.3173815,.1703601,2017
BLR,2000,CONS,N,FALSE,HHS,1,1998-2020,.3116748,.1672684,2017
BLR,2001,CONS,N,FALSE,HHS,1,1998-2020,.3057672,.1658815,2017
BLR,2002,CONS,N,FALSE,HHS,1,1998-2020,.3033624,.1663696,2017
BLR,2003,CONS,N,FALSE,HHS,1,1998-2020,.2882101,.1412185,2017
BLR,2004,CONS,N,FALSE,HHS,1,1998-2020,.2647988,.116589,2017
BLR,2005,CONS,N,FALSE,HHS,1,1998-2020,.2755341,.1270593,2017
BLR,2006,CONS,N,FALSE,HHS,1,1998-2020,.2827544,.1392342,2017
BLR,2007,CONS,N,FALSE,HHS,1,1998-2020,.2961238,.1582496,2017
BLR,2008,CONS,N,FALSE,HHS,1,1998-2020,.2782604,.1365975,2017
BLR,2009,CONS,N,FALSE,HHS,1,1998-2020,.276893,.1347734,2017
BLR,2010,CONS,N,FALSE,HHS,1,1998-2020,.285666,.1369792,2017
BLR,2011,CONS,N,FALSE,HHS,1,1998-2020,.2715255,.1249552,2017
BLR,2012,CONS,N,FALSE,HHS,1,1998-2020,.265262,.1226051,2017
BLR,2013,CONS,N,FALSE,HHS,1,1998-2020,.2657505,.1327335,2017
BLR,2014,CONS,N,FALSE,HHS,1,1998-2020,.2717667,.1324196,2017
BLR,2015,CONS,N,FALSE,HHS,1,1998-2020,.2563322,.1108896,2017
BLR,2016,CONS,N,FALSE,HHS,1,1998-2020,.2530662,.1098435,2017
BLR,2017,CONS,N,FALSE,HHS,1,1998-2020,.2544457,.111526,2017
BLR,2018,CONS,N,FALSE,HHS,1,1998-2020,.2524053,.1112794,2017
BLR,2019,CONS,N,FALSE,HHS,1,1998-2020,.2527785,.1099357,2017
BLR,2020,CONS,N,FALSE,HHS,1,1998-2020,.2438336,.103225,2017
BLZ,1993,INC,N,FALSE,LFS,0,1993-1999,.6022769,,2017
BLZ,1994,INC,N,FALSE,LFS,0,1993-1999,.6086798,,2017
BLZ,1996,INC,N,FALSE,SLC,2,1996,.5654803,.7833469,2017
BLZ,1997,INC,N,FALSE,LFS,0,1993-1999,.6035009,,2017
BLZ,1998,INC,N,FALSE,LFS,0,1993-1999,.5486645,.6330093,2017
BLZ,1999,INC,N,FALSE,LFS,0,1993-1999,.5323102,.5714398,2017
BOL,1990,INC,U,FALSE,EPF,0,1990-1992,.4203572,,2017
BOL,1992,INC,U,FALSE,EIH,0,1990-1992,.4907205,.48114,2017
BOL,1997,INC,N,FALSE,ENE,1,1997,.5814129,.7008529,2017
BOL,1999,INC,N,FALSE,ECH,2,1999,.5803485,.6444556,2017
BOL,2000,INC,N,FALSE,ECH,3,2000-2002,.6156387,.7707061,2017
BOL,2001,INC,N,FALSE,EH,3,2000-2002,.5736619,.6614177,2017
BOL,2002,INC,N,FALSE,EH,3,2000-2002,.592741,.7115913,2017
BOL,2004,INC,N,FALSE,ECH,4,2004,.5500019,.6273141,2017
BOL,2005,INC,N,FALSE,EH,5,2005-2021,.5851825,.6929039,2017
BOL,2006,INC,N,FALSE,EH,5,2005-2021,.566601,.6357098,2017
BOL,2007,INC,N,FALSE,EH,5,2005-2021,.5453242,.573078,2017
BOL,2008,INC,N,FALSE,EH,5,2005-2021,.508149,.4993671,2017
BOL,2009,INC,N,FALSE,EH,5,2005-2021,.4922026,.4818874,2017
BOL,2011,INC,N,FALSE,EH,5,2005-2021,.4608035,.3814332,2017
BOL,2012,INC,N,FALSE,EH,5,2005-2021,.4657995,.3897459,2017
BOL,2013,INC,N,FALSE,EH,5,2005-2021,.4758857,.4221027,2017
BOL,2014,INC,N,FALSE,EH,5,2005-2021,.4782915,.4623234,2017
BOL,2015,INC,N,FALSE,EH,5,2005-2021,.4673162,.4251865,2017
BOL,2016,INC,N,FALSE,EH,5,2005-2021,.4524077,.3628266,2017
BOL,2017,INC,N,FALSE,EH,5,2005-2021,.4461778,.351365,2017
BOL,2018,INC,N,FALSE,EH,5,2005-2021,.4257908,.3169231,2017
BOL,2019,INC,N,FALSE,EH,5,2005-2021,.416443,.3088703,2017
BOL,2020,INC,N,FALSE,EH,5,2005-2021,.4364544,.350256,2017
BOL,2021,INC,N,FALSE,EH,5,2005-2021,.4091332,.2939517,2017
BRA,1981,INC,N,FALSE,PNAD,0,1981-2011,.5786262,.6666725,2017
BRA,1982,INC,N,FALSE,PNAD,0,1981-2011,.5835481,.6828805,2017
BRA,1983,INC,N,FALSE,PNAD,0,1981-2011,.5890217,.6999538,2017
BRA,1984,INC,N,FALSE,PNAD,0,1981-2011,.5829741,.6784529,2017
BRA,1985,INC,N,FALSE,PNAD,0,1981-2011,.5552505,.574929,2017
BRA,1986,INC,N,FALSE,PNAD,0,1981-2011,.5843223,.7063474,2017
BRA,1987,INC,N,FALSE,PNAD,0,1981-2011,.5964206,.7291856,2017
BRA,1988,INC,N,FALSE,PNAD,0,1981-2011,.6137097,.7698772,2017
BRA,1989,INC,N,FALSE,PNAD,0,1981-2011,.6324467,.879751,2017
BRA,1990,INC,N,FALSE,PNAD,0,1981-2011,.6044999,.7479802,2017
BRA,1992,INC,N,FALSE,PNAD,0,1981-2011,.5310165,.5244921,2017
BRA,1993,INC,N,FALSE,PNAD,0,1981-2011,.600656,.7640111,2017
BRA,1995,INC,N,FALSE,PNAD,0,1981-2011,.5953037,.7192721,2017
BRA,1996,INC,N,FALSE,PNAD,0,1981-2011,.5983732,.7221724,2017
BRA,1997,INC,N,FALSE,PNAD,0,1981-2011,.5975373,.7257532,2017
BRA,1998,INC,N,FALSE,PNAD,0,1981-2011,.5956541,.7233981,2017
BRA,1999,INC,N,FALSE,PNAD,0,1981-2011,.5895037,.7032107,2017
BRA,2001,INC,N,FALSE,PNAD,0,1981-2011,.5840255,.6826064,2017
BRA,2002,INC,N,FALSE,PNAD,0,1981-2011,.5810544,.6779493,2017
BRA,2003,INC,N,FALSE,PNAD,0,1981-2011,.5755309,.6582163,2017
BRA,2004,INC,N,FALSE,PNAD,0,1981-2011,.564716,.6367691,2017
BRA,2005,INC,N,FALSE,PNAD,0,1981-2011,.5630994,.6368078,2017
BRA,2006,INC,N,FALSE,PNAD,0,1981-2011,.5564207,.6189685,2017
BRA,2007,INC,N,FALSE,PNAD,0,1981-2011,.5491894,.600007,2017
BRA,2008,INC,N,FALSE,PNAD,0,1981-2011,.5403744,.581094,2017
BRA,2009,INC,N,FALSE,PNAD,0,1981-2011,.5368187,.5733665,2017
BRA,2011,INC,N,FALSE,PNAD,0,1981-2011,.5294164,.5594279,2017
BRA,2012,INC,N,FALSE,PNADC-E1,1,2012-2022,.534353,.5695013,2017
BRA,2013,INC,N,FALSE,PNADC-E1,1,2012-2022,.5268333,.5454978,2017
BRA,2014,INC,N,FALSE,PNADC-E1,1,2012-2022,.5202964,.528557,2017
BRA,2015,INC,N,FALSE,PNADC-E1,1,2012-2022,.5192645,.527043,2017
BRA,2016,INC,N,FALSE,PNADC-E1,1,2012-2022,.533671,.5602096,2017
BRA,2017,INC,N,FALSE,PNADC-E1,1,2012-2022,.5332106,.5644585,2017
BRA,2018,INC,N,FALSE,PNADC-E1,1,2012-2022,.5388832,.5795918,2017
BRA,2019,INC,N,FALSE,PNADC-E1,1,2012-2022,.5350931,.5712434,2017
BRA,2020,INC,N,FALSE,PNADC-E5,1,2012-2022,.48902,.484462,2017
BRA,2021,INC,N,FALSE,PNADC-E5,1,2012-2022,.5293872,.5515975,2017
BRA,2022,INC,N,FALSE,PNADC-E1,1,2012-2022,.5201522,.5385079,2017
BTN,2003,CONS,N,FALSE,BLSS,0,2003,.40898,.3091448,2017
BTN,2007,CONS,N,FALSE,BLSS,1,2007-2017,.3809077,.2575909,2017
BTN,2012,CONS,N,FALSE,BLSS,1,2007-2017,.3880933,.2851664,2017
BTN,2017,CONS,N,FALSE,BLSS,1,2007-2017,.3744141,.2462918,2017
BTN,2022,CONS,N,FALSE,BLSS,2,2022,.2845992,.1402333,2017
BWA,1985,CONS,N,FALSE,HIES,0,1985-1993,.5421201,,2017
BWA,1993,CONS,N,FALSE,HIES,0,1985-1993,.6014759,,2017
BWA,2002,CONS,N,FALSE,HIES,1,2002-2015,.6472722,.8955339,2017
BWA,2009,CONS,N,FALSE,CWIS,1,2002-2015,.604583,.8224931,2017
BWA,2015,CONS,N,FALSE,BMTHS,1,2002-2015,.5332503,.5991259,2017
CAF,1992,CONS,N,FALSE,EPCM,0,1992,.5927244,,2017
CAF,2008,CONS,N,FALSE,ECASEB,1,2008,.5617791,.7624433,2017
CAF,2021,CONS,N,FALSE,EHCVM,2,2021,.4302789,.3457447,2017
CAN,1971,INC,N,FALSE,SCF-LIS,0,1971-1995,.3724673,.2384488,2017
CAN,1973,INC,N,FALSE,SCF-LIS,0,1971-1995,.3490182,.2084698,2017
CAN,1975,INC,N,FALSE,SCF-LIS,0,1971-1995,.3408721,.1977538,2017
CAN,1977,INC,N,FALSE,SCF-LIS,0,1971-1995,.337293,.191637,2017
CAN,1979,INC,N,FALSE,SCF-LIS,0,1971-1995,.3346914,.1891277,2017
CAN,1981,INC,N,FALSE,SCF-LIS,0,1971-1995,.3296308,.1832528,2017
CAN,1982,INC,N,FALSE,SCF-LIS,0,1971-1995,.329306,.1829238,2017
CAN,1984,INC,N,FALSE,SCF-LIS,0,1971-1995,.3351843,.1923568,2017
CAN,1985,INC,N,FALSE,SCF-LIS,0,1971-1995,.3317488,.1915889,2017
CAN,1986,INC,N,FALSE,SCF-LIS,0,1971-1995,.3167582,.1700242,2017
CAN,1987,INC,N,FALSE,SCF-LIS,0,1971-1995,.3165388,.1701608,2017
CAN,1988,INC,N,FALSE,SCF-LIS,0,1971-1995,.3119787,.1652991,2017
CAN,1989,INC,N,FALSE,SCF-LIS,0,1971-1995,.3101252,.1636527,2017
CAN,1990,INC,N,FALSE,SCF-LIS,0,1971-1995,.3136536,.1679124,2017
CAN,1991,INC,N,FALSE,SCF-LIS,0,1971-1995,.319434,.1733494,2017
CAN,1992,INC,N,FALSE,SCF-LIS,0,1971-1995,.3156432,.1689538,2017
CAN,1993,INC,N,FALSE,SCF-LIS,0,1971-1995,.3167593,.169723,2017
CAN,1994,INC,N,FALSE,SCF-LIS,0,1971-1995,.3130381,.1647353,2017
CAN,1995,INC,N,FALSE,SCF-LIS,0,1971-1995,.3150958,.1671204,2017
CAN,1996,INC,N,FALSE,SLID-LIS,1,1996-2011,.3276805,.1875842,2017
CAN,1997,INC,N,FALSE,SLID-LIS,1,1996-2011,.3311694,.1956991,2017
CAN,1998,INC,N,FALSE,SLID-LIS,1,1996-2011,.3321725,.2011666,2017
CAN,1999,INC,N,FALSE,SLID-LIS,1,1996-2011,.3306094,.1945344,2017
CAN,2000,INC,N,FALSE,SLID-LIS,1,1996-2011,.3341829,.2019509,2017
CAN,2001,INC,N,FALSE,SLID-LIS,1,1996-2011,.3355479,.2010714,2017
CAN,2002,INC,N,FALSE,SLID-LIS,1,1996-2011,.3356031,.1996241,2017
CAN,2003,INC,N,FALSE,SLID-LIS,1,1996-2011,.3380947,.2049171,2017
CAN,2004,INC,N,FALSE,SLID-LIS,1,1996-2011,.3377648,.2027464,2017
CAN,2005,INC,N,FALSE,SLID-LIS,1,1996-2011,.336218,.2017682,2017
CAN,2006,INC,N,FALSE,SLID-LIS,1,1996-2011,.3409054,.2107745,2017
CAN,2007,INC,N,FALSE,SLID-LIS,1,1996-2011,.3384101,.2099625,2017
CAN,2008,INC,N,FALSE,SLID-LIS,1,1996-2011,.3393057,.2083822,2017
CAN,2009,INC,N,FALSE,SLID-LIS,1,1996-2011,.3395215,.2043553,2017
CAN,2010,INC,N,FALSE,SLID-LIS,1,1996-2011,.335926,.2036162,2017
CAN,2011,INC,N,FALSE,SLID-LIS,1,1996-2011,.3265708,.185482,2017
CAN,2012,INC,N,FALSE,CIS-LIS,2,2012-2019,.3353901,.194186,2017
CAN,2013,INC,N,FALSE,CIS-LIS,2,2012-2019,.3379898,.196282,2017
CAN,2014,INC,N,FALSE,CIS-LIS,2,2012-2019,.331576,.191291,2017
CAN,2015,INC,N,FALSE,CIS-LIS,2,2012-2019,.3374648,.1970847,2017
CAN,2016,INC,N,FALSE,CIS-LIS,2,2012-2019,.3270182,.1855773,2017
CAN,2017,INC,N,FALSE,CIS-LIS,2,2012-2019,.3330821,.1936495,2017
CAN,2018,INC,N,FALSE,CIS-LIS,2,2012-2019,.3250927,.1837762,2017
CAN,2019,INC,N,FALSE,CIS-LIS,2,2012-2019,.3174965,.1759837,2017
CHE,1982,INC,N,FALSE,SIWS-LIS,0,1982,.3600527,.2669539,2017
CHE,1992,INC,N,FALSE,NPS-LIS,1,1992,.3385486,.2196133,2017
CHE,2000,INC,N,FALSE,IES-LIS,2,2000-2004,.3343106,.2130984,2017
CHE,2002,INC,N,FALSE,IES-LIS,2,2000-2004,.3168673,.1710501,2017
CHE,2004,INC,N,FALSE,IES-LIS,2,2000-2004,.3156451,.1725558,2017
CHE,2006,INC,N,FALSE,EU-SILC,3,2006-2020,.3391881,.2100284,2017
CHE,2007,INC,N,FALSE,EU-SILC,3,2006-2020,.3425553,.2222855,2017
CHE,2008,INC,N,FALSE,EU-SILC,3,2006-2020,.337947,.2130133,2017
CHE,2009,INC,N,FALSE,EU-SILC,3,2006-2020,.3285586,.2021827,2017
CHE,2010,INC,N,FALSE,EU-SILC,3,2006-2020,.3255303,.1975591,2017
CHE,2011,INC,N,FALSE,EU-SILC,3,2006-2020,.3171362,.1777172,2017
CHE,2012,INC,N,FALSE,EU-SILC,3,2006-2020,.3156713,.1837879,2017
CHE,2013,INC,N,FALSE,EU-SILC,3,2006-2020,.3246219,.1909064,2017
CHE,2014,INC,N,FALSE,EU-SILC,3,2006-2020,.3252566,.1937501,2017
CHE,2015,INC,N,FALSE,EU-SILC,3,2006-2020,.3230696,.191877,2017
CHE,2016,INC,N,FALSE,EU-SILC,3,2006-2020,.3304245,.2099179,2017
CHE,2017,INC,N,FALSE,EU-SILC,3,2006-2020,.3267633,.1944658,2017
CHE,2018,INC,N,FALSE,EU-SILC,3,2006-2020,.3314104,.2100322,2017
CHE,2019,INC,N,FALSE,EU-SILC,3,2006-2020,.3399834,.22625,2017
CHE,2020,INC,N,FALSE,EU-SILC,3,2006-2020,.3373793,.2163851,2017
CHL,1987,INC,N,FALSE,CASEN,0,1987-1998,.5619304,.6385282,2017
CHL,1990,INC,N,FALSE,CASEN,0,1987-1998,.5723538,.7008311,2017
CHL,1992,INC,N,FALSE,CASEN,0,1987-1998,.5480645,.6432029,2017
CHL,1994,INC,N,FALSE,CASEN,0,1987-1998,.5642096,.7254163,2017
CHL,1996,INC,N,FALSE,CASEN,0,1987-1998,.5486884,.6227875,2017
CHL,1998,INC,N,FALSE,CASEN,0,1987-1998,.5551666,.6462006,2017
CHL,2000,INC,N,FALSE,CASEN,1,2000-2003,.5275838,.5862188,2017
CHL,2003,INC,N,FALSE,CASEN,1,2000-2003,.5147522,.5590572,2017
CHL,2006,INC,N,FALSE,CASEN,2,2006-2022,.4770682,.4580766,2017
CHL,2009,INC,N,FALSE,CASEN,2,2006-2022,.474046,.4506649,2017
CHL,2011,INC,N,FALSE,CASEN,2,2006-2022,.4686813,.435443,2017
CHL,2013,INC,N,FALSE,CASEN,2,2006-2022,.4682392,.4417011,2017
CHL,2015,INC,N,FALSE,CASEN,2,2006-2022,.4534332,.4121851,2017
CHL,2017,INC,N,FALSE,CASEN,2,2006-2022,.4526995,.4169417,2017
CHL,2020,INC,N,FALSE,CASEN,2,2006-2022,.4700476,.4573176,2017
CHL,2022,INC,N,FALSE,CASEN,2,2006-2022,.4304274,.3576334,2017
CHN,1990,CONS,N,FALSE,CRHS-CUHS,1,1990-2012,.3222662,,2017
CHN,1993,CONS,N,FALSE,CRHS-CUHS,1,1990-2012,.338778,,2017
CHN,1996,CONS,N,FALSE,CRHS-CUHS,1,1990-2012,.3522766,,2017
CHN,1999,CONS,N,FALSE,CRHS-CUHS,1,1990-2012,.3870322,,2017
CHN,2002,CONS,N,FALSE,CRHS-CUHS,1,1990-2012,.4198572,,2017
CHN,2005,CONS,N,FALSE,CRHS-CUHS,1,1990-2012,.4090077,,2017
CHN,2008,CONS,N,FALSE,CRHS-CUHS,1,1990-2012,.4296504,,2017
CHN,2010,CONS,N,FALSE,CRHS-CUHS,1,1990-2012,.4374495,,2017
CHN,2011,CONS,N,FALSE,CRHS-CUHS,1,1990-2012,.4240922,,2017
CHN,2012,CONS,N,FALSE,CNIHS,1,1990-2012,.4223717,,2017
CHN,2013,CONS,N,FALSE,CNIHS,2,2013-2021,.397364,,2017
CHN,2014,CONS,N,FALSE,CNIHS,2,2013-2021,.3917765,,2017
CHN,2015,CONS,N,FALSE,CNIHS,2,2013-2021,.385953,,2017
CHN,2016,CONS,N,FALSE,CNIHS,2,2013-2021,.3848052,,2017
CHN,2017,CONS,N,FALSE,CNIHS,2,2013-2021,.3907578,,2017
CHN,2018,CONS,N,FALSE,CNIHS,2,2013-2021,.3849764,,2017
CHN,2019,CONS,N,FALSE,CNIHS,2,2013-2021,.3816834,,2017
CHN,2020,CONS,N,FALSE,CNIHS,2,2013-2021,.3709083,,2017
CHN,2021,CONS,N,FALSE,CNIHS,2,2013-2021,.3574375,,2017
CIV,1985,CONS,N,FALSE,EPAM,0,1985-1988,.4552135,.4053814,2017
CIV,1986,CONS,N,FALSE,EPAM,0,1985-1988,.3796976,.2566355,2017
CIV,1987,CONS,N,FALSE,EPAM,0,1985-1988,.4050912,.3044273,2017
CIV,1988,CONS,N,FALSE,EPAM,0,1985-1988,.3688629,.2413873,2017
CIV,1992,CONS,N,FALSE,EP,1,1992-1998,.393822,.2730241,2017
CIV,1995,CONS,N,FALSE,ENV,1,1992-1998,.4056382,.3087613,2017
CIV,1998,CONS,N,FALSE,ENV,1,1992-1998,.3895742,.2723676,2017
CIV,2002,CONS,N,FALSE,ENV,2,2002-2015,.4133849,.3248899,2017
CIV,2008,CONS,N,FALSE,ENV,2,2002-2015,.4317988,.3374778,2017
CIV,2015,CONS,N,FALSE,ENV,2,2002-2015,.4146887,.3164857,2017
CIV,2018,CONS,N,FALSE,EHCVM,3,2018-2021,.3716888,.2456696,2017
CIV,2021,CONS,N,FALSE,EHCVM,3,2018-2021,.3527536,.2209971,2017
CMR,1996,CONS,N,FALSE,ECAM-I,0,1996,.4444667,.392161,2017
CMR,2001,CONS,N,FALSE,ECAM-II,1,2001-2014,.4213679,.363605,2017
CMR,2007,CONS,N,FALSE,ECAM-III,1,2001-2014,.4282006,.3397515,2017
CMR,2014,CONS,N,FALSE,ECAM-IV,1,2001-2014,.4664087,.3970884,2017
CMR,2021,CONS,N,FALSE,ECAM-V,2,2021,.4217607,.3114105,2017
COD,2004,CONS,N,FALSE,E123,0,2004-2012,.4164216,.316111,2017
COD,2012,CONS,N,FALSE,E123,0,2004-2012,.420756,.322267,2017
COD,2020,CONS,N,FALSE,EGI-ODD,1,2020,.4467451,.4051556,2017
COG,2005,CONS,N,FALSE,ECOM,0,2005-2011,.4732929,.4345117,2017
COG,2011,CONS,N,FALSE,ECOM,0,2005-2011,.4893714,.4775897,2017
COL,1980,INC,U,FALSE,ENH,0,1980,.5509124,,2017
COL,1988,INC,U,FALSE,ENH,1,1988-2000,.5310616,,2017
COL,1989,INC,U,FALSE,ENH,1,1988-2000,.528438,,2017
COL,1991,INC,U,FALSE,ENH,1,1988-2000,.513189,,2017
COL,1992,INC,N,FALSE,ENH,1,1988-2000,.5135233,.5084096,2017
COL,1996,INC,N,FALSE,ENH,1,1988-2000,.5678045,.7183786,2017
COL,1999,INC,N,FALSE,ENH,1,1988-2000,.5853699,.7423711,2017
COL,2000,INC,N,FALSE,ENH,1,1988-2000,.5839443,.7436147,2017
COL,2001,INC,N,FALSE,ECH,2,2001,.5732849,.692426,2017
COL,2002,INC,N,FALSE,ECH,3,2002-2005,.5600755,.6742254,2017
COL,2003,INC,N,FALSE,ECH,3,2002-2005,.5357371,.576218,2017
COL,2004,INC,N,FALSE,ECH,3,2002-2005,.5497496,.6268935,2017
COL,2005,INC,N,FALSE,ECH,3,2002-2005,.5390804,.5943347,2017
COL,2008,INC,N,FALSE,GEIH,4,2008-2020,.5530713,.6178135,2017
COL,2009,INC,N,FALSE,GEIH,4,2008-2020,.54283,.595911,2017
COL,2010,INC,N,FALSE,GEIH,4,2008-2020,.5461688,.6094077,2017
COL,2011,INC,N,FALSE,GEIH,4,2008-2020,.5348354,.5800325,2017
COL,2012,INC,N,FALSE,GEIH,4,2008-2020,.5263774,.5525884,2017
COL,2013,INC,N,FALSE,GEIH,4,2008-2020,.5262517,.5563385,2017
COL,2014,INC,N,FALSE,GEIH,4,2008-2020,.5254341,.5563692,2017
COL,2015,INC,N,FALSE,GEIH,4,2008-2020,.5098304,.5175591,2017
COL,2016,INC,N,FALSE,GEIH,4,2008-2020,.505629,.5117165,2017
COL,2017,INC,N,FALSE,GEIH,4,2008-2020,.4970708,.4887348,2017
COL,2018,INC,N,FALSE,GEIH,4,2008-2020,.5041081,.5082147,2017
COL,2019,INC,N,FALSE,GEIH,4,2008-2020,.5132595,.5223387,2017
COL,2020,INC,N,FALSE,GEIH,4,2008-2020,.534887,.5827722,2017
COL,2021,INC,N,FALSE,GEIH,5,2021-2022,.5511767,.6079212,2017
COL,2022,INC,N,FALSE,GEIH,5,2021-2022,.5481926,.6018363,2017
COM,2004,CONS,N,FALSE,EIM,0,2004,.5592444,.7705921,2017
COM,2014,CONS,N,FALSE,EESIC,1,2014,.4533292,.363953,2017
CPV,2001,CONS,N,FALSE,IDRF,0,2001,.5249597,.5877119,2017
CPV,2007,CONS,N,FALSE,QUIBB,1,2007,.4718739,.4474974,2017
CPV,2015,CONS,N,FALSE,IDRF,2,2015,.4238109,.3204005,2017
CRI,1981,INC,N,FALSE,ENH,0,1981-1986,.4749476,,2017
CRI,1986,INC,N,FALSE,ENH,0,1981-1986,.3441411,,2017
CRI,1989,INC,N,FALSE,EHPM,1,1989-2000,.4546724,.3794444,2017
CRI,1990,INC,N,FALSE,EHPM,1,1989-2000,.4521589,.3701228,2017
CRI,1991,INC,N,FALSE,EHPM,1,1989-2000,.4655533,.4084792,2017
CRI,1992,INC,N,FALSE,EHPM,1,1989-2000,.4564088,.3863226,2017
CRI,1993,INC,N,FALSE,EHPM,1,1989-2000,.4592808,.3865939,2017
CRI,1994,INC,N,FALSE,EHPM,1,1989-2000,.4670296,.409867,2017
CRI,1995,INC,N,FALSE,EHPM,1,1989-2000,.4566014,.3813389,2017
CRI,1996,INC,N,FALSE,EHPM,1,1989-2000,.464791,.3881474,2017
CRI,1997,INC,N,FALSE,EHPM,1,1989-2000,.4557903,.3790123,2017
CRI,1998,INC,N,FALSE,EHPM,1,1989-2000,.4563805,.3757747,2017
CRI,1999,INC,N,FALSE,EHPM,1,1989-2000,.4763139,.4130147,2017
CRI,2000,INC,N,FALSE,EHPM,1,1989-2000,.4741041,.411879,2017
CRI,2001,INC,N,FALSE,EHPM,2,2001-2009,.515062,.5060835,2017
CRI,2002,INC,N,FALSE,EHPM,2,2001-2009,.5181283,.5244762,2017
CRI,2003,INC,N,FALSE,EHPM,2,2001-2009,.4930055,.4510853,2017
CRI,2004,INC,N,FALSE,EHPM,2,2001-2009,.4841771,.4324813,2017
CRI,2005,INC,N,FALSE,EHPM,2,2001-2009,.4751034,.415198,2017
CRI,2006,INC,N,FALSE,EHPM,2,2001-2009,.4928061,.4607672,2017
CRI,2007,INC,N,FALSE,EHPM,2,2001-2009,.4931286,.4832131,2017
CRI,2008,INC,N,FALSE,EHPM,2,2001-2009,.4864088,.4546228,2017
CRI,2009,INC,N,FALSE,EHPM,2,2001-2009,.5055479,.4863907,2017
CRI,2010,INC,N,FALSE,ENAHO,3,2010-2023,.480431,.4353135,2017
CRI,2011,INC,N,FALSE,ENAHO,3,2010-2023,.4875928,.4530931,2017
CRI,2012,INC,N,FALSE,ENAHO,3,2010-2023,.4841734,.441312,2017
CRI,2013,INC,N,FALSE,ENAHO,3,2010-2023,.4915182,.4467491,2017
CRI,2014,INC,N,FALSE,ENAHO,3,2010-2023,.4863214,.4326628,2017
CRI,2015,INC,N,FALSE,ENAHO,3,2010-2023,.48374,.4274653,2017
CRI,2016,INC,N,FALSE,ENAHO,3,2010-2023,.4870416,.4385148,2017
CRI,2017,INC,N,FALSE,ENAHO,3,2010-2023,.4834524,.4342205,2017
CRI,2018,INC,N,FALSE,ENAHO,3,2010-2023,.4797001,.4261364,2017
CRI,2019,INC,N,FALSE,ENAHO,3,2010-2023,.4818988,.4305042,2017
CRI,2020,INC,N,FALSE,ENAHO,3,2010-2023,.4924514,.4384054,2017
CRI,2021,INC,N,FALSE,ENAHO,3,2010-2023,.4867805,.4487844,2017
CRI,2022,INC,N,FALSE,ENAHO,3,2010-2023,.4715132,.4085214,2017
CRI,2023,INC,N,FALSE,ENAHO,3,2010-2023,.4672934,.3960475,2017
CYP,2004,INC,N,FALSE,EU-SILC,0,2004-2021,.3008906,.172903,2017
CYP,2005,INC,N,FALSE,EU-SILC,0,2004-2021,.3025941,.1799023,2017
CYP,2006,INC,N,FALSE,EU-SILC,0,2004-2021,.3112596,.203774,2017
CYP,2007,INC,N,FALSE,EU-SILC,0,2004-2021,.3111327,.1935186,2017
CYP,2008,INC,N,FALSE,EU-SILC,0,2004-2021,.3170861,.2034929,2017
CYP,2009,INC,N,FALSE,EU-SILC,0,2004-2021,.3210827,.2075878,2017
CYP,2010,INC,N,FALSE,EU-SILC,0,2004-2021,.3145779,.1938483,2017
CYP,2011,INC,N,FALSE,EU-SILC,0,2004-2021,.326255,.2126553,2017
CYP,2012,INC,N,FALSE,EU-SILC,0,2004-2021,.3431243,.2440047,2017
CYP,2013,INC,N,FALSE,EU-SILC,0,2004-2021,.3704183,.2962408,2017
CYP,2014,INC,N,FALSE,EU-SILC,0,2004-2021,.3556529,.257125,2017
CYP,2015,INC,N,FALSE,EU-SILC,0,2004-2021,.3396638,.226439,2017
CYP,2016,INC,N,FALSE,EU-SILC,0,2004-2021,.3289168,.2093547,2017
CYP,2017,INC,N,FALSE,EU-SILC,0,2004-2021,.3141623,.1852784,2017
CYP,2018,INC,N,FALSE,EU-SILC,0,2004-2021,.3273975,.2189203,2017
CYP,2019,INC,N,FALSE,EU-SILC,0,2004-2021,.3122325,.1833045,2017
CYP,2020,INC,N,FALSE,EU-SILC,0,2004-2021,.3172794,.1982776,2017
CYP,2021,INC,N,FALSE,EU-SILC,0,2004-2021,.3125177,.1874682,2017
CZE,1992,INC,N,FALSE,MC-LIS,0,1992-2002,.2070328,.0822235,2017
CZE,1993,INC,N,FALSE,CM,0,1992-2002,.2655349,,2017
CZE,1996,INC,N,FALSE,MC-LIS,0,1992-2002,.2579901,.1236732,2017
CZE,2002,INC,N,FALSE,MC-LIS,0,1992-2002,.2655509,.1294403,2017
CZE,2004,INC,N,FALSE,EU-SILC,1,2004-2021,.2753318,.1448109,2017
CZE,2005,INC,N,FALSE,EU-SILC,1,2004-2021,.2694602,.1407289,2017
CZE,2006,INC,N,FALSE,EU-SILC,1,2004-2021,.2674412,.1346798,2017
CZE,2007,INC,N,FALSE,EU-SILC,1,2004-2021,.2599865,.1276503,2017
CZE,2008,INC,N,FALSE,EU-SILC,1,2004-2021,.2628021,.139603,2017
CZE,2009,INC,N,FALSE,EU-SILC,1,2004-2021,.2615668,.1307835,2017
CZE,2010,INC,N,FALSE,EU-SILC,1,2004-2021,.2662351,.1301724,2017
CZE,2011,INC,N,FALSE,EU-SILC,1,2004-2021,.2638127,.1280258,2017
CZE,2012,INC,N,FALSE,EU-SILC,1,2004-2021,.2610994,.1229011,2017
CZE,2013,INC,N,FALSE,EU-SILC,1,2004-2021,.264739,.1334726,2017
CZE,2014,INC,N,FALSE,EU-SILC,1,2004-2021,.2592322,.1238846,2017
CZE,2015,INC,N,FALSE,EU-SILC,1,2004-2021,.2586743,.127574,2017
CZE,2016,INC,N,FALSE,EU-SILC,1,2004-2021,.2540633,.1220263,2017
CZE,2017,INC,N,FALSE,EU-SILC,1,2004-2021,.2485221,.1128662,2017
CZE,2018,INC,N,FALSE,EU-SILC,1,2004-2021,.2499034,.112158,2017
CZE,2019,INC,N,FALSE,EU-SILC,1,2004-2021,.252622,.1111252,2017
CZE,2020,INC,N,FALSE,EU-SILC,1,2004-2021,.2624513,.1310335,2017
CZE,2021,INC,N,FALSE,EU-SILC,1,2004-2021,.262021,.1231273,2017
DEU,1991,INC,N,FALSE,GSOEP-LIS,2,1991-2020,.2949287,.1500195,2017
DEU,1992,INC,N,FALSE,GSOEP-LIS,2,1991-2020,.2907326,.1454367,2017
DEU,1993,INC,N,FALSE,GSOEP-LIS,2,1991-2020,.2861209,.1397209,2017
DEU,1994,INC,N,FALSE,GSOEP-LIS,2,1991-2020,.2915941,.1461464,2017
DEU,1995,INC,N,FALSE,GSOEP-LIS,2,1991-2020,.2881127,.1441331,2017
DEU,1996,INC,N,FALSE,GSOEP-LIS,2,1991-2020,.2799378,.1336426,2017
DEU,1997,INC,N,FALSE,GSOEP-LIS,2,1991-2020,.2824672,.1348866,2017
DEU,1998,INC,N,FALSE,GSOEP-LIS,2,1991-2020,.2827037,.1355249,2017
DEU,1999,INC,N,FALSE,GSOEP-LIS,2,1991-2020,.2904798,.146525,2017
DEU,2000,INC,N,FALSE,GSOEP-LIS,2,1991-2020,.2888814,.1451323,2017
DEU,2001,INC,N,FALSE,GSOEP-LIS,2,1991-2020,.2994939,.1589935,2017
DEU,2002,INC,N,FALSE,GSOEP-LIS,2,1991-2020,.2981053,.1558867,2017
DEU,2003,INC,N,FALSE,GSOEP-LIS,2,1991-2020,.2980293,.1630465,2017
DEU,2004,INC,N,FALSE,GSOEP-LIS,2,1991-2020,.3019259,.16579,2017
DEU,2005,INC,N,FALSE,GSOEP-LIS,2,1991-2020,.3170409,.186242,2017
DEU,2006,INC,N,FALSE,GSOEP-LIS,2,1991-2020,.3104196,.1744242,2017
DEU,2007,INC,N,FALSE,GSOEP-LIS,2,1991-2020,.3117709,.1829095,2017
DEU,2008,INC,N,FALSE,GSOEP-LIS,2,1991-2020,.3080027,.1752685,2017
DEU,2009,INC,N,FALSE,GSOEP-LIS,2,1991-2020,.3047943,.1655942,2017
DEU,2010,INC,N,FALSE,GSOEP-LIS,2,1991-2020,.3021841,.1611582,2017
DEU,2011,INC,N,FALSE,GSOEP-LIS,2,1991-2020,.306105,.1698726,2017
DEU,2012,INC,N,FALSE,GSOEP-LIS,2,1991-2020,.3105579,.1719897,2017
DEU,2013,INC,N,FALSE,GSOEP-LIS,2,1991-2020,.314536,.1828953,2017
DEU,2014,INC,N,FALSE,GSOEP-LIS,2,1991-2020,.3084779,.1715829,2017
DEU,2015,INC,N,FALSE,GSOEP-LIS,2,1991-2020,.3165391,.1896686,2017
DEU,2016,INC,N,FALSE,GSOEP-LIS,2,1991-2020,.3141309,.1810103,2017
DEU,2017,INC,N,FALSE,GSOEP-LIS,2,1991-2020,.3131486,.1853793,2017
DEU,2018,INC,N,FALSE,GSOEP-LIS,2,1991-2020,.3187211,.1965487,2017
DEU,2019,INC,N,FALSE,GSOEP-LIS,2,1991-2020,.3178093,.1933824,2017
DEU,2020,INC,N,FALSE,GSOEP-LIS,2,1991-2020,.3243345,.2035021,2017
DJI,2002,CONS,N,FALSE,EDAM,0,2002,.3999731,.2992544,2017
DJI,2012,CONS,N,FALSE,EDAM,1,2012,.4510436,.3862418,2017
DJI,2013,CONS,N,FALSE,EDAM,2,2013,.4411781,.3663611,2017
DJI,2017,CONS,N,FALSE,EDAM,3,2017,.4158573,.3260705,2017
DNK,1987,INC,N,FALSE,LM-LIS,0,1987-2000,.2623231,.1239585,2017
DNK,1992,INC,N,FALSE,LM-LIS,0,1987-2000,.2469101,.1141003,2017
DNK,1995,INC,N,FALSE,LM-LIS,0,1987-2000,.229559,.0972422,2017
DNK,2000,INC,N,FALSE,LM-LIS,0,1987-2000,.2376632,.1003396,2017
DNK,2003,INC,N,FALSE,EU-SILC,1,2003-2021,.2563103,.1252682,2017
DNK,2004,INC,N,FALSE,EU-SILC,1,2003-2021,.2491178,.111964,2017
DNK,2005,INC,N,FALSE,EU-SILC,1,2003-2021,.2518638,.1159279,2017
DNK,2006,INC,N,FALSE,EU-SILC,1,2003-2021,.2591308,.1418789,2017
DNK,2007,INC,N,FALSE,EU-SILC,1,2003-2021,.2618426,.1442722,2017
DNK,2008,INC,N,FALSE,EU-SILC,1,2003-2021,.2524627,.1220311,2017
DNK,2009,INC,N,FALSE,EU-SILC,1,2003-2021,.2670119,.1385204,2017
DNK,2010,INC,N,FALSE,EU-SILC,1,2003-2021,.2719856,.1391806,2017
DNK,2011,INC,N,FALSE,EU-SILC,1,2003-2021,.2731175,.1433318,2017
DNK,2012,INC,N,FALSE,EU-SILC,1,2003-2021,.2779075,.1899044,2017
DNK,2013,INC,N,FALSE,EU-SILC,1,2003-2021,.2854253,.1740418,2017
DNK,2014,INC,N,FALSE,EU-SILC,1,2003-2021,.2835288,.1679891,2017
DNK,2015,INC,N,FALSE,EU-SILC,1,2003-2021,.2817724,.2059228,2017
DNK,2016,INC,N,FALSE,EU-SILC,1,2003-2021,.2818744,.1872748,2017
DNK,2017,INC,N,FALSE,EU-SILC,1,2003-2021,.2874666,.1758202,2017
DNK,2018,INC,N,FALSE,EU-SILC,1,2003-2021,.2816572,.1642522,2017
DNK,2019,INC,N,FALSE,EU-SILC,1,2003-2021,.2772331,.1691934,2017
DNK,2020,INC,N,FALSE,EU-SILC,1,2003-2021,.2750393,.1537495,2017
DNK,2021,INC,N,FALSE,EU-SILC,1,2003-2021,.2832349,.1673484,2017
DOM,1986,INC,N,FALSE,ENGSLF,0,1986,.4778079,,2017
DOM,1989,INC,N,FALSE,ENGSLF,1,1989,.5044813,,2017
DOM,1992,INC,N,FALSE,ICS,2,1992,.5105286,,2017
DOM,1996,INC,N,FALSE,ENFT,3,1996-1997,.4741876,.4208154,2017
DOM,1997,INC,N,FALSE,ENFT,3,1996-1997,.4890155,.4868797,2017
DOM,2000,INC,N,FALSE,ENFT,4,2000-2004,.5151364,.5348393,2017
DOM,2001,INC,N,FALSE,ENFT,4,2000-2004,.4999892,.4828084,2017
DOM,2002,INC,N,FALSE,ENFT,4,2000-2004,.4967152,.4732241,2017
DOM,2003,INC,N,FALSE,ENFT,4,2000-2004,.5211965,.5539406,2017
DOM,2004,INC,N,FALSE,ENFT,4,2000-2004,.5204993,.5780729,2017
DOM,2005,INC,N,FALSE,ENFT,5,2005-2016,.499648,.4941309,2017
DOM,2006,INC,N,FALSE,ENFT,5,2005-2016,.5196106,.5631566,2017
DOM,2007,INC,N,FALSE,ENFT,5,2005-2016,.4885513,.4667873,2017
DOM,2008,INC,N,FALSE,ENFT,5,2005-2016,.481074,.4516617,2017
DOM,2009,INC,N,FALSE,ENFT,5,2005-2016,.4887564,.4679258,2017
DOM,2010,INC,N,FALSE,ENFT,5,2005-2016,.4732582,.4108174,2017
DOM,2011,INC,N,FALSE,ENFT,5,2005-2016,.4770688,.4383575,2017
DOM,2012,INC,N,FALSE,ENFT,5,2005-2016,.461335,.3978897,2017
DOM,2013,INC,N,FALSE,ENFT,5,2005-2016,.4765639,.4401708,2017
DOM,2014,INC,N,FALSE,ENFT,5,2005-2016,.442794,.3459393,2017
DOM,2015,INC,N,FALSE,ENFT,5,2005-2016,.4518094,.3882779,2017
DOM,2016,INC,N,FALSE,ENFT,5,2005-2016,.4572256,.3863869,2017
DOM,2017,INC,N,FALSE,ECNFT-Q03,6,2017-2022,.4219298,.3644178,2017
DOM,2018,INC,N,FALSE,ECNFT-Q03,6,2017-2022,.436861,.435115,2017
DOM,2019,INC,N,FALSE,ECNFT-Q03,6,2017-2022,.4191709,.3396639,2017
DOM,2020,INC,N,FALSE,ECNFT-Q03,6,2017-2022,.3962829,.286478,2017
DOM,2021,INC,N,FALSE,ECNFT-Q03,6,2017-2022,.385293,.281263,2017
DOM,2022,INC,N,FALSE,ECNFT-Q03,6,2017-2022,.3697938,.2428455,2017
DZA,1988,CONS,N,FALSE,EDCM,0,1988,.3735699,,2017
DZA,1995,CONS,N,FALSE,ENMNV,1,1995,.3533005,,2017
DZA,2011,CONS,N,FALSE,ENCNVM,2,2011,.2761573,,2017
ECU,1987,INC,U,FALSE,EPED,0,1987,.5048004,,2017
ECU,1994,INC,N,FALSE,ECV,1,1994,.5333033,.590159,2017
ECU,1995,INC,U,FALSE,EPED,2,1995,.508271,.5213331,2017
ECU,1998,INC,U,FALSE,EPED,3,1998,.4960427,.4498169,2017
ECU,1999,INC,N,FALSE,ECV,4,1999,.5857073,.8083044,2017
ECU,2000,INC,N,FALSE,EPED,5,2000,.5629919,.7053336,2017
ECU,2003,INC,N,FALSE,ENEMDU,6,2003-2006,.5351386,.5711831,2017
ECU,2004,INC,N,FALSE,ENEMDU,6,2003-2006,.5388921,.6093385,2017
ECU,2005,INC,N,FALSE,ENEMDU,6,2003-2006,.5304997,.5549704,2017
ECU,2006,INC,N,FALSE,ENEMDU,6,2003-2006,.5224719,.678509,2017
ECU,2007,INC,N,FALSE,ENEMDU,7,2007-2023,.5335463,.5930887,2017
ECU,2008,INC,N,FALSE,ENEMDU,7,2007-2023,.497876,.4848976,2017
ECU,2009,INC,N,FALSE,ENEMDU,7,2007-2023,.4849844,.4572573,2017
ECU,2010,INC,N,FALSE,ENEMDU,7,2007-2023,.4879978,.4680689,2017
ECU,2011,INC,N,FALSE,ENEMDU,7,2007-2023,.4587122,.3871056,2017
ECU,2012,INC,N,FALSE,ENEMDU,7,2007-2023,.4610937,.4045034,2017
ECU,2013,INC,N,FALSE,ENEMDU,7,2007-2023,.4686236,.4182475,2017
ECU,2014,INC,N,FALSE,ENEMDU,7,2007-2023,.4499254,.3844796,2017
ECU,2015,INC,N,FALSE,ENEMDU,7,2007-2023,.459508,.4058774,2017
ECU,2016,INC,N,FALSE,ENEMDU,7,2007-2023,.4501621,.3836564,2017
ECU,2017,INC,N,FALSE,ENEMDU,7,2007-2023,.4466991,.3723482,2017
ECU,2018,INC,N,FALSE,ENEMDU,7,2007-2023,.454379,.3834499,2017
ECU,2019,INC,N,FALSE,ENEMDU,7,2007-2023,.4570993,.3906125,2017
ECU,2020,INC,N,FALSE,ENEMDU,7,2007-2023,.4730955,.4264702,2017
ECU,2021,INC,N,FALSE,ENEMDU,7,2007-2023,.4579746,.3855115,2017
ECU,2022,INC,N,FALSE,ENEMDU,7,2007-2023,.4546503,.3945996,2017
ECU,2023,INC,N,FALSE,ENEMDU,7,2007-2023,.4457951,.3568383,2017
EGY,1990,CONS,N,FALSE,HIECS,0,1990-1995,.3200394,,2017
EGY,1995,CONS,N,FALSE,HIECS,0,1990-1995,.3008284,,2017
EGY,1999,CONS,N,FALSE,HIECS,1,1999,.3083484,,2017
EGY,2004,CONS,N,FALSE,HIECS,2,2004-2008,.3184755,.2019039,2017
EGY,2008,CONS,N,FALSE,HIECS,2,2004-2008,.3110244,.199236,2017
EGY,2010,CONS,N,FALSE,HIECS,3,2010-2017,.3019146,.1799411,2017
EGY,2012,CONS,N,FALSE,HIECS,3,2010-2017,.282922,.1534854,2017
EGY,2015,CONS,N,FALSE,HIECS,3,2010-2017,.3182336,.2226352,2017
EGY,2017,CONS,N,FALSE,HIECS,3,2010-2017,.3153395,.1972976,2017
EGY,2019,CONS,N,FALSE,HIECS,4,2019,.3189309,.2156156,2017
ESP,1980,INC,N,FALSE,HBS-LIS,0,1980-1990,.3448355,.2116699,2017
ESP,1985,INC,N,FALSE,HBS-LIS,0,1980-1990,.3443168,.2134498,2017
ESP,1990,INC,N,FALSE,HBS-LIS,0,1980-1990,.3202322,.183462,2017
ESP,1993,INC,N,FALSE,ECHP-LIS,1,1993-2000,.3565849,.2212393,2017
ESP,1994,INC,N,FALSE,ECHP-LIS,1,1993-2000,.3510372,.2113692,2017
ESP,1995,INC,N,FALSE,ECHP-LIS,1,1993-2000,.3572663,.2250151,2017
ESP,1996,INC,N,FALSE,ECHP-LIS,1,1993-2000,.3646458,.2295025,2017
ESP,1997,INC,N,FALSE,ECHP-LIS,1,1993-2000,.3532442,.2155208,2017
ESP,1998,INC,N,FALSE,ECHP-LIS,1,1993-2000,.3458005,.2059595,2017
ESP,1999,INC,N,FALSE,ECHP-LIS,1,1993-2000,.3379193,.1999524,2017
ESP,2000,INC,N,FALSE,ECHP-LIS,1,1993-2000,.3412891,.2062027,2017
ESP,2003,INC,N,FALSE,EU-SILC,2,2003-2021,.3180094,.1747336,2017
ESP,2004,INC,N,FALSE,EU-SILC,2,2003-2021,.3330196,.1927405,2017
ESP,2005,INC,N,FALSE,EU-SILC,2,2003-2021,.3243178,.1822121,2017
ESP,2006,INC,N,FALSE,EU-SILC,2,2003-2021,.3354116,.1947295,2017
ESP,2007,INC,N,FALSE,EU-SILC,2,2003-2021,.3413741,.2034321,2017
ESP,2008,INC,N,FALSE,EU-SILC,2,2003-2021,.342204,.2048405,2017
ESP,2009,INC,N,FALSE,EU-SILC,2,2003-2021,.3492408,.2132268,2017
ESP,2010,INC,N,FALSE,EU-SILC,2,2003-2021,.3524449,.2176379,2017
ESP,2011,INC,N,FALSE,EU-SILC,2,2003-2021,.3569398,.2195232,2017
ESP,2012,INC,N,FALSE,EU-SILC,2,2003-2021,.3540366,.216977,2017
ESP,2013,INC,N,FALSE,EU-SILC,2,2003-2021,.361819,.2228437,2017
ESP,2014,INC,N,FALSE,EU-SILC,2,2003-2021,.3605231,.2226964,2017
ESP,2015,INC,N,FALSE,EU-SILC,2,2003-2021,.3617834,.2263166,2017
ESP,2016,INC,N,FALSE,EU-SILC,2,2003-2021,.3575709,.2208476,2017
ESP,2017,INC,N,FALSE,EU-SILC,2,2003-2021,.3465126,.2064973,2017
ESP,2018,INC,N,FALSE,EU-SILC,2,2003-2021,.3471633,.2078215,2017
ESP,2019,INC,N,FALSE,EU-SILC,2,2003-2021,.3430372,.2025013,2017
ESP,2020,INC,N,FALSE,EU-SILC,2,2003-2021,.3486364,.2064059,2017
ESP,2021,INC,N,FALSE,EU-SILC,2,2003-2021,.3388591,.1941207,2017
EST,2003,INC,N,FALSE,EU-SILC,3,2003-2021,.3719518,.2487202,2017
EST,2004,INC,N,FALSE,EU-SILC,3,2003-2021,.3355953,.1986452,2017
EST,2005,INC,N,FALSE,EU-SILC,3,2003-2021,.3344686,.200103,2017
EST,2006,INC,N,FALSE,EU-SILC,3,2003-2021,.3366782,.2329302,2017
EST,2007,INC,N,FALSE,EU-SILC,3,2003-2021,.3117847,.1675918,2017
EST,2008,INC,N,FALSE,EU-SILC,3,2003-2021,.3191506,.176427,2017
EST,2009,INC,N,FALSE,EU-SILC,3,2003-2021,.3144271,.1698593,2017
EST,2010,INC,N,FALSE,EU-SILC,3,2003-2021,.3199989,.1778768,2017
EST,2011,INC,N,FALSE,EU-SILC,3,2003-2021,.3248852,.1846947,2017
EST,2012,INC,N,FALSE,EU-SILC,3,2003-2021,.329136,.1881239,2017
EST,2013,INC,N,FALSE,EU-SILC,3,2003-2021,.3507568,.2112647,2017
EST,2014,INC,N,FALSE,EU-SILC,3,2003-2021,.3458795,.2051219,2017
EST,2015,INC,N,FALSE,EU-SILC,3,2003-2021,.3266799,.1773776,2017
EST,2016,INC,N,FALSE,EU-SILC,3,2003-2021,.3119477,.1583743,2017
EST,2017,INC,N,FALSE,EU-SILC,3,2003-2021,.3035432,.1491456,2017
EST,2018,INC,N,FALSE,EU-SILC,3,2003-2021,.3032016,.1483364,2017
EST,2019,INC,N,FALSE,EU-SILC,3,2003-2021,.3076544,.1560979,2017
EST,2020,INC,N,FALSE,EU-SILC,3,2003-2021,.3073711,.1567127,2017
EST,2021,INC,N,FALSE,EU-SILC,3,2003-2021,.31834,.1671943,2017
ETH,1981,CONS,R,FALSE,HICES,0,1981,.3098036,,2017
ETH,1995,CONS,N,FALSE,HICES,1,1995-2021,.4456282,.5623615,2017
ETH,1999,CONS,N,FALSE,HICES,1,1995-2021,.2997579,.1802814,2017
ETH,2004,CONS,N,FALSE,HICES,1,1995-2021,.2980685,.2006574,2017
ETH,2010,CONS,N,FALSE,HICES,1,1995-2021,.331706,.2305868,2017
ETH,2015,CONS,N,FALSE,HICES,1,1995-2021,.3499312,.2327822,2017
FIN,1987,INC,N,FALSE,IDS-LIS,0,1987-2000,.221714,.0835318,2017
FIN,1991,INC,N,FALSE,IDS-LIS,0,1987-2000,.2287976,.0881401,2017
FIN,1995,INC,N,FALSE,IDS-LIS,0,1987-2000,.2345914,.0983873,2017
FIN,2000,INC,N,FALSE,IDS-LIS,0,1987-2000,.2715663,.1415214,2017
FIN,2003,INC,N,FALSE,EU-SILC,1,2003-2021,.2768643,.1605447,2017
FIN,2004,INC,N,FALSE,EU-SILC,1,2003-2021,.2789765,.1748328,2017
FIN,2005,INC,N,FALSE,EU-SILC,1,2003-2021,.2761949,.1518825,2017
FIN,2006,INC,N,FALSE,EU-SILC,1,2003-2021,.2799872,.151961,2017
FIN,2007,INC,N,FALSE,EU-SILC,1,2003-2021,.2828556,.1550575,2017
FIN,2008,INC,N,FALSE,EU-SILC,1,2003-2021,.2783813,.1485996,2017
FIN,2009,INC,N,FALSE,EU-SILC,1,2003-2021,.2745528,.140874,2017
FIN,2010,INC,N,FALSE,EU-SILC,1,2003-2021,.2771396,.1448182,2017
FIN,2011,INC,N,FALSE,EU-SILC,1,2003-2021,.2764265,.1446778,2017
FIN,2012,INC,N,FALSE,EU-SILC,1,2003-2021,.2709638,.1356828,2017
FIN,2013,INC,N,FALSE,EU-SILC,1,2003-2021,.2719367,.1362855,2017
FIN,2014,INC,N,FALSE,EU-SILC,1,2003-2021,.267768,.1273931,2017
FIN,2015,INC,N,FALSE,EU-SILC,1,2003-2021,.2710181,.131702,2017
FIN,2016,INC,N,FALSE,EU-SILC,1,2003-2021,.2707842,.1337954,2017
FIN,2017,INC,N,FALSE,EU-SILC,1,2003-2021,.2738283,.138056,2017
FIN,2018,INC,N,FALSE,EU-SILC,1,2003-2021,.2732957,.1393934,2017
FIN,2019,INC,N,FALSE,EU-SILC,1,2003-2021,.2773712,.1435387,2017
FIN,2020,INC,N,FALSE,EU-SILC,1,2003-2021,.2709104,.1397071,2017
FIN,2021,INC,N,FALSE,EU-SILC,1,2003-2021,.2770851,.1474339,2017
FJI,2002,CONS,N,FALSE,HIES,0,2002-2013,.3810205,.2618163,2017
FJI,2008,CONS,N,FALSE,HIES,0,2002-2013,.4037559,.3637998,2017
FJI,2013,CONS,N,FALSE,HIES,0,2002-2013,.366966,.2639426,2017
FJI,2019,CONS,N,FALSE,HIES,1,2019,.3070687,.1608762,2017
FRA,1970,INC,N,FALSE,TIS-LIS,0,1970-2002,.3714556,.2498711,2017
FRA,1975,INC,N,FALSE,TIS-LIS,0,1970-2002,.3591827,.2399936,2017
FRA,1979,INC,N,FALSE,TIS-LIS,0,1970-2002,.3404262,.2152924,2017
FRA,1984,INC,N,FALSE,TIS-LIS,0,1970-2002,.3339812,.2061139,2017
FRA,1990,INC,N,FALSE,TIS-LIS,0,1970-2002,.3211906,.1839796,2017
FRA,1996,INC,N,FALSE,TSIS-LIS,0,1970-2002,.3201658,.1746986,2017
FRA,1997,INC,N,FALSE,TSIS-LIS,0,1970-2002,.3190015,.1737875,2017
FRA,1998,INC,N,FALSE,TSIS-LIS,0,1970-2002,.3165776,.1725545,2017
FRA,1999,INC,N,FALSE,TSIS-LIS,0,1970-2002,.3249977,.1863522,2017
FRA,2000,INC,N,FALSE,TSIS-LIS,0,1970-2002,.3255306,.1870524,2017
FRA,2001,INC,N,FALSE,TSIS-LIS,0,1970-2002,.3253329,.1888462,2017
FRA,2002,INC,N,FALSE,TSIS-LIS,0,1970-2002,.3177816,.1783529,2017
FRA,2003,INC,N,FALSE,EU-SILC,1,2003-2021,.3141105,.1863426,2017
FRA,2004,INC,N,FALSE,EU-SILC,1,2003-2021,.3064725,.1674646,2017
FRA,2005,INC,N,FALSE,EU-SILC,1,2003-2021,.2983386,.1621558,2017
FRA,2006,INC,N,FALSE,EU-SILC,1,2003-2021,.2969109,.1554224,2017
FRA,2007,INC,N,FALSE,EU-SILC,1,2003-2021,.3242771,.1983801,2017
FRA,2008,INC,N,FALSE,EU-SILC,1,2003-2021,.3299644,.216017,2017
FRA,2009,INC,N,FALSE,EU-SILC,1,2003-2021,.3266122,.2016212,2017
FRA,2010,INC,N,FALSE,EU-SILC,1,2003-2021,.3372042,.223528,2017
FRA,2011,INC,N,FALSE,EU-SILC,1,2003-2021,.3329475,.2250333,2017
FRA,2012,INC,N,FALSE,EU-SILC,1,2003-2021,.3311486,.2120014,2017
FRA,2013,INC,N,FALSE,EU-SILC,1,2003-2021,.3251255,.2063514,2017
FRA,2014,INC,N,FALSE,EU-SILC,1,2003-2021,.3226216,.2024072,2017
FRA,2015,INC,N,FALSE,EU-SILC,1,2003-2021,.3270423,.2313199,2017
FRA,2016,INC,N,FALSE,EU-SILC,1,2003-2021,.3192351,.2091521,2017
FRA,2017,INC,N,FALSE,EU-SILC,1,2003-2021,.3163205,.216556,2017
FRA,2018,INC,N,FALSE,EU-SILC,1,2003-2021,.3238066,.261052,2017
FRA,2019,INC,N,FALSE,EU-SILC,1,2003-2021,.3119956,.1875158,2017
FRA,2020,INC,N,FALSE,EU-SILC,1,2003-2021,.3066147,.1789395,2017
FRA,2021,INC,N,FALSE,EU-SILC,1,2003-2021,.3150096,.1856449,2017
FSM,2005,CONS,N,FALSE,HIES,1,2005,.423558,.3296606,2017
FSM,2013,CONS,N,FALSE,HIES,2,2013,.4005239,.2968167,2017
GAB,2005,CONS,N,FALSE,EGEP,0,2005,.4218498,.3464845,2017
GAB,2017,CONS,N,FALSE,EGEP,1,2017,.3802437,.2456277,2017
GBR,1968,INC,N,FALSE,FES-LIS,0,1968-1993,.2684166,.1286142,2017
GBR,1969,INC,N,FALSE,FES-LIS,0,1968-1993,.279049,.1395697,2017
GBR,1970,INC,N,FALSE,FES-LIS,0,1968-1993,.279645,.136556,2017
GBR,1971,INC,N,FALSE,FES-LIS,0,1968-1993,.2929356,.1518735,2017
GBR,1972,INC,N,FALSE,FES-LIS,0,1968-1993,.2877628,.1407289,2017
GBR,1973,INC,N,FALSE,FES-LIS,0,1968-1993,.2881038,.1456313,2017
GBR,1974,INC,N,FALSE,FES-LIS,0,1968-1993,.2895715,.1482768,2017
GBR,1975,INC,N,FALSE,FES-LIS,0,1968-1993,.2788086,.1346393,2017
GBR,1976,INC,N,FALSE,FES-LIS,0,1968-1993,.2758965,.1285444,2017
GBR,1977,INC,N,FALSE,FES-LIS,0,1968-1993,.2714188,.1260018,2017
GBR,1978,INC,N,FALSE,FES-LIS,0,1968-1993,.2723537,.1246688,2017
GBR,1979,INC,N,FALSE,FES-LIS,0,1968-1993,.2743262,.1248082,2017
GBR,1980,INC,N,FALSE,FES-LIS,0,1968-1993,.2847789,.1386687,2017
GBR,1981,INC,N,FALSE,FES-LIS,0,1968-1993,.2968705,.1553593,2017
GBR,1982,INC,N,FALSE,FES-LIS,0,1968-1993,.29903,.1544452,2017
GBR,1983,INC,N,FALSE,FES-LIS,0,1968-1993,.2978669,.15324,2017
GBR,1984,INC,N,FALSE,FES-LIS,0,1968-1993,.291662,.1459454,2017
GBR,1985,INC,N,FALSE,FES-LIS,0,1968-1993,.3041937,.1571172,2017
GBR,1986,INC,N,FALSE,FES-LIS,0,1968-1993,.3191919,.1884533,2017
GBR,1987,INC,N,FALSE,FES-LIS,0,1968-1993,.3385342,.2130667,2017
GBR,1988,INC,N,FALSE,FES-LIS,0,1968-1993,.3427287,.2227881,2017
GBR,1989,INC,N,FALSE,FES-LIS,0,1968-1993,.333542,.1943737,2017
GBR,1990,INC,N,FALSE,FES-LIS,0,1968-1993,.3574197,.2351249,2017
GBR,1991,INC,N,FALSE,FES-LIS,0,1968-1993,.3496282,.2202223,2017
GBR,1992,INC,N,FALSE,FES-LIS,0,1968-1993,.3495547,.2142734,2017
GBR,1993,INC,N,FALSE,FES-LIS,0,1968-1993,.3507596,.2187172,2017
GBR,1994,INC,N,FALSE,FRS-LIS,1,1994-2021,.3597892,.2402641,2017
GBR,1995,INC,N,FALSE,FRS-LIS,1,1994-2021,.3551664,.2284645,2017
GBR,1996,INC,N,FALSE,FRS-LIS,1,1994-2021,.3529524,.2299651,2017
GBR,1997,INC,N,FALSE,FRS-LIS,1,1994-2021,.3573516,.2379324,2017
GBR,1998,INC,N,FALSE,FRS-LIS,1,1994-2021,.3662147,.261022,2017
GBR,1999,INC,N,FALSE,FRS-LIS,1,1994-2021,.3678378,.2659033,2017
GBR,2000,INC,N,FALSE,FRS-LIS,1,1994-2021,.3884864,.3468124,2017
GBR,2001,INC,N,FALSE,FRS-LIS,1,1994-2021,.3708622,.2786047,2017
GBR,2002,INC,N,FALSE,FRS-LIS,1,1994-2021,.3514639,.2368326,2017
GBR,2003,INC,N,FALSE,FRS-LIS,1,1994-2021,.3485606,.229,2017
GBR,2004,INC,N,FALSE,FRS-LIS,1,1994-2021,.3483416,.2279149,2017
GBR,2005,INC,N,FALSE,FRS-LIS,1,1994-2021,.3548503,.2431305,2017
GBR,2006,INC,N,FALSE,FRS-LIS,1,1994-2021,.3587999,.2491745,2017
GBR,2007,INC,N,FALSE,FRS-LIS,1,1994-2021,.3441315,.2110576,2017
GBR,2008,INC,N,FALSE,FRS-LIS,1,1994-2021,.3544512,.2413155,2017
GBR,2009,INC,N,FALSE,FRS-LIS,1,1994-2021,.3513736,.2371918,2017
GBR,2010,INC,N,FALSE,FRS-LIS,1,1994-2021,.337056,.2056285,2017
GBR,2011,INC,N,FALSE,FRS-LIS,1,1994-2021,.3319108,.1974961,2017
GBR,2012,INC,N,FALSE,FRS-LIS,1,1994-2021,.3309065,.1950528,2017
GBR,2013,INC,N,FALSE,FRS-LIS,1,1994-2021,.3269957,.187192,2017
GBR,2014,INC,N,FALSE,FRS-LIS,1,1994-2021,.3314094,.1958539,2017
GBR,2015,INC,N,FALSE,FRS-LIS,1,1994-2021,.3331196,.1975293,2017
GBR,2016,INC,N,FALSE,FRS-LIS,1,1994-2021,.3310929,.1966396,2017
GBR,2017,INC,N,FALSE,FRS-LIS,1,1994-2021,.3260817,.187079,2017
GBR,2018,INC,N,FALSE,FRS-LIS,1,1994-2021,.3368974,.2002912,2017
GBR,2019,INC,N,FALSE,FRS-LIS,1,1994-2021,.3282413,.188939,2017
GBR,2020,INC,N,FALSE,FRS-LIS,1,1994-2021,.3264452,.1849889,2017
GBR,2021,INC,N,FALSE,FRS-LIS,1,1994-2021,.3241458,.1830212,2017
GEO,1996,CONS,N,FALSE,HIS,0,1996,.3713271,,2017
GEO,1997,CONS,N,FALSE,HIS,1,1997,.4068254,.29208,2017
GEO,1998,CONS,N,FALSE,HIS,2,1998-2022,.4123018,.4176478,2017
GEO,1999,CONS,N,FALSE,HIS,2,1998-2022,.4012837,.2919597,2017
GEO,2000,CONS,N,FALSE,HIS,2,1998-2022,.4045976,.300322,2017
GEO,2001,CONS,N,FALSE,HIS,2,1998-2022,.395572,.2948613,2017
GEO,2002,CONS,N,FALSE,HIS,2,1998-2022,.3724613,.2461255,2017
GEO,2003,CONS,N,FALSE,HIS,2,1998-2022,.3665041,.2321193,2017
GEO,2004,CONS,N,FALSE,HIS,2,1998-2022,.3616882,.2263758,2017
GEO,2005,CONS,N,FALSE,HIS,2,1998-2022,.3737531,.2476194,2017
GEO,2006,CONS,N,FALSE,HIS,2,1998-2022,.3686555,.2371716,2017
GEO,2007,CONS,N,FALSE,HIS,2,1998-2022,.3810863,.2692776,2017
GEO,2008,CONS,N,FALSE,HIS,2,1998-2022,.3853272,.2690079,2017
GEO,2009,CONS,N,FALSE,HIS,2,1998-2022,.3823482,.2659975,2017
GEO,2010,CONS,N,FALSE,HIS,2,1998-2022,.394587,.2805729,2017
GEO,2011,CONS,N,FALSE,HIS,2,1998-2022,.3959351,.2997499,2017
GEO,2012,CONS,N,FALSE,HIS,2,1998-2022,.3895395,.2723076,2017
GEO,2013,CONS,N,FALSE,HIS,2,1998-2022,.3858881,.2682479,2017
GEO,2014,CONS,N,FALSE,HIS,2,1998-2022,.3755413,.2557406,2017
GEO,2015,CONS,N,FALSE,HIS,2,1998-2022,.3650368,.2372077,2017
GEO,2016,CONS,N,FALSE,HIS,2,1998-2022,.3663965,.2400875,2017
GEO,2017,CONS,N,FALSE,HIS,2,1998-2022,.379396,.2582252,2017
GEO,2018,CONS,N,FALSE,HIS,2,1998-2022,.3641136,.2350837,2017
GEO,2019,CONS,N,FALSE,HIS,2,1998-2022,.3590071,.2462567,2017
GEO,2020,CONS,N,FALSE,HIS,2,1998-2022,.3446499,.2096767,2017
GEO,2021,CONS,N,FALSE,HIS,2,1998-2022,.3417846,.2101848,2017
GEO,2022,CONS,N,FALSE,HIS,2,1998-2022,.3350009,.19403,2017
GHA,1987,CONS,N,FALSE,GLSS-I,0,1987-1988,.3534958,,2017
GHA,1988,CONS,N,FALSE,GLSS-II,0,1987-1988,.3599354,,2017
GHA,1991,CONS,N,FALSE,GLSS-III,1,1991-2016,.3843456,.2694303,2017
GHA,1998,CONS,N,FALSE,GLSS-IV,1,1991-2016,.4007123,.2794423,2017
GHA,2005,CONS,N,FALSE,GLSS-V,1,1991-2016,.4276035,.3418809,2017
GHA,2012,CONS,N,FALSE,GLSS-VI,1,1991-2016,.4237221,.3230192,2017
GHA,2016,CONS,N,FALSE,GLSS-VII,1,1991-2016,.4351244,.34584,2017
GIN,1991,CONS,N,FALSE,ESIP,0,1991,.4446398,,2017
GIN,1994,CONS,N,FALSE,EIBC,1,1994,.4608155,.4169457,2017
GIN,2002,CONS,N,FALSE,EIBEP,2,2002,.4300069,.3626157,2017
GIN,2007,CONS,N,FALSE,ELEP,3,2007-2012,.3935535,.2786787,2017
GIN,2012,CONS,N,FALSE,ELEP,3,2007-2012,.3372971,.2068612,2017
GIN,2018,CONS,N,FALSE,EHCVM,4,2018,.2959195,.1455988,2017
GMB,1998,CONS,N,FALSE,HPS,0,1998,.4825019,.452356,2017
GMB,2003,CONS,N,FALSE,HIS,1,2003,.4730853,.4567162,2017
GMB,2010,CONS,N,FALSE,IHS,2,2010,.435682,.4147429,2017
GMB,2015,CONS,N,FALSE,IHS,3,2015-2020,.3591883,.2399781,2017
GMB,2020,CONS,N,FALSE,IHS,3,2015-2020,.3875721,.311533,2017
GNB,1991,CONS,N,FALSE,ILJF,0,1991,.557557,,2017
GNB,1993,CONS,N,FALSE,ICOF,1,1993,.4360947,.3842776,2017
GNB,2002,CONS,N,FALSE,ILAP-I,2,2002,.3556889,.2377358,2017
GNB,2010,CONS,N,FALSE,ILAP-II,3,2010,.5060408,.5193483,2017
GNB,2018,CONS,N,FALSE,EHCVM,4,2018-2021,.3476523,.2188414,2017
GNB,2021,CONS,N,FALSE,EHCVM,4,2018-2021,.3343507,.1937318,2017
GRC,1995,INC,N,FALSE,ECHP-LIS,0,1995-2000,.3696663,.2396882,2017
GRC,2000,INC,N,FALSE,ECHP-LIS,0,1995-2000,.3423693,.2011715,2017
GRC,2003,INC,N,FALSE,EU-SILC,1,2003-2021,.327593,.1883057,2017
GRC,2004,INC,N,FALSE,EU-SILC,1,2003-2021,.3358812,.1970072,2017
GRC,2005,INC,N,FALSE,EU-SILC,1,2003-2021,.3459674,.2109279,2017
GRC,2006,INC,N,FALSE,EU-SILC,1,2003-2021,.3512188,.2229127,2017
GRC,2007,INC,N,FALSE,EU-SILC,1,2003-2021,.3395091,.2090964,2017
GRC,2008,INC,N,FALSE,EU-SILC,1,2003-2021,.3358777,.2088098,2017
GRC,2009,INC,N,FALSE,EU-SILC,1,2003-2021,.336151,.2046283,2017
GRC,2010,INC,N,FALSE,EU-SILC,1,2003-2021,.3409893,.2079001,2017
GRC,2011,INC,N,FALSE,EU-SILC,1,2003-2021,.3484217,.2164213,2017
GRC,2012,INC,N,FALSE,EU-SILC,1,2003-2021,.362504,.2403258,2017
GRC,2013,INC,N,FALSE,EU-SILC,1,2003-2021,.3612729,.2328963,2017
GRC,2014,INC,N,FALSE,EU-SILC,1,2003-2021,.3580471,.2389135,2017
GRC,2015,INC,N,FALSE,EU-SILC,1,2003-2021,.3599696,.2421651,2017
GRC,2016,INC,N,FALSE,EU-SILC,1,2003-2021,.3495614,.2285134,2017
GRC,2017,INC,N,FALSE,EU-SILC,1,2003-2021,.3435038,.2288807,2017
GRC,2018,INC,N,FALSE,EU-SILC,1,2003-2021,.3289008,.1993112,2017
GRC,2019,INC,N,FALSE,EU-SILC,1,2003-2021,.3310193,.2013958,2017
GRC,2020,INC,N,FALSE,EU-SILC,1,2003-2021,.335582,.2023086,2017
GRC,2021,INC,N,FALSE,EU-SILC,1,2003-2021,.3293957,.1918557,2017
GRD,2018,CONS,N,FALSE,SLCHB,0,2018,.4381641,.3501655,2017
GTM,1986,INC,N,FALSE,ENSD,0,1986-1989,.5413272,,2017
GTM,1989,INC,N,FALSE,ENSD,0,1986-1989,.5879788,,2017
GTM,1998,INC,N,FALSE,ENIGF,1,1998,.493976,,2017
GTM,2000,INC,N,FALSE,ENCOVI,2,2000-2014,.5417321,.6171902,2017
GTM,2006,INC,N,FALSE,ENCOVI,2,2000-2014,.5456846,.6296956,2017
GTM,2014,INC,N,FALSE,ENCOVI,2,2000-2014,.4827621,.5016709,2017
GUY,1992,INC,N,FALSE,GLSMS,0,1992-1998,.3946759,,2017
GUY,1998,INC,N,FALSE,GLSMS,0,1992-1998,.450394,.3880836,2017
HND,1986,INC,U,FALSE,ECSFT,0,1986,.5509298,,2017
HND,1989,INC,N,FALSE,EPHPM,1,1989,.5536728,,2017
HND,1990,INC,N,FALSE,EPHPM,2,1990,.5592856,,2017
HND,1991,INC,N,FALSE,EPHPM,3,1991-1999,.5182139,.5432282,2017
HND,1992,INC,N,FALSE,EPHPM,3,1991-1999,.518052,.5514185,2017
HND,1993,INC,N,FALSE,EPHPM,3,1991-1999,.5344585,.633117,2017
HND,1994,INC,N,FALSE,EPHPM,3,1991-1999,.549925,.6184891,2017
HND,1995,INC,N,FALSE,EPHPM,3,1991-1999,.554708,.6409757,2017
HND,1996,INC,N,FALSE,EPHPM,3,1991-1999,.5569839,.6616793,2017
HND,1997,INC,N,FALSE,EPHPM,3,1991-1999,.5272781,.5784865,2017
HND,1998,INC,N,FALSE,EPHPM,3,1991-1999,.5729382,.6651185,2017
HND,1999,INC,N,FALSE,EPHPM,3,1991-1999,.5522,.5861049,2017
HND,2001,INC,N,FALSE,EPHPM,4,2001-2010,.5535215,.5823326,2017
HND,2002,INC,N,FALSE,EPHPM,4,2001-2010,.5571017,.6110401,2017
HND,2003,INC,N,FALSE,EPHPM,4,2001-2010,.580804,.6734621,2017
HND,2004,INC,N,FALSE,EPHPM,4,2001-2010,.5809463,.6878463,2017
HND,2005,INC,N,FALSE,EPHPM,4,2001-2010,.5947935,.7081681,2017
HND,2006,INC,N,FALSE,EPHPM,4,2001-2010,.5752656,.6693319,2017
HND,2007,INC,N,FALSE,EPHPM,4,2001-2010,.5581602,.6168448,2017
HND,2008,INC,N,FALSE,EPHPM,4,2001-2010,.5548998,.6611836,2017
HND,2009,INC,N,FALSE,EPHPM,4,2001-2010,.5128177,.49898,2017
HND,2010,INC,N,FALSE,EPHPM,4,2001-2010,.5308574,.5373405,2017
HND,2011,INC,N,FALSE,EPHPM,5,2011-2019,.5255424,.5196117,2017
HND,2012,INC,N,FALSE,EPHPM,5,2011-2019,.5336543,.5484563,2017
HND,2013,INC,N,FALSE,EPHPM,5,2011-2019,.4995871,.4479568,2017
HND,2014,INC,N,FALSE,EPHPM,5,2011-2019,.4987544,.4497139,2017
HND,2015,INC,N,FALSE,EPHPM,5,2011-2019,.4924883,.4354198,2017
HND,2016,INC,N,FALSE,EPHPM,5,2011-2019,.4981032,.4372764,2017
HND,2017,INC,N,FALSE,EPHPM,5,2011-2019,.4944143,.4474882,2017
HND,2018,INC,N,FALSE,EPHPM,5,2011-2019,.4893628,.4221379,2017
HND,2019,INC,N,FALSE,EPHPM,5,2011-2019,.4816282,.4092098,2017
HRV,2009,INC,N,FALSE,EU-SILC,3,2009-2021,.3255369,.1788646,2017
HRV,2010,INC,N,FALSE,EU-SILC,3,2009-2021,.323731,.1781529,2017
HRV,2011,INC,N,FALSE,EU-SILC,3,2009-2021,.3225427,.1736705,2017
HRV,2012,INC,N,FALSE,EU-SILC,3,2009-2021,.324717,.1751774,2017
HRV,2013,INC,N,FALSE,EU-SILC,3,2009-2021,.3199227,.1722939,2017
HRV,2014,INC,N,FALSE,EU-SILC,3,2009-2021,.3210298,.1756568,2017
HRV,2015,INC,N,FALSE,EU-SILC,3,2009-2021,.3111317,.1639087,2017
HRV,2016,INC,N,FALSE,EU-SILC,3,2009-2021,.3089791,.1621864,2017
HRV,2017,INC,N,FALSE,EU-SILC,3,2009-2021,.3035231,.1573034,2017
HRV,2018,INC,N,FALSE,EU-SILC,3,2009-2021,.2972864,.151403,2017
HRV,2019,INC,N,FALSE,EU-SILC,3,2009-2021,.289083,.1432165,2017
HRV,2020,INC,N,FALSE,EU-SILC,3,2009-2021,.2954332,.1479408,2017
HRV,2021,INC,N,FALSE,EU-SILC,3,2009-2021,.2889596,.14223,2017
HTI,2001,INC,N,FALSE,ECVH,0,2001,.5898769,.7404538,2017
HTI,2012,CONS,N,FALSE,ECVMAS,1,2012,.4110233,.3158009,2017
HUN,2004,INC,N,FALSE,EU-SILC,4,2004-2021,.2986436,.1703912,2017
HUN,2005,INC,N,FALSE,EU-SILC,4,2004-2021,.3472109,.2481067,2017
HUN,2006,INC,N,FALSE,EU-SILC,4,2004-2021,.282961,.1445144,2017
HUN,2007,INC,N,FALSE,EU-SILC,4,2004-2021,.2788186,.136485,2017
HUN,2008,INC,N,FALSE,EU-SILC,4,2004-2021,.2751403,.1301172,2017
HUN,2009,INC,N,FALSE,EU-SILC,4,2004-2021,.2695929,.1249772,2017
HUN,2010,INC,N,FALSE,EU-SILC,4,2004-2021,.2944413,.1484842,2017
HUN,2011,INC,N,FALSE,EU-SILC,4,2004-2021,.2915795,.1506228,2017
HUN,2012,INC,N,FALSE,EU-SILC,4,2004-2021,.3080265,.1700579,2017
HUN,2013,INC,N,FALSE,EU-SILC,4,2004-2021,.315041,.1765346,2017
HUN,2014,INC,N,FALSE,EU-SILC,4,2004-2021,.3091348,.1689536,2017
HUN,2015,INC,N,FALSE,EU-SILC,4,2004-2021,.3040729,.1629788,2017
HUN,2016,INC,N,FALSE,EU-SILC,4,2004-2021,.3032444,.16801,2017
HUN,2017,INC,N,FALSE,EU-SILC,4,2004-2021,.3058269,.1760085,2017
HUN,2018,INC,N,FALSE,EU-SILC,4,2004-2021,.2961145,.1706603,2017
HUN,2019,INC,N,FALSE,EU-SILC,4,2004-2021,.2995047,.1981314,2017
HUN,2020,INC,N,FALSE,EU-SILC,4,2004-2021,.2971177,.1579099,2017
HUN,2021,INC,N,FALSE,EU-SILC,4,2004-2021,.2917205,.1645165,2017
IDN,1984,CONS,N,FALSE,SUSENAS,0,1984-1990,.3230242,,2017
IDN,1987,CONS,N,FALSE,SUSENAS,0,1984-1990,.3041209,,2017
IDN,1990,CONS,N,FALSE,SUSENAS,0,1984-1990,.3106927,,2017
IDN,1993,CONS,N,FALSE,SUSENAS,1,1993-1999,.31755,.1966818,2017
IDN,1996,CONS,N,FALSE,SUSENAS,1,1993-1999,.3421382,.2341219,2017
IDN,1998,CONS,N,FALSE,SUSENAS,1,1993-1999,.3085392,.1882714,2017
IDN,1999,CONS,N,FALSE,SUSENAS,1,1993-1999,.307885,.2370248,2017
IDN,2000,CONS,N,FALSE,SUSENAS,2,2000-2001,.3030628,.1770664,2017
IDN,2001,CONS,N,FALSE,SUSENAS,2,2000-2001,.3116591,.1873541,2017
IDN,2002,CONS,N,FALSE,SUSENAS,3,2002-2010,.3016376,.1736001,2017
IDN,2003,CONS,N,FALSE,SUSENAS,3,2002-2010,.2932319,.1563459,2017
IDN,2004,CONS,N,FALSE,SUSENAS,3,2002-2010,.3041651,.1698466,2017
IDN,2005,CONS,N,FALSE,SUSENAS,4,2005-2009,.2990362,.1664352,2017
IDN,2006,CONS,N,FALSE,SUSENAS,4,2005-2009,.3152412,.2212733,2017
IDN,2007,CONS,N,FALSE,SUSENAS,4,2005-2009,.3323172,.2078061,2017
IDN,2008,CONS,N,FALSE,SUSENAS,4,2005-2009,.3263291,.2048878,2017
IDN,2009,CONS,N,FALSE,SUSENAS,4,2005-2009,.3343271,.2444098,2017
IDN,2010,CONS,N,FALSE,SUSENAS,3,2002-2010,.3458631,.2264299,2017
IDN,2011,CONS,N,FALSE,SUSENAS,5,2011-2014,.3792591,.2949601,2017
IDN,2012,CONS,N,FALSE,SUSENAS,5,2011-2014,.3714888,.2843074,2017
IDN,2013,CONS,N,FALSE,SUSENAS,5,2011-2014,.3892685,.3001671,2017
IDN,2014,CONS,N,FALSE,SUSENAS,5,2011-2014,.3877997,.2978777,2017
IDN,2015,CONS,N,FALSE,SUSENAS,6,2015-2023,.3820753,.2942002,2017
IDN,2016,CONS,N,FALSE,SUSENAS,6,2015-2023,.368857,.2512287,2017
IDN,2017,CONS,N,FALSE,SUSENAS,6,2015-2023,.3636789,.2408554,2017
IDN,2018,CONS,N,FALSE,SUSENAS,6,2015-2023,.3633865,.2443429,2017
IDN,2019,CONS,N,FALSE,SUSENAS,6,2015-2023,.3535986,.233003,2017
IDN,2020,CONS,N,FALSE,SUSENAS,6,2015-2023,.3533562,.2294853,2017
IDN,2021,CONS,N,FALSE,SUSENAS,6,2015-2023,.3550476,.2363371,2017
IDN,2022,CONS,N,FALSE,SUSENAS,6,2015-2023,.3551203,.2414137,2017
IDN,2023,CONS,N,FALSE,SUSENAS,6,2015-2023,.3605703,.2550854,2017
IND,1977,CONS,N,FALSE,NSS,0,1977,.3321363,,2017
IND,1983,CONS,N,FALSE,NSS,1,1983,.3200849,,2017
IND,1987,CONS,N,FALSE,NSS-SCH1,2,1987,.3245848,,2017
IND,1993,CONS,N,FALSE,NSS-SCH1,3,1993-2011,.3155513,.2091918,2017
IND,2004,CONS,N,FALSE,NSS-SCH1,3,1993-2011,.340089,.252688,2017
IND,2009,CONS,N,FALSE,NSS-SCH1,3,1993-2011,.3488902,.2914611,2017
IND,2011,CONS,N,FALSE,NSS-SCH1,3,1993-2011,.3539906,.2802484,2017
IND,2015,CONS,N,FALSE,CPHS,4,2015-2016,.3468829,.2421234,2017
IND,2016,CONS,N,FALSE,CPHS,4,2015-2016,.3474676,.2426856,2017
IND,2017,CONS,N,FALSE,CPHS,5,2017-2018,.3590051,.2557508,2017
IND,2018,CONS,N,FALSE,CPHS,5,2017-2018,.3455063,.2195502,2017
IND,2019,CONS,N,FALSE,CPHS,6,2019-2021,.3381277,.1964226,2017
IND,2020,CONS,N,FALSE,CPHS,6,2019-2021,.3377852,.1956308,2017
IND,2021,CONS,N,FALSE,CPHS,6,2019-2021,.3277978,.1832584,2017
IRL,1987,INC,N,FALSE,SIDPUSS-LIS,0,1987,.354662,.2252829,2017
IRL,1994,INC,N,FALSE,LIS-ECHP-LIS,1,1994-2000,.3691421,.2571842,2017
IRL,1995,INC,N,FALSE,LIS-ECHP-LIS,1,1994-2000,.3704509,.257939,2017
IRL,1996,INC,N,FALSE,LIS-ECHP-LIS,1,1994-2000,.3562213,.2371561,2017
IRL,2000,INC,N,FALSE,LIS-ECHP-LIS,1,1994-2000,.330052,.2038153,2017
IRL,2002,INC,N,FALSE,SILC-LIS,2,2002,.3229026,.1846194,2017
IRL,2003,INC,N,FALSE,EU-SILC,3,2003-2021,.3288744,.204604,2017
IRL,2004,INC,N,FALSE,EU-SILC,3,2003-2021,.3360955,.2251901,2017
IRL,2005,INC,N,FALSE,EU-SILC,3,2003-2021,.3375396,.2359846,2017
IRL,2006,INC,N,FALSE,EU-SILC,3,2003-2021,.327276,.1984969,2017
IRL,2007,INC,N,FALSE,EU-SILC,3,2003-2021,.3194659,.1912926,2017
IRL,2008,INC,N,FALSE,EU-SILC,3,2003-2021,.3090567,.17097,2017
IRL,2009,INC,N,FALSE,EU-SILC,3,2003-2021,.3268037,.1938139,2017
IRL,2010,INC,N,FALSE,EU-SILC,3,2003-2021,.3229502,.1827205,2017
IRL,2011,INC,N,FALSE,EU-SILC,3,2003-2021,.3287241,.1941428,2017
IRL,2012,INC,N,FALSE,EU-SILC,3,2003-2021,.3322008,.203186,2017
IRL,2013,INC,N,FALSE,EU-SILC,3,2003-2021,.3348598,.2023111,2017
IRL,2014,INC,N,FALSE,EU-SILC,3,2003-2021,.3187463,.1809335,2017
IRL,2015,INC,N,FALSE,EU-SILC,3,2003-2021,.3182049,.1896227,2017
IRL,2016,INC,N,FALSE,EU-SILC,3,2003-2021,.3280718,.2048835,2017
IRL,2017,INC,N,FALSE,EU-SILC,3,2003-2021,.3135882,.2002903,2017
IRL,2018,INC,N,FALSE,EU-SILC,3,2003-2021,.3060293,.1782483,2017
IRL,2019,INC,N,FALSE,EU-SILC,3,2003-2021,.308315,.1905915,2017
IRL,2020,INC,N,FALSE,EU-SILC,3,2003-2021,.292282,.1608668,2017
IRL,2021,INC,N,FALSE,EU-SILC,3,2003-2021,.3011928,.1844263,2017
IRN,1986,CONS,N,FALSE,SECH,0,1986-1998,.4741963,,2017
IRN,1990,CONS,N,FALSE,SECH,0,1986-1998,.4360478,,2017
IRN,1994,CONS,N,FALSE,SECH,0,1986-1998,.4299837,,2017
IRN,1998,CONS,N,FALSE,SECH,0,1986-1998,.4409564,,2017
IRN,2005,CONS,N,FALSE,HEIS,1,2005-2022,.4355864,.3484214,2017
IRN,2006,CONS,N,FALSE,HEIS,1,2005-2022,.4475204,.3635323,2017
IRN,2009,CONS,N,FALSE,HEIS,1,2005-2022,.4205002,.3128103,2017
IRN,2011,CONS,N,FALSE,HEIS,1,2005-2022,.34662,.2162617,2017
IRN,2012,CONS,N,FALSE,HEIS,1,2005-2022,.3442554,.2146498,2017
IRN,2013,CONS,N,FALSE,HEIS,1,2005-2022,.3396952,.2049981,2017
IRN,2014,CONS,N,FALSE,HEIS,1,2005-2022,.3481403,.217213,2017
IRN,2015,CONS,N,FALSE,HEIS,1,2005-2022,.3526405,.2241002,2017
IRN,2016,CONS,N,FALSE,HEIS,1,2005-2022,.3591231,.2315752,2017
IRN,2017,CONS,N,FALSE,HEIS,1,2005-2022,.3669368,.2408096,2017
IRN,2018,CONS,N,FALSE,HEIS,1,2005-2022,.3741991,.2552193,2017
IRN,2019,CONS,N,FALSE,HEIS,1,2005-2022,.3648226,.2400356,2017
IRN,2020,CONS,N,FALSE,HEIS,1,2005-2022,.3584295,.2271946,2017
IRN,2021,CONS,N,FALSE,HEIS,1,2005-2022,.3546873,.2186143,2017
IRN,2022,CONS,N,FALSE,HEIS,1,2005-2022,.3480344,.2136771,2017
IRQ,2006,CONS,N,FALSE,IHSES,0,2006-2012,.2860061,.1449614,2017
IRQ,2012,CONS,N,FALSE,IHSES,0,2006-2012,.2954186,.1509719,2017
ISL,2003,INC,N,FALSE,EU-SILC,0,2003-2017,.2683604,.1385382,2017
ISL,2004,INC,N,FALSE,EU-SILC,0,2003-2017,.2798185,.1621678,2017
ISL,2005,INC,N,FALSE,EU-SILC,0,2003-2017,.2900245,.1700956,2017
ISL,2006,INC,N,FALSE,EU-SILC,0,2003-2017,.3024501,.1875304,2017
ISL,2007,INC,N,FALSE,EU-SILC,0,2003-2017,.2947088,.1705224,2017
ISL,2008,INC,N,FALSE,EU-SILC,0,2003-2017,.3178928,.2064388,2017
ISL,2009,INC,N,FALSE,EU-SILC,0,2003-2017,.2865624,.1554247,2017
ISL,2010,INC,N,FALSE,EU-SILC,0,2003-2017,.2617129,.1307095,2017
ISL,2011,INC,N,FALSE,EU-SILC,0,2003-2017,.2683026,.131728,2017
ISL,2012,INC,N,FALSE,EU-SILC,0,2003-2017,.2676943,.1311456,2017
ISL,2013,INC,N,FALSE,EU-SILC,0,2003-2017,.2540292,.1155468,2017
ISL,2014,INC,N,FALSE,EU-SILC,0,2003-2017,.2780042,.1700397,2017
ISL,2015,INC,N,FALSE,EU-SILC,0,2003-2017,.2678797,.1420456,2017
ISL,2016,INC,N,FALSE,EU-SILC,0,2003-2017,.272411,.1437379,2017
ISL,2017,INC,N,FALSE,EU-SILC,0,2003-2017,.2613158,.1310007,2017
ISR,1979,INC,N,FALSE,HES-LIS,0,1979-2021,.3632998,.2285389,2017
ISR,1986,INC,N,FALSE,HES-LIS,0,1979-2021,.3649054,.2259625,2017
ISR,1992,INC,N,FALSE,HES-LIS,0,1979-2021,.3550725,.2198448,2017
ISR,1997,INC,N,FALSE,HES-LIS,0,1979-2021,.3809711,.2542139,2017
ISR,2001,INC,N,FALSE,HES-LIS,0,1979-2021,.3894766,.2692547,2017
ISR,2002,INC,N,FALSE,HES-LIS,0,1979-2021,.3955942,.2698542,2017
ISR,2003,INC,N,FALSE,HES-LIS,0,1979-2021,.4072257,.2894537,2017
ISR,2004,INC,N,FALSE,HES-LIS,0,1979-2021,.414563,.2955801,2017
ISR,2005,INC,N,FALSE,HES-LIS,0,1979-2021,.4226762,.3190728,2017
ISR,2006,INC,N,FALSE,HES-LIS,0,1979-2021,.4155532,.3037061,2017
ISR,2007,INC,N,FALSE,HES-LIS,0,1979-2021,.4109863,.2899586,2017
ISR,2008,INC,N,FALSE,HES-LIS,0,1979-2021,.4164268,.2990293,2017
ISR,2009,INC,N,FALSE,HES-LIS,0,1979-2021,.4263395,.3367008,2017
ISR,2010,INC,N,FALSE,HES-LIS,0,1979-2021,.4255947,.3373237,2017
ISR,2011,INC,N,FALSE,HES-LIS,0,1979-2021,.4144416,.2991976,2017
ISR,2012,INC,N,FALSE,HES-LIS,0,1979-2021,.413022,.2984471,2017
ISR,2013,INC,N,FALSE,HES-LIS,0,1979-2021,.3987053,.2793789,2017
ISR,2014,INC,N,FALSE,HES-LIS,0,1979-2021,.3975749,.2698146,2017
ISR,2015,INC,N,FALSE,HES-LIS,0,1979-2021,.3971953,.274417,2017
ISR,2016,INC,N,FALSE,HES-LIS,0,1979-2021,.3901302,.2565063,2017
ISR,2017,INC,N,FALSE,HES-LIS,0,1979-2021,.3820207,.2460727,2017
ISR,2018,INC,N,FALSE,HES-LIS,0,1979-2021,.3857718,.2561416,2017
ISR,2019,INC,N,FALSE,HES-LIS,0,1979-2021,.3828222,.2485258,2017
ISR,2020,INC,N,FALSE,HES-LIS,0,1979-2021,.3777356,.2383369,2017
ISR,2021,INC,N,FALSE,HES-LIS,0,1979-2021,.3789385,.2444027,2017
ITA,1977,INC,N,FALSE,SHIW-LIS,0,1977-2002,.3400661,.2036913,2017
ITA,1978,INC,N,FALSE,SHIW-LIS,0,1977-2002,.3327723,.2017759,2017
ITA,1979,INC,N,FALSE,SHIW-LIS,0,1977-2002,.3326154,.1958,2017
ITA,1980,INC,N,FALSE,SHIW-LIS,0,1977-2002,.3289927,.2104048,2017
ITA,1981,INC,N,FALSE,SHIW-LIS,0,1977-2002,.3157181,.1752669,2017
ITA,1982,INC,N,FALSE,SHIW-LIS,0,1977-2002,.2923156,.1444774,2017
ITA,1983,INC,N,FALSE,SHIW-LIS,0,1977-2002,.2976722,.1523681,2017
ITA,1984,INC,N,FALSE,SHIW-LIS,0,1977-2002,.3133436,.1671581,2017
ITA,1986,INC,N,FALSE,SHIW-LIS,0,1977-2002,.3116282,.1699854,2017
ITA,1987,INC,N,FALSE,SHIW-LIS,0,1977-2002,.3417943,.19987,2017
ITA,1989,INC,N,FALSE,SHIW-LIS,0,1977-2002,.3210614,.1816786,2017
ITA,1991,INC,N,FALSE,SHIW-LIS,0,1977-2002,.3104993,.1675764,2017
ITA,1993,INC,N,FALSE,SHIW-LIS,0,1977-2002,.3508634,.2158403,2017
ITA,1995,INC,N,FALSE,SHIW-LIS,0,1977-2002,.3521082,.2194095,2017
ITA,1998,INC,N,FALSE,SHIW-LIS,0,1977-2002,.3665231,.254383,2017
ITA,2000,INC,N,FALSE,SHIW-LIS,0,1977-2002,.3524477,.2252376,2017
ITA,2002,INC,N,FALSE,SHIW-LIS,0,1977-2002,.3469567,.2132636,2017
ITA,2003,INC,N,FALSE,EU-SILC,1,2003-2021,.349287,.2270831,2017
ITA,2004,INC,N,FALSE,EU-SILC,1,2003-2021,.3429304,.2201633,2017
ITA,2005,INC,N,FALSE,EU-SILC,1,2003-2021,.3383095,.2048327,2017
ITA,2006,INC,N,FALSE,EU-SILC,1,2003-2021,.3369475,.2036365,2017
ITA,2007,INC,N,FALSE,EU-SILC,1,2003-2021,.3288827,.1944324,2017
ITA,2008,INC,N,FALSE,EU-SILC,1,2003-2021,.3376773,.2071676,2017
ITA,2009,INC,N,FALSE,EU-SILC,1,2003-2021,.3383298,.2078488,2017
ITA,2010,INC,N,FALSE,EU-SILC,1,2003-2021,.3471675,.2263198,2017
ITA,2011,INC,N,FALSE,EU-SILC,1,2003-2021,.3505299,.2246046,2017
ITA,2012,INC,N,FALSE,EU-SILC,1,2003-2021,.3515148,.2307414,2017
ITA,2013,INC,N,FALSE,EU-SILC,1,2003-2021,.3490567,.2173703,2017
ITA,2014,INC,N,FALSE,EU-SILC,1,2003-2021,.3465239,.2130353,2017
ITA,2015,INC,N,FALSE,EU-SILC,1,2003-2021,.3539003,.2223848,2017
ITA,2016,INC,N,FALSE,EU-SILC,1,2003-2021,.352396,.2265217,2017
ITA,2017,INC,N,FALSE,EU-SILC,1,2003-2021,.3592219,.2342054,2017
ITA,2018,INC,N,FALSE,EU-SILC,1,2003-2021,.3521731,.218951,2017
ITA,2019,INC,N,FALSE,EU-SILC,1,2003-2021,.3458359,.2106159,2017
ITA,2020,INC,N,FALSE,EU-SILC,1,2003-2021,.352409,.217501,2017
ITA,2021,INC,N,FALSE,EU-SILC,1,2003-2021,.3484458,.2209375,2017
JAM,1988,CONS,N,FALSE,SLC,0,1988-1993,.4315501,,2017
JAM,1990,CONS,N,FALSE,SLC,1,1990-2004,.4111373,.3134701,2017
JAM,1993,CONS,N,FALSE,SLC,0,1988-1993,.3567342,,2017
JAM,1996,CONS,N,FALSE,SLC,1,1990-2004,.403949,.3205957,2017
JAM,1999,CONS,N,FALSE,SLC,1,1990-2004,.4407876,.3818707,2017
JAM,2002,CONS,N,FALSE,SLC,1,1990-2004,.4831574,.4610381,2017
JAM,2004,CONS,N,FALSE,SLC,1,1990-2004,.4545747,.3889201,2017
JAM,2018,CONS,N,FALSE,JSLC,2,2018-2021,.3563868,.2224595,2017
JAM,2021,CONS,N,FALSE,JSLC,2,2018-2021,.4021027,.2838849,2017
JOR,1986,CONS,N,FALSE,HEIS,0,1986-1997,.3606143,,2017
JOR,1992,CONS,N,FALSE,HEIS,0,1986-1997,.4309958,,2017
JOR,1997,CONS,N,FALSE,HEIS,0,1986-1997,.3642053,,2017
JOR,2002,CONS,N,FALSE,HEIS,1,2002,.3695461,.2497961,2017
JOR,2006,CONS,N,FALSE,HEIS,2,2006,.3385625,.2106942,2017
JOR,2008,CONS,N,FALSE,HEIS,3,2008-2010,.3257345,.1871315,2017
JOR,2010,CONS,N,FALSE,HEIS,3,2008-2010,.3365573,.2053708,2017
JPN,2008,INC,N,FALSE,JHPS-LIS,0,2008-2013,.3484232,.2122326,2017
JPN,2010,INC,N,FALSE,JHPS-LIS,0,2008-2013,.3210032,.1893798,2017
JPN,2013,INC,N,FALSE,JHPS-LIS,0,2008-2013,.3285473,.2036255,2017
KAZ,1996,CONS,N,FALSE,LSMS,1,1996,.3537831,.2108471,2017
KAZ,2001,CONS,N,FALSE,HBS,2,2001-2004,.3596447,.2261871,2017
KAZ,2002,CONS,N,FALSE,HBS,2,2001-2004,.3481113,.2143026,2017
KAZ,2003,CONS,N,FALSE,HBS,2,2001-2004,.3369148,.1975091,2017
KAZ,2004,CONS,N,FALSE,HBS,2,2001-2004,.3183876,.1816831,2017
KAZ,2005,CONS,N,FALSE,HBS,3,2005-2021,.3982598,.277462,2017
KAZ,2006,CONS,N,FALSE,HBS,3,2005-2021,.3024386,.1750741,2017
KAZ,2007,CONS,N,FALSE,HBS,3,2005-2021,.3008406,.1712025,2017
KAZ,2008,CONS,N,FALSE,HBS,3,2005-2021,.2849644,.1481163,2017
KAZ,2009,CONS,N,FALSE,HBS,3,2005-2021,.2820887,.1422891,2017
KAZ,2010,CONS,N,FALSE,HBS,3,2005-2021,.2795451,.1387549,2017
KAZ,2011,CONS,N,FALSE,HBS,3,2005-2021,.2798384,.1371818,2017
KAZ,2012,CONS,N,FALSE,HBS,3,2005-2021,.2816882,.1384358,2017
KAZ,2013,CONS,N,FALSE,HBS,3,2005-2021,.2706543,.1301145,2017
KAZ,2014,CONS,N,FALSE,HBS,3,2005-2021,.2701586,.1341277,2017
KAZ,2015,CONS,N,FALSE,HBS,3,2005-2021,.2680367,.1343838,2017
KAZ,2016,CONS,N,FALSE,HBS,3,2005-2021,.2722532,.1319846,2017
KAZ,2017,CONS,N,FALSE,HBS,3,2005-2021,.2745028,.1334597,2017
KAZ,2018,CONS,N,FALSE,HBS,3,2005-2021,.2779287,.1380077,2017
KAZ,2019,CONS,N,FALSE,HBS,3,2005-2021,.2796828,.1397706,2017
KAZ,2020,CONS,N,FALSE,HBS,3,2005-2021,.2868392,.149971,2017
KAZ,2021,CONS,N,FALSE,HBS,3,2005-2021,.2919153,.1619324,2017
KEN,1992,CONS,N,FALSE,WMS-I,0,1992,.5692533,,2017
KEN,1994,CONS,N,FALSE,WMS-II,1,1994,.4310336,.3774934,2017
KEN,1997,CONS,N,FALSE,WMS-III,2,1997,.4498266,.4077043,2017
KEN,2005,CONS,N,FALSE,IHBS,3,2005-2021,.4644015,.4471294,2017
KEN,2015,CONS,N,FALSE,IHBS,3,2005-2021,.4077446,.3164588,2017
KEN,2020,CONS,N,FALSE,KCHS,3,2005-2021,.3624645,.2329234,2017
KEN,2021,CONS,N,FALSE,KCHS,3,2005-2021,.3870143,.3027582,2017
KGZ,1998,INC,N,FALSE,KPMS,0,1998,.4635406,.4263268,2017
KGZ,2000,CONS,N,FALSE,HBS,1,2000-2003,.3103501,.162968,2017
KGZ,2001,CONS,N,FALSE,HBS,1,2000-2003,.3016398,.1547326,2017
KGZ,2002,CONS,N,FALSE,HBS,1,2000-2003,.3030239,.1552411,2017
KGZ,2003,CONS,N,FALSE,HBS,1,2000-2003,.2870865,.1401116,2017
KGZ,2004,CONS,N,FALSE,KIHS,2,2004-2022,.3477343,.2110431,2017
KGZ,2005,CONS,N,FALSE,KIHS,2,2004-2022,.3256138,.1936667,2017
KGZ,2006,CONS,N,FALSE,KIHS,2,2004-2022,.3738124,.2663243,2017
KGZ,2007,CONS,N,FALSE,KIHS,2,2004-2022,.3391182,.202992,2017
KGZ,2008,CONS,N,FALSE,KIHS,2,2004-2022,.3145067,.1798721,2017
KGZ,2009,CONS,N,FALSE,KIHS,2,2004-2022,.2987413,.1638123,2017
KGZ,2010,CONS,N,FALSE,KIHS,2,2004-2022,.3013388,.1679789,2017
KGZ,2011,CONS,N,FALSE,KIHS,2,2004-2022,.2783977,.1404172,2017
KGZ,2012,CONS,N,FALSE,KIHS,2,2004-2022,.2735689,.1355525,2017
KGZ,2013,CONS,N,FALSE,KIHS,2,2004-2022,.2881479,.1486736,2017
KGZ,2014,CONS,N,FALSE,KIHS,2,2004-2022,.26819,.1334857,2017
KGZ,2015,CONS,N,FALSE,KIHS,2,2004-2022,.2899781,.1661259,2017
KGZ,2016,CONS,N,FALSE,KIHS,2,2004-2022,.267807,.127977,2017
KGZ,2017,CONS,N,FALSE,KIHS,2,2004-2022,.2733501,.140316,2017
KGZ,2018,CONS,N,FALSE,KIHS,2,2004-2022,.2769033,.1422311,2017
KGZ,2019,CONS,N,FALSE,KIHS,2,2004-2022,.2970068,.186697,2017
KGZ,2020,CONS,N,FALSE,KIHS,2,2004-2022,.2898927,.1521891,2017
KGZ,2021,CONS,N,FALSE,KIHS,2,2004-2022,.2879339,.1556903,2017
KGZ,2022,CONS,N,FALSE,KIHS,2,2004-2022,.2635253,.1202904,2017
KIR,2006,CONS,N,FALSE,HIES,0,2006,.36973,.2525696,2017
KIR,2019,CONS,N,FALSE,HIES,1,2019,.278327,.1363375,2017
KOR,2006,INC,N,FALSE,HIES-FHES-LIS,0,2006-2021,.3170298,.1717956,2017
KOR,2008,INC,N,FALSE,HIES-FHES-LIS,0,2006-2021,.3232483,.17929,2017
KOR,2010,INC,N,FALSE,HIES-FHES-LIS,0,2006-2021,.3202122,.1769041,2017
KOR,2012,INC,N,FALSE,HIES-FHES-LIS,0,2006-2021,.3155805,.1715027,2017
KOR,2014,INC,N,FALSE,HIES-FHES-LIS,0,2006-2021,.311929,.1654266,2017
KOR,2016,INC,N,FALSE,SHFLC-LIS,0,2006-2021,.3522221,.2213612,2017
KOR,2017,INC,N,FALSE,SHFLC-LIS,0,2006-2021,.3485464,.2129252,2017
KOR,2018,INC,N,FALSE,SHFLC-LIS,0,2006-2021,.3372503,.1956537,2017
KOR,2019,INC,N,FALSE,SHFLC-LIS,0,2006-2021,.3319616,.193667,2017
KOR,2020,INC,N,FALSE,SHFLC-LIS,0,2006-2021,.3270861,.1908914,2017
KOR,2021,INC,N,FALSE,SHFLC-LIS,0,2006-2021,.3290657,.1871024,2017
LAO,1992,CONS,N,FALSE,LECS,0,1992-2007,.3430977,.2212466,2017
LAO,1997,CONS,N,FALSE,LECS,0,1992-2007,.3489404,.2462496,2017
LAO,2002,CONS,N,FALSE,LECS,0,1992-2007,.3262011,.2034493,2017
LAO,2007,CONS,N,FALSE,LECS,0,1992-2007,.3536103,.2509553,2017
LAO,2012,CONS,N,FALSE,LECS,1,2012-2018,.3596355,.2419658,2017
LAO,2018,CONS,N,FALSE,LECS,1,2012-2018,.3880243,.2952797,2017
LBN,2011,CONS,N,FALSE,HBS,0,2011,.3183245,.174551,2017
LBR,2007,CONS,N,FALSE,CWIQ,0,2007,.3643565,.2413912,2017
LBR,2014,CONS,N,FALSE,HIES,1,2014-2016,.3323788,.1921061,2017
LBR,2016,CONS,N,FALSE,HIES,1,2014-2016,.3526535,.2249718,2017
LCA,1995,INC,N,FALSE,LSMS,0,1995,.4258438,,2017
LCA,2015,CONS,N,FALSE,SLCHBS,1,2015,.4369342,.3433159,2017
LKA,1985,CONS,N,FALSE,LFSS,0,1985,.3246785,,2017
LKA,1990,CONS,N,FALSE,HIES,1,1990,.3244743,.2155691,2017
LKA,1995,CONS,N,FALSE,SES,2,1995,.3539954,.2373164,2017
LKA,2002,CONS,N,FALSE,HIES,3,2002-2019,.4017191,.3225957,2017
LKA,2006,CONS,N,FALSE,HIES,3,2002-2019,.3966902,.3254303,2017
LKA,2009,CONS,N,FALSE,HIES,3,2002-2019,.3605415,.2678708,2017
LKA,2012,CONS,N,FALSE,HIES,3,2002-2019,.3871361,.317204,2017
LKA,2016,CONS,N,FALSE,HIES,3,2002-2019,.3934577,.3216645,2017
LKA,2019,CONS,N,FALSE,HIES,3,2002-2019,.3766378,.2823008,2017
LSO,1986,CONS,N,FALSE,HBS,0,1986,.5601354,,2017
LSO,1994,CONS,N,FALSE,NHECS,1,1994,.630201,.7689026,2017
LSO,2002,CONS,N,FALSE,HBS,2,2002,.5120687,.4972976,2017
LSO,2017,CONS,N,FALSE,CMSHBS,3,2017,.4487771,.3569188,2017
LTU,2004,INC,N,FALSE,EU-SILC,3,2004-2021,.3701114,.2394147,2017
LTU,2005,INC,N,FALSE,EU-SILC,3,2004-2021,.3529675,.2184133,2017
LTU,2006,INC,N,FALSE,EU-SILC,3,2004-2021,.3441448,.2120114,2017
LTU,2007,INC,N,FALSE,EU-SILC,3,2004-2021,.3478915,.2227533,2017
LTU,2008,INC,N,FALSE,EU-SILC,3,2004-2021,.3572704,.2407477,2017
LTU,2009,INC,N,FALSE,EU-SILC,3,2004-2021,.372185,.2476112,2017
LTU,2010,INC,N,FALSE,EU-SILC,3,2004-2021,.3360877,.1964918,2017
LTU,2011,INC,N,FALSE,EU-SILC,3,2004-2021,.3248645,.1808847,2017
LTU,2012,INC,N,FALSE,EU-SILC,3,2004-2021,.3509233,.2181094,2017
LTU,2013,INC,N,FALSE,EU-SILC,3,2004-2021,.3530734,.2183321,2017
LTU,2014,INC,N,FALSE,EU-SILC,3,2004-2021,.3767505,.2631203,2017
LTU,2015,INC,N,FALSE,EU-SILC,3,2004-2021,.3737032,.2492947,2017
LTU,2016,INC,N,FALSE,EU-SILC,3,2004-2021,.3838586,.2744973,2017
LTU,2017,INC,N,FALSE,EU-SILC,3,2004-2021,.3728361,.2590411,2017
LTU,2018,INC,N,FALSE,EU-SILC,3,2004-2021,.3570534,.228241,2017
LTU,2019,INC,N,FALSE,EU-SILC,3,2004-2021,.3525136,.2264471,2017
LTU,2020,INC,N,FALSE,EU-SILC,3,2004-2021,.3595665,.2408428,2017
LTU,2021,INC,N,FALSE,EU-SILC,3,2004-2021,.3665642,.250775,2017
LUX,1985,INC,N,FALSE,PSELL-LIS,0,1985-1993,.2629436,.1177996,2017
LUX,1986,INC,N,FALSE,PSELL-LIS,0,1985-1993,.2811276,.1470696,2017
LUX,1987,INC,N,FALSE,PSELL-LIS,0,1985-1993,.2954707,.1650555,2017
LUX,1988,INC,N,FALSE,PSELL-LIS,0,1985-1993,.288273,.1533041,2017
LUX,1989,INC,N,FALSE,PSELL-LIS,0,1985-1993,.3081434,.198471,2017
LUX,1990,INC,N,FALSE,PSELL-LIS,0,1985-1993,.2770192,.1372686,2017
LUX,1991,INC,N,FALSE,PSELL-LIS,0,1985-1993,.2717853,.1286243,2017
LUX,1992,INC,N,FALSE,PSELL-LIS,0,1985-1993,.273095,.128326,2017
LUX,1993,INC,N,FALSE,PSELL-LIS,0,1985-1993,.2704791,.1260148,2017
LUX,1994,INC,N,FALSE,PSELL-ECHP-LIS,1,1994-2001,.2814787,.1389044,2017
LUX,1995,INC,N,FALSE,PSELL-ECHP-LIS,1,1994-2001,.2830105,.1394824,2017
LUX,1996,INC,N,FALSE,PSELL-ECHP-LIS,1,1994-2001,.2904337,.147755,2017
LUX,1997,INC,N,FALSE,PSELL-ECHP-LIS,1,1994-2001,.2957325,.1543445,2017
LUX,1998,INC,N,FALSE,PSELL-ECHP-LIS,1,1994-2001,.3060536,.1663984,2017
LUX,1999,INC,N,FALSE,PSELL-ECHP-LIS,1,1994-2001,.3004106,.1605729,2017
LUX,2000,INC,N,FALSE,PSELL-ECHP-LIS,1,1994-2001,.3010296,.1552691,2017
LUX,2001,INC,N,FALSE,PSELL-ECHP-LIS,1,1994-2001,.3092632,.171197,2017
LUX,2002,INC,N,FALSE,SEP-SILC-LIS,2,2002,.3098299,.1757288,2017
LUX,2003,INC,N,FALSE,EU-SILC,3,2003-2021,.3018747,.1551952,2017
LUX,2004,INC,N,FALSE,EU-SILC,3,2003-2021,.301727,.159016,2017
LUX,2005,INC,N,FALSE,EU-SILC,3,2003-2021,.3084081,.1652927,2017
LUX,2006,INC,N,FALSE,EU-SILC,3,2003-2021,.3094812,.1717286,2017
LUX,2007,INC,N,FALSE,EU-SILC,3,2003-2021,.3113375,.1730691,2017
LUX,2008,INC,N,FALSE,EU-SILC,3,2003-2021,.3256154,.1935823,2017
LUX,2009,INC,N,FALSE,EU-SILC,3,2003-2021,.3119692,.1742959,2017
LUX,2010,INC,N,FALSE,EU-SILC,3,2003-2021,.3050438,.1602186,2017
LUX,2011,INC,N,FALSE,EU-SILC,3,2003-2021,.3205409,.1783162,2017
LUX,2012,INC,N,FALSE,EU-SILC,3,2003-2021,.3434715,.2251685,2017
LUX,2013,INC,N,FALSE,EU-SILC,3,2003-2021,.3203596,.1734658,2017
LUX,2014,INC,N,FALSE,EU-SILC,3,2003-2021,.3115808,.1705525,2017
LUX,2015,INC,N,FALSE,EU-SILC,3,2003-2021,.329215,.195369,2017
LUX,2016,INC,N,FALSE,EU-SILC,3,2003-2021,.317279,.1751503,2017
LUX,2017,INC,N,FALSE,EU-SILC,3,2003-2021,.3451531,.2115461,2017
LUX,2018,INC,N,FALSE,EU-SILC,3,2003-2021,.3536787,.229801,2017
LUX,2019,INC,N,FALSE,EU-SILC,3,2003-2021,.3424116,.2064703,2017
LUX,2020,INC,N,FALSE,EU-SILC,3,2003-2021,.3337364,.1876537,2017
LUX,2021,INC,N,FALSE,EU-SILC,3,2003-2021,.3273477,.1818754,2017
LVA,2004,INC,N,FALSE,EU-SILC,2,2004-2021,.3638268,.2542311,2017
LVA,2005,INC,N,FALSE,EU-SILC,2,2004-2021,.389732,.2843103,2017
LVA,2006,INC,N,FALSE,EU-SILC,2,2004-2021,.3559707,.223839,2017
LVA,2007,INC,N,FALSE,EU-SILC,2,2004-2021,.3746113,.246099,2017
LVA,2008,INC,N,FALSE,EU-SILC,2,2004-2021,.3721161,.2478011,2017
LVA,2009,INC,N,FALSE,EU-SILC,2,2004-2021,.3594575,.2242649,2017
LVA,2010,INC,N,FALSE,EU-SILC,2,2004-2021,.3503032,.2109701,2017
LVA,2011,INC,N,FALSE,EU-SILC,2,2004-2021,.3577261,.2272917,2017
LVA,2012,INC,N,FALSE,EU-SILC,2,2004-2021,.3523605,.2176155,2017
LVA,2013,INC,N,FALSE,EU-SILC,2,2004-2021,.3549739,.219962,2017
LVA,2014,INC,N,FALSE,EU-SILC,2,2004-2021,.3511365,.2169637,2017
LVA,2015,INC,N,FALSE,EU-SILC,2,2004-2021,.342025,.2076939,2017
LVA,2016,INC,N,FALSE,EU-SILC,2,2004-2021,.3432886,.2014658,2017
LVA,2017,INC,N,FALSE,EU-SILC,2,2004-2021,.3557103,.2232001,2017
LVA,2018,INC,N,FALSE,EU-SILC,2,2004-2021,.3509572,.2159075,2017
LVA,2019,INC,N,FALSE,EU-SILC,2,2004-2021,.3448911,.2117984,2017
LVA,2020,INC,N,FALSE,EU-SILC,2,2004-2021,.3570397,.2373457,2017
LVA,2021,INC,N,FALSE,EU-SILC,2,2004-2021,.3425585,.2118637,2017
MAR,1984,CONS,N,FALSE,ECDM,0,1984-1998,.3646891,,2017
MAR,1990,CONS,N,FALSE,ENNVM,0,1984-1998,.392069,.2824272,2017
MAR,1998,CONS,N,FALSE,ENNVM,0,1984-1998,.3935391,.2829003,2017
MAR,2000,CONS,N,FALSE,ENCDM,1,2000-2013,.4063695,.3175264,2017
MAR,2006,CONS,N,FALSE,ENNVM,1,2000-2013,.407183,.3275985,2017
MAR,2013,CONS,N,FALSE,ENCDM,1,2000-2013,.3954851,.297834,2017
MDA,1997,CONS,N,FALSE,HBS,0,1997-2004,.3694212,.2457813,2017
MDA,1998,CONS,N,FALSE,HBS,0,1997-2004,.3951826,.2924877,2017
MDA,1999,CONS,N,FALSE,HBS,0,1997-2004,.4262398,.3531866,2017
MDA,2000,CONS,N,FALSE,HBS,0,1997-2004,.3642419,.2417675,2017
MDA,2001,CONS,N,FALSE,HBS,0,1997-2004,.3798779,.2636176,2017
MDA,2002,CONS,N,FALSE,HBS,0,1997-2004,.3584591,.2256171,2017
MDA,2003,CONS,N,FALSE,HBS,0,1997-2004,.3490208,.221669,2017
MDA,2004,CONS,N,FALSE,HBS,0,1997-2004,.3502957,.2204766,2017
MDA,2005,CONS,N,FALSE,HBS,1,2005,.3628084,.2391746,2017
MDA,2006,CONS,N,FALSE,HBS,2,2006-2021,.3539972,.2229038,2017
MDA,2007,CONS,N,FALSE,HBS,2,2006-2021,.3442104,.2078194,2017
MDA,2008,CONS,N,FALSE,HBS,2,2006-2021,.3469244,.2194125,2017
MDA,2009,CONS,N,FALSE,HBS,2,2006-2021,.3291091,.1841909,2017
MDA,2010,CONS,N,FALSE,HBS,2,2006-2021,.3205092,.1836443,2017
MDA,2011,CONS,N,FALSE,HBS,2,2006-2021,.3062858,.1695341,2017
MDA,2012,CONS,N,FALSE,HBS,2,2006-2021,.2915884,.1463383,2017
MDA,2013,CONS,N,FALSE,HBS,2,2006-2021,.2853416,.1437148,2017
MDA,2014,CONS,N,FALSE,HBS,2,2006-2021,.2683385,.1223416,2017
MDA,2015,CONS,N,FALSE,HBS,2,2006-2021,.2702816,.1278891,2017
MDA,2016,CONS,N,FALSE,HBS,2,2006-2021,.2634539,.1362347,2017
MDA,2017,CONS,N,FALSE,HBS,2,2006-2021,.2589925,.1143385,2017
MDA,2018,CONS,N,FALSE,HBS,2,2006-2021,.2566165,.11564,2017
MDA,2019,CONS,N,FALSE,HBS,2,2006-2021,.2601665,.1151631,2017
MDA,2021,CONS,N,FALSE,HBS,2,2006-2021,.2573164,.1179812,2017
MDG,1980,CONS,N,FALSE,EB,0,1980,.4684863,,2017
MDG,1993,CONS,N,FALSE,EPM,1,1993,.4520767,.5132651,2017
MDG,1997,CONS,N,FALSE,EPM,2,1997-1999,.3943274,.2883454,2017
MDG,1999,CONS,N,FALSE,EPM,2,1997-1999,.3858329,.256864,2017
MDG,2001,CONS,N,FALSE,EPM,3,2001-2012,.4741719,.4126028,2017
MDG,2005,CONS,N,FALSE,EPM,3,2001-2012,.3992824,.3278893,2017
MDG,2010,CONS,N,FALSE,EPM,3,2001-2012,.4238018,.3726465,2017
MDG,2012,CONS,N,FALSE,ENSOMD,3,2001-2012,.4255126,.3366514,2017
MDV,2002,CONS,N,FALSE,HIES,0,2002,.4131203,.5391222,2017
MDV,2009,CONS,N,FALSE,HIES,1,2009,.3837276,.2801957,2017
MDV,2016,CONS,N,FALSE,HIES,2,2016,.3128565,.1752463,2017
MDV,2019,CONS,N,FALSE,HIES,3,2019,.2928509,.1429096,2017
MEX,1989,INC,N,FALSE,ENIGH,0,1984-2014,.5010927,.5702243,2017
MEX,1992,INC,N,FALSE,ENIGH,0,1984-2014,.5231075,.5773803,2017
MEX,1994,INC,N,FALSE,ENIGH,0,1984-2014,.5342225,.5844971,2017
MEX,1996,INC,N,FALSE,ENIGH,0,1984-2014,.519715,.5542453,2017
MEX,1998,INC,N,FALSE,ENIGH,0,1984-2014,.532833,.5913116,2017
MEX,2000,INC,N,FALSE,ENIGH,0,1984-2014,.5341768,.5773785,2017
MEX,2002,INC,N,FALSE,ENIGH,0,1984-2014,.5058296,.4947731,2017
MEX,2004,INC,N,FALSE,ENIGH,0,1984-2014,.5034311,.5383698,2017
MEX,2005,INC,N,FALSE,ENIGH,0,1984-2014,.509391,.5593297,2017
MEX,2006,INC,N,FALSE,ENIGH,0,1984-2014,.4971228,.4948609,2017
MEX,2008,INC,N,FALSE,ENIGH,0,1984-2014,.5084366,.5414192,2017
MEX,2010,INC,N,FALSE,ENIGH,0,1984-2014,.47658,.4457477,2017
MEX,2012,INC,N,FALSE,ENIGH,0,1984-2014,.4959725,.4972977,2017
MEX,2014,INC,N,FALSE,ENIGH,0,1984-2014,.489124,.4957717,2017
MEX,2016,INC,N,FALSE,ENIGHNS,1,2016-2022,.4691244,.454556,2017
MEX,2018,INC,N,FALSE,ENIGHNS,1,2016-2022,.4595491,.4424354,2017
MEX,2020,INC,N,FALSE,ENIGHNS,1,2016-2022,.4459434,.4009339,2017
MEX,2022,INC,N,FALSE,ENIGHNS,1,2016-2022,.4345403,.3841258,2017
MHL,2019,CONS,N,FALSE,HIES,0,2019,.3548294,.2214255,2017
MKD,2009,INC,N,FALSE,SILC-C,2,2009-2019,.4276061,.3417922,2017
MKD,2010,INC,N,FALSE,SILC-C,2,2009-2019,.4006281,.2743832,2017
MKD,2011,INC,N,FALSE,SILC-C,2,2009-2019,.3936026,.2589804,2017
MKD,2012,INC,N,FALSE,SILC-C,2,2009-2019,.3813215,.2443156,2017
MKD,2013,INC,N,FALSE,SILC-C,2,2009-2019,.3623898,.2185705,2017
MKD,2014,INC,N,FALSE,SILC-C,2,2009-2019,.352015,.2075058,2017
MKD,2015,INC,N,FALSE,SILC-C,2,2009-2019,.3559046,.2125481,2017
MKD,2016,INC,N,FALSE,SILC-C,2,2009-2019,.3453449,.2006269,2017
MKD,2017,INC,N,FALSE,SILC-C,2,2009-2019,.3419885,.1989455,2017
MKD,2018,INC,N,FALSE,SILC-C,2,2009-2019,.3296044,.1797732,2017
MKD,2019,INC,N,FALSE,SILC-C,2,2009-2019,.3350582,.1847882,2017
MLI,1994,CONS,N,FALSE,EMCES,0,1994,.5015758,.5233303,2017
MLI,2001,CONS,N,FALSE,EMEP,1,2001,.3986669,.2842801,2017
MLI,2006,CONS,N,FALSE,ELIM,2,2006-2009,.3892922,.2710559,2017
MLI,2009,CONS,N,FALSE,ELIM,2,2006-2009,.3303452,.1844912,2017
MLI,2018,CONS,N,FALSE,EHCVM,3,2018-2021,.3596336,.2274191,2017
MLI,2021,CONS,N,FALSE,EHCVM,3,2018-2021,.3565359,.2263354,2017
MLT,2006,INC,N,FALSE,EU-SILC,0,2006-2020,.2801998,.1325334,2017
MLT,2007,INC,N,FALSE,EU-SILC,0,2006-2020,.2920774,.1461577,2017
MLT,2008,INC,N,FALSE,EU-SILC,0,2006-2020,.2899551,.1413689,2017
MLT,2009,INC,N,FALSE,EU-SILC,0,2006-2020,.3024445,.1594876,2017
MLT,2010,INC,N,FALSE,EU-SILC,0,2006-2020,.2902577,.1425507,2017
MLT,2011,INC,N,FALSE,EU-SILC,0,2006-2020,.2914213,.1504459,2017
MLT,2012,INC,N,FALSE,EU-SILC,0,2006-2020,.2936044,.1571322,2017
MLT,2013,INC,N,FALSE,EU-SILC,0,2006-2020,.2884367,.1470607,2017
MLT,2014,INC,N,FALSE,EU-SILC,0,2006-2020,.2902035,.1502524,2017
MLT,2015,INC,N,FALSE,EU-SILC,0,2006-2020,.2943377,.1534218,2017
MLT,2016,INC,N,FALSE,EU-SILC,0,2006-2020,.2908902,.1459014,2017
MLT,2017,INC,N,FALSE,EU-SILC,0,2006-2020,.2923224,.1468152,2017
MLT,2018,INC,N,FALSE,EU-SILC,0,2006-2020,.2866509,.1430449,2017
MLT,2019,INC,N,FALSE,EU-SILC,0,2006-2020,.3104178,.1779015,2017
MLT,2020,INC,N,FALSE,EU-SILC,0,2006-2020,.3140378,.1807166,2017
MMR,2015,CONS,N,FALSE,MPLCS,0,2015-2017,.3806851,.376905,2017
MMR,2017,CONS,N,FALSE,MLCS,0,2015-2017,.3069687,.1823801,2017
MNE,2012,INC,N,FALSE,SILC-C,1,2012-2021,.4120649,.2909397,2017
MNE,2013,INC,N,FALSE,SILC-C,1,2012-2021,.3902173,.2535756,2017
MNE,2014,INC,N,FALSE,SILC-C,1,2012-2021,.3876936,.2494315,2017
MNE,2015,INC,N,FALSE,SILC-C,1,2012-2021,.3900503,.2602188,2017
MNE,2016,INC,N,FALSE,SILC-C,1,2012-2021,.3846705,.2589017,2017
MNE,2017,INC,N,FALSE,SILC-C,1,2012-2021,.3688156,.2341555,2017
MNE,2018,INC,N,FALSE,SILC-C,1,2012-2021,.3680908,.2310978,2017
MNE,2019,INC,N,FALSE,SILC-C,1,2012-2021,.356654,.2146987,2017
MNE,2020,INC,N,FALSE,SILC-C,1,2012-2021,.3541242,.2181215,2017
MNE,2021,INC,N,FALSE,SILC-C,1,2012-2021,.3429718,.201052,2017
MNG,1995,CONS,N,FALSE,LSMS,0,1995-1998,.3319534,,2017
MNG,1998,CONS,N,FALSE,LSMS,0,1995-1998,.3027196,,2017
MNG,2002,CONS,N,FALSE,HIES-LSMS,1,2002,.3289295,.182967,2017
MNG,2007,CONS,N,FALSE,HSES,2,2007,.3582187,.2307318,2017
MNG,2010,CONS,N,FALSE,HSES,3,2010-2018,.3308121,.1933344,2017
MNG,2011,CONS,N,FALSE,HSES,3,2010-2018,.3388351,.2096784,2017
MNG,2012,CONS,N,FALSE,HSES,3,2010-2018,.3375162,.2000594,2017
MNG,2014,CONS,N,FALSE,HSES,3,2010-2018,.3203779,.1858175,2017
MNG,2016,CONS,N,FALSE,HSES,3,2010-2018,.3234573,.1898669,2017
MNG,2018,CONS,N,FALSE,HSES,3,2010-2018,.3274099,.1922387,2017
MNG,2022,CONS,N,FALSE,HSES,4,2022,.3141648,.1693327,2017
MOZ,1996,CONS,N,FALSE,NHS,0,1996-2022,.5328878,.6031957,2017
MOZ,2002,CONS,N,FALSE,IAF,0,1996-2022,.4695471,.5180849,2017
MOZ,2008,CONS,N,FALSE,IOF,0,1996-2022,.4548913,.4565975,2017
MOZ,2014,CONS,N,FALSE,IOF,0,1996-2022,.5395628,.7185271,2017
MOZ,2019,CONS,N,FALSE,IOF,0,1996-2022,.5027407,.5587265,2017
MRT,1987,CONS,N,FALSE,EPCV,0,1987,.4393751,,2017
MRT,1993,CONS,N,FALSE,EP,1,1993,.4952388,,2017
MRT,1995,CONS,N,FALSE,EPCV,2,1995,.3774736,.2507291,2017
MRT,2000,CONS,N,FALSE,EPCV,3,2000-2019,.3902847,.2611993,2017
MRT,2004,CONS,N,FALSE,EPCV,3,2000-2019,.4016876,.3202922,2017
MRT,2008,CONS,N,FALSE,EPCV,3,2000-2019,.3568538,.214068,2017
MRT,2014,CONS,N,FALSE,EPCV,3,2000-2019,.3261935,.1837421,2017
MRT,2019,CONS,N,FALSE,EPCV,3,2000-2019,.3199674,.1737869,2017
MUS,2006,CONS,N,FALSE,HBS,0,2006-2017,.3565342,.2399068,2017
MUS,2012,CONS,N,FALSE,HBS,0,2006-2017,.384654,.3047754,2017
MUS,2017,CONS,N,FALSE,HBS,0,2006-2017,.3676121,.2722869,2017
MWI,1997,CONS,N,FALSE,IHS-I,0,1997,.6575494,,2017
MWI,2004,CONS,N,FALSE,IHS-II,1,2004-2019,.3987172,.3300966,2017
MWI,2010,CONS,N,FALSE,IHS-III,1,2004-2019,.4547071,.4365909,2017
MWI,2016,CONS,N,FALSE,IHS-IV,1,2004-2019,.4469403,.7877008,2017
MWI,2019,CONS,N,FALSE,IHS-V,1,2004-2019,.3854236,.2891466,2017
MYS,1984,INC,N,FALSE,HIS,0,1984-1997,.4849629,,2017
MYS,1987,INC,N,FALSE,HIS,0,1984-1997,.4704182,,2017
MYS,1989,INC,N,FALSE,HIS,0,1984-1997,.4616848,,2017
MYS,1992,INC,N,FALSE,HIS,0,1984-1997,.4765372,,2017
MYS,1995,INC,N,FALSE,HIS,0,1984-1997,.4852266,,2017
MYS,1997,INC,N,FALSE,HIS,0,1984-1997,.4914965,,2017
MYS,2003,INC,N,FALSE,HIS,1,2003-2021,.4641619,.4153325,2017
MYS,2006,INC,N,FALSE,HIS,1,2003-2021,.4475235,.3708048,2017
MYS,2008,INC,N,FALSE,HIS,1,2003-2021,.4547971,.3806268,2017
MYS,2011,INC,N,FALSE,HIS,1,2003-2021,.439436,.3622041,2017
MYS,2013,INC,N,FALSE,HIS,1,2003-2021,.4134883,.3203989,2017
MYS,2015,INC,N,FALSE,HIS,1,2003-2021,.410664,.313098,2017
MYS,2018,INC,N,FALSE,HIESBA,1,2003-2021,.4117678,.3120907,2017
MYS,2021,INC,N,FALSE,HIS,1,2003-2021,.4066843,.3065116,2017
NAM,2003,CONS,N,FALSE,NHIES,1,2003-2015,.6331717,.8759221,2017
NAM,2009,CONS,N,FALSE,NHIES,1,2003-2015,.6096475,.8046589,2017
NAM,2015,CONS,N,FALSE,NHIES,1,2003-2015,.5906661,.6872268,2017
NER,1992,CONS,N,FALSE,ENBCM,0,1992,.3604249,,2017
NER,1994,CONS,N,FALSE,EPCES,1,1994,.4141697,.3332038,2017
NER,2005,CONS,N,FALSE,ENCVM,2,2005,.4436902,.4472223,2017
NER,2007,CONS,N,FALSE,ENBCM,3,2007,.3730385,.2822882,2017
NER,2011,CONS,N,FALSE,ECVMA,4,2011-2014,.3145171,.1845244,2017
NER,2014,CONS,N,FALSE,ECVMA,4,2011-2014,.3427657,.2080629,2017
NER,2018,CONS,N,FALSE,EHCVM,5,2018-2021,.3725942,.2786459,2017
NER,2021,CONS,N,FALSE,EHCVM,5,2018-2021,.3286256,.2116308,2017
NGA,1985,CONS,N,FALSE,NCS,0,1985,.3867785,,2017
NGA,1992,CONS,N,FALSE,NCS,1,1992,.4488553,.3382214,2017
NGA,1996,CONS,N,FALSE,NCS,2,1996,.5187976,.5631638,2017
NGA,2003,CONS,N,FALSE,LSS,3,2003,.4005876,.2874504,2017
NGA,2010,CONS,N,FALSE,GHSP-W1,4,2010-2015,.3565021,.21212,2017
NGA,2012,CONS,N,FALSE,GHSP-W2,4,2010-2015,.3551301,.2129276,2017
NGA,2015,CONS,N,FALSE,GHSP-W3,4,2010-2015,.3587978,.2134368,2017
NGA,2018,CONS,N,FALSE,LSS,5,2018-2022,.3512774,.2171314,2017
NIC,1993,INC,N,FALSE,EMNV,0,1993-2001,.5712674,.6647832,2017
NIC,1998,INC,N,FALSE,EMNV,0,1993-2001,.5437746,.6527629,2017
NIC,2001,INC,N,FALSE,EMNV,0,1993-2001,.5287496,.6474251,2017
NIC,2005,INC,N,FALSE,EMNV,1,2005-2014,.488201,.5188825,2017
NIC,2009,INC,N,FALSE,EMNV,1,2005-2014,.4394164,.371922,2017
NIC,2014,INC,N,FALSE,EMNV,1,2005-2014,.4615629,.4558705,2017
NLD,1983,INC,N,FALSE,AVO-LIS,0,1983-1990,.283641,.1407314,2017
NLD,1987,INC,N,FALSE,AVO-LIS,0,1983-1990,.2676955,.1226912,2017
NLD,1990,INC,N,FALSE,AVO-LIS,0,1983-1990,.3108666,.177896,2017
NLD,1993,INC,N,FALSE,SEP-LIS,1,1993-1999,.3043144,.1574,2017
NLD,1999,INC,N,FALSE,SEP-LIS,1,1993-1999,.280634,.1314177,2017
NLD,2004,INC,N,FALSE,EU-SILC,2,2004-2021,.2980001,.171301,2017
NLD,2005,INC,N,FALSE,EU-SILC,2,2004-2021,.2904823,.1569702,2017
NLD,2006,INC,N,FALSE,EU-SILC,2,2004-2021,.3004333,.1819284,2017
NLD,2007,INC,N,FALSE,EU-SILC,2,2004-2021,.2959278,.1673968,2017
NLD,2008,INC,N,FALSE,EU-SILC,2,2004-2021,.2929801,.1612328,2017
NLD,2009,INC,N,FALSE,EU-SILC,2,2004-2021,.27882,.1370517,2017
NLD,2010,INC,N,FALSE,EU-SILC,2,2004-2021,.2784524,.1375408,2017
NLD,2011,INC,N,FALSE,EU-SILC,2,2004-2021,.2775009,.1401096,2017
NLD,2012,INC,N,FALSE,EU-SILC,2,2004-2021,.2762093,.1376613,2017
NLD,2013,INC,N,FALSE,EU-SILC,2,2004-2021,.2810648,.1423872,2017
NLD,2014,INC,N,FALSE,EU-SILC,2,2004-2021,.2863142,.1530371,2017
NLD,2015,INC,N,FALSE,EU-SILC,2,2004-2021,.2824158,.1496824,2017
NLD,2016,INC,N,FALSE,EU-SILC,2,2004-2021,.2817357,.1434704,2017
NLD,2017,INC,N,FALSE,EU-SILC,2,2004-2021,.285358,.1545878,2017
NLD,2018,INC,N,FALSE,EU-SILC,2,2004-2021,.2812104,.1483471,2017
NLD,2019,INC,N,FALSE,EU-SILC,2,2004-2021,.2924832,.1722414,2017
NLD,2020,INC,N,FALSE,EU-SILC,2,2004-2021,.2599421,.1282496,2017
NLD,2021,INC,N,FALSE,EU-SILC,2,2004-2021,.2574387,.121531,2017
NOR,1979,INC,N,FALSE,IDS-LIS,0,1979-2000,.2689476,.1238932,2017
NOR,1986,INC,N,FALSE,IDS-LIS,0,1979-2000,.2463048,.103314,2017
NOR,1991,INC,N,FALSE,IDS-LIS,0,1979-2000,.2522619,.1131167,2017
NOR,1995,INC,N,FALSE,IDS-LIS,0,1979-2000,.2601955,.1288226,2017
NOR,2000,INC,N,FALSE,IDS-LIS,0,1979-2000,.2735879,.1622209,2017
NOR,2003,INC,N,FALSE,EU-SILC,1,2003-2019,.2762688,.1764206,2017
NOR,2004,INC,N,FALSE,EU-SILC,1,2003-2019,.3157802,.3883279,2017
NOR,2005,INC,N,FALSE,EU-SILC,1,2003-2019,.30597,.2683396,2017
NOR,2006,INC,N,FALSE,EU-SILC,1,2003-2019,.2635382,.1270432,2017
NOR,2007,INC,N,FALSE,EU-SILC,1,2003-2019,.2709064,.1457205,2017
NOR,2008,INC,N,FALSE,EU-SILC,1,2003-2019,.2699634,.1337922,2017
NOR,2009,INC,N,FALSE,EU-SILC,1,2003-2019,.2615822,.1267607,2017
NOR,2010,INC,N,FALSE,EU-SILC,1,2003-2019,.2572369,.1224186,2017
NOR,2011,INC,N,FALSE,EU-SILC,1,2003-2019,.2530016,.1100283,2017
NOR,2012,INC,N,FALSE,EU-SILC,1,2003-2019,.2572598,.1171664,2017
NOR,2013,INC,N,FALSE,EU-SILC,1,2003-2019,.263611,.1255275,2017
NOR,2014,INC,N,FALSE,EU-SILC,1,2003-2019,.2675256,.1350621,2017
NOR,2015,INC,N,FALSE,EU-SILC,1,2003-2019,.2749675,.1422416,2017
NOR,2016,INC,N,FALSE,EU-SILC,1,2003-2019,.2849332,.1677074,2017
NOR,2017,INC,N,FALSE,EU-SILC,1,2003-2019,.2698671,.1295464,2017
NOR,2018,INC,N,FALSE,EU-SILC,1,2003-2019,.275602,.1405288,2017
NOR,2019,INC,N,FALSE,EU-SILC,1,2003-2019,.2774182,.1448535,2017
NPL,1995,CONS,N,FALSE,LSS-I,1,1995-2003,.3520702,.2443926,2017
NPL,2003,CONS,N,FALSE,LSS-II,1,1995-2003,.437681,.4154547,2017
NPL,2010,CONS,N,FALSE,LSS-III,2,2010,.3284059,.1938722,2017
NPL,2022,CONS,N,FALSE,LSS-IV,3,2022,.3002026,.1589597,2017
NRU,2012,CONS,N,FALSE,HIES,0,2012,.3236158,.1826253,2017
PAK,1987,CONS,N,FALSE,HIES,0,1987-1998,.3331653,.210991,2017
PAK,1990,CONS,N,FALSE,HIES,0,1987-1998,.3324804,.2050709,2017
PAK,1996,CONS,N,FALSE,IHS,0,1987-1998,.2866499,.1851345,2017
PAK,1998,CONS,N,FALSE,HIES,0,1987-1998,.3312329,.2282495,2017
PAK,2001,CONS,N,FALSE,PIHS,1,2001-2018,.2865302,.1611536,2017
PAK,2004,CONS,N,FALSE,HIES,1,2001-2018,.3088611,.1860498,2017
PAK,2005,CONS,N,FALSE,HIES,1,2001-2018,.3126125,.2010591,2017
PAK,2007,CONS,N,FALSE,HIES,1,2001-2018,.296695,.1731047,2017
PAK,2010,CONS,N,FALSE,HIES,1,2001-2018,.2878086,.1643132,2017
PAK,2011,CONS,N,FALSE,HIES,1,2001-2018,.2969796,.1769817,2017
PAK,2013,CONS,N,FALSE,HIES,1,2001-2018,.2952857,.1723964,2017
PAK,2015,CONS,N,FALSE,HIES,1,2001-2018,.3129127,.1967601,2017
PAK,2018,CONS,N,FALSE,HIES,1,2001-2018,.2958927,.1781637,2017
PAN,1979,INC,N,FALSE,EMO,0,1979,.4874014,,2017
PAN,1989,INC,N,FALSE,EMO,1,1989,.5862277,.6425488,2017
PAN,1991,INC,N,FALSE,EMO,2,1991,.5802924,.6372292,2017
PAN,1995,INC,N,FALSE,EH,3,1995-2000,.576667,.632156,2017
PAN,1997,INC,N,FALSE,EH,3,1995-2000,.5814313,.6670286,2017
PAN,1998,INC,N,FALSE,EH,3,1995-2000,.5736364,.6329826,2017
PAN,1999,INC,N,FALSE,EH,3,1995-2000,.5635335,.6034404,2017
PAN,2000,INC,N,FALSE,EH,3,1995-2000,.5659207,.6186829,2017
PAN,2001,INC,N,FALSE,EH,4,2001-2007,.5670764,.6062288,2017
PAN,2002,INC,N,FALSE,EH,4,2001-2007,.560917,.6023959,2017
PAN,2003,INC,N,FALSE,EH,4,2001-2007,.5565018,.5854408,2017
PAN,2004,INC,N,FALSE,EH,4,2001-2007,.547725,.5532851,2017
PAN,2005,INC,N,FALSE,EH,4,2001-2007,.5380034,.5336937,2017
PAN,2006,INC,N,FALSE,EH,4,2001-2007,.5463641,.5608901,2017
PAN,2007,INC,N,FALSE,EH,4,2001-2007,.5268533,.520945,2017
PAN,2008,INC,N,FALSE,EH,5,2008-2023,.5269304,.5695094,2017
PAN,2009,INC,N,FALSE,EH,5,2008-2023,.5177042,.5143021,2017
PAN,2010,INC,N,FALSE,EH,5,2008-2023,.516088,.5211213,2017
PAN,2011,INC,N,FALSE,EH,5,2008-2023,.5134702,.509034,2017
PAN,2012,INC,N,FALSE,EH,5,2008-2023,.51739,.5165649,2017
PAN,2013,INC,N,FALSE,EH,5,2008-2023,.5145601,.5006409,2017
PAN,2014,INC,N,FALSE,EH,5,2008-2023,.5046555,.4843001,2017
PAN,2015,INC,N,FALSE,EH,5,2008-2023,.5080566,.5018781,2017
PAN,2016,INC,N,FALSE,EH,5,2008-2023,.5040691,.4673642,2017
PAN,2017,INC,N,FALSE,EH,5,2008-2023,.4988507,.477035,2017
PAN,2018,INC,N,FALSE,EH,5,2008-2023,.4921155,.4630672,2017
PAN,2019,INC,N,FALSE,EH,5,2008-2023,.4983754,.4711674,2017
PAN,2021,INC,N,FALSE,EH,5,2008-2023,.5085843,.4971105,2017
PAN,2023,INC,N,FALSE,EH,5,2008-2023,.4887583,.4505355,2017
PER,1997,INC,N,FALSE,ENAHO,1,1997-1999,.5325665,.5684157,2017
PER,1998,INC,N,FALSE,ENAHO,1,1997-1999,.5511751,.6275642,2017
PER,1999,INC,N,FALSE,ENAHO,1,1997-1999,.5482133,.6022815,2017
PER,2000,INC,N,FALSE,ENAHO,2,2000-2003,.4907205,.4450127,2017
PER,2001,INC,N,FALSE,ENAHO,2,2000-2003,.5130185,.5206204,2017
PER,2002,INC,N,FALSE,ENAHO,2,2000-2003,.535637,.5927077,2017
PER,2003,INC,N,FALSE,ENAHO,2,2000-2003,.5307964,.5822896,2017
PER,2004,INC,N,FALSE,ENAHO,3,2004-2022,.4987963,.482047,2017
PER,2005,INC,N,FALSE,ENAHO,3,2004-2022,.5044914,.4886041,2017
PER,2006,INC,N,FALSE,ENAHO,3,2004-2022,.5033213,.4899266,2017
PER,2007,INC,N,FALSE,ENAHO,3,2004-2022,.5002141,.4864034,2017
PER,2008,INC,N,FALSE,ENAHO,3,2004-2022,.4748642,.4269551,2017
PER,2009,INC,N,FALSE,ENAHO,3,2004-2022,.4700604,.4156698,2017
PER,2010,INC,N,FALSE,ENAHO,3,2004-2022,.4553768,.3937098,2017
PER,2011,INC,N,FALSE,ENAHO,3,2004-2022,.4465978,.3741898,2017
PER,2012,INC,N,FALSE,ENAHO,3,2004-2022,.4444003,.3662106,2017
PER,2013,INC,N,FALSE,ENAHO,3,2004-2022,.4388273,.3547597,2017
PER,2014,INC,N,FALSE,ENAHO,3,2004-2022,.4313883,.3405858,2017
PER,2015,INC,N,FALSE,ENAHO,3,2004-2022,.4335607,.3464544,2017
PER,2016,INC,N,FALSE,ENAHO,3,2004-2022,.4363899,.3491006,2017
PER,2017,INC,N,FALSE,ENAHO,3,2004-2022,.4329267,.3430042,2017
PER,2018,INC,N,FALSE,ENAHO,3,2004-2022,.4236557,.3216182,2017
PER,2019,INC,N,FALSE,ENAHO,3,2004-2022,.4152813,.3102324,2017
PER,2020,INC,N,FALSE,ENAHO,3,2004-2022,.4373994,.351081,2017
PER,2021,INC,N,FALSE,ENAHO,3,2004-2022,.4012181,.2945731,2017
PER,2022,INC,N,FALSE,ENAHO,3,2004-2022,.4034919,.2986384,2017
PHL,2000,INC,N,FALSE,FIES,2,2000,.476527,.4595576,2017
PHL,2003,INC,N,FALSE,FIES,3,2003-2021,.4657645,.4439194,2017
PHL,2006,INC,N,FALSE,FIES,3,2003-2021,.4719773,.4260877,2017
PHL,2009,INC,N,FALSE,FIES,3,2003-2021,.4630938,.430511,2017
PHL,2012,INC,N,FALSE,FIES,3,2003-2021,.464929,.4121182,2017
PHL,2015,INC,N,FALSE,FIES,3,2003-2021,.4455042,.3819992,2017
PHL,2018,INC,N,FALSE,FIES,3,2003-2021,.4227358,.3568024,2017
PHL,2021,INC,N,FALSE,FIES,3,2003-2021,.4067907,.3234841,2017
PNG,1996,CONS,N,FALSE,HIES,0,1996,.4576584,.37771,2017
PNG,2009,CONS,N,FALSE,HIES,1,2009,.4185044,.3120364,2017
POL,2004,INC,N,FALSE,EU-SILC,3,2004-2021,.3802178,.2597715,2017
POL,2005,INC,N,FALSE,EU-SILC,3,2004-2021,.3580838,.2233986,2017
POL,2006,INC,N,FALSE,EU-SILC,3,2004-2021,.3466754,.2163368,2017
POL,2007,INC,N,FALSE,EU-SILC,3,2004-2021,.3400128,.2116942,2017
POL,2008,INC,N,FALSE,EU-SILC,3,2004-2021,.3348563,.2104063,2017
POL,2009,INC,N,FALSE,EU-SILC,3,2004-2021,.3335572,.1999504,2017
POL,2010,INC,N,FALSE,EU-SILC,3,2004-2021,.3321481,.2001873,2017
POL,2011,INC,N,FALSE,EU-SILC,3,2004-2021,.3318065,.1947861,2017
POL,2012,INC,N,FALSE,EU-SILC,3,2004-2021,.3302016,.1915274,2017
POL,2013,INC,N,FALSE,EU-SILC,3,2004-2021,.3313732,.1933311,2017
POL,2014,INC,N,FALSE,EU-SILC,3,2004-2021,.3282444,.1893669,2017
POL,2015,INC,N,FALSE,EU-SILC,3,2004-2021,.3175091,.1755113,2017
POL,2016,INC,N,FALSE,EU-SILC,3,2004-2021,.3118917,.1730981,2017
POL,2017,INC,N,FALSE,EU-SILC,3,2004-2021,.2968527,.1530112,2017
POL,2018,INC,N,FALSE,EU-SILC,3,2004-2021,.302149,.1636248,2017
POL,2019,INC,N,FALSE,EU-SILC,3,2004-2021,.2876018,.1447681,2017
POL,2020,INC,N,FALSE,EU-SILC,3,2004-2021,.284626,.1421227,2017
POL,2021,INC,N,FALSE,EU-SILC,3,2004-2021,.284795,.1416709,2017
PRT,2003,INC,N,FALSE,EU-SILC,0,2003-2021,.3877502,.2738068,2017
PRT,2004,INC,N,FALSE,EU-SILC,0,2003-2021,.3893878,.2799569,2017
PRT,2005,INC,N,FALSE,EU-SILC,0,2003-2021,.3848007,.277719,2017
PRT,2006,INC,N,FALSE,EU-SILC,0,2003-2021,.3806078,.2628353,2017
PRT,2007,INC,N,FALSE,EU-SILC,0,2003-2021,.3675018,.2466285,2017
PRT,2008,INC,N,FALSE,EU-SILC,0,2003-2021,.3663415,.250394,2017
PRT,2009,INC,N,FALSE,EU-SILC,0,2003-2021,.3490742,.2173305,2017
PRT,2010,INC,N,FALSE,EU-SILC,0,2003-2021,.3584467,.2317093,2017
PRT,2011,INC,N,FALSE,EU-SILC,0,2003-2021,.3634468,.2467229,2017
PRT,2012,INC,N,FALSE,EU-SILC,0,2003-2021,.3603479,.2332463,2017
PRT,2013,INC,N,FALSE,EU-SILC,0,2003-2021,.361871,.2323,2017
PRT,2014,INC,N,FALSE,EU-SILC,0,2003-2021,.3556217,.2257183,2017
PRT,2015,INC,N,FALSE,EU-SILC,0,2003-2021,.355233,.2238716,2017
PRT,2016,INC,N,FALSE,EU-SILC,0,2003-2021,.3519052,.2269637,2017
PRT,2017,INC,N,FALSE,EU-SILC,0,2003-2021,.3380384,.202904,2017
PRT,2018,INC,N,FALSE,EU-SILC,0,2003-2021,.3349256,.2007631,2017
PRT,2019,INC,N,FALSE,EU-SILC,0,2003-2021,.3276275,.1895243,2017
PRT,2020,INC,N,FALSE,EU-SILC,0,2003-2021,.3466863,.2157946,2017
PRT,2021,INC,N,FALSE,EU-SILC,0,2003-2021,.3459202,.2185558,2017
PRY,1990,INC,N,FALSE,EH,0,1990-1995,.4083735,.2895261,2017
PRY,1995,INC,N,FALSE,EH,0,1990-1995,.5814064,.6938459,2017
PRY,1997,INC,N,FALSE,EIH,1,1997-2001,.5488834,.5827661,2017
PRY,1999,INC,N,FALSE,EPH,2,1999,.5457138,.6342507,2017
PRY,2001,INC,N,FALSE,EIH,1,1997-2001,.5462677,.6460411,2017
PRY,2002,INC,N,FALSE,EPH,3,2002-2022,.5727448,.8898076,2017
PRY,2003,INC,N,FALSE,EPH,3,2002-2022,.5493758,.6892217,2017
PRY,2004,INC,N,FALSE,EPH,3,2002-2022,.5226036,.6192517,2017
PRY,2005,INC,N,FALSE,EPH,3,2002-2022,.5138116,.560333,2017
PRY,2006,INC,N,FALSE,EPH,3,2002-2022,.5299425,.6800242,2017
PRY,2007,INC,N,FALSE,EPH,3,2002-2022,.5304046,.7026246,2017
PRY,2008,INC,N,FALSE,EPH,3,2002-2022,.5070469,.5562952,2017
PRY,2009,INC,N,FALSE,EPH,3,2002-2022,.4914512,.5006581,2017
PRY,2010,INC,N,FALSE,EPH,3,2002-2022,.5098244,.6106699,2017
PRY,2011,INC,N,FALSE,EPH,3,2002-2022,.5230967,.5893345,2017
PRY,2012,INC,N,FALSE,EPH,3,2002-2022,.4763356,.4636678,2017
PRY,2013,INC,N,FALSE,EPH,3,2002-2022,.479354,.455553,2017
PRY,2014,INC,N,FALSE,EPH,3,2002-2022,.5070264,.5928522,2017
PRY,2015,INC,N,FALSE,EPH,3,2002-2022,.4760574,.4509715,2017
PRY,2016,INC,N,FALSE,EPH,3,2002-2022,.4789972,.467018,2017
PRY,2017,INC,N,FALSE,EPH,3,2002-2022,.4854749,.5569265,2017
PRY,2018,INC,N,FALSE,EPH,3,2002-2022,.459551,.4142366,2017
PRY,2019,INC,N,FALSE,EPH,3,2002-2022,.4565064,.4168749,2017
PRY,2020,INC,N,FALSE,EPH,3,2002-2022,.4348194,.3506196,2017
PRY,2021,INC,N,FALSE,EPH,3,2002-2022,.4290515,.3482135,2017
PRY,2022,INC,N,FALSE,EPH,3,2002-2022,.451082,.4043671,2017
PSE,2004,CONS,N,FALSE,PECS,0,2004-2009,.3404466,.2074179,2017
PSE,2005,CONS,N,FALSE,PECS,0,2004-2009,.3474262,.2116109,2017
PSE,2006,CONS,N,FALSE,PECS,0,2004-2009,.3395928,.2083953,2017
PSE,2007,CONS,N,FALSE,PECS,0,2004-2009,.3560608,.2324313,2017
PSE,2009,CONS,N,FALSE,PECS,0,2004-2009,.3446397,.2135129,2017
PSE,2010,CONS,N,FALSE,PECS,1,2010-2016,.3529443,.2266279,2017
PSE,2011,CONS,N,FALSE,PECS,1,2010-2016,.3441524,.2100245,2017
PSE,2016,CONS,N,FALSE,PECS,1,2010-2016,.3369004,.1895627,2017
QAT,2017,INC,N,FALSE,HIES,0,2017,.3512838,,2017
ROU,2006,INC,N,FALSE,EU-SILC,3,2006-2021,.3964077,.2768507,2017
ROU,2007,INC,N,FALSE,EU-SILC,3,2006-2021,.375477,.2460949,2017
ROU,2008,INC,N,FALSE,EU-SILC,3,2006-2021,.364287,.2306987,2017
ROU,2009,INC,N,FALSE,EU-SILC,3,2006-2021,.3556433,.216039,2017
ROU,2010,INC,N,FALSE,EU-SILC,3,2006-2021,.3547109,.211817,2017
ROU,2011,INC,N,FALSE,EU-SILC,3,2006-2021,.3586662,.2151283,2017
ROU,2012,INC,N,FALSE,EU-SILC,3,2006-2021,.3654543,.234125,2017
ROU,2013,INC,N,FALSE,EU-SILC,3,2006-2021,.3691507,.2475273,2017
ROU,2014,INC,N,FALSE,EU-SILC,3,2006-2021,.3600904,.2268469,2017
ROU,2015,INC,N,FALSE,EU-SILC,3,2006-2021,.3591363,.2184752,2017
ROU,2016,INC,N,FALSE,EU-SILC,3,2006-2021,.3440666,.1978745,2017
ROU,2017,INC,N,FALSE,EU-SILC,3,2006-2021,.3601259,.2168997,2017
ROU,2018,INC,N,FALSE,EU-SILC,3,2006-2021,.3575839,.2140864,2017
ROU,2019,INC,N,FALSE,EU-SILC,3,2006-2021,.3480051,.2033862,2017
ROU,2020,INC,N,FALSE,EU-SILC,3,2006-2021,.3457019,.2018577,2017
ROU,2021,INC,N,FALSE,EU-SILC,3,2006-2021,.3385264,.1958894,2017
RUS,2014,INC,N,FALSE,VNDN,3,2014-2021,.3688619,.2353425,2017
RUS,2015,INC,N,FALSE,VNDN,3,2014-2021,.3651673,.2256041,2017
RUS,2016,INC,N,FALSE,VNDN,3,2014-2021,.367203,.2308599,2017
RUS,2017,INC,N,FALSE,VNDN,3,2014-2021,.3545399,.2126177,2017
RUS,2018,INC,N,FALSE,VNDN,3,2014-2021,.3528012,.2099065,2017
RUS,2019,INC,N,FALSE,VNDN,3,2014-2021,.3567446,.2211178,2017
RUS,2020,INC,N,FALSE,VNDN,3,2014-2021,.337149,.1951414,2017
RUS,2021,INC,N,FALSE,VNDN,3,2014-2021,.3514422,.2124224,2017
RWA,1984,CONS,R,FALSE,ENBCM,0,1984,.2889859,,2017
RWA,2000,CONS,N,FALSE,EICV-I,1,2000-2016,.4851838,.5272223,2017
RWA,2005,CONS,N,FALSE,EICV-II,1,2000-2016,.5201986,.6250835,2017
RWA,2010,CONS,N,FALSE,EICV-III,1,2000-2016,.4722184,.4981099,2017
RWA,2013,CONS,N,FALSE,EICV-IV,1,2000-2016,.451115,.4499402,2017
RWA,2016,CONS,N,FALSE,EICV-V,1,2000-2016,.4370945,.3921971,2017
SDN,2009,CONS,N,FALSE,NBHS,0,2009,.3539513,.216949,2017
SDN,2014,CONS,N,FALSE,NBHS,1,2014,.3424273,.2365035,2017
SEN,1991,CONS,N,FALSE,EP,0,1991,.5404016,,2017
SEN,1994,CONS,N,FALSE,ESAM,1,1994,.392452,,2017
SEN,2001,CONS,N,FALSE,ESAM-II,2,2001,.4122944,.351515,2017
SEN,2005,CONS,N,FALSE,ESPS-I,3,2005-2011,.3921271,.2765959,2017
SEN,2011,CONS,N,FALSE,ESPS-II,3,2005-2011,.4027411,.2909937,2017
SEN,2018,CONS,N,FALSE,EHCVM,4,2018-2021,.3831478,.279507,2017
SEN,2021,CONS,N,FALSE,EHCVM,4,2018-2021,.3615772,.2389562,2017
SLB,2005,CONS,N,FALSE,HIES,0,2005,.4608815,.4102062,2017
SLB,2012,CONS,N,FALSE,HIES,1,2012,.3705493,.2580661,2017
SLE,2003,CONS,N,FALSE,SLIHS,1,2003-2018,.4016734,.2913445,2017
SLE,2011,CONS,N,FALSE,SLIHS,1,2003-2018,.3403016,.2012091,2017
SLE,2018,CONS,N,FALSE,SLIHS,1,2003-2018,.3569018,.2508326,2017
SLV,1989,INC,N,FALSE,EHPM,0,1989-1999,.4871547,,2017
SLV,1991,INC,N,FALSE,EHPM,0,1989-1999,.5379364,.5910923,2017
SLV,1995,INC,N,FALSE,EHPM,0,1989-1999,.4984817,.4980599,2017
SLV,1996,INC,N,FALSE,EHPM,0,1989-1999,.5095812,.5179225,2017
SLV,1998,INC,N,FALSE,EHPM,0,1989-1999,.543785,.5867307,2017
SLV,1999,INC,N,FALSE,EHPM,0,1989-1999,.5208074,.5078133,2017
SLV,2000,INC,N,FALSE,EHPM,1,2000-2022,.5146378,.5375385,2017
SLV,2001,INC,N,FALSE,EHPM,1,2000-2022,.5134745,.5042903,2017
SLV,2002,INC,N,FALSE,EHPM,1,2000-2022,.518517,.5472813,2017
SLV,2003,INC,N,FALSE,EHPM,1,2000-2022,.5043636,.4739049,2017
SLV,2004,INC,N,FALSE,EHPM,1,2000-2022,.4779908,.4236286,2017
SLV,2005,INC,N,FALSE,EHPM,1,2000-2022,.4847231,.4492262,2017
SLV,2006,INC,N,FALSE,EHPM,1,2000-2022,.4568936,.405493,2017
SLV,2007,INC,N,FALSE,EHPM,1,2000-2022,.4521751,.4114401,2017
SLV,2008,INC,N,FALSE,EHPM,1,2000-2022,.4688561,.4294421,2017
SLV,2009,INC,N,FALSE,EHPM,1,2000-2022,.4582485,.4058847,2017
SLV,2010,INC,N,FALSE,EHPM,1,2000-2022,.4351329,.3429132,2017
SLV,2011,INC,N,FALSE,EHPM,1,2000-2022,.4231799,.3355106,2017
SLV,2012,INC,N,FALSE,EHPM,1,2000-2022,.4182885,.3386568,2017
SLV,2013,INC,N,FALSE,EHPM,1,2000-2022,.4335867,.4060207,2017
SLV,2014,INC,N,FALSE,EHPM,1,2000-2022,.4155945,.3234082,2017
SLV,2015,INC,N,FALSE,EHPM,1,2000-2022,.4055182,.3188337,2017
SLV,2016,INC,N,FALSE,EHPM,1,2000-2022,.3997855,.3042549,2017
SLV,2017,INC,N,FALSE,EHPM,1,2000-2022,.3800716,.2675323,2017
SLV,2018,INC,N,FALSE,EHPM,1,2000-2022,.3861057,.2705578,2017
SLV,2019,INC,N,FALSE,EHPM,1,2000-2022,.3877876,.2736076,2017
SLV,2021,INC,N,FALSE,EHPM,1,2000-2022,.3901075,.2661528,2017
SLV,2022,INC,N,FALSE,EHPM,1,2000-2022,.3875317,.2637174,2017
SRB,2012,INC,N,FALSE,EU-SILC,2,2012-2021,.3988761,.2805361,2017
SRB,2013,INC,N,FALSE,EU-SILC,2,2012-2021,.3944599,.2762556,2017
SRB,2014,INC,N,FALSE,EU-SILC,2,2012-2021,.4043759,.3083516,2017
SRB,2015,INC,N,FALSE,EU-SILC,2,2012-2021,.4046184,.3407535,2017
SRB,2016,INC,N,FALSE,EU-SILC,2,2012-2021,.3877523,.2663348,2017
SRB,2017,INC,N,FALSE,EU-SILC,2,2012-2021,.3610573,.2301038,2017
SRB,2018,INC,N,FALSE,EU-SILC,2,2012-2021,.3500336,.2138742,2017
SRB,2019,INC,N,FALSE,EU-SILC,2,2012-2021,.3447546,.2164124,2017
SRB,2020,INC,N,FALSE,EU-SILC,2,2012-2021,.3495093,.2551741,2017
SRB,2021,INC,N,FALSE,EU-SILC,2,2012-2021,.3312897,.2151094,2017
SSD,2009,CONS,N,FALSE,NBHS,0,2009,.4631819,.3786663,2017
SSD,2016,CONS,N,FALSE,HFS-W3,1,2016,.4405779,.3232755,2017
STP,2000,CONS,N,FALSE,IOF,0,2000,.3212589,.1710605,2017
STP,2010,CONS,N,FALSE,IOF,1,2010,.3082127,.1589319,2017
STP,2017,CONS,N,FALSE,IOF,2,2017,.4072948,.3234519,2017
SUR,1999,INC,U,FALSE,EHS,0,1999,.5754271,.6356186,2017
SUR,2022,CONS,N,FALSE,SSLC,1,2022,.391799,.2866813,2017
SVK,2004,INC,N,FALSE,EU-SILC,2,2004-2021,.2707678,.139513,2017
SVK,2005,INC,N,FALSE,EU-SILC,2,2004-2021,.2929649,.2141399,2017
SVK,2006,INC,N,FALSE,EU-SILC,2,2004-2021,.2579704,.1261556,2017
SVK,2007,INC,N,FALSE,EU-SILC,2,2004-2021,.2466471,.1143128,2017
SVK,2008,INC,N,FALSE,EU-SILC,2,2004-2021,.2602499,.1199757,2017
SVK,2009,INC,N,FALSE,EU-SILC,2,2004-2021,.2723098,.1413826,2017
SVK,2010,INC,N,FALSE,EU-SILC,2,2004-2021,.2731572,.1498118,2017
SVK,2011,INC,N,FALSE,EU-SILC,2,2004-2021,.2653828,.1201305,2017
SVK,2012,INC,N,FALSE,EU-SILC,2,2004-2021,.2611581,.1164879,2017
SVK,2013,INC,N,FALSE,EU-SILC,2,2004-2021,.2808615,.1455529,2017
SVK,2014,INC,N,FALSE,EU-SILC,2,2004-2021,.2610343,.1205691,2017
SVK,2015,INC,N,FALSE,EU-SILC,2,2004-2021,.2649123,.1316654,2017
SVK,2016,INC,N,FALSE,EU-SILC,2,2004-2021,.2515492,.1129663,2017
SVK,2017,INC,N,FALSE,EU-SILC,2,2004-2021,.2323737,.0909132,2017
SVK,2018,INC,N,FALSE,EU-SILC,2,2004-2021,.2497002,.1061717,2017
SVK,2019,INC,N,FALSE,EU-SILC,2,2004-2021,.2323232,.0909379,2017
SVK,2020,INC,N,FALSE,EU-SILC,2,2004-2021,.2421942,.0967027,2017
SVK,2021,INC,N,FALSE,EU-SILC,2,2004-2021,.2411022,.0971278,2017
SVN,2004,INC,N,FALSE,EU-SILC,3,2004-2021,.2479073,.1053404,2017
SVN,2005,INC,N,FALSE,EU-SILC,3,2004-2021,.2463474,.1037856,2017
SVN,2006,INC,N,FALSE,EU-SILC,3,2004-2021,.2436393,.1001576,2017
SVN,2007,INC,N,FALSE,EU-SILC,3,2004-2021,.2435475,.1007828,2017
SVN,2008,INC,N,FALSE,EU-SILC,3,2004-2021,.2371802,.0960248,2017
SVN,2009,INC,N,FALSE,EU-SILC,3,2004-2021,.2478773,.1049789,2017
SVN,2010,INC,N,FALSE,EU-SILC,3,2004-2021,.2493326,.106938,2017
SVN,2011,INC,N,FALSE,EU-SILC,3,2004-2021,.2486803,.1069426,2017
SVN,2012,INC,N,FALSE,EU-SILC,3,2004-2021,.255855,.1138246,2017
SVN,2013,INC,N,FALSE,EU-SILC,3,2004-2021,.262411,.1193182,2017
SVN,2014,INC,N,FALSE,EU-SILC,3,2004-2021,.2565753,.1126203,2017
SVN,2015,INC,N,FALSE,EU-SILC,3,2004-2021,.2540846,.1148642,2017
SVN,2016,INC,N,FALSE,EU-SILC,3,2004-2021,.2475794,.1043258,2017
SVN,2017,INC,N,FALSE,EU-SILC,3,2004-2021,.2421931,.1005443,2017
SVN,2018,INC,N,FALSE,EU-SILC,3,2004-2021,.2463336,.1065035,2017
SVN,2019,INC,N,FALSE,EU-SILC,3,2004-2021,.2438423,.1088106,2017
SVN,2020,INC,N,FALSE,EU-SILC,3,2004-2021,.2403153,.1031575,2017
SVN,2021,INC,N,FALSE,EU-SILC,3,2004-2021,.2428228,.1048779,2017
SWE,1975,INC,N,FALSE,HIS-LIS,1,1975-2002,.242837,.0968774,2017
SWE,1981,INC,N,FALSE,HIS-LIS,1,1975-2002,.2292357,.0858433,2017
SWE,1987,INC,N,FALSE,HIS-LIS,1,1975-2002,.2305763,.0905258,2017
SWE,1992,INC,N,FALSE,HIS-LIS,1,1975-2002,.2490873,.1046204,2017
SWE,1995,INC,N,FALSE,HIS-LIS,1,1975-2002,.2523651,.1093363,2017
SWE,2000,INC,N,FALSE,HIS-LIS,1,1975-2002,.2696006,.1355739,2017
SWE,2001,INC,N,FALSE,HIS-LIS,1,1975-2002,.2654536,.1268906,2017
SWE,2002,INC,N,FALSE,HIS-LIS,1,1975-2002,.2621691,.1202986,2017
SWE,2003,INC,N,FALSE,EU-SILC,2,2003-2021,.2526855,.1075822,2017
SWE,2004,INC,N,FALSE,EU-SILC,2,2003-2021,.2614015,.1216686,2017
SWE,2005,INC,N,FALSE,EU-SILC,2,2003-2021,.2682111,.1300009,2017
SWE,2006,INC,N,FALSE,EU-SILC,2,2003-2021,.2635126,.1240317,2017
SWE,2007,INC,N,FALSE,EU-SILC,2,2003-2021,.2711418,.1353184,2017
SWE,2008,INC,N,FALSE,EU-SILC,2,2003-2021,.2811921,.1506792,2017
SWE,2009,INC,N,FALSE,EU-SILC,2,2003-2021,.2733988,.1354052,2017
SWE,2010,INC,N,FALSE,EU-SILC,2,2003-2021,.2773619,.1418934,2017
SWE,2011,INC,N,FALSE,EU-SILC,2,2003-2021,.2760527,.1353904,2017
SWE,2012,INC,N,FALSE,EU-SILC,2,2003-2021,.276439,.1354278,2017
SWE,2013,INC,N,FALSE,EU-SILC,2,2003-2021,.2882279,.1515754,2017
SWE,2014,INC,N,FALSE,EU-SILC,2,2003-2021,.2838866,.14423,2017
SWE,2015,INC,N,FALSE,EU-SILC,2,2003-2021,.2920969,.1715203,2017
SWE,2016,INC,N,FALSE,EU-SILC,2,2003-2021,.2956121,.1864666,2017
SWE,2017,INC,N,FALSE,EU-SILC,2,2003-2021,.2877414,.15266,2017
SWE,2018,INC,N,FALSE,EU-SILC,2,2003-2021,.2997161,.1908483,2017
SWE,2019,INC,N,FALSE,EU-SILC,2,2003-2021,.2930465,.1758787,2017
SWE,2020,INC,N,FALSE,EU-SILC,2,2003-2021,.2887063,.1584382,2017
SWE,2021,INC,N,FALSE,EU-SILC,2,2003-2021,.2976539,.1677088,2017
SWZ,1994,CONS,N,FALSE,HIES,0,1994,.5863356,,2017
SWZ,2000,CONS,N,FALSE,HIES,1,2000-2016,.5311352,.5817096,2017
SWZ,2009,CONS,N,FALSE,HIES,1,2000-2016,.5144115,.500303,2017
SWZ,2016,CONS,N,FALSE,HIES,1,2000-2016,.5457979,.5686932,2017
SYC,2013,INC,N,FALSE,HBS,2,2013-2018,.4682206,.6673627,2017
SYC,2018,INC,N,FALSE,HBS,2,2013-2018,.3212532,.1720233,2017
SYR,1996,CONS,N,FALSE,HIES,0,1996-2003,.3516938,.2455158,2017
SYR,2003,CONS,N,FALSE,HIES,0,1996-2003,.375146,.2649161,2017
SYR,2006,CONS,N,FALSE,HIES,1,2006-2009,.4014725,,2017
SYR,2009,CONS,N,FALSE,HIES,1,2006-2009,.4039478,,2017
SYR,2022,CONS,N,FALSE,HNAP,2,2022,.2662801,.1146882,2017
TCD,2003,CONS,N,FALSE,ECOSIT-II,0,2003-2011,.3980961,.2925496,2017
TCD,2011,CONS,N,FALSE,ECOSIT-III,0,2003-2011,.4331976,.3543543,2017
TCD,2018,CONS,N,FALSE,EHCVM,1,2018-2022,.3749915,.256957,2017
TCD,2022,CONS,N,FALSE,EHCVM,1,2018-2022,.373575,.2527252,2017
TGO,2006,CONS,N,FALSE,QUIBB,0,2006-2015,.4221126,.3203557,2017
TGO,2011,CONS,N,FALSE,QUIBB,0,2006-2015,.4601219,.3828899,2017
TGO,2015,CONS,N,FALSE,QUIBB,0,2006-2015,.4302309,.3251413,2017
TGO,2018,CONS,N,FALSE,EHCVM,1,2018-2021,.4253424,.3362766,2017
TGO,2021,CONS,N,FALSE,EHCVM,1,2018-2021,.3785801,.2627083,2017
THA,1981,CONS,N,FALSE,SES,0,1981-1988,.4521682,,2017
THA,1988,CONS,N,FALSE,SES,0,1981-1988,.438386,,2017
THA,1990,CONS,N,FALSE,SES,1,1990-1999,.4526565,.408458,2017
THA,1992,CONS,N,FALSE,SES,1,1990-1999,.4785796,.4584078,2017
THA,1994,CONS,N,FALSE,SES,1,1990-1999,.4347021,.379457,2017
THA,1996,CONS,N,FALSE,SES,1,1990-1999,.4290492,.3629605,2017
THA,1998,CONS,N,FALSE,SES,1,1990-1999,.414558,.3142522,2017
THA,1999,CONS,N,FALSE,SES,1,1990-1999,.4309159,.3502165,2017
THA,2000,CONS,N,FALSE,SES,2,2000-2013,.4283367,.3478829,2017
THA,2002,CONS,N,FALSE,SES,2,2000-2013,.4194449,.3375285,2017
THA,2004,CONS,N,FALSE,SES,2,2000-2013,.4254031,.3499078,2017
THA,2006,CONS,N,FALSE,SES,2,2000-2013,.4181903,.3224548,2017
THA,2007,CONS,N,FALSE,SES,2,2000-2013,.3976152,.2900655,2017
THA,2008,CONS,N,FALSE,SES,2,2000-2013,.4028828,.2998288,2017
THA,2009,CONS,N,FALSE,SES,2,2000-2013,.3960126,.2895023,2017
THA,2010,CONS,N,FALSE,SES,2,2000-2013,.3940277,.2837476,2017
THA,2011,CONS,N,FALSE,SES,2,2000-2013,.3745903,.2645166,2017
THA,2012,CONS,N,FALSE,SES,2,2000-2013,.3925667,.289896,2017
THA,2013,CONS,N,FALSE,SES,2,2000-2013,.3784711,.2579768,2017
THA,2014,CONS,N,FALSE,SES,3,2014-2021,.3703266,.2505194,2017
THA,2015,CONS,N,FALSE,SES,3,2014-2021,.3598733,.2393839,2017
THA,2016,CONS,N,FALSE,SES,3,2014-2021,.3689063,.2511298,2017
THA,2017,CONS,N,FALSE,SES,3,2014-2021,.3638281,.2385486,2017
THA,2018,CONS,N,FALSE,SES,3,2014-2021,.3641217,.233577,2017
THA,2019,CONS,N,FALSE,SES,3,2014-2021,.3485572,.2154068,2017
THA,2020,CONS,N,FALSE,SES,3,2014-2021,.3498582,.2134784,2017
THA,2021,CONS,N,FALSE,SES,3,2014-2021,.3492387,.2157278,2017
TJK,1999,CONS,N,FALSE,TLSS,0,1999-2015,.2953486,.1519559,2017
TJK,2003,CONS,N,FALSE,TLSS,0,1999-2015,.3271972,.1866531,2017
TJK,2004,CONS,N,FALSE,HBS,1,2004,.3360195,.1987837,2017
TJK,2007,CONS,N,FALSE,TLSS,0,1999-2015,.3218201,.2035991,2017
TJK,2009,CONS,N,FALSE,TLSS,0,1999-2015,.3077495,.165839,2017
TJK,2015,CONS,N,FALSE,HSITAFIEN,0,1999-2015,.3399559,.2015583,2017
TKM,1998,CONS,N,FALSE,LSMS,0,1998,.4080693,.3114457,2017
TLS,2001,CONS,N,FALSE,TLSS,0,2001-2014,.3593529,.2329336,2017
TLS,2007,CONS,N,FALSE,TLSLS,0,2001-2014,.2782332,.1370762,2017
TLS,2014,CONS,N,FALSE,TLSLS,0,2001-2014,.2865293,.1513521,2017
TON,2000,CONS,N,FALSE,HIES,0,2000,.3769017,.2483303,2017
TON,2009,CONS,N,FALSE,HIES,1,2009-2015,.3749649,.2522868,2017
TON,2015,CONS,N,FALSE,HIES,1,2009-2015,.335213,.2034249,2017
TON,2021,CONS,N,FALSE,HIES,2,2021,.2709576,.1235889,2017
TTO,1988,INC,N,FALSE,SLC,0,1988,.4260131,,2017
TTO,1992,INC,N,FALSE,PHC,1,1992,.4018545,,2017
TUN,1985,CONS,N,FALSE,HBCS,0,1985-1990,.4343376,,2017
TUN,1990,CONS,N,FALSE,HBCS,0,1985-1990,.4010224,,2017
TUN,1995,CONS,N,FALSE,LSS,1,1995-2000,.416573,,2017
TUN,2000,CONS,N,FALSE,LSS,1,1995-2000,.4080948,,2017
TUN,2005,CONS,N,FALSE,NSHBCSL,2,2005-2021,.3773338,.2537382,2017
TUN,2010,CONS,N,FALSE,NSHBCSL,2,2005-2021,.3580826,.219745,2017
TUN,2015,CONS,N,FALSE,NSHBCSL,2,2005-2021,.3281588,.1877256,2017
TUN,2021,CONS,N,FALSE,NSHBCSL,2,2005-2021,.3371643,.2403524,2017
TUR,2017,INC,N,FALSE,SILC-C,2,2017-2021,.4353174,.37992,2017
TUR,2018,INC,N,FALSE,SILC-C,2,2017-2021,.4244146,.3511221,2017
TUR,2019,INC,N,FALSE,SILC-C,2,2017-2021,.4383382,.3736246,2017
TUR,2020,INC,N,FALSE,SILC-C,2,2017-2021,.4304505,.3623491,2017
TUR,2021,INC,N,FALSE,SILC-C,2,2017-2021,.4436484,.4132781,2017
TUV,2010,CONS,N,FALSE,HIES,0,2010,.3913903,.2906005,2017
TWN,1981,INC,N,FALSE,FIDES-LIS,0,1981-2021,.2996948,.1559094,2017
TWN,1986,INC,N,FALSE,FIDES-LIS,0,1981-2021,.2970796,.1600413,2017
TWN,1991,INC,N,FALSE,FIDES-LIS,0,1981-2021,.299678,.1607131,2017
TWN,1995,INC,N,FALSE,FIDES-LIS,0,1981-2021,.3132387,.1722076,2017
TWN,1997,INC,N,FALSE,FIDES-LIS,0,1981-2021,.3082211,.1658256,2017
TWN,2000,INC,N,FALSE,FIDES-LIS,0,1981-2021,.3111148,.1696655,2017
TWN,2005,INC,N,FALSE,FIDES-LIS,0,1981-2021,.3217959,.1840774,2017
TWN,2007,INC,N,FALSE,FIDES-LIS,0,1981-2021,.3212457,.1786939,2017
TWN,2010,INC,N,FALSE,FIDES-LIS,0,1981-2021,.3321333,.1942157,2017
TWN,2013,INC,N,FALSE,FIDES-LIS,0,1981-2021,.3248739,.1885489,2017
TWN,2016,INC,N,FALSE,FIDES-LIS,0,1981-2021,.3144864,.1759859,2017
TWN,2017,INC,N,FALSE,FIDES-LIS,0,1981-2021,.3175469,.184594,2017
TWN,2018,INC,N,FALSE,FIDES-LIS,0,1981-2021,.3163368,.1834667,2017
TWN,2019,INC,N,FALSE,FIDES-LIS,0,1981-2021,.3119192,.1737802,2017
TWN,2020,INC,N,FALSE,FIDES-LIS,0,1981-2021,.3123102,.1789554,2017
TWN,2021,INC,N,FALSE,FIDES-LIS,0,1981-2021,.3156638,.1816002,2017
TZA,1991,CONS,N,FALSE,HBS,0,1991,.3527569,.2187909,2017
TZA,2000,CONS,N,FALSE,HBS,1,2000-2018,.3726669,.2493071,2017
TZA,2007,CONS,N,FALSE,HBS,1,2000-2018,.4027703,.3135661,2017
TZA,2011,CONS,N,FALSE,HBS,1,2000-2018,.3778315,.2938029,2017
TZA,2018,CONS,N,FALSE,HBS,1,2000-2018,.4049123,.3427615,2017
UGA,1989,CONS,N,FALSE,HBS,0,1989,.4436272,,2017
UGA,1992,CONS,N,FALSE,NIHS,1,1992-1999,.4142351,.3574904,2017
UGA,1996,CONS,N,FALSE,NIHS,1,1992-1999,.3904288,.2905763,2017
UGA,1999,CONS,N,FALSE,NIHS,1,1992-1999,.4299768,.3759292,2017
UGA,2002,CONS,N,FALSE,UNHS,2,2002-2019,.4516984,.4678564,2017
UGA,2005,CONS,N,FALSE,UNHS,2,2002-2019,.4294434,.3643244,2017
UGA,2009,CONS,N,FALSE,UNHS,2,2002-2019,.4419043,.393184,2017
UGA,2012,CONS,N,FALSE,UNHS,2,2002-2019,.4100958,.3197667,2017
UGA,2016,CONS,N,FALSE,UNHS,2,2002-2019,.427535,.3560387,2017
UGA,2019,CONS,N,FALSE,UNHS,2,2002-2019,.4270264,.4198913,2017
UKR,1992,CONS,N,FALSE,HS,0,1992-1993,.2970884,.1508214,2017
UKR,1993,CONS,N,FALSE,HS,0,1992-1993,.2892698,.1460157,2017
UKR,1995,CONS,N,FALSE,HIES,1,1995,.3923102,,2017
UKR,1996,CONS,N,FALSE,HIES,2,1996,.3515356,.2317156,2017
UKR,2002,CONS,N,FALSE,HLCS,4,2002-2020,.290457,.1444973,2017
UKR,2003,CONS,N,FALSE,HLCS,4,2002-2020,.2866489,.1426303,2017
UKR,2004,CONS,N,FALSE,HLCS,4,2002-2020,.2893402,.1457046,2017
UKR,2005,CONS,N,FALSE,HLCS,4,2002-2020,.2902071,.1436838,2017
UKR,2006,CONS,N,FALSE,HLCS,4,2002-2020,.2979439,.1602228,2017
UKR,2007,CONS,N,FALSE,HLCS,4,2002-2020,.2701268,.1245412,2017
UKR,2008,CONS,N,FALSE,HLCS,4,2002-2020,.2663823,.1214085,2017
UKR,2009,CONS,N,FALSE,HLCS,4,2002-2020,.2531666,.1082053,2017
UKR,2010,CONS,N,FALSE,HLCS,4,2002-2020,.2481898,.1041485,2017
UKR,2011,CONS,N,FALSE,HLCS,4,2002-2020,.2455184,.1026142,2017
UKR,2012,CONS,N,FALSE,HLCS,4,2002-2020,.2474066,.1025536,2017
UKR,2013,CONS,N,FALSE,HLCS,4,2002-2020,.2455499,.1035444,2017
UKR,2014,CONS,N,FALSE,HLCS,4,2002-2020,.2402537,.0994479,2017
UKR,2015,CONS,N,FALSE,HLCS,4,2002-2020,.2545754,.1138756,2017
UKR,2016,CONS,N,FALSE,HLCS,4,2002-2020,.250022,.1115329,2017
UKR,2017,CONS,N,FALSE,HLCS,4,2002-2020,.2604905,.1171163,2017
UKR,2018,CONS,N,FALSE,HLCS,4,2002-2020,.2607149,.1189624,2017
UKR,2019,CONS,N,FALSE,HLCS,4,2002-2020,.2661947,.1231826,2017
UKR,2020,CONS,N,FALSE,HLCS,4,2002-2020,.2562736,.1150426,2017
URY,1981,INC,U,FALSE,ENH,0,1981,.4364543,,2017
URY,1989,INC,U,FALSE,ENH,1,1989,.4236902,.3544076,2017
URY,1992,INC,U,FALSE,ECH,2,1992-2005,.4146803,.3137958,2017
URY,1995,INC,U,FALSE,ECH,2,1992-2005,.4092631,.2959007,2017
URY,1996,INC,U,FALSE,ECH,2,1992-2005,.4075121,.2907872,2017
URY,1997,INC,U,FALSE,ECH,2,1992-2005,.414567,.3051763,2017
URY,1998,INC,U,FALSE,ECH,2,1992-2005,.4248223,.3205905,2017
URY,2000,INC,U,FALSE,ECH,2,1992-2005,.4290707,.3282068,2017
URY,2001,INC,U,FALSE,ECH,2,1992-2005,.4500767,.3651962,2017
URY,2002,INC,U,FALSE,ECH,2,1992-2005,.455442,.3757194,2017
URY,2003,INC,U,FALSE,ECH,2,1992-2005,.4503368,.371517,2017
URY,2004,INC,U,FALSE,ECH,2,1992-2005,.4588093,.3877209,2017
URY,2005,INC,U,FALSE,ECH,2,1992-2005,.4472755,.3617473,2017
URY,2006,INC,N,FALSE,ECH,3,2006-2019,.4594136,.3885047,2017
URY,2007,INC,N,FALSE,ECH,3,2006-2019,.4640473,.4044515,2017
URY,2008,INC,N,FALSE,ECH,3,2006-2019,.4508151,.3784767,2017
URY,2009,INC,N,FALSE,ECH,3,2006-2019,.4554151,.3912659,2017
URY,2010,INC,N,FALSE,ECH,3,2006-2019,.4447479,.3639682,2017
URY,2011,INC,N,FALSE,ECH,3,2006-2019,.4217513,.3197862,2017
URY,2012,INC,N,FALSE,ECH,3,2006-2019,.3990042,.272646,2017
URY,2013,INC,N,FALSE,ECH,3,2006-2019,.4045078,.2886085,2017
URY,2014,INC,N,FALSE,ECH,3,2006-2019,.4011093,.2832456,2017
URY,2015,INC,N,FALSE,ECH,3,2006-2019,.4012859,.2891716,2017
URY,2016,INC,N,FALSE,ECH,3,2006-2019,.3969534,.2785811,2017
URY,2017,INC,N,FALSE,ECH,3,2006-2019,.3946438,.2782789,2017
URY,2018,INC,N,FALSE,ECH,3,2006-2019,.3968711,.2793988,2017
URY,2019,INC,N,FALSE,ECH,3,2006-2019,.3967629,.2767865,2017
URY,2020,INC,N,FALSE,ECH,4,2020,.4015558,.2835299,2017
URY,2021,INC,N,FALSE,ECH-S2,5,2021,.4077682,.3036034,2017
URY,2022,INC,N,FALSE,ECH,6,2022,.4055168,.2929132,2017
USA,1963,INC,N,FALSE,CPS-LIS,0,1963-2001,.3759994,.2441115,2017
USA,1964,INC,N,FALSE,CPS-LIS,0,1963-2001,.3813833,.2550221,2017
USA,1965,INC,N,FALSE,CPS-LIS,0,1963-2001,.3749794,.2418902,2017
USA,1966,INC,N,FALSE,CPS-LIS,0,1963-2001,.3778252,.2442763,2017
USA,1967,INC,N,FALSE,CPS-LIS,0,1963-2001,.3688635,.2327061,2017
USA,1968,INC,N,FALSE,CPS-LIS,0,1963-2001,.3632612,.2256835,2017
USA,1969,INC,N,FALSE,CPS-LIS,0,1963-2001,.3601452,.2213688,2017
USA,1970,INC,N,FALSE,CPS-LIS,0,1963-2001,.3663127,.2294617,2017
USA,1971,INC,N,FALSE,CPS-LIS,0,1963-2001,.3691743,.2340073,2017
USA,1972,INC,N,FALSE,CPS-LIS,0,1963-2001,.3666134,.2293854,2017
USA,1973,INC,N,FALSE,CPS-LIS,0,1963-2001,.3611279,.2224827,2017
USA,1974,INC,N,FALSE,CPS-LIS,0,1963-2001,.3547659,.2132459,2017
USA,1975,INC,N,FALSE,CPS-LIS,0,1963-2001,.3564841,.2163183,2017
USA,1976,INC,N,FALSE,CPS-LIS,0,1963-2001,.3556054,.2145923,2017
USA,1977,INC,N,FALSE,CPS-LIS,0,1963-2001,.3550434,.2184892,2017
USA,1978,INC,N,FALSE,CPS-LIS,0,1963-2001,.3479003,.2052525,2017
USA,1979,INC,N,FALSE,CPS-LIS,0,1963-2001,.347589,.2052901,2017
USA,1980,INC,N,FALSE,CPS-LIS,0,1963-2001,.3471692,.2041509,2017
USA,1981,INC,N,FALSE,CPS-LIS,0,1963-2001,.3548754,.2126123,2017
USA,1982,INC,N,FALSE,CPS-LIS,0,1963-2001,.3666043,.2280394,2017
USA,1983,INC,N,FALSE,CPS-LIS,0,1963-2001,.3729202,.2346013,2017
USA,1984,INC,N,FALSE,CPS-LIS,0,1963-2001,.3734434,.2361378,2017
USA,1985,INC,N,FALSE,CPS-LIS,0,1963-2001,.3764068,.2408352,2017
USA,1986,INC,N,FALSE,CPS-LIS,0,1963-2001,.3755635,.2395713,2017
USA,1987,INC,N,FALSE,CPS-LIS,0,1963-2001,.3719612,.2353148,2017
USA,1988,INC,N,FALSE,CPS-LIS,0,1963-2001,.3770509,.2437268,2017
USA,1989,INC,N,FALSE,CPS-LIS,0,1963-2001,.3823797,.2537222,2017
USA,1990,INC,N,FALSE,CPS-LIS,0,1963-2001,.382625,.253112,2017
USA,1991,INC,N,FALSE,CPS-LIS,0,1963-2001,.3804486,.2488407,2017
USA,1992,INC,N,FALSE,CPS-LIS,0,1963-2001,.3837281,.25375,2017
USA,1993,INC,N,FALSE,CPS-LIS,0,1963-2001,.4036311,.3046992,2017
USA,1994,INC,N,FALSE,CPS-LIS,0,1963-2001,.399854,.2992767,2017
USA,1995,INC,N,FALSE,CPS-LIS,0,1963-2001,.3985361,.2986751,2017
USA,1996,INC,N,FALSE,CPS-LIS,0,1963-2001,.4030833,.3153134,2017
USA,1997,INC,N,FALSE,CPS-LIS,0,1963-2001,.4052416,.3178556,2017
USA,1998,INC,N,FALSE,CPS-LIS,0,1963-2001,.3995178,.303605,2017
USA,1999,INC,N,FALSE,CPS-LIS,0,1963-2001,.3998442,.302772,2017
USA,2000,INC,N,FALSE,CPS-LIS,0,1963-2001,.401389,.3151716,2017
USA,2001,INC,N,FALSE,CPS-LIS,0,1963-2001,.4059431,.3259425,2017
USA,2002,INC,N,FALSE,CPS-ASEC-LIS,1,2002-2022,.4035206,.3095609,2017
USA,2003,INC,N,FALSE,CPS-ASEC-LIS,1,2002-2022,.4077007,.31093,2017
USA,2004,INC,N,FALSE,CPS-ASEC-LIS,1,2002-2022,.4025054,.3104638,2017
USA,2005,INC,N,FALSE,CPS-ASEC-LIS,1,2002-2022,.4096289,.3217984,2017
USA,2006,INC,N,FALSE,CPS-ASEC-LIS,1,2002-2022,.413959,.3327117,2017
USA,2007,INC,N,FALSE,CPS-ASEC-LIS,1,2002-2022,.407959,.3128103,2017
USA,2008,INC,N,FALSE,CPS-ASEC-LIS,1,2002-2022,.4080917,.3122363,2017
USA,2009,INC,N,FALSE,CPS-ASEC-LIS,1,2002-2022,.4060833,.3121777,2017
USA,2010,INC,N,FALSE,CPS-ASEC-LIS,1,2002-2022,.4000755,.2870085,2017
USA,2011,INC,N,FALSE,CPS-ASEC-LIS,1,2002-2022,.409342,.3053526,2017
USA,2012,INC,N,FALSE,CPS-ASEC-LIS,1,2002-2022,.4093412,.3064341,2017
USA,2013,INC,N,FALSE,CPS-ASEC-LIS,1,2002-2022,.4064924,.2975447,2017
USA,2014,INC,N,FALSE,CPS-ASEC-LIS,1,2002-2022,.4150802,.3080438,2017
USA,2015,INC,N,FALSE,CPS-ASEC-LIS,1,2002-2022,.412356,.3059656,2017
USA,2016,INC,N,FALSE,CPS-ASEC-LIS,1,2002-2022,.4111897,.3048561,2017
USA,2017,INC,N,FALSE,CPS-ASEC-LIS,1,2002-2022,.4117724,.3052499,2017
USA,2018,INC,N,FALSE,CPS-ASEC-LIS,1,2002-2022,.4140517,.3134108,2017
USA,2019,INC,N,FALSE,CPS-ASEC-LIS,1,2002-2022,.4153352,.3118657,2017
USA,2020,INC,N,FALSE,CPS-ASEC-LIS,1,2002-2022,.3968211,.2830377,2017
USA,2021,INC,N,FALSE,CPS-ASEC-LIS,1,2002-2022,.3969646,.2877186,2017
USA,2022,INC,N,FALSE,CPS-ASEC-LIS,1,2002-2022,.4133413,.3093954,2017
UZB,1998,CONS,N,FALSE,HBS,0,1998-2003,.4426851,.3540871,2017
UZB,2000,CONS,N,FALSE,HBS,0,1998-2003,.3601164,.2451581,2017
UZB,2002,CONS,N,FALSE,HBS,0,1998-2003,.330365,.2077509,2017
UZB,2003,CONS,N,FALSE,HBS,0,1998-2003,.3526095,.2322931,2017
UZB,2022,CONS,N,FALSE,HBS,1,2022,.3118483,.1611619,2017
VEN,1981,INC,N,FALSE,EHM,0,1981-1987,.5560985,,2017
VEN,1987,INC,N,FALSE,EHM,0,1981-1987,.5344797,,2017
VEN,1989,INC,N,FALSE,EHM,1,1989-1999,.4377632,.3562939,2017
VEN,1992,INC,N,FALSE,EHM,1,1989-1999,.4206185,.3200372,2017
VEN,1995,INC,N,FALSE,EHM,1,1989-1999,.4716726,.4222866,2017
VEN,1998,INC,N,FALSE,EHM,1,1989-1999,.4799967,.4297425,2017
VEN,1999,INC,N,FALSE,EHM,1,1989-1999,.4769936,.4277321,2017
VEN,2001,INC,N,FALSE,EHM,2,2001-2006,.4717132,.4131215,2017
VEN,2002,INC,N,FALSE,EHM,2,2001-2006,.4887975,.4441893,2017
VEN,2003,INC,N,FALSE,EHM,2,2001-2006,.4790892,.4245087,2017
VEN,2004,INC,N,FALSE,EHM,2,2001-2006,.4731904,.4091848,2017
VEN,2005,INC,N,FALSE,EHM,2,2001-2006,.4931856,.4844676,2017
VEN,2006,INC,N,FALSE,EHM,2,2001-2006,.4469932,.3692456,2017
VNM,1992,CONS,N,FALSE,VLSS,0,1992-1997,.3565401,.2316034,2017
VNM,1997,CONS,N,FALSE,VLSS,0,1992-1997,.3544221,.233198,2017
VNM,2002,CONS,N,FALSE,VHLSS,1,2002-2008,.3702962,.2488028,2017
VNM,2004,CONS,N,FALSE,VHLSS,1,2002-2008,.3678583,.2384081,2017
VNM,2006,CONS,N,FALSE,VHLSS,1,2002-2008,.3578862,.2266656,2017
VNM,2008,CONS,N,FALSE,VHLSS,1,2002-2008,.3557031,.2270587,2017
VNM,2010,CONS,N,FALSE,VHLSS,2,2010-2022,.3925273,.2935199,2017
VNM,2012,CONS,N,FALSE,VHLSS,2,2010-2022,.3564589,.2290707,2017
VNM,2014,CONS,N,FALSE,VHLSS,2,2010-2022,.3475538,.2164045,2017
VNM,2016,CONS,N,FALSE,VHLSS,2,2010-2022,.3526674,.2228426,2017
VNM,2018,CONS,N,FALSE,VHLSS,2,2010-2022,.3571555,.2259765,2017
VNM,2020,CONS,N,FALSE,VHLSS,2,2010-2022,.3679017,.2462575,2017
VNM,2022,CONS,N,FALSE,VHLSS,2,2010-2022,.36093,.2660981,2017
VUT,2010,CONS,N,FALSE,HIES,0,2010,.373513,.2613908,2017
VUT,2019,CONS,N,FALSE,NSDP,1,2019,.3231758,.1805218,2017
WSM,2002,CONS,N,FALSE,HIES,0,2002-2013,.4073552,.314188,2017
WSM,2008,CONS,N,FALSE,HIES,0,2002-2013,.4204655,.3435619,2017
WSM,2013,CONS,N,FALSE,HIES,0,2002-2013,.3874345,.2893106,2017
XKX,2003,CONS,N,FALSE,HBS,0,2003-2011,.2895386,.1392633,2017
XKX,2005,CONS,N,FALSE,HBS,0,2003-2011,.3123823,.1611793,2017
XKX,2006,CONS,N,FALSE,HBS,0,2003-2011,.3032163,.153922,2017
XKX,2009,CONS,N,FALSE,HBS,0,2003-2011,.3178172,.169438,2017
XKX,2010,CONS,N,FALSE,HBS,0,2003-2011,.332543,.1849267,2017
XKX,2011,CONS,N,FALSE,HBS,0,2003-2011,.2783175,.1284192,2017
XKX,2012,CONS,N,FALSE,HBS,1,2012-2017,.2897227,.1552692,2017
XKX,2013,CONS,N,FALSE,HBS,1,2012-2017,.2630659,.1235612,2017
XKX,2014,CONS,N,FALSE,HBS,1,2012-2017,.2727017,.1261291,2017
XKX,2015,CONS,N,FALSE,HBS,1,2012-2017,.2645415,.1171573,2017
XKX,2016,CONS,N,FALSE,HBS,1,2012-2017,.2672114,.123164,2017
XKX,2017,CONS,N,FALSE,HBS,1,2012-2017,.2901295,.1656347,2017
YEM,1998,CONS,N,FALSE,HBS,0,1998,.3499779,.2153419,2017
YEM,2005,CONS,N,FALSE,HBS,1,2005-2014,.3473233,.243091,2017
YEM,2014,CONS,N,FALSE,HBS,1,2005-2014,.3670709,.2546958,2017
ZAF,1993,CONS,N,FALSE,KIDS,0,1993,.5933394,,2017
ZAF,2000,CONS,N,FALSE,HIES,2,2000,.5776966,,2017
ZAF,2005,CONS,N,FALSE,IES,3,2005-2014,.6476209,.8675048,2017
ZAF,2008,CONS,N,FALSE,LCS,3,2005-2014,.63009,.7911583,2017
ZAF,2010,CONS,N,FALSE,IES,3,2005-2014,.6338269,.790728,2017
ZAF,2014,CONS,N,FALSE,LCS,3,2005-2014,.630258,.7790989,2017
ZMB,1991,CONS,N,FALSE,HBS,0,1991,.5940293,.6504764,2017
ZMB,1993,CONS,N,FALSE,HBS,1,1993,.5255011,,2017
ZMB,1996,CONS,N,FALSE,LCMS-I,2,1996,.4832838,.4546494,2017
ZMB,1998,CONS,N,FALSE,LCMS-II,3,1998-2006,.4912212,.4770211,2017
ZMB,2002,CONS,N,FALSE,LCMS-III,3,1998-2006,.4205863,.3710589,2017
ZMB,2004,CONS,N,FALSE,LCMS-IV,3,1998-2006,.5426393,.6108194,2017
ZMB,2006,CONS,N,FALSE,LCMS-V,3,1998-2006,.5456933,.5915102,2017
ZMB,2010,CONS,N,FALSE,LCMS-VI,4,2010-2022,.5201111,.520687,2017
ZMB,2015,CONS,N,FALSE,LCMS-VII,4,2010-2022,.5583758,.6194259,2017
ZMB,2022,CONS,N,FALSE,LCMS-VIII,4,2010-2022,.5148312,.5071258,2017
ZWE,2011,CONS,N,FALSE,ICES,0,2011-2019,.4315358,,2017
ZWE,2017,CONS,N,FALSE,PICES,0,2011-2019,.4433708,.3792188,2017
ZWE,2019,CONS,N,FALSE,PICES,0,2011-2019,.5025645,.4550769,2017
RUS,1997,CONS,N,FALSE,HBS,1,1997-2020,.3840923,.2684716,2017
RUS,1998,CONS,N,FALSE,HBS,1,1997-2020,.3813704,.2551302,2017
RUS,1999,CONS,N,FALSE,HBS,1,1997-2020,.3744344,.2441476,2017
RUS,2000,CONS,N,FALSE,HBS,1,1997-2020,.3709283,.2396907,2017
RUS,2001,CONS,N,FALSE,HBS,1,1997-2020,.3692512,.2412477,2017
RUS,2002,CONS,N,FALSE,HBS,1,1997-2020,.3728383,.2461456,2017
RUS,2003,CONS,N,FALSE,HBS,1,1997-2020,.3997157,.2779509,2017
RUS,2004,CONS,N,FALSE,HBS,1,1997-2020,.4031584,.2854866,2017
RUS,2005,CONS,N,FALSE,HBS,1,1997-2020,.4126561,.302773,2017
RUS,2006,CONS,N,FALSE,HBS,1,1997-2020,.4095095,.2953436,2017
RUS,2007,CONS,N,FALSE,HBS,1,1997-2020,.4227247,.3207287,2017
RUS,2008,CONS,N,FALSE,HBS,1,1997-2020,.4156859,.3161366,2017
RUS,2009,CONS,N,FALSE,HBS,1,1997-2020,.398456,.2860049,2017
RUS,2010,CONS,N,FALSE,HBS,1,1997-2020,.3954898,.2790949,2017
RUS,2011,CONS,N,FALSE,HBS,1,1997-2020,.3974932,.2845841,2017
RUS,2012,CONS,N,FALSE,HBS,1,1997-2020,.4071483,.3061719,2017
RUS,2013,CONS,N,FALSE,HBS,1,1997-2020,.4088442,.3104908,2017
SLE,1989,CONS,N,FALSE,HEEAS,0,1989,,,2017
