xyzdmxyzcountry,xyzdmxyzrequestyear,xyzdmxyzinterpolation,xyzdcxyzwelfaretype,xyzdcxyzcoverage,xyzdcxyzgender,xyzdcxyzagegroup,xyzdcxyzeducation,xyzdcxyzdistribution,xyzdpxyzsi_pov_share_all,xyzdcxyzpppyear
AGO,2018,FALSE,CONS,,,,No education,B40,.5779687,2017
AGO,2018,FALSE,CONS,,,,No education,T60,.4220313,2017
AGO,2018,FALSE,CONS,,,,Primary education,B40,.4791662,2017
AGO,2018,FALSE,CONS,,,,Primary education,T60,.5208338,2017
AGO,2018,FALSE,CONS,,,,Secondary education,B40,.1906606,2017
AGO,2018,FALSE,CONS,,,,Secondary education,T60,.8093394,2017
AGO,2018,FALSE,CONS,,,,Tertiary education,B40,.0287177,2017
AGO,2018,FALSE,CONS,,,,Tertiary education,T60,.9712823,2017
AGO,2018,FALSE,CONS,,,0-14,,B40,.4580916,2017
AGO,2018,FALSE,CONS,,,0-14,,T60,.5419084,2017
AGO,2018,FALSE,CONS,,,15-64,,B40,.3391451,2017
AGO,2018,FALSE,CONS,,,15-64,,T60,.6608549,2017
AGO,2018,FALSE,CONS,,,>65,,B40,.3489027,2017
AGO,2018,FALSE,CONS,,,>65,,T60,.6510973,2017
AGO,2018,FALSE,CONS,,Female,,,B40,.4045556,2017
AGO,2018,FALSE,CONS,,Female,,,T60,.5954444,2017
AGO,2018,FALSE,CONS,,Male,,,B40,.3931784,2017
AGO,2018,FALSE,CONS,,Male,,,T60,.6068216,2017
AGO,2018,FALSE,CONS,R,,,,B40,.6454613,2017
AGO,2018,FALSE,CONS,R,,,,T60,.3545387,2017
AGO,2018,FALSE,CONS,U,,,,B40,.241871,2017
AGO,2018,FALSE,CONS,U,,,,T60,.758129,2017
ARG,2023,FALSE,INC,,,,No education,B40,.5163686,2017
ARG,2023,FALSE,INC,,,,No education,T60,.4836313,2017
ARG,2023,FALSE,INC,,,,Primary education,B40,.4380032,2017
ARG,2023,FALSE,INC,,,,Primary education,T60,.5619969,2017
ARG,2023,FALSE,INC,,,,Secondary education,B40,.4184536,2017
ARG,2023,FALSE,INC,,,,Secondary education,T60,.5815464,2017
ARG,2023,FALSE,INC,,,,Tertiary education,B40,.1707883,2017
ARG,2023,FALSE,INC,,,,Tertiary education,T60,.8292117,2017
ARG,2023,FALSE,INC,,,0-14,,B40,.6030444,2017
ARG,2023,FALSE,INC,,,0-14,,T60,.3969556,2017
ARG,2023,FALSE,INC,,,15-64,,B40,.3723595,2017
ARG,2023,FALSE,INC,,,15-64,,T60,.6276405,2017
ARG,2023,FALSE,INC,,,>65,,B40,.1645429,2017
ARG,2023,FALSE,INC,,,>65,,T60,.8354571,2017
ARG,2023,FALSE,INC,,Female,,,B40,.4122015,2017
ARG,2023,FALSE,INC,,Female,,,T60,.5877985,2017
ARG,2023,FALSE,INC,,Male,,,B40,.386748,2017
ARG,2023,FALSE,INC,,Male,,,T60,.613252,2017
ARG,2023,FALSE,INC,U,,,,B40,.3998428,2017
ARG,2023,FALSE,INC,U,,,,T60,.6001572,2017
ARM,2023,FALSE,CONS,,,,No education,B40,.506546,2017
ARM,2023,FALSE,CONS,,,,No education,T60,.493454,2017
ARM,2023,FALSE,CONS,,,,Primary education,B40,.3995884,2017
ARM,2023,FALSE,CONS,,,,Primary education,T60,.6004116,2017
ARM,2023,FALSE,CONS,,,,Secondary education,B40,.3993883,2017
ARM,2023,FALSE,CONS,,,,Secondary education,T60,.6006117,2017
ARM,2023,FALSE,CONS,,,,Tertiary education,B40,.2956364,2017
ARM,2023,FALSE,CONS,,,,Tertiary education,T60,.7043636,2017
ARM,2023,FALSE,CONS,,,0-14,,B40,.5381519,2017
ARM,2023,FALSE,CONS,,,0-14,,T60,.4618481,2017
ARM,2023,FALSE,CONS,,,15-64,,B40,.3820915,2017
ARM,2023,FALSE,CONS,,,15-64,,T60,.6179085,2017
ARM,2023,FALSE,CONS,,,>65,,B40,.318462,2017
ARM,2023,FALSE,CONS,,,>65,,T60,.681538,2017
ARM,2023,FALSE,CONS,,Female,,,B40,.3949696,2017
ARM,2023,FALSE,CONS,,Female,,,T60,.6050304,2017
ARM,2023,FALSE,CONS,,Male,,,B40,.4056861,2017
ARM,2023,FALSE,CONS,,Male,,,T60,.5943139,2017
ARM,2023,FALSE,CONS,R,,,,B40,.4659343,2017
ARM,2023,FALSE,CONS,R,,,,T60,.5340657,2017
ARM,2023,FALSE,CONS,U,,,,B40,.3546423,2017
ARM,2023,FALSE,CONS,U,,,,T60,.6453577,2017
AUT,2022,FALSE,INC,,,,Primary education,B40,.8044486,2017
AUT,2022,FALSE,INC,,,,Primary education,T60,.1955514,2017
AUT,2022,FALSE,INC,,,,Secondary education,B40,.3722796,2017
AUT,2022,FALSE,INC,,,,Secondary education,T60,.6277204,2017
AUT,2022,FALSE,INC,,,,Tertiary education,B40,.2818407,2017
AUT,2022,FALSE,INC,,,,Tertiary education,T60,.7181593,2017
AUT,2022,FALSE,INC,,,0-14,,B40,.7216385,2017
AUT,2022,FALSE,INC,,,0-14,,T60,.2783615,2017
AUT,2022,FALSE,INC,,,15-64,,B40,.3666061,2017
AUT,2022,FALSE,INC,,,15-64,,T60,.6333939,2017
AUT,2022,FALSE,INC,,,>65,,B40,.2890968,2017
AUT,2022,FALSE,INC,,,>65,,T60,.7109032,2017
AUT,2022,FALSE,INC,,Female,,,B40,.4063694,2017
AUT,2022,FALSE,INC,,Female,,,T60,.5936307,2017
AUT,2022,FALSE,INC,,Male,,,B40,.3933964,2017
AUT,2022,FALSE,INC,,Male,,,T60,.6066036,2017
AUT,2022,FALSE,INC,R,,,,B40,.3860033,2017
AUT,2022,FALSE,INC,R,,,,T60,.6139966,2017
AUT,2022,FALSE,INC,U,,,,B40,.4084248,2017
AUT,2022,FALSE,INC,U,,,,T60,.5915752,2017
AZE,2005,FALSE,CONS,,,,No education,B40,.4965896,2017
AZE,2005,FALSE,CONS,,,,No education,T60,.5034104,2017
AZE,2005,FALSE,CONS,,,,Primary education,B40,.4499043,2017
AZE,2005,FALSE,CONS,,,,Primary education,T60,.5500957,2017
AZE,2005,FALSE,CONS,,,,Secondary education,B40,.4201831,2017
AZE,2005,FALSE,CONS,,,,Secondary education,T60,.5798169,2017
AZE,2005,FALSE,CONS,,,,Tertiary education,B40,.2953141,2017
AZE,2005,FALSE,CONS,,,,Tertiary education,T60,.7046859,2017
AZE,2005,FALSE,CONS,,,0-14,,B40,.4493565,2017
AZE,2005,FALSE,CONS,,,0-14,,T60,.5506434,2017
AZE,2005,FALSE,CONS,,,15-64,,B40,.3807722,2017
AZE,2005,FALSE,CONS,,,15-64,,T60,.6192278,2017
AZE,2005,FALSE,CONS,,,>65,,B40,.4134919,2017
AZE,2005,FALSE,CONS,,,>65,,T60,.5865082,2017
AZE,2005,FALSE,CONS,,Female,,,B40,.4034744,2017
AZE,2005,FALSE,CONS,,Female,,,T60,.5965256,2017
AZE,2005,FALSE,CONS,,Male,,,B40,.3961885,2017
AZE,2005,FALSE,CONS,,Male,,,T60,.6038115,2017
AZE,2005,FALSE,CONS,R,,,,B40,.5436239,2017
AZE,2005,FALSE,CONS,R,,,,T60,.4563761,2017
AZE,2005,FALSE,CONS,U,,,,B40,.2730359,2017
AZE,2005,FALSE,CONS,U,,,,T60,.7269641,2017
BDI,2020,FALSE,CONS,,,,No education,B40,.4232555,2017
BDI,2020,FALSE,CONS,,,,No education,T60,.5767444,2017
BDI,2020,FALSE,CONS,,,,Primary education,B40,.3436503,2017
BDI,2020,FALSE,CONS,,,,Primary education,T60,.6563497,2017
BDI,2020,FALSE,CONS,,,,Secondary education,B40,.3085647,2017
BDI,2020,FALSE,CONS,,,,Secondary education,T60,.6914353,2017
BDI,2020,FALSE,CONS,,,,Tertiary education,B40,.0329428,2017
BDI,2020,FALSE,CONS,,,,Tertiary education,T60,.9670572,2017
BDI,2020,FALSE,CONS,,,0-14,,B40,.4524292,2017
BDI,2020,FALSE,CONS,,,0-14,,T60,.5475708,2017
BDI,2020,FALSE,CONS,,,15-64,,B40,.357462,2017
BDI,2020,FALSE,CONS,,,15-64,,T60,.642538,2017
BDI,2020,FALSE,CONS,,,>65,,B40,.2657842,2017
BDI,2020,FALSE,CONS,,,>65,,T60,.7342159,2017
BDI,2020,FALSE,CONS,,Female,,,B40,.4035064,2017
BDI,2020,FALSE,CONS,,Female,,,T60,.5964937,2017
BDI,2020,FALSE,CONS,,Male,,,B40,.3960397,2017
BDI,2020,FALSE,CONS,,Male,,,T60,.6039603,2017
BDI,2020,FALSE,CONS,R,,,,B40,.4290678,2017
BDI,2020,FALSE,CONS,R,,,,T60,.5709322,2017
BDI,2020,FALSE,CONS,U,,,,B40,.1481162,2017
BDI,2020,FALSE,CONS,U,,,,T60,.8518838,2017
BEL,2022,FALSE,INC,,,,No education,B40,.6525678,2017
BEL,2022,FALSE,INC,,,,No education,T60,.3474322,2017
BEL,2022,FALSE,INC,,,,Primary education,B40,.4608467,2017
BEL,2022,FALSE,INC,,,,Primary education,T60,.5391533,2017
BEL,2022,FALSE,INC,,,,Secondary education,B40,.4144644,2017
BEL,2022,FALSE,INC,,,,Secondary education,T60,.5855356,2017
BEL,2022,FALSE,INC,,,,Tertiary education,B40,.2456531,2017
BEL,2022,FALSE,INC,,,,Tertiary education,T60,.754347,2017
BEL,2022,FALSE,INC,,,0-14,,B40,.6321802,2017
BEL,2022,FALSE,INC,,,0-14,,T60,.3678198,2017
BEL,2022,FALSE,INC,,,15-64,,B40,.3649355,2017
BEL,2022,FALSE,INC,,,15-64,,T60,.6350645,2017
BEL,2022,FALSE,INC,,,>65,,B40,.3177775,2017
BEL,2022,FALSE,INC,,,>65,,T60,.6822225,2017
BEL,2022,FALSE,INC,,Female,,,B40,.4011233,2017
BEL,2022,FALSE,INC,,Female,,,T60,.5988768,2017
BEL,2022,FALSE,INC,,Male,,,B40,.3983849,2017
BEL,2022,FALSE,INC,,Male,,,T60,.6016151,2017
BEL,2022,FALSE,INC,R,,,,B40,.3985499,2017
BEL,2022,FALSE,INC,R,,,,T60,.6014501,2017
BEL,2022,FALSE,INC,U,,,,B40,.3999761,2017
BEL,2022,FALSE,INC,U,,,,T60,.6000239,2017
BEN,2021,FALSE,CONS,,,,No education,B40,.4717481,2017
BEN,2021,FALSE,CONS,,,,No education,T60,.5282519,2017
BEN,2021,FALSE,CONS,,,,Primary education,B40,.3019552,2017
BEN,2021,FALSE,CONS,,,,Primary education,T60,.6980448,2017
BEN,2021,FALSE,CONS,,,,Secondary education,B40,.2145461,2017
BEN,2021,FALSE,CONS,,,,Secondary education,T60,.7854539,2017
BEN,2021,FALSE,CONS,,,,Tertiary education,B40,.0445831,2017
BEN,2021,FALSE,CONS,,,,Tertiary education,T60,.9554169,2017
BEN,2021,FALSE,CONS,,,0-14,,B40,.4447556,2017
BEN,2021,FALSE,CONS,,,0-14,,T60,.5552444,2017
BEN,2021,FALSE,CONS,,,15-64,,B40,.3582441,2017
BEN,2021,FALSE,CONS,,,15-64,,T60,.6417559,2017
BEN,2021,FALSE,CONS,,,>65,,B40,.3131143,2017
BEN,2021,FALSE,CONS,,,>65,,T60,.6868857,2017
BEN,2021,FALSE,CONS,,Female,,,B40,.4029976,2017
BEN,2021,FALSE,CONS,,Female,,,T60,.5970024,2017
BEN,2021,FALSE,CONS,,Male,,,B40,.403981,2017
BEN,2021,FALSE,CONS,,Male,,,T60,.596019,2017
BEN,2021,FALSE,CONS,R,,,,B40,.4837425,2017
BEN,2021,FALSE,CONS,R,,,,T60,.5162575,2017
BEN,2021,FALSE,CONS,U,,,,B40,.2958797,2017
BEN,2021,FALSE,CONS,U,,,,T60,.7041203,2017
BFA,2021,FALSE,CONS,,,,No education,B40,.4520195,2017
BFA,2021,FALSE,CONS,,,,No education,T60,.5479805,2017
BFA,2021,FALSE,CONS,,,,Primary education,B40,.2881652,2017
BFA,2021,FALSE,CONS,,,,Primary education,T60,.7118348,2017
BFA,2021,FALSE,CONS,,,,Secondary education,B40,.2082738,2017
BFA,2021,FALSE,CONS,,,,Secondary education,T60,.7917262,2017
BFA,2021,FALSE,CONS,,,,Tertiary education,B40,.0096173,2017
BFA,2021,FALSE,CONS,,,,Tertiary education,T60,.9903827,2017
BFA,2021,FALSE,CONS,,,0-14,,B40,.4413759,2017
BFA,2021,FALSE,CONS,,,0-14,,T60,.5586241,2017
BFA,2021,FALSE,CONS,,,15-64,,B40,.3598816,2017
BFA,2021,FALSE,CONS,,,15-64,,T60,.6401184,2017
BFA,2021,FALSE,CONS,,,>65,,B40,.4071845,2017
BFA,2021,FALSE,CONS,,,>65,,T60,.5928155,2017
BFA,2021,FALSE,CONS,,Female,,,B40,.4011879,2017
BFA,2021,FALSE,CONS,,Female,,,T60,.5988121,2017
BFA,2021,FALSE,CONS,,Male,,,B40,.3986808,2017
BFA,2021,FALSE,CONS,,Male,,,T60,.6013192,2017
BFA,2021,FALSE,CONS,R,,,,B40,.4967446,2017
BFA,2021,FALSE,CONS,R,,,,T60,.5032554,2017
BFA,2021,FALSE,CONS,U,,,,B40,.129336,2017
BFA,2021,FALSE,CONS,U,,,,T60,.870664,2017
BGD,2022,FALSE,CONS,,,,No education,B40,.5055432,2017
BGD,2022,FALSE,CONS,,,,No education,T60,.4944568,2017
BGD,2022,FALSE,CONS,,,,Primary education,B40,.4415895,2017
BGD,2022,FALSE,CONS,,,,Primary education,T60,.5584105,2017
BGD,2022,FALSE,CONS,,,,Secondary education,B40,.3220547,2017
BGD,2022,FALSE,CONS,,,,Secondary education,T60,.6779453,2017
BGD,2022,FALSE,CONS,,,,Tertiary education,B40,.1558031,2017
BGD,2022,FALSE,CONS,,,,Tertiary education,T60,.8441969,2017
BGD,2022,FALSE,CONS,,,0-14,,B40,.4652634,2017
BGD,2022,FALSE,CONS,,,0-14,,T60,.5347366,2017
BGD,2022,FALSE,CONS,,,15-64,,B40,.372316,2017
BGD,2022,FALSE,CONS,,,15-64,,T60,.6276839,2017
BGD,2022,FALSE,CONS,,,>65,,B40,.3969052,2017
BGD,2022,FALSE,CONS,,,>65,,T60,.6030949,2017
BGD,2022,FALSE,CONS,,Female,,,B40,.3990366,2017
BGD,2022,FALSE,CONS,,Female,,,T60,.6009634,2017
BGD,2022,FALSE,CONS,,Male,,,B40,.400899,2017
BGD,2022,FALSE,CONS,,Male,,,T60,.599101,2017
BGD,2022,FALSE,CONS,R,,,,B40,.4757625,2017
BGD,2022,FALSE,CONS,R,,,,T60,.5242375,2017
BGD,2022,FALSE,CONS,U,,,,B40,.2339537,2017
BGD,2022,FALSE,CONS,U,,,,T60,.7660463,2017
BGR,2022,FALSE,INC,,,,No education,B40,.8110216,2017
BGR,2022,FALSE,INC,,,,No education,T60,.1889784,2017
BGR,2022,FALSE,INC,,,,Primary education,B40,.7844572,2017
BGR,2022,FALSE,INC,,,,Primary education,T60,.2155428,2017
BGR,2022,FALSE,INC,,,,Secondary education,B40,.4167082,2017
BGR,2022,FALSE,INC,,,,Secondary education,T60,.5832918,2017
BGR,2022,FALSE,INC,,,,Tertiary education,B40,.1639923,2017
BGR,2022,FALSE,INC,,,,Tertiary education,T60,.8360077,2017
BGR,2022,FALSE,INC,,,0-14,,B40,.5795873,2017
BGR,2022,FALSE,INC,,,0-14,,T60,.4204127,2017
BGR,2022,FALSE,INC,,,15-64,,B40,.3834225,2017
BGR,2022,FALSE,INC,,,15-64,,T60,.6165775,2017
BGR,2022,FALSE,INC,,,>65,,B40,.3486944,2017
BGR,2022,FALSE,INC,,,>65,,T60,.6513056,2017
BGR,2022,FALSE,INC,,Female,,,B40,.403608,2017
BGR,2022,FALSE,INC,,Female,,,T60,.596392,2017
BGR,2022,FALSE,INC,,Male,,,B40,.3961003,2017
BGR,2022,FALSE,INC,,Male,,,T60,.6038997,2017
BGR,2022,FALSE,INC,R,,,,B40,.5320424,2017
BGR,2022,FALSE,INC,R,,,,T60,.4679576,2017
BGR,2022,FALSE,INC,U,,,,B40,.3414454,2017
BGR,2022,FALSE,INC,U,,,,T60,.6585547,2017
BIH,2011,FALSE,CONS,,,,No education,B40,.5380042,2017
BIH,2011,FALSE,CONS,,,,No education,T60,.4619958,2017
BIH,2011,FALSE,CONS,,,,Primary education,B40,.4742607,2017
BIH,2011,FALSE,CONS,,,,Primary education,T60,.5257393,2017
BIH,2011,FALSE,CONS,,,,Secondary education,B40,.3403493,2017
BIH,2011,FALSE,CONS,,,,Secondary education,T60,.6596507,2017
BIH,2011,FALSE,CONS,,,,Tertiary education,B40,.1361906,2017
BIH,2011,FALSE,CONS,,,,Tertiary education,T60,.8638093,2017
BIH,2011,FALSE,CONS,,,0-14,,B40,.5129076,2017
BIH,2011,FALSE,CONS,,,0-14,,T60,.4870924,2017
BIH,2011,FALSE,CONS,,,15-64,,B40,.3858584,2017
BIH,2011,FALSE,CONS,,,15-64,,T60,.6141416,2017
BIH,2011,FALSE,CONS,,,>65,,B40,.3432015,2017
BIH,2011,FALSE,CONS,,,>65,,T60,.6567984,2017
BIH,2011,FALSE,CONS,,Female,,,B40,.3942875,2017
BIH,2011,FALSE,CONS,,Female,,,T60,.6057125,2017
BIH,2011,FALSE,CONS,,Male,,,B40,.4059345,2017
BIH,2011,FALSE,CONS,,Male,,,T60,.5940655,2017
BIH,2011,FALSE,CONS,R,,,,B40,.4713951,2017
BIH,2011,FALSE,CONS,R,,,,T60,.5286049,2017
BIH,2011,FALSE,CONS,U,,,,B40,.2971083,2017
BIH,2011,FALSE,CONS,U,,,,T60,.7028918,2017
BLR,2020,FALSE,CONS,,,0-14,,B40,.5511427,2017
BLR,2020,FALSE,CONS,,,0-14,,T60,.4488573,2017
BLR,2020,FALSE,CONS,,,15-64,,B40,.3784763,2017
BLR,2020,FALSE,CONS,,,15-64,,T60,.6215237,2017
BLR,2020,FALSE,CONS,,,>65,,B40,.3343788,2017
BLR,2020,FALSE,CONS,,,>65,,T60,.6656212,2017
BLR,2020,FALSE,CONS,,Female,,,B40,.3862644,2017
BLR,2020,FALSE,CONS,,Female,,,T60,.6137356,2017
BLR,2020,FALSE,CONS,,Male,,,B40,.4178081,2017
BLR,2020,FALSE,CONS,,Male,,,T60,.5821919,2017
BLR,2020,FALSE,CONS,R,,,,B40,.5623227,2017
BLR,2020,FALSE,CONS,R,,,,T60,.4376773,2017
BLR,2020,FALSE,CONS,U,,,,B40,.3438406,2017
BLR,2020,FALSE,CONS,U,,,,T60,.6561594,2017
BLZ,2018,FALSE,CONS,,,,No education,B40,.5627456,2017
BLZ,2018,FALSE,CONS,,,,No education,T60,.4372545,2017
BLZ,2018,FALSE,CONS,,,,Primary education,B40,.4424609,2017
BLZ,2018,FALSE,CONS,,,,Primary education,T60,.557539,2017
BLZ,2018,FALSE,CONS,,,,Secondary education,B40,.3006703,2017
BLZ,2018,FALSE,CONS,,,,Secondary education,T60,.6993297,2017
BLZ,2018,FALSE,CONS,,,,Tertiary education,B40,.1013043,2017
BLZ,2018,FALSE,CONS,,,,Tertiary education,T60,.8986957,2017
BLZ,2018,FALSE,CONS,,,0-14,,B40,.5118617,2017
BLZ,2018,FALSE,CONS,,,0-14,,T60,.4881383,2017
BLZ,2018,FALSE,CONS,,,15-64,,B40,.3527525,2017
BLZ,2018,FALSE,CONS,,,15-64,,T60,.6472475,2017
BLZ,2018,FALSE,CONS,,,>65,,B40,.275723,2017
BLZ,2018,FALSE,CONS,,,>65,,T60,.724277,2017
BLZ,2018,FALSE,CONS,,Female,,,B40,.4023121,2017
BLZ,2018,FALSE,CONS,,Female,,,T60,.597688,2017
BLZ,2018,FALSE,CONS,,Male,,,B40,.3968451,2017
BLZ,2018,FALSE,CONS,,Male,,,T60,.6031549,2017
BLZ,2018,FALSE,CONS,R,,,,B40,.4985984,2017
BLZ,2018,FALSE,CONS,R,,,,T60,.5014015,2017
BLZ,2018,FALSE,CONS,U,,,,B40,.2750381,2017
BLZ,2018,FALSE,CONS,U,,,,T60,.7249619,2017
BOL,2023,FALSE,INC,,,,No education,B40,.6229457,2017
BOL,2023,FALSE,INC,,,,No education,T60,.3770543,2017
BOL,2023,FALSE,INC,,,,Primary education,B40,.4512107,2017
BOL,2023,FALSE,INC,,,,Primary education,T60,.5487893,2017
BOL,2023,FALSE,INC,,,,Secondary education,B40,.3930553,2017
BOL,2023,FALSE,INC,,,,Secondary education,T60,.6069446,2017
BOL,2023,FALSE,INC,,,,Tertiary education,B40,.1659369,2017
BOL,2023,FALSE,INC,,,,Tertiary education,T60,.8340631,2017
BOL,2023,FALSE,INC,,,0-14,,B40,.5337867,2017
BOL,2023,FALSE,INC,,,0-14,,T60,.4662133,2017
BOL,2023,FALSE,INC,,,15-64,,B40,.3520734,2017
BOL,2023,FALSE,INC,,,15-64,,T60,.6479266,2017
BOL,2023,FALSE,INC,,,>65,,B40,.3391148,2017
BOL,2023,FALSE,INC,,,>65,,T60,.6608852,2017
BOL,2023,FALSE,INC,,Female,,,B40,.4078559,2017
BOL,2023,FALSE,INC,,Female,,,T60,.5921441,2017
BOL,2023,FALSE,INC,,Male,,,B40,.3911084,2017
BOL,2023,FALSE,INC,,Male,,,T60,.6088916,2017
BOL,2023,FALSE,INC,R,,,,B40,.6341183,2017
BOL,2023,FALSE,INC,R,,,,T60,.3658818,2017
BOL,2023,FALSE,INC,U,,,,B40,.3043553,2017
BOL,2023,FALSE,INC,U,,,,T60,.6956447,2017
BRA,2023,FALSE,INC,,,,No education,B40,.4495638,2017
BRA,2023,FALSE,INC,,,,No education,T60,.5504361,2017
BRA,2023,FALSE,INC,,,,Primary education,B40,.4390694,2017
BRA,2023,FALSE,INC,,,,Primary education,T60,.5609306,2017
BRA,2023,FALSE,INC,,,,Secondary education,B40,.3939098,2017
BRA,2023,FALSE,INC,,,,Secondary education,T60,.6060902,2017
BRA,2023,FALSE,INC,,,,Tertiary education,B40,.1147189,2017
BRA,2023,FALSE,INC,,,,Tertiary education,T60,.8852811,2017
BRA,2023,FALSE,INC,,,0-14,,B40,.6131399,2017
BRA,2023,FALSE,INC,,,0-14,,T60,.3868601,2017
BRA,2023,FALSE,INC,,,15-64,,B40,.3740289,2017
BRA,2023,FALSE,INC,,,15-64,,T60,.6259711,2017
BRA,2023,FALSE,INC,,,>65,,B40,.1586102,2017
BRA,2023,FALSE,INC,,,>65,,T60,.8413898,2017
BRA,2023,FALSE,INC,,Female,,,B40,.4103464,2017
BRA,2023,FALSE,INC,,Female,,,T60,.5896536,2017
BRA,2023,FALSE,INC,,Male,,,B40,.3874734,2017
BRA,2023,FALSE,INC,,Male,,,T60,.6125265,2017
BRA,2023,FALSE,INC,R,,,,B40,.5839758,2017
BRA,2023,FALSE,INC,R,,,,T60,.4160242,2017
BRA,2023,FALSE,INC,U,,,,B40,.3719738,2017
BRA,2023,FALSE,INC,U,,,,T60,.6280261,2017
BRB,2016,FALSE,CONS,,,,No education,B40,.4811784,2017
BRB,2016,FALSE,CONS,,,,No education,T60,.5188216,2017
BRB,2016,FALSE,CONS,,,,Primary education,B40,.388119,2017
BRB,2016,FALSE,CONS,,,,Primary education,T60,.6118811,2017
BRB,2016,FALSE,CONS,,,,Secondary education,B40,.4163053,2017
BRB,2016,FALSE,CONS,,,,Secondary education,T60,.5836947,2017
BRB,2016,FALSE,CONS,,,,Tertiary education,B40,.2307598,2017
BRB,2016,FALSE,CONS,,,,Tertiary education,T60,.7692402,2017
BRB,2016,FALSE,CONS,,,0-14,,B40,.5581625,2017
BRB,2016,FALSE,CONS,,,0-14,,T60,.4418375,2017
BRB,2016,FALSE,CONS,,,15-64,,B40,.3714153,2017
BRB,2016,FALSE,CONS,,,15-64,,T60,.6285847,2017
BRB,2016,FALSE,CONS,,,>65,,B40,.2895972,2017
BRB,2016,FALSE,CONS,,,>65,,T60,.7104027,2017
BRB,2016,FALSE,CONS,,Female,,,B40,.4146187,2017
BRB,2016,FALSE,CONS,,Female,,,T60,.5853813,2017
BRB,2016,FALSE,CONS,,Male,,,B40,.3733261,2017
BRB,2016,FALSE,CONS,,Male,,,T60,.6266739,2017
BTN,2022,FALSE,CONS,,,,No education,B40,.3576912,2017
BTN,2022,FALSE,CONS,,,,No education,T60,.6423088,2017
BTN,2022,FALSE,CONS,,,,Primary education,B40,.381123,2017
BTN,2022,FALSE,CONS,,,,Primary education,T60,.618877,2017
BTN,2022,FALSE,CONS,,,,Secondary education,B40,.3277197,2017
BTN,2022,FALSE,CONS,,,,Secondary education,T60,.6722804,2017
BTN,2022,FALSE,CONS,,,,Tertiary education,B40,.126266,2017
BTN,2022,FALSE,CONS,,,,Tertiary education,T60,.8737339,2017
BTN,2022,FALSE,CONS,,,0-14,,B40,.4455113,2017
BTN,2022,FALSE,CONS,,,0-14,,T60,.5544887,2017
BTN,2022,FALSE,CONS,,,15-64,,B40,.3736289,2017
BTN,2022,FALSE,CONS,,,15-64,,T60,.6263711,2017
BTN,2022,FALSE,CONS,,,>65,,B40,.4774656,2017
BTN,2022,FALSE,CONS,,,>65,,T60,.5225344,2017
BTN,2022,FALSE,CONS,,Female,,,B40,.3977069,2017
BTN,2022,FALSE,CONS,,Female,,,T60,.6022931,2017
BTN,2022,FALSE,CONS,,Male,,,B40,.4023915,2017
BTN,2022,FALSE,CONS,,Male,,,T60,.5976085,2017
BTN,2022,FALSE,CONS,R,,,,B40,.4935148,2017
BTN,2022,FALSE,CONS,R,,,,T60,.5064852,2017
BTN,2022,FALSE,CONS,U,,,,B40,.2580936,2017
BTN,2022,FALSE,CONS,U,,,,T60,.7419064,2017
BWA,2015,FALSE,CONS,,,,No education,B40,.5528213,2017
BWA,2015,FALSE,CONS,,,,No education,T60,.4471787,2017
BWA,2015,FALSE,CONS,,,,Primary education,B40,.4146119,2017
BWA,2015,FALSE,CONS,,,,Primary education,T60,.5853881,2017
BWA,2015,FALSE,CONS,,,,Secondary education,B40,.3446758,2017
BWA,2015,FALSE,CONS,,,,Secondary education,T60,.6553242,2017
BWA,2015,FALSE,CONS,,,,Tertiary education,B40,.0852472,2017
BWA,2015,FALSE,CONS,,,,Tertiary education,T60,.9147528,2017
BWA,2015,FALSE,CONS,,,0-14,,B40,.5197824,2017
BWA,2015,FALSE,CONS,,,0-14,,T60,.4802176,2017
BWA,2015,FALSE,CONS,,,15-64,,B40,.3281702,2017
BWA,2015,FALSE,CONS,,,15-64,,T60,.6718298,2017
BWA,2015,FALSE,CONS,,,>65,,B40,.4376616,2017
BWA,2015,FALSE,CONS,,,>65,,T60,.5623384,2017
BWA,2015,FALSE,CONS,,Female,,,B40,.4160101,2017
BWA,2015,FALSE,CONS,,Female,,,T60,.5839899,2017
BWA,2015,FALSE,CONS,,Male,,,B40,.38192,2017
BWA,2015,FALSE,CONS,,Male,,,T60,.6180801,2017
BWA,2015,FALSE,CONS,R,,,,B40,.5712372,2017
BWA,2015,FALSE,CONS,R,,,,T60,.4287628,2017
BWA,2015,FALSE,CONS,U,,,,B40,.3080083,2017
BWA,2015,FALSE,CONS,U,,,,T60,.6919917,2017
CAF,2021,FALSE,CONS,,,,No education,B40,.3742931,2017
CAF,2021,FALSE,CONS,,,,No education,T60,.6257069,2017
CAF,2021,FALSE,CONS,,,,Primary education,B40,.3430717,2017
CAF,2021,FALSE,CONS,,,,Primary education,T60,.6569283,2017
CAF,2021,FALSE,CONS,,,,Secondary education,B40,.2709708,2017
CAF,2021,FALSE,CONS,,,,Secondary education,T60,.7290292,2017
CAF,2021,FALSE,CONS,,,,Tertiary education,B40,.024649,2017
CAF,2021,FALSE,CONS,,,,Tertiary education,T60,.975351,2017
CAF,2021,FALSE,CONS,,,0-14,,B40,.3873853,2017
CAF,2021,FALSE,CONS,,,0-14,,T60,.6126147,2017
CAF,2021,FALSE,CONS,,,15-64,,B40,.3056228,2017
CAF,2021,FALSE,CONS,,,15-64,,T60,.6943772,2017
CAF,2021,FALSE,CONS,,,>65,,B40,.315935,2017
CAF,2021,FALSE,CONS,,,>65,,T60,.684065,2017
CAF,2021,FALSE,CONS,,Female,,,B40,.4041061,2017
CAF,2021,FALSE,CONS,,Female,,,T60,.5958939,2017
CAF,2021,FALSE,CONS,,Male,,,B40,.3957267,2017
CAF,2021,FALSE,CONS,,Male,,,T60,.6042733,2017
CAF,2021,FALSE,CONS,R,,,,B40,.5059248,2017
CAF,2021,FALSE,CONS,R,,,,T60,.4940752,2017
CAF,2021,FALSE,CONS,U,,,,B40,.2479712,2017
CAF,2021,FALSE,CONS,U,,,,T60,.7520288,2017
CHE,2021,FALSE,INC,,,,Primary education,B40,.5882747,2017
CHE,2021,FALSE,INC,,,,Primary education,T60,.4117253,2017
CHE,2021,FALSE,INC,,,,Secondary education,B40,.4114804,2017
CHE,2021,FALSE,INC,,,,Secondary education,T60,.5885196,2017
CHE,2021,FALSE,INC,,,,Tertiary education,B40,.2333096,2017
CHE,2021,FALSE,INC,,,,Tertiary education,T60,.7666904,2017
CHE,2021,FALSE,INC,,,0-14,,B40,.6856092,2017
CHE,2021,FALSE,INC,,,0-14,,T60,.3143908,2017
CHE,2021,FALSE,INC,,,15-64,,B40,.3428549,2017
CHE,2021,FALSE,INC,,,15-64,,T60,.6571451,2017
CHE,2021,FALSE,INC,,,>65,,B40,.3820869,2017
CHE,2021,FALSE,INC,,,>65,,T60,.6179131,2017
CHE,2021,FALSE,INC,,Female,,,B40,.4030214,2017
CHE,2021,FALSE,INC,,Female,,,T60,.5969787,2017
CHE,2021,FALSE,INC,,Male,,,B40,.3961489,2017
CHE,2021,FALSE,INC,,Male,,,T60,.6038511,2017
CHE,2021,FALSE,INC,R,,,,B40,.4274404,2017
CHE,2021,FALSE,INC,R,,,,T60,.5725596,2017
CHE,2021,FALSE,INC,U,,,,B40,.3938067,2017
CHE,2021,FALSE,INC,U,,,,T60,.6061933,2017
CHL,2022,FALSE,INC,,,,No education,B40,.4516746,2017
CHL,2022,FALSE,INC,,,,No education,T60,.5483254,2017
CHL,2022,FALSE,INC,,,,Primary education,B40,.430501,2017
CHL,2022,FALSE,INC,,,,Primary education,T60,.569499,2017
CHL,2022,FALSE,INC,,,,Secondary education,B40,.4408678,2017
CHL,2022,FALSE,INC,,,,Secondary education,T60,.5591322,2017
CHL,2022,FALSE,INC,,,,Tertiary education,B40,.2188082,2017
CHL,2022,FALSE,INC,,,,Tertiary education,T60,.7811918,2017
CHL,2022,FALSE,INC,,,0-14,,B40,.5758597,2017
CHL,2022,FALSE,INC,,,0-14,,T60,.4241403,2017
CHL,2022,FALSE,INC,,,15-64,,B40,.383494,2017
CHL,2022,FALSE,INC,,,15-64,,T60,.6165059,2017
CHL,2022,FALSE,INC,,,>65,,B40,.2307437,2017
CHL,2022,FALSE,INC,,,>65,,T60,.7692564,2017
CHL,2022,FALSE,INC,,Female,,,B40,.4206898,2017
CHL,2022,FALSE,INC,,Female,,,T60,.5793102,2017
CHL,2022,FALSE,INC,,Male,,,B40,.3781838,2017
CHL,2022,FALSE,INC,,Male,,,T60,.6218162,2017
CHL,2022,FALSE,INC,R,,,,B40,.4497934,2017
CHL,2022,FALSE,INC,R,,,,T60,.5502065,2017
CHL,2022,FALSE,INC,U,,,,B40,.3933462,2017
CHL,2022,FALSE,INC,U,,,,T60,.6066538,2017
CIV,2021,FALSE,CONS,,,,No education,B40,.4868318,2017
CIV,2021,FALSE,CONS,,,,No education,T60,.5131682,2017
CIV,2021,FALSE,CONS,,,,Primary education,B40,.3118428,2017
CIV,2021,FALSE,CONS,,,,Primary education,T60,.6881572,2017
CIV,2021,FALSE,CONS,,,,Secondary education,B40,.2041048,2017
CIV,2021,FALSE,CONS,,,,Secondary education,T60,.7958952,2017
CIV,2021,FALSE,CONS,,,,Tertiary education,B40,.0329863,2017
CIV,2021,FALSE,CONS,,,,Tertiary education,T60,.9670137,2017
CIV,2021,FALSE,CONS,,,0-14,,B40,.4908187,2017
CIV,2021,FALSE,CONS,,,0-14,,T60,.5091813,2017
CIV,2021,FALSE,CONS,,,15-64,,B40,.3322958,2017
CIV,2021,FALSE,CONS,,,15-64,,T60,.6677042,2017
CIV,2021,FALSE,CONS,,,>65,,B40,.3517288,2017
CIV,2021,FALSE,CONS,,,>65,,T60,.6482713,2017
CIV,2021,FALSE,CONS,,Female,,,B40,.4041494,2017
CIV,2021,FALSE,CONS,,Female,,,T60,.5958506,2017
CIV,2021,FALSE,CONS,,Male,,,B40,.3955967,2017
CIV,2021,FALSE,CONS,,Male,,,T60,.6044033,2017
CIV,2021,FALSE,CONS,R,,,,B40,.5914078,2017
CIV,2021,FALSE,CONS,R,,,,T60,.4085922,2017
CIV,2021,FALSE,CONS,U,,,,B40,.2281828,2017
CIV,2021,FALSE,CONS,U,,,,T60,.7718172,2017
CMR,2021,FALSE,CONS,,,,No education,B40,.3337079,2017
CMR,2021,FALSE,CONS,,,,No education,T60,.6662921,2017
CMR,2021,FALSE,CONS,,,,Primary education,B40,.5832704,2017
CMR,2021,FALSE,CONS,,,,Primary education,T60,.4167295,2017
CMR,2021,FALSE,CONS,,,,Secondary education,B40,.2805474,2017
CMR,2021,FALSE,CONS,,,,Secondary education,T60,.7194526,2017
CMR,2021,FALSE,CONS,,,,Tertiary education,B40,.0300925,2017
CMR,2021,FALSE,CONS,,,,Tertiary education,T60,.9699075,2017
CMR,2021,FALSE,CONS,,,0-14,,B40,.4845988,2017
CMR,2021,FALSE,CONS,,,0-14,,T60,.5154012,2017
CMR,2021,FALSE,CONS,,,15-64,,B40,.3309802,2017
CMR,2021,FALSE,CONS,,,15-64,,T60,.6690198,2017
CMR,2021,FALSE,CONS,,,>65,,B40,.3267187,2017
CMR,2021,FALSE,CONS,,,>65,,T60,.6732813,2017
CMR,2021,FALSE,CONS,,Female,,,B40,.402349,2017
CMR,2021,FALSE,CONS,,Female,,,T60,.5976509,2017
CMR,2021,FALSE,CONS,,Male,,,B40,.3973416,2017
CMR,2021,FALSE,CONS,,Male,,,T60,.6026584,2017
CMR,2021,FALSE,CONS,R,,,,B40,.6145669,2017
CMR,2021,FALSE,CONS,R,,,,T60,.3854332,2017
CMR,2021,FALSE,CONS,U,,,,B40,.2149654,2017
CMR,2021,FALSE,CONS,U,,,,T60,.7850346,2017
COD,2020,FALSE,CONS,,,,No education,B40,.4839541,2017
COD,2020,FALSE,CONS,,,,No education,T60,.5160459,2017
COD,2020,FALSE,CONS,,,,Primary education,B40,.4158063,2017
COD,2020,FALSE,CONS,,,,Primary education,T60,.5841937,2017
COD,2020,FALSE,CONS,,,,Secondary education,B40,.3574799,2017
COD,2020,FALSE,CONS,,,,Secondary education,T60,.6425201,2017
COD,2020,FALSE,CONS,,,,Tertiary education,B40,.1580498,2017
COD,2020,FALSE,CONS,,,,Tertiary education,T60,.8419502,2017
COD,2020,FALSE,CONS,,,0-14,,B40,.4209759,2017
COD,2020,FALSE,CONS,,,0-14,,T60,.5790241,2017
COD,2020,FALSE,CONS,,,15-64,,B40,.3867005,2017
COD,2020,FALSE,CONS,,,15-64,,T60,.6132995,2017
COD,2020,FALSE,CONS,,,>65,,B40,.3477692,2017
COD,2020,FALSE,CONS,,,>65,,T60,.6522308,2017
COD,2020,FALSE,CONS,,Female,,,B40,.3996842,2017
COD,2020,FALSE,CONS,,Female,,,T60,.6003158,2017
COD,2020,FALSE,CONS,,Male,,,B40,.4026263,2017
COD,2020,FALSE,CONS,,Male,,,T60,.5973737,2017
COD,2020,FALSE,CONS,R,,,,B40,.4721687,2017
COD,2020,FALSE,CONS,R,,,,T60,.5278313,2017
COD,2020,FALSE,CONS,U,,,,B40,.3147337,2017
COD,2020,FALSE,CONS,U,,,,T60,.6852663,2017
COG,2011,FALSE,CONS,,,,No education,B40,.55606,2017
COG,2011,FALSE,CONS,,,,No education,T60,.4439401,2017
COG,2011,FALSE,CONS,,,,Primary education,B40,.5043349,2017
COG,2011,FALSE,CONS,,,,Primary education,T60,.495665,2017
COG,2011,FALSE,CONS,,,,Secondary education,B40,.2832537,2017
COG,2011,FALSE,CONS,,,,Secondary education,T60,.7167463,2017
COG,2011,FALSE,CONS,,,,Tertiary education,B40,.0877394,2017
COG,2011,FALSE,CONS,,,,Tertiary education,T60,.9122607,2017
COG,2011,FALSE,CONS,,,0-14,,B40,.4794631,2017
COG,2011,FALSE,CONS,,,0-14,,T60,.5205369,2017
COG,2011,FALSE,CONS,,,15-64,,B40,.3438915,2017
COG,2011,FALSE,CONS,,,15-64,,T60,.6561085,2017
COG,2011,FALSE,CONS,,,>65,,B40,.4073485,2017
COG,2011,FALSE,CONS,,,>65,,T60,.5926515,2017
COG,2011,FALSE,CONS,,Female,,,B40,.406486,2017
COG,2011,FALSE,CONS,,Female,,,T60,.593514,2017
COG,2011,FALSE,CONS,,Male,,,B40,.3929252,2017
COG,2011,FALSE,CONS,,Male,,,T60,.6070748,2017
COG,2011,FALSE,CONS,R,,,,B40,.7378061,2017
COG,2011,FALSE,CONS,R,,,,T60,.2621938,2017
COG,2011,FALSE,CONS,U,,,,B40,.2318763,2017
COG,2011,FALSE,CONS,U,,,,T60,.7681237,2017
COL,2023,FALSE,INC,,,,No education,B40,.6187754,2017
COL,2023,FALSE,INC,,,,No education,T60,.3812246,2017
COL,2023,FALSE,INC,,,,Primary education,B40,.463228,2017
COL,2023,FALSE,INC,,,,Primary education,T60,.5367721,2017
COL,2023,FALSE,INC,,,,Secondary education,B40,.3929886,2017
COL,2023,FALSE,INC,,,,Secondary education,T60,.6070114,2017
COL,2023,FALSE,INC,,,,Tertiary education,B40,.1386568,2017
COL,2023,FALSE,INC,,,,Tertiary education,T60,.8613432,2017
COL,2023,FALSE,INC,,,0-14,,B40,.5745391,2017
COL,2023,FALSE,INC,,,0-14,,T60,.4254609,2017
COL,2023,FALSE,INC,,,15-64,,B40,.3556669,2017
COL,2023,FALSE,INC,,,15-64,,T60,.6443331,2017
COL,2023,FALSE,INC,,,>65,,B40,.3015893,2017
COL,2023,FALSE,INC,,,>65,,T60,.6984107,2017
COL,2023,FALSE,INC,,Female,,,B40,.4078525,2017
COL,2023,FALSE,INC,,Female,,,T60,.5921475,2017
COL,2023,FALSE,INC,,Male,,,B40,.3900541,2017
COL,2023,FALSE,INC,,Male,,,T60,.609946,2017
COL,2023,FALSE,INC,R,,,,B40,.6403165,2017
COL,2023,FALSE,INC,R,,,,T60,.3596835,2017
COL,2023,FALSE,INC,U,,,,B40,.3271759,2017
COL,2023,FALSE,INC,U,,,,T60,.6728241,2017
COM,2014,FALSE,CONS,,,,Primary education,B40,.3914444,2017
COM,2014,FALSE,CONS,,,,Primary education,T60,.6085556,2017
COM,2014,FALSE,CONS,,,,Secondary education,B40,.3281196,2017
COM,2014,FALSE,CONS,,,,Secondary education,T60,.6718804,2017
COM,2014,FALSE,CONS,,,,Tertiary education,B40,.1852774,2017
COM,2014,FALSE,CONS,,,,Tertiary education,T60,.8147226,2017
COM,2014,FALSE,CONS,,,0-14,,B40,.4956472,2017
COM,2014,FALSE,CONS,,,0-14,,T60,.5043528,2017
COM,2014,FALSE,CONS,,,15-64,,B40,.3877597,2017
COM,2014,FALSE,CONS,,,15-64,,T60,.6122403,2017
COM,2014,FALSE,CONS,,,>65,,B40,.3014844,2017
COM,2014,FALSE,CONS,,,>65,,T60,.6985155,2017
COM,2014,FALSE,CONS,,Female,,,B40,.3987798,2017
COM,2014,FALSE,CONS,,Female,,,T60,.6012202,2017
COM,2014,FALSE,CONS,,Male,,,B40,.401361,2017
COM,2014,FALSE,CONS,,Male,,,T60,.598639,2017
COM,2014,FALSE,CONS,R,,,,B40,.4674722,2017
COM,2014,FALSE,CONS,R,,,,T60,.5325277,2017
COM,2014,FALSE,CONS,U,,,,B40,.2975741,2017
COM,2014,FALSE,CONS,U,,,,T60,.7024259,2017
CPV,2015,FALSE,CONS,,,,No education,B40,.4683113,2017
CPV,2015,FALSE,CONS,,,,No education,T60,.5316887,2017
CPV,2015,FALSE,CONS,,,,Primary education,B40,.4291991,2017
CPV,2015,FALSE,CONS,,,,Primary education,T60,.5708009,2017
CPV,2015,FALSE,CONS,,,,Secondary education,B40,.3344646,2017
CPV,2015,FALSE,CONS,,,,Secondary education,T60,.6655354,2017
CPV,2015,FALSE,CONS,,,,Tertiary education,B40,.0575977,2017
CPV,2015,FALSE,CONS,,,,Tertiary education,T60,.9424023,2017
CPV,2015,FALSE,CONS,,,0-14,,B40,.4873208,2017
CPV,2015,FALSE,CONS,,,0-14,,T60,.5126792,2017
CPV,2015,FALSE,CONS,,,15-64,,B40,.3620354,2017
CPV,2015,FALSE,CONS,,,15-64,,T60,.6379647,2017
CPV,2015,FALSE,CONS,,,>65,,B40,.3338081,2017
CPV,2015,FALSE,CONS,,,>65,,T60,.6661919,2017
CPV,2015,FALSE,CONS,,Female,,,B40,.4085151,2017
CPV,2015,FALSE,CONS,,Female,,,T60,.591485,2017
CPV,2015,FALSE,CONS,,Male,,,B40,.3907386,2017
CPV,2015,FALSE,CONS,,Male,,,T60,.6092614,2017
CPV,2015,FALSE,CONS,R,,,,B40,.5895846,2017
CPV,2015,FALSE,CONS,R,,,,T60,.4104154,2017
CPV,2015,FALSE,CONS,U,,,,B40,.2947803,2017
CPV,2015,FALSE,CONS,U,,,,T60,.7052197,2017
CRI,2024,FALSE,INC,,,,No education,B40,.6296119,2017
CRI,2024,FALSE,INC,,,,No education,T60,.3703881,2017
CRI,2024,FALSE,INC,,,,Primary education,B40,.4682187,2017
CRI,2024,FALSE,INC,,,,Primary education,T60,.5317813,2017
CRI,2024,FALSE,INC,,,,Secondary education,B40,.3735203,2017
CRI,2024,FALSE,INC,,,,Secondary education,T60,.6264797,2017
CRI,2024,FALSE,INC,,,,Tertiary education,B40,.0898463,2017
CRI,2024,FALSE,INC,,,,Tertiary education,T60,.9101537,2017
CRI,2024,FALSE,INC,,,0-14,,B40,.6370339,2017
CRI,2024,FALSE,INC,,,0-14,,T60,.3629661,2017
CRI,2024,FALSE,INC,,,15-64,,B40,.3643497,2017
CRI,2024,FALSE,INC,,,15-64,,T60,.6356503,2017
CRI,2024,FALSE,INC,,,>65,,B40,.2885642,2017
CRI,2024,FALSE,INC,,,>65,,T60,.7114358,2017
CRI,2024,FALSE,INC,,Female,,,B40,.4075439,2017
CRI,2024,FALSE,INC,,Female,,,T60,.5924561,2017
CRI,2024,FALSE,INC,,Male,,,B40,.3916897,2017
CRI,2024,FALSE,INC,,Male,,,T60,.6083103,2017
CRI,2024,FALSE,INC,R,,,,B40,.5398029,2017
CRI,2024,FALSE,INC,R,,,,T60,.4601971,2017
CRI,2024,FALSE,INC,U,,,,B40,.3465919,2017
CRI,2024,FALSE,INC,U,,,,T60,.6534081,2017
CYP,2022,FALSE,INC,,,,No education,B40,.6879429,2017
CYP,2022,FALSE,INC,,,,No education,T60,.3120571,2017
CYP,2022,FALSE,INC,,,,Primary education,B40,.5610416,2017
CYP,2022,FALSE,INC,,,,Primary education,T60,.4389584,2017
CYP,2022,FALSE,INC,,,,Secondary education,B40,.4442636,2017
CYP,2022,FALSE,INC,,,,Secondary education,T60,.5557364,2017
CYP,2022,FALSE,INC,,,,Tertiary education,B40,.2066359,2017
CYP,2022,FALSE,INC,,,,Tertiary education,T60,.7933642,2017
CYP,2022,FALSE,INC,,,0-14,,B40,.5844238,2017
CYP,2022,FALSE,INC,,,0-14,,T60,.4155762,2017
CYP,2022,FALSE,INC,,,15-64,,B40,.3551656,2017
CYP,2022,FALSE,INC,,,15-64,,T60,.6448344,2017
CYP,2022,FALSE,INC,,,>65,,B40,.4151438,2017
CYP,2022,FALSE,INC,,,>65,,T60,.5848562,2017
CYP,2022,FALSE,INC,,Female,,,B40,.4125057,2017
CYP,2022,FALSE,INC,,Female,,,T60,.5874943,2017
CYP,2022,FALSE,INC,,Male,,,B40,.3867627,2017
CYP,2022,FALSE,INC,,Male,,,T60,.6132373,2017
CYP,2022,FALSE,INC,R,,,,B40,.4772212,2017
CYP,2022,FALSE,INC,R,,,,T60,.5227788,2017
CYP,2022,FALSE,INC,U,,,,B40,.3808172,2017
CYP,2022,FALSE,INC,U,,,,T60,.6191828,2017
CZE,2022,FALSE,INC,,,,Secondary education,B40,.3944473,2017
CZE,2022,FALSE,INC,,,,Secondary education,T60,.6055527,2017
CZE,2022,FALSE,INC,,,,Tertiary education,B40,.2108906,2017
CZE,2022,FALSE,INC,,,,Tertiary education,T60,.7891094,2017
CZE,2022,FALSE,INC,,,0-14,,B40,.6166963,2017
CZE,2022,FALSE,INC,,,0-14,,T60,.3833037,2017
CZE,2022,FALSE,INC,,,15-64,,B40,.3531263,2017
CZE,2022,FALSE,INC,,,15-64,,T60,.6468737,2017
CZE,2022,FALSE,INC,,,>65,,B40,.3816803,2017
CZE,2022,FALSE,INC,,,>65,,T60,.6183197,2017
CZE,2022,FALSE,INC,,Female,,,B40,.4146955,2017
CZE,2022,FALSE,INC,,Female,,,T60,.5853046,2017
CZE,2022,FALSE,INC,,Male,,,B40,.3843428,2017
CZE,2022,FALSE,INC,,Male,,,T60,.6156572,2017
CZE,2022,FALSE,INC,R,,,,B40,.4524024,2017
CZE,2022,FALSE,INC,R,,,,T60,.5475976,2017
CZE,2022,FALSE,INC,U,,,,B40,.3695465,2017
CZE,2022,FALSE,INC,U,,,,T60,.6304535,2017
DJI,2017,FALSE,CONS,,,,No education,B40,.4828078,2017
DJI,2017,FALSE,CONS,,,,No education,T60,.5171922,2017
DJI,2017,FALSE,CONS,,,,Primary education,B40,.3371122,2017
DJI,2017,FALSE,CONS,,,,Primary education,T60,.6628878,2017
DJI,2017,FALSE,CONS,,,,Secondary education,B40,.277434,2017
DJI,2017,FALSE,CONS,,,,Secondary education,T60,.7225659,2017
DJI,2017,FALSE,CONS,,,,Tertiary education,B40,.1183945,2017
DJI,2017,FALSE,CONS,,,,Tertiary education,T60,.8816055,2017
DJI,2017,FALSE,CONS,,,0-14,,B40,.4598187,2017
DJI,2017,FALSE,CONS,,,0-14,,T60,.5401813,2017
DJI,2017,FALSE,CONS,,,15-64,,B40,.3654895,2017
DJI,2017,FALSE,CONS,,,15-64,,T60,.6345105,2017
DJI,2017,FALSE,CONS,,Female,,,B40,.3960084,2017
DJI,2017,FALSE,CONS,,Female,,,T60,.6039916,2017
DJI,2017,FALSE,CONS,,Male,,,B40,.4040647,2017
DJI,2017,FALSE,CONS,,Male,,,T60,.5959353,2017
DJI,2017,FALSE,CONS,R,,,,B40,.8329998,2017
DJI,2017,FALSE,CONS,R,,,,T60,.1670002,2017
DJI,2017,FALSE,CONS,U,,,,B40,.3224012,2017
DJI,2017,FALSE,CONS,U,,,,T60,.6775988,2017
DNK,2022,FALSE,INC,,,,Primary education,B40,.4453142,2017
DNK,2022,FALSE,INC,,,,Primary education,T60,.5546858,2017
DNK,2022,FALSE,INC,,,,Secondary education,B40,.3744969,2017
DNK,2022,FALSE,INC,,,,Secondary education,T60,.6255031,2017
DNK,2022,FALSE,INC,,,,Tertiary education,B40,.2759266,2017
DNK,2022,FALSE,INC,,,,Tertiary education,T60,.7240734,2017
DNK,2022,FALSE,INC,,,0-14,,B40,.6835477,2017
DNK,2022,FALSE,INC,,,0-14,,T60,.3164523,2017
DNK,2022,FALSE,INC,,,15-64,,B40,.3642479,2017
DNK,2022,FALSE,INC,,,15-64,,T60,.635752,2017
DNK,2022,FALSE,INC,,,>65,,B40,.3034509,2017
DNK,2022,FALSE,INC,,,>65,,T60,.6965491,2017
DNK,2022,FALSE,INC,,Female,,,B40,.4054401,2017
DNK,2022,FALSE,INC,,Female,,,T60,.5945599,2017
DNK,2022,FALSE,INC,,Male,,,B40,.3925384,2017
DNK,2022,FALSE,INC,,Male,,,T60,.6074616,2017
DNK,2022,FALSE,INC,R,,,,B40,.4340442,2017
DNK,2022,FALSE,INC,R,,,,T60,.5659558,2017
DNK,2022,FALSE,INC,U,,,,B40,.3819084,2017
DNK,2022,FALSE,INC,U,,,,T60,.6180916,2017
DOM,2023,FALSE,INC,,,,No education,B40,.4588858,2017
DOM,2023,FALSE,INC,,,,No education,T60,.5411142,2017
DOM,2023,FALSE,INC,,,,Primary education,B40,.3642759,2017
DOM,2023,FALSE,INC,,,,Primary education,T60,.6357241,2017
DOM,2023,FALSE,INC,,,,Secondary education,B40,.367528,2017
DOM,2023,FALSE,INC,,,,Secondary education,T60,.632472,2017
DOM,2023,FALSE,INC,,,,Tertiary education,B40,.1897295,2017
DOM,2023,FALSE,INC,,,,Tertiary education,T60,.8102705,2017
DOM,2023,FALSE,INC,,,0-14,,B40,.5946932,2017
DOM,2023,FALSE,INC,,,0-14,,T60,.4053068,2017
DOM,2023,FALSE,INC,,,15-64,,B40,.3456909,2017
DOM,2023,FALSE,INC,,,15-64,,T60,.6543091,2017
DOM,2023,FALSE,INC,,,>65,,B40,.2646205,2017
DOM,2023,FALSE,INC,,,>65,,T60,.7353795,2017
DOM,2023,FALSE,INC,,Female,,,B40,.4170824,2017
DOM,2023,FALSE,INC,,Female,,,T60,.5829176,2017
DOM,2023,FALSE,INC,,Male,,,B40,.3817012,2017
DOM,2023,FALSE,INC,,Male,,,T60,.6182988,2017
DOM,2023,FALSE,INC,R,,,,B40,.3708394,2017
DOM,2023,FALSE,INC,R,,,,T60,.6291606,2017
DOM,2023,FALSE,INC,U,,,,B40,.405566,2017
DOM,2023,FALSE,INC,U,,,,T60,.594434,2017
ECU,2023,FALSE,INC,,,,No education,B40,.4345478,2017
ECU,2023,FALSE,INC,,,,No education,T60,.5654522,2017
ECU,2023,FALSE,INC,,,,Primary education,B40,.3985729,2017
ECU,2023,FALSE,INC,,,,Primary education,T60,.6014271,2017
ECU,2023,FALSE,INC,,,,Secondary education,B40,.3636254,2017
ECU,2023,FALSE,INC,,,,Secondary education,T60,.6363746,2017
ECU,2023,FALSE,INC,,,,Tertiary education,B40,.0997876,2017
ECU,2023,FALSE,INC,,,,Tertiary education,T60,.9002123,2017
ECU,2023,FALSE,INC,,,0-14,,B40,.5777816,2017
ECU,2023,FALSE,INC,,,0-14,,T60,.4222184,2017
ECU,2023,FALSE,INC,,,15-64,,B40,.3462811,2017
ECU,2023,FALSE,INC,,,15-64,,T60,.6537189,2017
ECU,2023,FALSE,INC,,,>65,,B40,.2045534,2017
ECU,2023,FALSE,INC,,,>65,,T60,.7954466,2017
ECU,2023,FALSE,INC,,Female,,,B40,.4092003,2017
ECU,2023,FALSE,INC,,Female,,,T60,.5907997,2017
ECU,2023,FALSE,INC,,Male,,,B40,.3897697,2017
ECU,2023,FALSE,INC,,Male,,,T60,.6102303,2017
ECU,2023,FALSE,INC,R,,,,B40,.530264,2017
ECU,2023,FALSE,INC,R,,,,T60,.469736,2017
ECU,2023,FALSE,INC,U,,,,B40,.338621,2017
ECU,2023,FALSE,INC,U,,,,T60,.661379,2017
EGY,2021,FALSE,CONS,,,,No education,B40,.3821051,2017
EGY,2021,FALSE,CONS,,,,No education,T60,.6178949,2017
EGY,2021,FALSE,CONS,,,,Primary education,B40,.3723533,2017
EGY,2021,FALSE,CONS,,,,Primary education,T60,.6276467,2017
EGY,2021,FALSE,CONS,,,,Secondary education,B40,.3788166,2017
EGY,2021,FALSE,CONS,,,,Secondary education,T60,.6211834,2017
EGY,2021,FALSE,CONS,,,,Tertiary education,B40,.1712158,2017
EGY,2021,FALSE,CONS,,,,Tertiary education,T60,.8287842,2017
EGY,2021,FALSE,CONS,,,0-14,,B40,.5390639,2017
EGY,2021,FALSE,CONS,,,0-14,,T60,.4609361,2017
EGY,2021,FALSE,CONS,,,15-64,,B40,.3445686,2017
EGY,2021,FALSE,CONS,,,15-64,,T60,.6554314,2017
EGY,2021,FALSE,CONS,,,>65,,B40,.159302,2017
EGY,2021,FALSE,CONS,,,>65,,T60,.840698,2017
EGY,2021,FALSE,CONS,,Female,,,B40,.4006901,2017
EGY,2021,FALSE,CONS,,Female,,,T60,.5993099,2017
EGY,2021,FALSE,CONS,,Male,,,B40,.3992323,2017
EGY,2021,FALSE,CONS,,Male,,,T60,.6007677,2017
EGY,2021,FALSE,CONS,R,,,,B40,.4738613,2017
EGY,2021,FALSE,CONS,R,,,,T60,.5261387,2017
EGY,2021,FALSE,CONS,U,,,,B40,.2981624,2017
EGY,2021,FALSE,CONS,U,,,,T60,.7018376,2017
ESP,2022,FALSE,INC,,,,No education,B40,.5176582,2017
ESP,2022,FALSE,INC,,,,No education,T60,.4823418,2017
ESP,2022,FALSE,INC,,,,Primary education,B40,.4340006,2017
ESP,2022,FALSE,INC,,,,Primary education,T60,.5659994,2017
ESP,2022,FALSE,INC,,,,Secondary education,B40,.4351057,2017
ESP,2022,FALSE,INC,,,,Secondary education,T60,.5648943,2017
ESP,2022,FALSE,INC,,,,Tertiary education,B40,.2123753,2017
ESP,2022,FALSE,INC,,,,Tertiary education,T60,.7876248,2017
ESP,2022,FALSE,INC,,,0-14,,B40,.6037471,2017
ESP,2022,FALSE,INC,,,0-14,,T60,.3962529,2017
ESP,2022,FALSE,INC,,,15-64,,B40,.3975253,2017
ESP,2022,FALSE,INC,,,15-64,,T60,.6024747,2017
ESP,2022,FALSE,INC,,,>65,,B40,.2789519,2017
ESP,2022,FALSE,INC,,,>65,,T60,.7210481,2017
ESP,2022,FALSE,INC,,Female,,,B40,.4044907,2017
ESP,2022,FALSE,INC,,Female,,,T60,.5955093,2017
ESP,2022,FALSE,INC,,Male,,,B40,.3931811,2017
ESP,2022,FALSE,INC,,Male,,,T60,.6068189,2017
ESP,2022,FALSE,INC,R,,,,B40,.4521765,2017
ESP,2022,FALSE,INC,R,,,,T60,.5478235,2017
ESP,2022,FALSE,INC,U,,,,B40,.3908023,2017
ESP,2022,FALSE,INC,U,,,,T60,.6091977,2017
EST,2022,FALSE,INC,,,,Primary education,B40,.6237223,2017
EST,2022,FALSE,INC,,,,Primary education,T60,.3762778,2017
EST,2022,FALSE,INC,,,,Secondary education,B40,.461013,2017
EST,2022,FALSE,INC,,,,Secondary education,T60,.538987,2017
EST,2022,FALSE,INC,,,,Tertiary education,B40,.3062138,2017
EST,2022,FALSE,INC,,,,Tertiary education,T60,.6937861,2017
EST,2022,FALSE,INC,,,0-14,,B40,.4672919,2017
EST,2022,FALSE,INC,,,0-14,,T60,.5327081,2017
EST,2022,FALSE,INC,,,15-64,,B40,.3164411,2017
EST,2022,FALSE,INC,,,15-64,,T60,.6835589,2017
EST,2022,FALSE,INC,,,>65,,B40,.6019043,2017
EST,2022,FALSE,INC,,,>65,,T60,.3980956,2017
EST,2022,FALSE,INC,,Female,,,B40,.4154561,2017
EST,2022,FALSE,INC,,Female,,,T60,.5845439,2017
EST,2022,FALSE,INC,,Male,,,B40,.381828,2017
EST,2022,FALSE,INC,,Male,,,T60,.618172,2017
EST,2022,FALSE,INC,R,,,,B40,.4398296,2017
EST,2022,FALSE,INC,R,,,,T60,.5601704,2017
EST,2022,FALSE,INC,U,,,,B40,.3772362,2017
EST,2022,FALSE,INC,U,,,,T60,.6227638,2017
ETH,2021,FALSE,CONS,,,,No education,B40,.4083922,2017
ETH,2021,FALSE,CONS,,,,No education,T60,.5916078,2017
ETH,2021,FALSE,CONS,,,,Primary education,B40,.3820439,2017
ETH,2021,FALSE,CONS,,,,Primary education,T60,.617956,2017
ETH,2021,FALSE,CONS,,,,Secondary education,B40,.2654096,2017
ETH,2021,FALSE,CONS,,,,Secondary education,T60,.7345904,2017
ETH,2021,FALSE,CONS,,,,Tertiary education,B40,.0758567,2017
ETH,2021,FALSE,CONS,,,,Tertiary education,T60,.9241433,2017
ETH,2021,FALSE,CONS,,,0-14,,B40,.4703149,2017
ETH,2021,FALSE,CONS,,,0-14,,T60,.5296851,2017
ETH,2021,FALSE,CONS,,,15-64,,B40,.353694,2017
ETH,2021,FALSE,CONS,,,15-64,,T60,.646306,2017
ETH,2021,FALSE,CONS,,,>65,,B40,.291145,2017
ETH,2021,FALSE,CONS,,,>65,,T60,.708855,2017
ETH,2021,FALSE,CONS,,Female,,,B40,.3948651,2017
ETH,2021,FALSE,CONS,,Female,,,T60,.6051349,2017
ETH,2021,FALSE,CONS,,Male,,,B40,.405181,2017
ETH,2021,FALSE,CONS,,Male,,,T60,.594819,2017
ETH,2021,FALSE,CONS,R,,,,B40,.4670998,2017
ETH,2021,FALSE,CONS,R,,,,T60,.5329003,2017
ETH,2021,FALSE,CONS,U,,,,B40,.1607554,2017
ETH,2021,FALSE,CONS,U,,,,T60,.8392445,2017
FIN,2022,FALSE,INC,,,,Secondary education,B40,.4097964,2017
FIN,2022,FALSE,INC,,,,Secondary education,T60,.5902036,2017
FIN,2022,FALSE,INC,,,,Tertiary education,B40,.2104446,2017
FIN,2022,FALSE,INC,,,,Tertiary education,T60,.7895554,2017
FIN,2022,FALSE,INC,,,0-14,,B40,.6878156,2017
FIN,2022,FALSE,INC,,,0-14,,T60,.3121844,2017
FIN,2022,FALSE,INC,,,15-64,,B40,.3580268,2017
FIN,2022,FALSE,INC,,,15-64,,T60,.6419732,2017
FIN,2022,FALSE,INC,,,>65,,B40,.3417942,2017
FIN,2022,FALSE,INC,,,>65,,T60,.6582058,2017
FIN,2022,FALSE,INC,,Female,,,B40,.4088189,2017
FIN,2022,FALSE,INC,,Female,,,T60,.5911811,2017
FIN,2022,FALSE,INC,,Male,,,B40,.3907598,2017
FIN,2022,FALSE,INC,,Male,,,T60,.6092402,2017
FIN,2022,FALSE,INC,R,,,,B40,.4464907,2017
FIN,2022,FALSE,INC,R,,,,T60,.5535093,2017
FIN,2022,FALSE,INC,U,,,,B40,.3828145,2017
FIN,2022,FALSE,INC,U,,,,T60,.6171855,2017
FJI,2019,FALSE,CONS,,,,No education,B40,.3878831,2017
FJI,2019,FALSE,CONS,,,,No education,T60,.6121169,2017
FJI,2019,FALSE,CONS,,,,Primary education,B40,.4107425,2017
FJI,2019,FALSE,CONS,,,,Primary education,T60,.5892575,2017
FJI,2019,FALSE,CONS,,,,Secondary education,B40,.361374,2017
FJI,2019,FALSE,CONS,,,,Secondary education,T60,.638626,2017
FJI,2019,FALSE,CONS,,,,Tertiary education,B40,.1009944,2017
FJI,2019,FALSE,CONS,,,,Tertiary education,T60,.8990056,2017
FJI,2019,FALSE,CONS,,,0-14,,B40,.5268096,2017
FJI,2019,FALSE,CONS,,,0-14,,T60,.4731904,2017
FJI,2019,FALSE,CONS,,,15-64,,B40,.3523553,2017
FJI,2019,FALSE,CONS,,,15-64,,T60,.6476447,2017
FJI,2019,FALSE,CONS,,,>65,,B40,.2973627,2017
FJI,2019,FALSE,CONS,,,>65,,T60,.7026373,2017
FJI,2019,FALSE,CONS,,Female,,,B40,.3925861,2017
FJI,2019,FALSE,CONS,,Female,,,T60,.6074139,2017
FJI,2019,FALSE,CONS,,Male,,,B40,.4075081,2017
FJI,2019,FALSE,CONS,,Male,,,T60,.5924919,2017
FJI,2019,FALSE,CONS,R,,,,B40,.5397421,2017
FJI,2019,FALSE,CONS,R,,,,T60,.460258,2017
FJI,2019,FALSE,CONS,U,,,,B40,.2868037,2017
FJI,2019,FALSE,CONS,U,,,,T60,.7131963,2017
FRA,2022,FALSE,INC,,,,No education,B40,.6472119,2017
FRA,2022,FALSE,INC,,,,No education,T60,.3527881,2017
FRA,2022,FALSE,INC,,,,Primary education,B40,.4515755,2017
FRA,2022,FALSE,INC,,,,Primary education,T60,.5484245,2017
FRA,2022,FALSE,INC,,,,Secondary education,B40,.4060459,2017
FRA,2022,FALSE,INC,,,,Secondary education,T60,.5939541,2017
FRA,2022,FALSE,INC,,,,Tertiary education,B40,.1958169,2017
FRA,2022,FALSE,INC,,,,Tertiary education,T60,.8041831,2017
FRA,2022,FALSE,INC,,,0-14,,B40,.6375077,2017
FRA,2022,FALSE,INC,,,0-14,,T60,.3624923,2017
FRA,2022,FALSE,INC,,,15-64,,B40,.3946826,2017
FRA,2022,FALSE,INC,,,15-64,,T60,.6053175,2017
FRA,2022,FALSE,INC,,,>65,,B40,.2570832,2017
FRA,2022,FALSE,INC,,,>65,,T60,.7429168,2017
FRA,2022,FALSE,INC,,Female,,,B40,.4079083,2017
FRA,2022,FALSE,INC,,Female,,,T60,.5920917,2017
FRA,2022,FALSE,INC,,Male,,,B40,.3884341,2017
FRA,2022,FALSE,INC,,Male,,,T60,.6115659,2017
FRA,2022,FALSE,INC,R,,,,B40,.4024655,2017
FRA,2022,FALSE,INC,R,,,,T60,.5975345,2017
FRA,2022,FALSE,INC,U,,,,B40,.3964815,2017
FRA,2022,FALSE,INC,U,,,,T60,.6035184,2017
FSM,2013,FALSE,CONS,,,,No education,B40,.5994948,2017
FSM,2013,FALSE,CONS,,,,No education,T60,.4005052,2017
FSM,2013,FALSE,CONS,,,,Primary education,B40,.4560531,2017
FSM,2013,FALSE,CONS,,,,Primary education,T60,.5439469,2017
FSM,2013,FALSE,CONS,,,,Secondary education,B40,.3009218,2017
FSM,2013,FALSE,CONS,,,,Secondary education,T60,.6990781,2017
FSM,2013,FALSE,CONS,,,,Tertiary education,B40,.0961134,2017
FSM,2013,FALSE,CONS,,,,Tertiary education,T60,.9038866,2017
FSM,2013,FALSE,CONS,,,0-14,,B40,.4565881,2017
FSM,2013,FALSE,CONS,,,0-14,,T60,.5434119,2017
FSM,2013,FALSE,CONS,,,15-64,,B40,.3749695,2017
FSM,2013,FALSE,CONS,,,15-64,,T60,.6250305,2017
FSM,2013,FALSE,CONS,,,>65,,B40,.312196,2017
FSM,2013,FALSE,CONS,,,>65,,T60,.6878039,2017
FSM,2013,FALSE,CONS,,Female,,,B40,.3951748,2017
FSM,2013,FALSE,CONS,,Female,,,T60,.6048252,2017
FSM,2013,FALSE,CONS,,Male,,,B40,.404709,2017
FSM,2013,FALSE,CONS,,Male,,,T60,.595291,2017
GAB,2017,FALSE,CONS,,,,No education,B40,.4148976,2017
GAB,2017,FALSE,CONS,,,,No education,T60,.5851024,2017
GAB,2017,FALSE,CONS,,,,Primary education,B40,.4861061,2017
GAB,2017,FALSE,CONS,,,,Primary education,T60,.5138939,2017
GAB,2017,FALSE,CONS,,,,Secondary education,B40,.3241943,2017
GAB,2017,FALSE,CONS,,,,Secondary education,T60,.6758057,2017
GAB,2017,FALSE,CONS,,,,Tertiary education,B40,.0984543,2017
GAB,2017,FALSE,CONS,,,,Tertiary education,T60,.9015457,2017
GAB,2017,FALSE,CONS,,,0-14,,B40,.4961231,2017
GAB,2017,FALSE,CONS,,,0-14,,T60,.5038769,2017
GAB,2017,FALSE,CONS,,,15-64,,B40,.3361658,2017
GAB,2017,FALSE,CONS,,,15-64,,T60,.6638342,2017
GAB,2017,FALSE,CONS,,,>65,,B40,.4325137,2017
GAB,2017,FALSE,CONS,,,>65,,T60,.5674863,2017
GAB,2017,FALSE,CONS,,Female,,,B40,.4147913,2017
GAB,2017,FALSE,CONS,,Female,,,T60,.5852088,2017
GAB,2017,FALSE,CONS,,Male,,,B40,.3839987,2017
GAB,2017,FALSE,CONS,,Male,,,T60,.6160014,2017
GAB,2017,FALSE,CONS,R,,,,B40,.548835,2017
GAB,2017,FALSE,CONS,R,,,,T60,.451165,2017
GAB,2017,FALSE,CONS,U,,,,B40,.3683291,2017
GAB,2017,FALSE,CONS,U,,,,T60,.6316709,2017
GEO,2023,FALSE,CONS,,,,No education,B40,.6036695,2017
GEO,2023,FALSE,CONS,,,,No education,T60,.3963305,2017
GEO,2023,FALSE,CONS,,,,Primary education,B40,.4925354,2017
GEO,2023,FALSE,CONS,,,,Primary education,T60,.5074646,2017
GEO,2023,FALSE,CONS,,,,Secondary education,B40,.4354261,2017
GEO,2023,FALSE,CONS,,,,Secondary education,T60,.5645738,2017
GEO,2023,FALSE,CONS,,,,Tertiary education,B40,.2198694,2017
GEO,2023,FALSE,CONS,,,,Tertiary education,T60,.7801306,2017
GEO,2023,FALSE,CONS,,,0-14,,B40,.522813,2017
GEO,2023,FALSE,CONS,,,0-14,,T60,.477187,2017
GEO,2023,FALSE,CONS,,,15-64,,B40,.3818033,2017
GEO,2023,FALSE,CONS,,,15-64,,T60,.6181967,2017
GEO,2023,FALSE,CONS,,,>65,,B40,.3429224,2017
GEO,2023,FALSE,CONS,,,>65,,T60,.6570777,2017
GEO,2023,FALSE,CONS,,Female,,,B40,.4026381,2017
GEO,2023,FALSE,CONS,,Female,,,T60,.5973619,2017
GEO,2023,FALSE,CONS,,Male,,,B40,.3970655,2017
GEO,2023,FALSE,CONS,,Male,,,T60,.6029345,2017
GEO,2023,FALSE,CONS,R,,,,B40,.4946864,2017
GEO,2023,FALSE,CONS,R,,,,T60,.5053136,2017
GEO,2023,FALSE,CONS,U,,,,B40,.3407699,2017
GEO,2023,FALSE,CONS,U,,,,T60,.6592301,2017
GHA,2016,FALSE,CONS,,,,No education,B40,.6093162,2017
GHA,2016,FALSE,CONS,,,,No education,T60,.3906838,2017
GHA,2016,FALSE,CONS,,,,Primary education,B40,.4550019,2017
GHA,2016,FALSE,CONS,,,,Primary education,T60,.5449982,2017
GHA,2016,FALSE,CONS,,,,Secondary education,B40,.2660973,2017
GHA,2016,FALSE,CONS,,,,Secondary education,T60,.7339027,2017
GHA,2016,FALSE,CONS,,,,Tertiary education,B40,.0770679,2017
GHA,2016,FALSE,CONS,,,,Tertiary education,T60,.9229321,2017
GHA,2016,FALSE,CONS,,,0-14,,B40,.4835158,2017
GHA,2016,FALSE,CONS,,,0-14,,T60,.5164842,2017
GHA,2016,FALSE,CONS,,,15-64,,B40,.3436561,2017
GHA,2016,FALSE,CONS,,,15-64,,T60,.6563439,2017
GHA,2016,FALSE,CONS,,,>65,,B40,.4051618,2017
GHA,2016,FALSE,CONS,,,>65,,T60,.5948382,2017
GHA,2016,FALSE,CONS,,Female,,,B40,.4025987,2017
GHA,2016,FALSE,CONS,,Female,,,T60,.5974013,2017
GHA,2016,FALSE,CONS,,Male,,,B40,.3972122,2017
GHA,2016,FALSE,CONS,,Male,,,T60,.6027878,2017
GHA,2016,FALSE,CONS,R,,,,B40,.6064172,2017
GHA,2016,FALSE,CONS,R,,,,T60,.3935828,2017
GHA,2016,FALSE,CONS,U,,,,B40,.1993945,2017
GHA,2016,FALSE,CONS,U,,,,T60,.8006055,2017
GIN,2018,FALSE,CONS,,,,No education,B40,.4385304,2017
GIN,2018,FALSE,CONS,,,,No education,T60,.5614696,2017
GIN,2018,FALSE,CONS,,,,Primary education,B40,.2814679,2017
GIN,2018,FALSE,CONS,,,,Primary education,T60,.718532,2017
GIN,2018,FALSE,CONS,,,,Secondary education,B40,.1722014,2017
GIN,2018,FALSE,CONS,,,,Secondary education,T60,.8277986,2017
GIN,2018,FALSE,CONS,,,,Tertiary education,B40,.0465958,2017
GIN,2018,FALSE,CONS,,,,Tertiary education,T60,.9534042,2017
GIN,2018,FALSE,CONS,,,0-14,,B40,.4575091,2017
GIN,2018,FALSE,CONS,,,0-14,,T60,.5424909,2017
GIN,2018,FALSE,CONS,,,15-64,,B40,.3428333,2017
GIN,2018,FALSE,CONS,,,15-64,,T60,.6571668,2017
GIN,2018,FALSE,CONS,,,>65,,B40,.4456656,2017
GIN,2018,FALSE,CONS,,,>65,,T60,.5543344,2017
GIN,2018,FALSE,CONS,,Female,,,B40,.4100201,2017
GIN,2018,FALSE,CONS,,Female,,,T60,.5899799,2017
GIN,2018,FALSE,CONS,,Male,,,B40,.3888483,2017
GIN,2018,FALSE,CONS,,Male,,,T60,.6111517,2017
GIN,2018,FALSE,CONS,R,,,,B40,.5425783,2017
GIN,2018,FALSE,CONS,R,,,,T60,.4574217,2017
GIN,2018,FALSE,CONS,U,,,,B40,.1395416,2017
GIN,2018,FALSE,CONS,U,,,,T60,.8604584,2017
GMB,2020,FALSE,CONS,,,,No education,B40,.4696082,2017
GMB,2020,FALSE,CONS,,,,No education,T60,.5303919,2017
GMB,2020,FALSE,CONS,,,,Primary education,B40,.3349872,2017
GMB,2020,FALSE,CONS,,,,Primary education,T60,.6650128,2017
GMB,2020,FALSE,CONS,,,,Secondary education,B40,.2377571,2017
GMB,2020,FALSE,CONS,,,,Secondary education,T60,.7622429,2017
GMB,2020,FALSE,CONS,,,,Tertiary education,B40,.1011159,2017
GMB,2020,FALSE,CONS,,,,Tertiary education,T60,.8988841,2017
GMB,2020,FALSE,CONS,,,0-14,,B40,.4480314,2017
GMB,2020,FALSE,CONS,,,0-14,,T60,.5519686,2017
GMB,2020,FALSE,CONS,,,15-64,,B40,.3610674,2017
GMB,2020,FALSE,CONS,,,15-64,,T60,.6389326,2017
GMB,2020,FALSE,CONS,,,>65,,B40,.3822875,2017
GMB,2020,FALSE,CONS,,,>65,,T60,.6177125,2017
GMB,2020,FALSE,CONS,,Female,,,B40,.3953202,2017
GMB,2020,FALSE,CONS,,Female,,,T60,.6046798,2017
GMB,2020,FALSE,CONS,,Male,,,B40,.4051272,2017
GMB,2020,FALSE,CONS,,Male,,,T60,.5948728,2017
GMB,2020,FALSE,CONS,R,,,,B40,.6203198,2017
GMB,2020,FALSE,CONS,R,,,,T60,.3796802,2017
GMB,2020,FALSE,CONS,U,,,,B40,.2198802,2017
GMB,2020,FALSE,CONS,U,,,,T60,.7801198,2017
GNB,2021,FALSE,CONS,,,,No education,B40,.501334,2017
GNB,2021,FALSE,CONS,,,,No education,T60,.498666,2017
GNB,2021,FALSE,CONS,,,,Primary education,B40,.3960756,2017
GNB,2021,FALSE,CONS,,,,Primary education,T60,.6039244,2017
GNB,2021,FALSE,CONS,,,,Secondary education,B40,.2122366,2017
GNB,2021,FALSE,CONS,,,,Secondary education,T60,.7877634,2017
GNB,2021,FALSE,CONS,,,,Tertiary education,B40,.0559514,2017
GNB,2021,FALSE,CONS,,,,Tertiary education,T60,.9440486,2017
GNB,2021,FALSE,CONS,,,0-14,,B40,.4768342,2017
GNB,2021,FALSE,CONS,,,0-14,,T60,.5231658,2017
GNB,2021,FALSE,CONS,,,15-64,,B40,.352063,2017
GNB,2021,FALSE,CONS,,,15-64,,T60,.647937,2017
GNB,2021,FALSE,CONS,,,>65,,B40,.3661036,2017
GNB,2021,FALSE,CONS,,,>65,,T60,.6338964,2017
GNB,2021,FALSE,CONS,,Female,,,B40,.4036143,2017
GNB,2021,FALSE,CONS,,Female,,,T60,.5963857,2017
GNB,2021,FALSE,CONS,,Male,,,B40,.3961207,2017
GNB,2021,FALSE,CONS,,Male,,,T60,.6038793,2017
GNB,2021,FALSE,CONS,R,,,,B40,.6056077,2017
GNB,2021,FALSE,CONS,R,,,,T60,.3943923,2017
GNB,2021,FALSE,CONS,U,,,,B40,.1224764,2017
GNB,2021,FALSE,CONS,U,,,,T60,.8775236,2017
GRC,2022,FALSE,INC,,,,No education,B40,.5131946,2017
GRC,2022,FALSE,INC,,,,No education,T60,.4868053,2017
GRC,2022,FALSE,INC,,,,Primary education,B40,.4281316,2017
GRC,2022,FALSE,INC,,,,Primary education,T60,.5718684,2017
GRC,2022,FALSE,INC,,,,Secondary education,B40,.4222873,2017
GRC,2022,FALSE,INC,,,,Secondary education,T60,.5777127,2017
GRC,2022,FALSE,INC,,,,Tertiary education,B40,.2148182,2017
GRC,2022,FALSE,INC,,,,Tertiary education,T60,.7851818,2017
GRC,2022,FALSE,INC,,,0-14,,B40,.6077239,2017
GRC,2022,FALSE,INC,,,0-14,,T60,.3922761,2017
GRC,2022,FALSE,INC,,,15-64,,B40,.4026641,2017
GRC,2022,FALSE,INC,,,15-64,,T60,.5973359,2017
GRC,2022,FALSE,INC,,,>65,,B40,.2780362,2017
GRC,2022,FALSE,INC,,,>65,,T60,.7219638,2017
GRC,2022,FALSE,INC,,Female,,,B40,.3964646,2017
GRC,2022,FALSE,INC,,Female,,,T60,.6035354,2017
GRC,2022,FALSE,INC,,Male,,,B40,.3998355,2017
GRC,2022,FALSE,INC,,Male,,,T60,.6001645,2017
GRC,2022,FALSE,INC,R,,,,B40,.4953142,2017
GRC,2022,FALSE,INC,R,,,,T60,.5046858,2017
GRC,2022,FALSE,INC,U,,,,B40,.3599757,2017
GRC,2022,FALSE,INC,U,,,,T60,.6400243,2017
GRD,2018,FALSE,CONS,,,,Primary education,B40,.3588414,2017
GRD,2018,FALSE,CONS,,,,Primary education,T60,.6411586,2017
GRD,2018,FALSE,CONS,,,,Secondary education,B40,.413439,2017
GRD,2018,FALSE,CONS,,,,Secondary education,T60,.586561,2017
GRD,2018,FALSE,CONS,,,,Tertiary education,B40,.1851116,2017
GRD,2018,FALSE,CONS,,,,Tertiary education,T60,.8148884,2017
GRD,2018,FALSE,CONS,,,0-14,,B40,.5524487,2017
GRD,2018,FALSE,CONS,,,0-14,,T60,.4475513,2017
GRD,2018,FALSE,CONS,,,15-64,,B40,.3875386,2017
GRD,2018,FALSE,CONS,,,15-64,,T60,.6124614,2017
GRD,2018,FALSE,CONS,,,>65,,B40,.2327998,2017
GRD,2018,FALSE,CONS,,,>65,,T60,.7672002,2017
GRD,2018,FALSE,CONS,,Female,,,B40,.408985,2017
GRD,2018,FALSE,CONS,,Female,,,T60,.591015,2017
GRD,2018,FALSE,CONS,,Male,,,B40,.389824,2017
GRD,2018,FALSE,CONS,,Male,,,T60,.610176,2017
GRD,2018,FALSE,CONS,R,,,,B40,.517583,2017
GRD,2018,FALSE,CONS,R,,,,T60,.482417,2017
GRD,2018,FALSE,CONS,U,,,,B40,.2914467,2017
GRD,2018,FALSE,CONS,U,,,,T60,.7085533,2017
GTM,2023,FALSE,INC,,,,No education,B40,.5226198,2017
GTM,2023,FALSE,INC,,,,No education,T60,.4773802,2017
GTM,2023,FALSE,INC,,,,Primary education,B40,.4200206,2017
GTM,2023,FALSE,INC,,,,Primary education,T60,.5799794,2017
GTM,2023,FALSE,INC,,,,Secondary education,B40,.2077362,2017
GTM,2023,FALSE,INC,,,,Secondary education,T60,.7922638,2017
GTM,2023,FALSE,INC,,,,Tertiary education,B40,.036459,2017
GTM,2023,FALSE,INC,,,,Tertiary education,T60,.963541,2017
GTM,2023,FALSE,INC,,,0-14,,B40,.508358,2017
GTM,2023,FALSE,INC,,,0-14,,T60,.491642,2017
GTM,2023,FALSE,INC,,,15-64,,B40,.3460338,2017
GTM,2023,FALSE,INC,,,15-64,,T60,.6539662,2017
GTM,2023,FALSE,INC,,,>65,,B40,.3318039,2017
GTM,2023,FALSE,INC,,,>65,,T60,.6681961,2017
GTM,2023,FALSE,INC,,Female,,,B40,.4079481,2017
GTM,2023,FALSE,INC,,Female,,,T60,.5920519,2017
GTM,2023,FALSE,INC,,Male,,,B40,.3907561,2017
GTM,2023,FALSE,INC,,Male,,,T60,.6092439,2017
GTM,2023,FALSE,INC,R,,,,B40,.5103363,2017
GTM,2023,FALSE,INC,R,,,,T60,.4896637,2017
GTM,2023,FALSE,INC,U,,,,B40,.2994108,2017
GTM,2023,FALSE,INC,U,,,,T60,.7005892,2017
HND,2023,FALSE,INC,,,,No education,B40,.5270323,2017
HND,2023,FALSE,INC,,,,No education,T60,.4729677,2017
HND,2023,FALSE,INC,,,,Primary education,B40,.4285014,2017
HND,2023,FALSE,INC,,,,Primary education,T60,.5714986,2017
HND,2023,FALSE,INC,,,,Secondary education,B40,.2594111,2017
HND,2023,FALSE,INC,,,,Secondary education,T60,.740589,2017
HND,2023,FALSE,INC,,,,Tertiary education,B40,.0794623,2017
HND,2023,FALSE,INC,,,,Tertiary education,T60,.9205377,2017
HND,2023,FALSE,INC,,,0-14,,B40,.5104061,2017
HND,2023,FALSE,INC,,,0-14,,T60,.489594,2017
HND,2023,FALSE,INC,,,15-64,,B40,.3580255,2017
HND,2023,FALSE,INC,,,15-64,,T60,.6419745,2017
HND,2023,FALSE,INC,,,>65,,B40,.3327137,2017
HND,2023,FALSE,INC,,,>65,,T60,.6672863,2017
HND,2023,FALSE,INC,,Female,,,B40,.405485,2017
HND,2023,FALSE,INC,,Female,,,T60,.594515,2017
HND,2023,FALSE,INC,,Male,,,B40,.3925667,2017
HND,2023,FALSE,INC,,Male,,,T60,.6074333,2017
HND,2023,FALSE,INC,R,,,,B40,.5588833,2017
HND,2023,FALSE,INC,R,,,,T60,.4411167,2017
HND,2023,FALSE,INC,U,,,,B40,.2737638,2017
HND,2023,FALSE,INC,U,,,,T60,.7262362,2017
HRV,2022,FALSE,INC,,,,No education,B40,.6715631,2017
HRV,2022,FALSE,INC,,,,No education,T60,.3284369,2017
HRV,2022,FALSE,INC,,,,Primary education,B40,.7354205,2017
HRV,2022,FALSE,INC,,,,Primary education,T60,.2645796,2017
HRV,2022,FALSE,INC,,,,Secondary education,B40,.42946,2017
HRV,2022,FALSE,INC,,,,Secondary education,T60,.57054,2017
HRV,2022,FALSE,INC,,,,Tertiary education,B40,.1722036,2017
HRV,2022,FALSE,INC,,,,Tertiary education,T60,.8277964,2017
HRV,2022,FALSE,INC,,,0-14,,B40,.5056604,2017
HRV,2022,FALSE,INC,,,0-14,,T60,.4943396,2017
HRV,2022,FALSE,INC,,,15-64,,B40,.3556151,2017
HRV,2022,FALSE,INC,,,15-64,,T60,.6443849,2017
HRV,2022,FALSE,INC,,,>65,,B40,.4597676,2017
HRV,2022,FALSE,INC,,,>65,,T60,.5402324,2017
HRV,2022,FALSE,INC,,Female,,,B40,.4142379,2017
HRV,2022,FALSE,INC,,Female,,,T60,.5857621,2017
HRV,2022,FALSE,INC,,Male,,,B40,.3847175,2017
HRV,2022,FALSE,INC,,Male,,,T60,.6152825,2017
HRV,2022,FALSE,INC,R,,,,B40,.4815395,2017
HRV,2022,FALSE,INC,R,,,,T60,.5184605,2017
HRV,2022,FALSE,INC,U,,,,B40,.3526526,2017
HRV,2022,FALSE,INC,U,,,,T60,.6473474,2017
HTI,2012,FALSE,CONS,,,,No education,B40,.5316556,2017
HTI,2012,FALSE,CONS,,,,No education,T60,.4683445,2017
HTI,2012,FALSE,CONS,,,,Primary education,B40,.4134585,2017
HTI,2012,FALSE,CONS,,,,Primary education,T60,.5865415,2017
HTI,2012,FALSE,CONS,,,,Secondary education,B40,.2606177,2017
HTI,2012,FALSE,CONS,,,,Secondary education,T60,.7393823,2017
HTI,2012,FALSE,CONS,,,,Tertiary education,B40,.0589733,2017
HTI,2012,FALSE,CONS,,,,Tertiary education,T60,.9410267,2017
HTI,2012,FALSE,CONS,,,0-14,,B40,.4791777,2017
HTI,2012,FALSE,CONS,,,0-14,,T60,.5208223,2017
HTI,2012,FALSE,CONS,,,15-64,,B40,.3536949,2017
HTI,2012,FALSE,CONS,,,15-64,,T60,.6463051,2017
HTI,2012,FALSE,CONS,,,>65,,B40,.3863025,2017
HTI,2012,FALSE,CONS,,,>65,,T60,.6136975,2017
HTI,2012,FALSE,CONS,,Female,,,B40,.3921078,2017
HTI,2012,FALSE,CONS,,Female,,,T60,.6078922,2017
HTI,2012,FALSE,CONS,,Male,,,B40,.4082357,2017
HTI,2012,FALSE,CONS,,Male,,,T60,.5917643,2017
HTI,2012,FALSE,CONS,R,,,,B40,.5840577,2017
HTI,2012,FALSE,CONS,R,,,,T60,.4159423,2017
HTI,2012,FALSE,CONS,U,,,,B40,.1980442,2017
HTI,2012,FALSE,CONS,U,,,,T60,.8019558,2017
HUN,2022,FALSE,INC,,,,No education,B40,.591749,2017
HUN,2022,FALSE,INC,,,,No education,T60,.408251,2017
HUN,2022,FALSE,INC,,,,Primary education,B40,.8011111,2017
HUN,2022,FALSE,INC,,,,Primary education,T60,.1988889,2017
HUN,2022,FALSE,INC,,,,Secondary education,B40,.4407636,2017
HUN,2022,FALSE,INC,,,,Secondary education,T60,.5592364,2017
HUN,2022,FALSE,INC,,,,Tertiary education,B40,.1592559,2017
HUN,2022,FALSE,INC,,,,Tertiary education,T60,.8407441,2017
HUN,2022,FALSE,INC,,,0-14,,B40,.6085874,2017
HUN,2022,FALSE,INC,,,0-14,,T60,.3914126,2017
HUN,2022,FALSE,INC,,,15-64,,B40,.3759475,2017
HUN,2022,FALSE,INC,,,15-64,,T60,.6240525,2017
HUN,2022,FALSE,INC,,,>65,,B40,.3390699,2017
HUN,2022,FALSE,INC,,,>65,,T60,.66093,2017
HUN,2022,FALSE,INC,,Female,,,B40,.4083167,2017
HUN,2022,FALSE,INC,,Female,,,T60,.5916833,2017
HUN,2022,FALSE,INC,,Male,,,B40,.3909363,2017
HUN,2022,FALSE,INC,,Male,,,T60,.6090637,2017
HUN,2022,FALSE,INC,R,,,,B40,.5242695,2017
HUN,2022,FALSE,INC,R,,,,T60,.4757305,2017
HUN,2022,FALSE,INC,U,,,,B40,.3430311,2017
HUN,2022,FALSE,INC,U,,,,T60,.6569689,2017
IDN,2024,FALSE,CONS,,,,No education,B40,.5709702,2017
IDN,2024,FALSE,CONS,,,,No education,T60,.4290298,2017
IDN,2024,FALSE,CONS,,,,Primary education,B40,.4599451,2017
IDN,2024,FALSE,CONS,,,,Primary education,T60,.5400549,2017
IDN,2024,FALSE,CONS,,,,Secondary education,B40,.3613541,2017
IDN,2024,FALSE,CONS,,,,Secondary education,T60,.6386459,2017
IDN,2024,FALSE,CONS,,,,Tertiary education,B40,.1710243,2017
IDN,2024,FALSE,CONS,,,,Tertiary education,T60,.8289757,2017
IDN,2024,FALSE,CONS,,,0-14,,B40,.480831,2017
IDN,2024,FALSE,CONS,,,0-14,,T60,.519169,2017
IDN,2024,FALSE,CONS,,,15-64,,B40,.3703238,2017
IDN,2024,FALSE,CONS,,,15-64,,T60,.6296762,2017
IDN,2024,FALSE,CONS,,,>65,,B40,.4156116,2017
IDN,2024,FALSE,CONS,,,>65,,T60,.5843884,2017
IDN,2024,FALSE,CONS,,Female,,,B40,.4021809,2017
IDN,2024,FALSE,CONS,,Female,,,T60,.5978191,2017
IDN,2024,FALSE,CONS,,Male,,,B40,.3978266,2017
IDN,2024,FALSE,CONS,,Male,,,T60,.6021734,2017
IDN,2024,FALSE,CONS,R,,,,B40,.4523755,2017
IDN,2024,FALSE,CONS,R,,,,T60,.5476245,2017
IDN,2024,FALSE,CONS,U,,,,B40,.3632665,2017
IDN,2024,FALSE,CONS,U,,,,T60,.6367335,2017
IND,2022,FALSE,CONS,,,,No education,B40,.4826923,2017
IND,2022,FALSE,CONS,,,,No education,T60,.5173077,2017
IND,2022,FALSE,CONS,,,,Primary education,B40,.4209459,2017
IND,2022,FALSE,CONS,,,,Primary education,T60,.5790541,2017
IND,2022,FALSE,CONS,,,,Secondary education,B40,.3663268,2017
IND,2022,FALSE,CONS,,,,Secondary education,T60,.6336732,2017
IND,2022,FALSE,CONS,,,,Tertiary education,B40,.2325548,2017
IND,2022,FALSE,CONS,,,,Tertiary education,T60,.7674452,2017
IND,2022,FALSE,CONS,,,0-14,,B40,.4946776,2017
IND,2022,FALSE,CONS,,,0-14,,T60,.5053224,2017
IND,2022,FALSE,CONS,,,15-64,,B40,.3702286,2017
IND,2022,FALSE,CONS,,,15-64,,T60,.6297714,2017
IND,2022,FALSE,CONS,,,>65,,B40,.3428934,2017
IND,2022,FALSE,CONS,,,>65,,T60,.6571066,2017
IND,2022,FALSE,CONS,,Female,,,B40,.4056712,2017
IND,2022,FALSE,CONS,,Female,,,T60,.5943288,2017
IND,2022,FALSE,CONS,,Male,,,B40,.3920811,2017
IND,2022,FALSE,CONS,,Male,,,T60,.6079189,2017
IND,2022,FALSE,CONS,R,,,,B40,.4544327,2017
IND,2022,FALSE,CONS,R,,,,T60,.5455673,2017
IND,2022,FALSE,CONS,U,,,,B40,.257795,2017
IND,2022,FALSE,CONS,U,,,,T60,.742205,2017
IRL,2022,FALSE,INC,,,,No education,B40,.443482,2017
IRL,2022,FALSE,INC,,,,No education,T60,.556518,2017
IRL,2022,FALSE,INC,,,,Primary education,B40,.3955681,2017
IRL,2022,FALSE,INC,,,,Primary education,T60,.6044319,2017
IRL,2022,FALSE,INC,,,,Tertiary education,B40,.2637341,2017
IRL,2022,FALSE,INC,,,,Tertiary education,T60,.7362659,2017
IRL,2022,FALSE,INC,,,0-14,,B40,.6101073,2017
IRL,2022,FALSE,INC,,,0-14,,T60,.3898927,2017
IRL,2022,FALSE,INC,,,15-64,,B40,.376364,2017
IRL,2022,FALSE,INC,,,15-64,,T60,.6236359,2017
IRL,2022,FALSE,INC,,,>65,,B40,.2553342,2017
IRL,2022,FALSE,INC,,,>65,,T60,.7446659,2017
IRL,2022,FALSE,INC,,Female,,,B40,.4075994,2017
IRL,2022,FALSE,INC,,Female,,,T60,.5924006,2017
IRL,2022,FALSE,INC,,Male,,,B40,.3915475,2017
IRL,2022,FALSE,INC,,Male,,,T60,.6084525,2017
IRL,2022,FALSE,INC,R,,,,B40,.4840087,2017
IRL,2022,FALSE,INC,R,,,,T60,.5159913,2017
IRL,2022,FALSE,INC,U,,,,B40,.3461555,2017
IRL,2022,FALSE,INC,U,,,,T60,.6538445,2017
IRQ,2023,FALSE,CONS,,,0-14,,B40,.4597767,2017
IRQ,2023,FALSE,CONS,,,0-14,,T60,.5402233,2017
IRQ,2023,FALSE,CONS,,,15-64,,B40,.3742797,2017
IRQ,2023,FALSE,CONS,,,15-64,,T60,.6257203,2017
IRQ,2023,FALSE,CONS,,,>65,,B40,.272787,2017
IRQ,2023,FALSE,CONS,,,>65,,T60,.727213,2017
IRQ,2023,FALSE,CONS,,Female,,,B40,.3997422,2017
IRQ,2023,FALSE,CONS,,Female,,,T60,.6002578,2017
IRQ,2023,FALSE,CONS,,Male,,,B40,.4002444,2017
IRQ,2023,FALSE,CONS,,Male,,,T60,.5997556,2017
IRQ,2023,FALSE,CONS,R,,,,B40,.4423816,2017
IRQ,2023,FALSE,CONS,R,,,,T60,.5576184,2017
IRQ,2023,FALSE,CONS,U,,,,B40,.3755815,2017
IRQ,2023,FALSE,CONS,U,,,,T60,.6244185,2017
ISL,2018,FALSE,INC,,,,Secondary education,B40,.3399195,2017
ISL,2018,FALSE,INC,,,,Secondary education,T60,.6600805,2017
ISL,2018,FALSE,INC,,,,Tertiary education,B40,.3010266,2017
ISL,2018,FALSE,INC,,,,Tertiary education,T60,.6989735,2017
ISL,2018,FALSE,INC,,,0-14,,B40,.6854755,2017
ISL,2018,FALSE,INC,,,0-14,,T60,.3145245,2017
ISL,2018,FALSE,INC,,,15-64,,B40,.3998063,2017
ISL,2018,FALSE,INC,,,15-64,,T60,.6001937,2017
ISL,2018,FALSE,INC,,,>65,,B40,.1233616,2017
ISL,2018,FALSE,INC,,,>65,,T60,.8766384,2017
ISL,2018,FALSE,INC,,Female,,,B40,.3913658,2017
ISL,2018,FALSE,INC,,Female,,,T60,.6086342,2017
ISL,2018,FALSE,INC,,Male,,,B40,.4050516,2017
ISL,2018,FALSE,INC,,Male,,,T60,.5949484,2017
ISL,2018,FALSE,INC,R,,,,B40,.4192352,2017
ISL,2018,FALSE,INC,R,,,,T60,.5807648,2017
ISL,2018,FALSE,INC,U,,,,B40,.3922697,2017
ISL,2018,FALSE,INC,U,,,,T60,.6077303,2017
ITA,2022,FALSE,INC,,,,No education,B40,.5482923,2017
ITA,2022,FALSE,INC,,,,No education,T60,.4517077,2017
ITA,2022,FALSE,INC,,,,Primary education,B40,.4252037,2017
ITA,2022,FALSE,INC,,,,Primary education,T60,.5747963,2017
ITA,2022,FALSE,INC,,,,Secondary education,B40,.3956488,2017
ITA,2022,FALSE,INC,,,,Secondary education,T60,.6043512,2017
ITA,2022,FALSE,INC,,,,Tertiary education,B40,.1956392,2017
ITA,2022,FALSE,INC,,,,Tertiary education,T60,.8043607,2017
ITA,2022,FALSE,INC,,,0-14,,B40,.6366745,2017
ITA,2022,FALSE,INC,,,0-14,,T60,.3633255,2017
ITA,2022,FALSE,INC,,,15-64,,B40,.4014428,2017
ITA,2022,FALSE,INC,,,15-64,,T60,.5985572,2017
ITA,2022,FALSE,INC,,,>65,,B40,.2860195,2017
ITA,2022,FALSE,INC,,,>65,,T60,.7139805,2017
ITA,2022,FALSE,INC,,Female,,,B40,.4118901,2017
ITA,2022,FALSE,INC,,Female,,,T60,.5881099,2017
ITA,2022,FALSE,INC,,Male,,,B40,.3862004,2017
ITA,2022,FALSE,INC,,Male,,,T60,.6137996,2017
ITA,2022,FALSE,INC,R,,,,B40,.4232373,2017
ITA,2022,FALSE,INC,R,,,,T60,.5767627,2017
ITA,2022,FALSE,INC,U,,,,B40,.394097,2017
ITA,2022,FALSE,INC,U,,,,T60,.605903,2017
JAM,2021,FALSE,CONS,,,,No education,B40,.5722513,2017
JAM,2021,FALSE,CONS,,,,No education,T60,.4277487,2017
JAM,2021,FALSE,CONS,,,,Primary education,B40,.4635628,2017
JAM,2021,FALSE,CONS,,,,Primary education,T60,.5364372,2017
JAM,2021,FALSE,CONS,,,,Secondary education,B40,.4240026,2017
JAM,2021,FALSE,CONS,,,,Secondary education,T60,.5759974,2017
JAM,2021,FALSE,CONS,,,,Tertiary education,B40,.1754065,2017
JAM,2021,FALSE,CONS,,,,Tertiary education,T60,.8245935,2017
JAM,2021,FALSE,CONS,,,0-14,,B40,.5126805,2017
JAM,2021,FALSE,CONS,,,0-14,,T60,.4873195,2017
JAM,2021,FALSE,CONS,,,15-64,,B40,.3761547,2017
JAM,2021,FALSE,CONS,,,15-64,,T60,.6238453,2017
JAM,2021,FALSE,CONS,,,>65,,B40,.3099797,2017
JAM,2021,FALSE,CONS,,,>65,,T60,.6900203,2017
JAM,2021,FALSE,CONS,,Female,,,B40,.4028213,2017
JAM,2021,FALSE,CONS,,Female,,,T60,.5971787,2017
JAM,2021,FALSE,CONS,,Male,,,B40,.3953124,2017
JAM,2021,FALSE,CONS,,Male,,,T60,.6046876,2017
JAM,2021,FALSE,CONS,R,,,,B40,.5524676,2017
JAM,2021,FALSE,CONS,R,,,,T60,.4475324,2017
JAM,2021,FALSE,CONS,U,,,,B40,.2772151,2017
JAM,2021,FALSE,CONS,U,,,,T60,.7227849,2017
JOR,2010,FALSE,CONS,,,,No education,B40,.4009106,2017
JOR,2010,FALSE,CONS,,,,No education,T60,.5990894,2017
JOR,2010,FALSE,CONS,,,,Primary education,B40,.4096523,2017
JOR,2010,FALSE,CONS,,,,Primary education,T60,.5903477,2017
JOR,2010,FALSE,CONS,,,,Secondary education,B40,.3860025,2017
JOR,2010,FALSE,CONS,,,,Secondary education,T60,.6139975,2017
JOR,2010,FALSE,CONS,,,,Tertiary education,B40,.1673498,2017
JOR,2010,FALSE,CONS,,,,Tertiary education,T60,.8326502,2017
JOR,2010,FALSE,CONS,,,0-14,,B40,.522741,2017
JOR,2010,FALSE,CONS,,,0-14,,T60,.477259,2017
JOR,2010,FALSE,CONS,,,15-64,,B40,.3464093,2017
JOR,2010,FALSE,CONS,,,15-64,,T60,.6535907,2017
JOR,2010,FALSE,CONS,,,>65,,B40,.2023294,2017
JOR,2010,FALSE,CONS,,,>65,,T60,.7976707,2017
JOR,2010,FALSE,CONS,,Female,,,B40,.4034168,2017
JOR,2010,FALSE,CONS,,Female,,,T60,.5965832,2017
JOR,2010,FALSE,CONS,,Male,,,B40,.3965645,2017
JOR,2010,FALSE,CONS,,Male,,,T60,.6034355,2017
JOR,2010,FALSE,CONS,R,,,,B40,.5088904,2017
JOR,2010,FALSE,CONS,R,,,,T60,.4911096,2017
JOR,2010,FALSE,CONS,U,,,,B40,.3770321,2017
JOR,2010,FALSE,CONS,U,,,,T60,.6229679,2017
KAZ,2021,FALSE,CONS,,Female,,,B40,.3814907,2017
KAZ,2021,FALSE,CONS,,Female,,,T60,.6185094,2017
KAZ,2021,FALSE,CONS,,Male,,,B40,.4216466,2017
KAZ,2021,FALSE,CONS,,Male,,,T60,.5783535,2017
KAZ,2021,FALSE,CONS,R,,,,B40,.4755818,2017
KAZ,2021,FALSE,CONS,R,,,,T60,.5244182,2017
KAZ,2021,FALSE,CONS,U,,,,B40,.3476174,2017
KAZ,2021,FALSE,CONS,U,,,,T60,.6523827,2017
KEN,2021,FALSE,CONS,,,,No education,B40,.5892486,2017
KEN,2021,FALSE,CONS,,,,No education,T60,.4107514,2017
KEN,2021,FALSE,CONS,,,,Primary education,B40,.5332823,2017
KEN,2021,FALSE,CONS,,,,Primary education,T60,.4667177,2017
KEN,2021,FALSE,CONS,,,,Secondary education,B40,.3204942,2017
KEN,2021,FALSE,CONS,,,,Secondary education,T60,.6795058,2017
KEN,2021,FALSE,CONS,,,,Tertiary education,B40,.0947967,2017
KEN,2021,FALSE,CONS,,,,Tertiary education,T60,.9052033,2017
KEN,2021,FALSE,CONS,,,0-14,,B40,.4770958,2017
KEN,2021,FALSE,CONS,,,0-14,,T60,.5229042,2017
KEN,2021,FALSE,CONS,,,15-64,,B40,.344052,2017
KEN,2021,FALSE,CONS,,,15-64,,T60,.6559479,2017
KEN,2021,FALSE,CONS,,,>65,,B40,.42057,2017
KEN,2021,FALSE,CONS,,,>65,,T60,.57943,2017
KEN,2021,FALSE,CONS,,Female,,,B40,.4038686,2017
KEN,2021,FALSE,CONS,,Female,,,T60,.5961314,2017
KEN,2021,FALSE,CONS,,Male,,,B40,.3958935,2017
KEN,2021,FALSE,CONS,,Male,,,T60,.6041065,2017
KEN,2021,FALSE,CONS,R,,,,B40,.5094583,2017
KEN,2021,FALSE,CONS,R,,,,T60,.4905417,2017
KEN,2021,FALSE,CONS,U,,,,B40,.167249,2017
KEN,2021,FALSE,CONS,U,,,,T60,.832751,2017
KGZ,2022,FALSE,CONS,,,,No education,B40,.4428282,2017
KGZ,2022,FALSE,CONS,,,,No education,T60,.5571718,2017
KGZ,2022,FALSE,CONS,,,,Primary education,B40,.4301061,2017
KGZ,2022,FALSE,CONS,,,,Primary education,T60,.5698938,2017
KGZ,2022,FALSE,CONS,,,,Secondary education,B40,.3835675,2017
KGZ,2022,FALSE,CONS,,,,Secondary education,T60,.6164325,2017
KGZ,2022,FALSE,CONS,,,,Tertiary education,B40,.303176,2017
KGZ,2022,FALSE,CONS,,,,Tertiary education,T60,.696824,2017
KGZ,2022,FALSE,CONS,,,0-14,,B40,.4819244,2017
KGZ,2022,FALSE,CONS,,,0-14,,T60,.5180756,2017
KGZ,2022,FALSE,CONS,,,15-64,,B40,.3663187,2017
KGZ,2022,FALSE,CONS,,,15-64,,T60,.6336813,2017
KGZ,2022,FALSE,CONS,,,>65,,B40,.2999714,2017
KGZ,2022,FALSE,CONS,,,>65,,T60,.7000286,2017
KGZ,2022,FALSE,CONS,,Female,,,B40,.3969083,2017
KGZ,2022,FALSE,CONS,,Female,,,T60,.6030917,2017
KGZ,2022,FALSE,CONS,,Male,,,B40,.403409,2017
KGZ,2022,FALSE,CONS,,Male,,,T60,.596591,2017
KGZ,2022,FALSE,CONS,R,,,,B40,.4017481,2017
KGZ,2022,FALSE,CONS,R,,,,T60,.5982519,2017
KGZ,2022,FALSE,CONS,U,,,,B40,.396904,2017
KGZ,2022,FALSE,CONS,U,,,,T60,.603096,2017
KIR,2019,FALSE,CONS,,,,No education,B40,.526103,2017
KIR,2019,FALSE,CONS,,,,No education,T60,.473897,2017
KIR,2019,FALSE,CONS,,,,Primary education,B40,.4117923,2017
KIR,2019,FALSE,CONS,,,,Primary education,T60,.5882077,2017
KIR,2019,FALSE,CONS,,,,Secondary education,B40,.3587319,2017
KIR,2019,FALSE,CONS,,,,Secondary education,T60,.6412681,2017
KIR,2019,FALSE,CONS,,,,Tertiary education,B40,.1517569,2017
KIR,2019,FALSE,CONS,,,,Tertiary education,T60,.8482431,2017
KIR,2019,FALSE,CONS,,,0-14,,B40,.4589869,2017
KIR,2019,FALSE,CONS,,,0-14,,T60,.5410131,2017
KIR,2019,FALSE,CONS,,,15-64,,B40,.3636608,2017
KIR,2019,FALSE,CONS,,,15-64,,T60,.6363392,2017
KIR,2019,FALSE,CONS,,,>65,,B40,.4390053,2017
KIR,2019,FALSE,CONS,,,>65,,T60,.5609947,2017
KIR,2019,FALSE,CONS,,Female,,,B40,.4095758,2017
KIR,2019,FALSE,CONS,,Female,,,T60,.5904242,2017
KIR,2019,FALSE,CONS,,Male,,,B40,.3905622,2017
KIR,2019,FALSE,CONS,,Male,,,T60,.6094378,2017
KIR,2019,FALSE,CONS,R,,,,B40,.4142262,2017
KIR,2019,FALSE,CONS,R,,,,T60,.5857738,2017
KIR,2019,FALSE,CONS,U,,,,B40,.3874367,2017
KIR,2019,FALSE,CONS,U,,,,T60,.6125634,2017
LAO,2018,FALSE,CONS,,,,No education,B40,.5639176,2017
LAO,2018,FALSE,CONS,,,,No education,T60,.4360824,2017
LAO,2018,FALSE,CONS,,,,Primary education,B40,.3861426,2017
LAO,2018,FALSE,CONS,,,,Primary education,T60,.6138574,2017
LAO,2018,FALSE,CONS,,,,Secondary education,B40,.1972046,2017
LAO,2018,FALSE,CONS,,,,Secondary education,T60,.8027954,2017
LAO,2018,FALSE,CONS,,,,Tertiary education,B40,.0500726,2017
LAO,2018,FALSE,CONS,,,,Tertiary education,T60,.9499274,2017
LAO,2018,FALSE,CONS,,,0-14,,B40,.4848994,2017
LAO,2018,FALSE,CONS,,,0-14,,T60,.5151005,2017
LAO,2018,FALSE,CONS,,,15-64,,B40,.3636596,2017
LAO,2018,FALSE,CONS,,,15-64,,T60,.6363404,2017
LAO,2018,FALSE,CONS,,,>65,,B40,.3613967,2017
LAO,2018,FALSE,CONS,,,>65,,T60,.6386033,2017
LAO,2018,FALSE,CONS,,Female,,,B40,.396551,2017
LAO,2018,FALSE,CONS,,Female,,,T60,.603449,2017
LAO,2018,FALSE,CONS,,Male,,,B40,.4035113,2017
LAO,2018,FALSE,CONS,,Male,,,T60,.5964887,2017
LAO,2018,FALSE,CONS,R,,,,B40,.4998371,2017
LAO,2018,FALSE,CONS,R,,,,T60,.5001629,2017
LAO,2018,FALSE,CONS,U,,,,B40,.1929974,2017
LAO,2018,FALSE,CONS,U,,,,T60,.8070026,2017
LBN,2022,FALSE,CONS,,,,No education,B40,.5721899,2017
LBN,2022,FALSE,CONS,,,,No education,T60,.4278101,2017
LBN,2022,FALSE,CONS,,,,Primary education,B40,.478101,2017
LBN,2022,FALSE,CONS,,,,Primary education,T60,.521899,2017
LBN,2022,FALSE,CONS,,,,Secondary education,B40,.2855306,2017
LBN,2022,FALSE,CONS,,,,Secondary education,T60,.7144694,2017
LBN,2022,FALSE,CONS,,,,Tertiary education,B40,.1786439,2017
LBN,2022,FALSE,CONS,,,,Tertiary education,T60,.8213561,2017
LBN,2022,FALSE,CONS,,,0-14,,B40,.6002728,2017
LBN,2022,FALSE,CONS,,,0-14,,T60,.3997272,2017
LBN,2022,FALSE,CONS,,,15-64,,B40,.3558913,2017
LBN,2022,FALSE,CONS,,,15-64,,T60,.6441088,2017
LBN,2022,FALSE,CONS,,,>65,,B40,.1589112,2017
LBN,2022,FALSE,CONS,,,>65,,T60,.8410888,2017
LBN,2022,FALSE,CONS,,Female,,,B40,.4079671,2017
LBN,2022,FALSE,CONS,,Female,,,T60,.5920329,2017
LBN,2022,FALSE,CONS,,Male,,,B40,.3921765,2017
LBN,2022,FALSE,CONS,,Male,,,T60,.6078235,2017
LBN,2022,FALSE,CONS,U,,,,B40,.3998947,2017
LBN,2022,FALSE,CONS,U,,,,T60,.6001053,2017
LBR,2016,FALSE,CONS,,,,No education,B40,.511278,2017
LBR,2016,FALSE,CONS,,,,No education,T60,.488722,2017
LBR,2016,FALSE,CONS,,,,Primary education,B40,.4282182,2017
LBR,2016,FALSE,CONS,,,,Primary education,T60,.5717819,2017
LBR,2016,FALSE,CONS,,,,Secondary education,B40,.2146213,2017
LBR,2016,FALSE,CONS,,,,Secondary education,T60,.7853788,2017
LBR,2016,FALSE,CONS,,,,Tertiary education,B40,.0345888,2017
LBR,2016,FALSE,CONS,,,,Tertiary education,T60,.9654112,2017
LBR,2016,FALSE,CONS,,,0-14,,B40,.458671,2017
LBR,2016,FALSE,CONS,,,0-14,,T60,.541329,2017
LBR,2016,FALSE,CONS,,,15-64,,B40,.3467512,2017
LBR,2016,FALSE,CONS,,,15-64,,T60,.6532487,2017
LBR,2016,FALSE,CONS,,,>65,,B40,.4715543,2017
LBR,2016,FALSE,CONS,,,>65,,T60,.5284457,2017
LBR,2016,FALSE,CONS,,Female,,,B40,.3944846,2017
LBR,2016,FALSE,CONS,,Female,,,T60,.6055154,2017
LBR,2016,FALSE,CONS,,Male,,,B40,.4056997,2017
LBR,2016,FALSE,CONS,,Male,,,T60,.5943003,2017
LBR,2016,FALSE,CONS,R,,,,B40,.6270275,2017
LBR,2016,FALSE,CONS,R,,,,T60,.3729725,2017
LBR,2016,FALSE,CONS,U,,,,B40,.2037821,2017
LBR,2016,FALSE,CONS,U,,,,T60,.7962179,2017
LCA,2015,FALSE,CONS,,,,No education,B40,.4845896,2017
LCA,2015,FALSE,CONS,,,,No education,T60,.5154104,2017
LCA,2015,FALSE,CONS,,,,Primary education,B40,.4221908,2017
LCA,2015,FALSE,CONS,,,,Primary education,T60,.5778092,2017
LCA,2015,FALSE,CONS,,,,Secondary education,B40,.3751054,2017
LCA,2015,FALSE,CONS,,,,Secondary education,T60,.6248946,2017
LCA,2015,FALSE,CONS,,,,Tertiary education,B40,.1138601,2017
LCA,2015,FALSE,CONS,,,,Tertiary education,T60,.8861399,2017
LCA,2015,FALSE,CONS,,,0-14,,B40,.5371341,2017
LCA,2015,FALSE,CONS,,,0-14,,T60,.4628659,2017
LCA,2015,FALSE,CONS,,,15-64,,B40,.3632028,2017
LCA,2015,FALSE,CONS,,,15-64,,T60,.6367972,2017
LCA,2015,FALSE,CONS,,,>65,,B40,.3248686,2017
LCA,2015,FALSE,CONS,,,>65,,T60,.6751313,2017
LCA,2015,FALSE,CONS,,Female,,,B40,.3935231,2017
LCA,2015,FALSE,CONS,,Female,,,T60,.6064769,2017
LCA,2015,FALSE,CONS,,Male,,,B40,.4059249,2017
LCA,2015,FALSE,CONS,,Male,,,T60,.5940751,2017
LCA,2015,FALSE,CONS,R,,,,B40,.4633106,2017
LCA,2015,FALSE,CONS,R,,,,T60,.5366895,2017
LCA,2015,FALSE,CONS,U,,,,B40,.37363,2017
LCA,2015,FALSE,CONS,U,,,,T60,.6263701,2017
LKA,2019,FALSE,CONS,,,,No education,B40,.6149133,2017
LKA,2019,FALSE,CONS,,,,No education,T60,.3850867,2017
LKA,2019,FALSE,CONS,,,,Primary education,B40,.5463101,2017
LKA,2019,FALSE,CONS,,,,Primary education,T60,.4536899,2017
LKA,2019,FALSE,CONS,,,,Secondary education,B40,.3174008,2017
LKA,2019,FALSE,CONS,,,,Secondary education,T60,.6825992,2017
LKA,2019,FALSE,CONS,,,,Tertiary education,B40,.0912763,2017
LKA,2019,FALSE,CONS,,,,Tertiary education,T60,.9087237,2017
LKA,2019,FALSE,CONS,,,0-14,,B40,.4433495,2017
LKA,2019,FALSE,CONS,,,0-14,,T60,.5566505,2017
LKA,2019,FALSE,CONS,,,15-64,,B40,.3489318,2017
LKA,2019,FALSE,CONS,,,15-64,,T60,.6510682,2017
LKA,2019,FALSE,CONS,,,>65,,B40,.3865167,2017
LKA,2019,FALSE,CONS,,,>65,,T60,.6134833,2017
LKA,2019,FALSE,CONS,,Female,,,B40,.3840759,2017
LKA,2019,FALSE,CONS,,Female,,,T60,.6159241,2017
LKA,2019,FALSE,CONS,,Male,,,B40,.3625954,2017
LKA,2019,FALSE,CONS,,Male,,,T60,.6374046,2017
LKA,2019,FALSE,CONS,R,,,,B40,.4051111,2017
LKA,2019,FALSE,CONS,R,,,,T60,.5948889,2017
LKA,2019,FALSE,CONS,U,,,,B40,.2173127,2017
LKA,2019,FALSE,CONS,U,,,,T60,.7826873,2017
LSO,2017,FALSE,CONS,,,,No education,B40,.4935259,2017
LSO,2017,FALSE,CONS,,,,No education,T60,.5064741,2017
LSO,2017,FALSE,CONS,,,,Primary education,B40,.4408036,2017
LSO,2017,FALSE,CONS,,,,Primary education,T60,.5591964,2017
LSO,2017,FALSE,CONS,,,,Secondary education,B40,.2648812,2017
LSO,2017,FALSE,CONS,,,,Secondary education,T60,.7351188,2017
LSO,2017,FALSE,CONS,,,,Tertiary education,B40,.0471238,2017
LSO,2017,FALSE,CONS,,,,Tertiary education,T60,.9528763,2017
LSO,2017,FALSE,CONS,,,0-14,,B40,.4882846,2017
LSO,2017,FALSE,CONS,,,0-14,,T60,.5117154,2017
LSO,2017,FALSE,CONS,,,15-64,,B40,.3477674,2017
LSO,2017,FALSE,CONS,,,15-64,,T60,.6522326,2017
LSO,2017,FALSE,CONS,,,>65,,B40,.4244741,2017
LSO,2017,FALSE,CONS,,,>65,,T60,.5755259,2017
LSO,2017,FALSE,CONS,,Female,,,B40,.4060143,2017
LSO,2017,FALSE,CONS,,Female,,,T60,.5939857,2017
LSO,2017,FALSE,CONS,,Male,,,B40,.3935424,2017
LSO,2017,FALSE,CONS,,Male,,,T60,.6064576,2017
LSO,2017,FALSE,CONS,R,,,,B40,.5017264,2017
LSO,2017,FALSE,CONS,R,,,,T60,.4982736,2017
LSO,2017,FALSE,CONS,U,,,,B40,.2037789,2017
LSO,2017,FALSE,CONS,U,,,,T60,.7962211,2017
LTU,2022,FALSE,INC,,,,No education,B40,.6090937,2017
LTU,2022,FALSE,INC,,,,No education,T60,.3909063,2017
LTU,2022,FALSE,INC,,,,Primary education,B40,.5984918,2017
LTU,2022,FALSE,INC,,,,Primary education,T60,.4015082,2017
LTU,2022,FALSE,INC,,,,Secondary education,B40,.5138761,2017
LTU,2022,FALSE,INC,,,,Secondary education,T60,.4861239,2017
LTU,2022,FALSE,INC,,,,Tertiary education,B40,.2912221,2017
LTU,2022,FALSE,INC,,,,Tertiary education,T60,.7087779,2017
LTU,2022,FALSE,INC,,,0-14,,B40,.5107018,2017
LTU,2022,FALSE,INC,,,0-14,,T60,.4892982,2017
LTU,2022,FALSE,INC,,,15-64,,B40,.3421015,2017
LTU,2022,FALSE,INC,,,15-64,,T60,.6578985,2017
LTU,2022,FALSE,INC,,,>65,,B40,.4993343,2017
LTU,2022,FALSE,INC,,,>65,,T60,.5006657,2017
LTU,2022,FALSE,INC,,Female,,,B40,.4192197,2017
LTU,2022,FALSE,INC,,Female,,,T60,.5807803,2017
LTU,2022,FALSE,INC,,Male,,,B40,.3768449,2017
LTU,2022,FALSE,INC,,Male,,,T60,.6231551,2017
LTU,2022,FALSE,INC,R,,,,B40,.4691494,2017
LTU,2022,FALSE,INC,R,,,,T60,.5308506,2017
LTU,2022,FALSE,INC,U,,,,B40,.3493332,2017
LTU,2022,FALSE,INC,U,,,,T60,.6506668,2017
LUX,2022,FALSE,INC,,,,No education,B40,.5439966,2017
LUX,2022,FALSE,INC,,,,No education,T60,.4560034,2017
LUX,2022,FALSE,INC,,,,Primary education,B40,.6123039,2017
LUX,2022,FALSE,INC,,,,Primary education,T60,.3876961,2017
LUX,2022,FALSE,INC,,,,Secondary education,B40,.4053846,2017
LUX,2022,FALSE,INC,,,,Secondary education,T60,.5946154,2017
LUX,2022,FALSE,INC,,,,Tertiary education,B40,.2271156,2017
LUX,2022,FALSE,INC,,,,Tertiary education,T60,.7728844,2017
LUX,2022,FALSE,INC,,,0-14,,B40,.580893,2017
LUX,2022,FALSE,INC,,,0-14,,T60,.419107,2017
LUX,2022,FALSE,INC,,,15-64,,B40,.4045735,2017
LUX,2022,FALSE,INC,,,15-64,,T60,.5954264,2017
LUX,2022,FALSE,INC,,,>65,,B40,.1783754,2017
LUX,2022,FALSE,INC,,,>65,,T60,.8216246,2017
LUX,2022,FALSE,INC,,Female,,,B40,.4123699,2017
LUX,2022,FALSE,INC,,Female,,,T60,.5876301,2017
LUX,2022,FALSE,INC,,Male,,,B40,.3860109,2017
LUX,2022,FALSE,INC,,Male,,,T60,.6139891,2017
LUX,2022,FALSE,INC,R,,,,B40,.3935898,2017
LUX,2022,FALSE,INC,R,,,,T60,.6064102,2017
LUX,2022,FALSE,INC,U,,,,B40,.4014792,2017
LUX,2022,FALSE,INC,U,,,,T60,.5985208,2017
LVA,2022,FALSE,INC,,,,No education,B40,.9071277,2017
LVA,2022,FALSE,INC,,,,No education,T60,.0928723,2017
LVA,2022,FALSE,INC,,,,Primary education,B40,.7398257,2017
LVA,2022,FALSE,INC,,,,Primary education,T60,.2601743,2017
LVA,2022,FALSE,INC,,,,Secondary education,B40,.4881712,2017
LVA,2022,FALSE,INC,,,,Secondary education,T60,.5118288,2017
LVA,2022,FALSE,INC,,,,Tertiary education,B40,.2670368,2017
LVA,2022,FALSE,INC,,,,Tertiary education,T60,.7329632,2017
LVA,2022,FALSE,INC,,,0-14,,B40,.4324015,2017
LVA,2022,FALSE,INC,,,0-14,,T60,.5675985,2017
LVA,2022,FALSE,INC,,,15-64,,B40,.350561,2017
LVA,2022,FALSE,INC,,,15-64,,T60,.649439,2017
LVA,2022,FALSE,INC,,,>65,,B40,.5121921,2017
LVA,2022,FALSE,INC,,,>65,,T60,.487808,2017
LVA,2022,FALSE,INC,,Female,,,B40,.4139555,2017
LVA,2022,FALSE,INC,,Female,,,T60,.5860444,2017
LVA,2022,FALSE,INC,,Male,,,B40,.3805025,2017
LVA,2022,FALSE,INC,,Male,,,T60,.6194975,2017
LVA,2022,FALSE,INC,R,,,,B40,.4881542,2017
LVA,2022,FALSE,INC,R,,,,T60,.5118458,2017
LVA,2022,FALSE,INC,U,,,,B40,.3380592,2017
LVA,2022,FALSE,INC,U,,,,T60,.6619408,2017
MAR,2013,FALSE,CONS,,,,No education,B40,.4770874,2017
MAR,2013,FALSE,CONS,,,,No education,T60,.5229126,2017
MAR,2013,FALSE,CONS,,,,Primary education,B40,.4042676,2017
MAR,2013,FALSE,CONS,,,,Primary education,T60,.5957324,2017
MAR,2013,FALSE,CONS,,,,Secondary education,B40,.2674128,2017
MAR,2013,FALSE,CONS,,,,Secondary education,T60,.7325872,2017
MAR,2013,FALSE,CONS,,,,Tertiary education,B40,.1169105,2017
MAR,2013,FALSE,CONS,,,,Tertiary education,T60,.8830894,2017
MAR,2013,FALSE,CONS,,,0-14,,B40,.4796179,2017
MAR,2013,FALSE,CONS,,,0-14,,T60,.5203821,2017
MAR,2013,FALSE,CONS,,,15-64,,B40,.3740329,2017
MAR,2013,FALSE,CONS,,,15-64,,T60,.6259671,2017
MAR,2013,FALSE,CONS,,,>65,,B40,.3235988,2017
MAR,2013,FALSE,CONS,,,>65,,T60,.6764013,2017
MAR,2013,FALSE,CONS,,Female,,,B40,.3973058,2017
MAR,2013,FALSE,CONS,,Female,,,T60,.6026942,2017
MAR,2013,FALSE,CONS,,Male,,,B40,.4028162,2017
MAR,2013,FALSE,CONS,,Male,,,T60,.5971838,2017
MAR,2013,FALSE,CONS,R,,,,B40,.6020542,2017
MAR,2013,FALSE,CONS,R,,,,T60,.3979458,2017
MAR,2013,FALSE,CONS,U,,,,B40,.2651466,2017
MAR,2013,FALSE,CONS,U,,,,T60,.7348534,2017
MDA,2022,FALSE,CONS,,,,Primary education,B40,.6873676,2017
MDA,2022,FALSE,CONS,,,,Primary education,T60,.3126325,2017
MDA,2022,FALSE,CONS,,,,Secondary education,B40,.4666413,2017
MDA,2022,FALSE,CONS,,,,Secondary education,T60,.5333586,2017
MDA,2022,FALSE,CONS,,,,Tertiary education,B40,.2932659,2017
MDA,2022,FALSE,CONS,,,,Tertiary education,T60,.7067341,2017
MDA,2022,FALSE,CONS,,,0-14,,B40,.5096749,2017
MDA,2022,FALSE,CONS,,,0-14,,T60,.4903251,2017
MDA,2022,FALSE,CONS,,,15-64,,B40,.368913,2017
MDA,2022,FALSE,CONS,,,15-64,,T60,.631087,2017
MDA,2022,FALSE,CONS,,,>65,,B40,.4023804,2017
MDA,2022,FALSE,CONS,,,>65,,T60,.5976196,2017
MDA,2022,FALSE,CONS,,Female,,,B40,.3892573,2017
MDA,2022,FALSE,CONS,,Female,,,T60,.6107427,2017
MDA,2022,FALSE,CONS,,Male,,,B40,.4123515,2017
MDA,2022,FALSE,CONS,,Male,,,T60,.5876485,2017
MDA,2022,FALSE,CONS,R,,,,B40,.5193972,2017
MDA,2022,FALSE,CONS,R,,,,T60,.4806028,2017
MDA,2022,FALSE,CONS,U,,,,B40,.2178403,2017
MDA,2022,FALSE,CONS,U,,,,T60,.7821597,2017
MDV,2019,FALSE,CONS,,,,Primary education,B40,.4714828,2017
MDV,2019,FALSE,CONS,,,,Primary education,T60,.5285172,2017
MDV,2019,FALSE,CONS,,,,Secondary education,B40,.415998,2017
MDV,2019,FALSE,CONS,,,,Secondary education,T60,.584002,2017
MDV,2019,FALSE,CONS,,,,Tertiary education,B40,.1909445,2017
MDV,2019,FALSE,CONS,,,,Tertiary education,T60,.8090555,2017
MDV,2019,FALSE,CONS,,,0-14,,B40,.4632424,2017
MDV,2019,FALSE,CONS,,,0-14,,T60,.5367575,2017
MDV,2019,FALSE,CONS,,,15-64,,B40,.3701728,2017
MDV,2019,FALSE,CONS,,,15-64,,T60,.6298272,2017
MDV,2019,FALSE,CONS,,,>65,,B40,.4267838,2017
MDV,2019,FALSE,CONS,,,>65,,T60,.5732162,2017
MDV,2019,FALSE,CONS,,Female,,,B40,.4008933,2017
MDV,2019,FALSE,CONS,,Female,,,T60,.5991067,2017
MDV,2019,FALSE,CONS,,Male,,,B40,.3990077,2017
MDV,2019,FALSE,CONS,,Male,,,T60,.6009923,2017
MDV,2019,FALSE,CONS,R,,,,B40,.6306705,2017
MDV,2019,FALSE,CONS,R,,,,T60,.3693295,2017
MDV,2019,FALSE,CONS,U,,,,B40,.1486728,2017
MDV,2019,FALSE,CONS,U,,,,T60,.8513272,2017
MEX,2022,FALSE,INC,,,,No education,B40,.5890559,2017
MEX,2022,FALSE,INC,,,,No education,T60,.4109441,2017
MEX,2022,FALSE,INC,,,,Primary education,B40,.4622411,2017
MEX,2022,FALSE,INC,,,,Primary education,T60,.5377589,2017
MEX,2022,FALSE,INC,,,,Secondary education,B40,.3720706,2017
MEX,2022,FALSE,INC,,,,Secondary education,T60,.6279294,2017
MEX,2022,FALSE,INC,,,,Tertiary education,B40,.1356877,2017
MEX,2022,FALSE,INC,,,,Tertiary education,T60,.8643124,2017
MEX,2022,FALSE,INC,,,0-14,,B40,.5659898,2017
MEX,2022,FALSE,INC,,,0-14,,T60,.4340102,2017
MEX,2022,FALSE,INC,,,15-64,,B40,.3573781,2017
MEX,2022,FALSE,INC,,,15-64,,T60,.6426219,2017
MEX,2022,FALSE,INC,,,>65,,B40,.285971,2017
MEX,2022,FALSE,INC,,,>65,,T60,.714029,2017
MEX,2022,FALSE,INC,,Female,,,B40,.40578,2017
MEX,2022,FALSE,INC,,Female,,,T60,.59422,2017
MEX,2022,FALSE,INC,,Male,,,B40,.3930056,2017
MEX,2022,FALSE,INC,,Male,,,T60,.6069944,2017
MEX,2022,FALSE,INC,R,,,,B40,.5728639,2017
MEX,2022,FALSE,INC,R,,,,T60,.4271361,2017
MEX,2022,FALSE,INC,U,,,,B40,.3442325,2017
MEX,2022,FALSE,INC,U,,,,T60,.6557675,2017
MHL,2019,FALSE,CONS,,,,No education,B40,.5121493,2017
MHL,2019,FALSE,CONS,,,,No education,T60,.4878506,2017
MHL,2019,FALSE,CONS,,,,Primary education,B40,.534067,2017
MHL,2019,FALSE,CONS,,,,Primary education,T60,.465933,2017
MHL,2019,FALSE,CONS,,,,Secondary education,B40,.3278258,2017
MHL,2019,FALSE,CONS,,,,Secondary education,T60,.6721742,2017
MHL,2019,FALSE,CONS,,,,Tertiary education,B40,.0749233,2017
MHL,2019,FALSE,CONS,,,,Tertiary education,T60,.9250767,2017
MHL,2019,FALSE,CONS,,,0-14,,B40,.5210532,2017
MHL,2019,FALSE,CONS,,,0-14,,T60,.4789468,2017
MHL,2019,FALSE,CONS,,,15-64,,B40,.3543797,2017
MHL,2019,FALSE,CONS,,,15-64,,T60,.6456203,2017
MHL,2019,FALSE,CONS,,,>65,,B40,.3125224,2017
MHL,2019,FALSE,CONS,,,>65,,T60,.6874776,2017
MHL,2019,FALSE,CONS,,Female,,,B40,.4034009,2017
MHL,2019,FALSE,CONS,,Female,,,T60,.5965991,2017
MHL,2019,FALSE,CONS,,Male,,,B40,.3965009,2017
MHL,2019,FALSE,CONS,,Male,,,T60,.6034991,2017
MHL,2019,FALSE,CONS,R,,,,B40,.6630031,2017
MHL,2019,FALSE,CONS,R,,,,T60,.3369969,2017
MHL,2019,FALSE,CONS,U,,,,B40,.3121736,2017
MHL,2019,FALSE,CONS,U,,,,T60,.6878264,2017
MKD,2019,FALSE,INC,,,,No education,B40,.5806628,2017
MKD,2019,FALSE,INC,,,,No education,T60,.4193372,2017
MKD,2019,FALSE,INC,,,,Primary education,B40,.5141773,2017
MKD,2019,FALSE,INC,,,,Primary education,T60,.4858227,2017
MKD,2019,FALSE,INC,,,,Secondary education,B40,.3947063,2017
MKD,2019,FALSE,INC,,,,Secondary education,T60,.6052938,2017
MKD,2019,FALSE,INC,,,,Tertiary education,B40,.1427097,2017
MKD,2019,FALSE,INC,,,,Tertiary education,T60,.8572903,2017
MKD,2019,FALSE,INC,,,0-14,,B40,.5895693,2017
MKD,2019,FALSE,INC,,,0-14,,T60,.4104307,2017
MKD,2019,FALSE,INC,,,15-64,,B40,.3907358,2017
MKD,2019,FALSE,INC,,,15-64,,T60,.6092643,2017
MKD,2019,FALSE,INC,,,>65,,B40,.2534366,2017
MKD,2019,FALSE,INC,,,>65,,T60,.7465634,2017
MKD,2019,FALSE,INC,,Female,,,B40,.3950794,2017
MKD,2019,FALSE,INC,,Female,,,T60,.6049206,2017
MKD,2019,FALSE,INC,,Male,,,B40,.4036155,2017
MKD,2019,FALSE,INC,,Male,,,T60,.5963845,2017
MKD,2019,FALSE,INC,R,,,,B40,.5053291,2017
MKD,2019,FALSE,INC,R,,,,T60,.4946708,2017
MKD,2019,FALSE,INC,U,,,,B40,.305189,2017
MKD,2019,FALSE,INC,U,,,,T60,.694811,2017
MLI,2021,FALSE,CONS,,,,No education,B40,.479441,2017
MLI,2021,FALSE,CONS,,,,No education,T60,.520559,2017
MLI,2021,FALSE,CONS,,,,Primary education,B40,.2645746,2017
MLI,2021,FALSE,CONS,,,,Primary education,T60,.7354254,2017
MLI,2021,FALSE,CONS,,,,Secondary education,B40,.1121607,2017
MLI,2021,FALSE,CONS,,,,Secondary education,T60,.8878393,2017
MLI,2021,FALSE,CONS,,,,Tertiary education,B40,.0277346,2017
MLI,2021,FALSE,CONS,,,,Tertiary education,T60,.9722654,2017
MLI,2021,FALSE,CONS,,,0-14,,B40,.4499305,2017
MLI,2021,FALSE,CONS,,,0-14,,T60,.5500696,2017
MLI,2021,FALSE,CONS,,,15-64,,B40,.3536971,2017
MLI,2021,FALSE,CONS,,,15-64,,T60,.6463029,2017
MLI,2021,FALSE,CONS,,,>65,,B40,.3901927,2017
MLI,2021,FALSE,CONS,,,>65,,T60,.6098073,2017
MLI,2021,FALSE,CONS,,Female,,,B40,.3998194,2017
MLI,2021,FALSE,CONS,,Female,,,T60,.6001806,2017
MLI,2021,FALSE,CONS,,Male,,,B40,.4001103,2017
MLI,2021,FALSE,CONS,,Male,,,T60,.5998897,2017
MLI,2021,FALSE,CONS,R,,,,B40,.4925386,2017
MLI,2021,FALSE,CONS,R,,,,T60,.5074614,2017
MLI,2021,FALSE,CONS,U,,,,B40,.0817847,2017
MLI,2021,FALSE,CONS,U,,,,T60,.9182153,2017
MLT,2022,FALSE,INC,,,,No education,B40,.7299215,2017
MLT,2022,FALSE,INC,,,,No education,T60,.2700785,2017
MLT,2022,FALSE,INC,,,,Primary education,B40,.5864258,2017
MLT,2022,FALSE,INC,,,,Primary education,T60,.4135742,2017
MLT,2022,FALSE,INC,,,,Secondary education,B40,.4098149,2017
MLT,2022,FALSE,INC,,,,Secondary education,T60,.590185,2017
MLT,2022,FALSE,INC,,,,Tertiary education,B40,.2107659,2017
MLT,2022,FALSE,INC,,,,Tertiary education,T60,.7892342,2017
MLT,2022,FALSE,INC,,,0-14,,B40,.6018851,2017
MLT,2022,FALSE,INC,,,0-14,,T60,.3981148,2017
MLT,2022,FALSE,INC,,,15-64,,B40,.3353527,2017
MLT,2022,FALSE,INC,,,15-64,,T60,.6646473,2017
MLT,2022,FALSE,INC,,,>65,,B40,.5044522,2017
MLT,2022,FALSE,INC,,,>65,,T60,.4955478,2017
MLT,2022,FALSE,INC,,Female,,,B40,.4237692,2017
MLT,2022,FALSE,INC,,Female,,,T60,.5762308,2017
MLT,2022,FALSE,INC,,Male,,,B40,.3770787,2017
MLT,2022,FALSE,INC,,Male,,,T60,.6229213,2017
MLT,2022,FALSE,INC,R,,,,B40,.5247992,2017
MLT,2022,FALSE,INC,R,,,,T60,.4752008,2017
MLT,2022,FALSE,INC,U,,,,B40,.3955896,2017
MLT,2022,FALSE,INC,U,,,,T60,.6044105,2017
MMR,2017,FALSE,CONS,,,,No education,B40,.5542011,2017
MMR,2017,FALSE,CONS,,,,No education,T60,.445799,2017
MMR,2017,FALSE,CONS,,,,Primary education,B40,.4047897,2017
MMR,2017,FALSE,CONS,,,,Primary education,T60,.5952103,2017
MMR,2017,FALSE,CONS,,,,Secondary education,B40,.2950725,2017
MMR,2017,FALSE,CONS,,,,Secondary education,T60,.7049274,2017
MMR,2017,FALSE,CONS,,,,Tertiary education,B40,.0871414,2017
MMR,2017,FALSE,CONS,,,,Tertiary education,T60,.9128586,2017
MMR,2017,FALSE,CONS,,,0-14,,B40,.5051453,2017
MMR,2017,FALSE,CONS,,,0-14,,T60,.4948547,2017
MMR,2017,FALSE,CONS,,,15-64,,B40,.364593,2017
MMR,2017,FALSE,CONS,,,15-64,,T60,.635407,2017
MMR,2017,FALSE,CONS,,,>65,,B40,.3390364,2017
MMR,2017,FALSE,CONS,,,>65,,T60,.6609635,2017
MMR,2017,FALSE,CONS,,Female,,,B40,.3982676,2017
MMR,2017,FALSE,CONS,,Female,,,T60,.6017324,2017
MMR,2017,FALSE,CONS,,Male,,,B40,.40193,2017
MMR,2017,FALSE,CONS,,Male,,,T60,.59807,2017
MMR,2017,FALSE,CONS,R,,,,B40,.4727443,2017
MMR,2017,FALSE,CONS,R,,,,T60,.5272557,2017
MMR,2017,FALSE,CONS,U,,,,B40,.2177564,2017
MMR,2017,FALSE,CONS,U,,,,T60,.7822435,2017
MNE,2021,FALSE,INC,,,0-14,,B40,.58657,2017
MNE,2021,FALSE,INC,,,0-14,,T60,.4134299,2017
MNE,2021,FALSE,INC,,,15-64,,B40,.3878629,2017
MNE,2021,FALSE,INC,,,15-64,,T60,.6121371,2017
MNE,2021,FALSE,INC,,,>65,,B40,.2282582,2017
MNE,2021,FALSE,INC,,,>65,,T60,.7717418,2017
MNE,2021,FALSE,INC,,Female,,,B40,.3968038,2017
MNE,2021,FALSE,INC,,Female,,,T60,.6031962,2017
MNE,2021,FALSE,INC,,Male,,,B40,.4021112,2017
MNE,2021,FALSE,INC,,Male,,,T60,.5978888,2017
MNE,2021,FALSE,INC,R,,,,B40,.5173206,2017
MNE,2021,FALSE,INC,R,,,,T60,.4826793,2017
MNE,2021,FALSE,INC,U,,,,B40,.3332135,2017
MNE,2021,FALSE,INC,U,,,,T60,.6667865,2017
MNG,2022,FALSE,CONS,,,,No education,B40,.613004,2017
MNG,2022,FALSE,CONS,,,,No education,T60,.386996,2017
MNG,2022,FALSE,CONS,,,,Primary education,B40,.5175303,2017
MNG,2022,FALSE,CONS,,,,Primary education,T60,.4824697,2017
MNG,2022,FALSE,CONS,,,,Secondary education,B40,.417239,2017
MNG,2022,FALSE,CONS,,,,Secondary education,T60,.582761,2017
MNG,2022,FALSE,CONS,,,,Tertiary education,B40,.1705078,2017
MNG,2022,FALSE,CONS,,,,Tertiary education,T60,.8294922,2017
MNG,2022,FALSE,CONS,,,0-14,,B40,.4996615,2017
MNG,2022,FALSE,CONS,,,0-14,,T60,.5003385,2017
MNG,2022,FALSE,CONS,,,15-64,,B40,.3660486,2017
MNG,2022,FALSE,CONS,,,15-64,,T60,.6339514,2017
MNG,2022,FALSE,CONS,,,>65,,B40,.2001447,2017
MNG,2022,FALSE,CONS,,,>65,,T60,.7998553,2017
MNG,2022,FALSE,CONS,,Female,,,B40,.3950607,2017
MNG,2022,FALSE,CONS,,Female,,,T60,.6049393,2017
MNG,2022,FALSE,CONS,,Male,,,B40,.4051917,2017
MNG,2022,FALSE,CONS,,Male,,,T60,.5948083,2017
MNG,2022,FALSE,CONS,R,,,,B40,.5190951,2017
MNG,2022,FALSE,CONS,R,,,,T60,.480905,2017
MNG,2022,FALSE,CONS,U,,,,B40,.3412724,2017
MNG,2022,FALSE,CONS,U,,,,T60,.6587276,2017
MOZ,2019,FALSE,CONS,,,,No education,B40,.4651829,2017
MOZ,2019,FALSE,CONS,,,,No education,T60,.5348171,2017
MOZ,2019,FALSE,CONS,,,,Primary education,B40,.3933576,2017
MOZ,2019,FALSE,CONS,,,,Primary education,T60,.6066424,2017
MOZ,2019,FALSE,CONS,,,,Secondary education,B40,.20127,2017
MOZ,2019,FALSE,CONS,,,,Secondary education,T60,.79873,2017
MOZ,2019,FALSE,CONS,,,,Tertiary education,B40,.0291789,2017
MOZ,2019,FALSE,CONS,,,,Tertiary education,T60,.9708211,2017
MOZ,2019,FALSE,CONS,,,0-14,,B40,.4611178,2017
MOZ,2019,FALSE,CONS,,,0-14,,T60,.5388822,2017
MOZ,2019,FALSE,CONS,,,15-64,,B40,.3423647,2017
MOZ,2019,FALSE,CONS,,,15-64,,T60,.6576353,2017
MOZ,2019,FALSE,CONS,,,>65,,B40,.3536924,2017
MOZ,2019,FALSE,CONS,,,>65,,T60,.6463075,2017
MOZ,2019,FALSE,CONS,,Female,,,B40,.395153,2017
MOZ,2019,FALSE,CONS,,Female,,,T60,.604847,2017
MOZ,2019,FALSE,CONS,,Male,,,B40,.4050315,2017
MOZ,2019,FALSE,CONS,,Male,,,T60,.5949685,2017
MOZ,2019,FALSE,CONS,R,,,,B40,.4761384,2017
MOZ,2019,FALSE,CONS,R,,,,T60,.5238616,2017
MOZ,2019,FALSE,CONS,U,,,,B40,.2548917,2017
MOZ,2019,FALSE,CONS,U,,,,T60,.7451084,2017
MRT,2019,FALSE,CONS,,,,No education,B40,.34093,2017
MRT,2019,FALSE,CONS,,,,No education,T60,.65907,2017
MRT,2019,FALSE,CONS,,,,Primary education,B40,.2331772,2017
MRT,2019,FALSE,CONS,,,,Primary education,T60,.7668228,2017
MRT,2019,FALSE,CONS,,,,Secondary education,B40,.1679361,2017
MRT,2019,FALSE,CONS,,,,Secondary education,T60,.8320639,2017
MRT,2019,FALSE,CONS,,,,Tertiary education,B40,.0833237,2017
MRT,2019,FALSE,CONS,,,,Tertiary education,T60,.9166763,2017
MRT,2019,FALSE,CONS,,,0-14,,B40,.4602743,2017
MRT,2019,FALSE,CONS,,,0-14,,T60,.5397257,2017
MRT,2019,FALSE,CONS,,,15-64,,B40,.350616,2017
MRT,2019,FALSE,CONS,,,15-64,,T60,.649384,2017
MRT,2019,FALSE,CONS,,,>65,,B40,.3407318,2017
MRT,2019,FALSE,CONS,,,>65,,T60,.6592682,2017
MRT,2019,FALSE,CONS,,Female,,,B40,.40188,2017
MRT,2019,FALSE,CONS,,Female,,,T60,.59812,2017
MRT,2019,FALSE,CONS,,Male,,,B40,.3979411,2017
MRT,2019,FALSE,CONS,,Male,,,T60,.6020589,2017
MRT,2019,FALSE,CONS,R,,,,B40,.5560896,2017
MRT,2019,FALSE,CONS,R,,,,T60,.4439104,2017
MRT,2019,FALSE,CONS,U,,,,B40,.233438,2017
MRT,2019,FALSE,CONS,U,,,,T60,.766562,2017
MUS,2017,FALSE,CONS,,,,No education,B40,.4170188,2017
MUS,2017,FALSE,CONS,,,,No education,T60,.5829812,2017
MUS,2017,FALSE,CONS,,,,Primary education,B40,.4574545,2017
MUS,2017,FALSE,CONS,,,,Primary education,T60,.5425455,2017
MUS,2017,FALSE,CONS,,,,Secondary education,B40,.3664892,2017
MUS,2017,FALSE,CONS,,,,Secondary education,T60,.6335108,2017
MUS,2017,FALSE,CONS,,,,Tertiary education,B40,.0974333,2017
MUS,2017,FALSE,CONS,,,,Tertiary education,T60,.9025667,2017
MUS,2017,FALSE,CONS,,,0-14,,B40,.5510451,2017
MUS,2017,FALSE,CONS,,,0-14,,T60,.4489549,2017
MUS,2017,FALSE,CONS,,,15-64,,B40,.3860453,2017
MUS,2017,FALSE,CONS,,,15-64,,T60,.6139547,2017
MUS,2017,FALSE,CONS,,,>65,,B40,.2528799,2017
MUS,2017,FALSE,CONS,,,>65,,T60,.7471201,2017
MUS,2017,FALSE,CONS,,Female,,,B40,.401009,2017
MUS,2017,FALSE,CONS,,Female,,,T60,.598991,2017
MUS,2017,FALSE,CONS,,Male,,,B40,.3989395,2017
MUS,2017,FALSE,CONS,,Male,,,T60,.6010605,2017
MUS,2017,FALSE,CONS,U,,,,B40,.3999951,2017
MUS,2017,FALSE,CONS,U,,,,T60,.6000049,2017
MWI,2019,FALSE,CONS,,,,Primary education,B40,.3991998,2017
MWI,2019,FALSE,CONS,,,,Primary education,T60,.6008002,2017
MWI,2019,FALSE,CONS,,,,Secondary education,B40,.1847503,2017
MWI,2019,FALSE,CONS,,,,Secondary education,T60,.8152497,2017
MWI,2019,FALSE,CONS,,,,Tertiary education,B40,.0201046,2017
MWI,2019,FALSE,CONS,,,,Tertiary education,T60,.9798954,2017
MWI,2019,FALSE,CONS,,,0-14,,B40,.4577061,2017
MWI,2019,FALSE,CONS,,,0-14,,T60,.5422939,2017
MWI,2019,FALSE,CONS,,,15-64,,B40,.3556134,2017
MWI,2019,FALSE,CONS,,,15-64,,T60,.6443865,2017
MWI,2019,FALSE,CONS,,,>65,,B40,.3332258,2017
MWI,2019,FALSE,CONS,,,>65,,T60,.6667742,2017
MWI,2019,FALSE,CONS,,Female,,,B40,.4053356,2017
MWI,2019,FALSE,CONS,,Female,,,T60,.5946644,2017
MWI,2019,FALSE,CONS,,Male,,,B40,.3941555,2017
MWI,2019,FALSE,CONS,,Male,,,T60,.6058446,2017
MWI,2019,FALSE,CONS,R,,,,B40,.455244,2017
MWI,2019,FALSE,CONS,R,,,,T60,.544756,2017
MWI,2019,FALSE,CONS,U,,,,B40,.1008847,2017
MWI,2019,FALSE,CONS,U,,,,T60,.8991153,2017
MYS,2021,FALSE,INC,,,,No education,B40,.6087285,2017
MYS,2021,FALSE,INC,,,,No education,T60,.3912715,2017
MYS,2021,FALSE,INC,,,,Primary education,B40,.511929,2017
MYS,2021,FALSE,INC,,,,Primary education,T60,.488071,2017
MYS,2021,FALSE,INC,,,,Secondary education,B40,.4252301,2017
MYS,2021,FALSE,INC,,,,Secondary education,T60,.5747699,2017
MYS,2021,FALSE,INC,,,,Tertiary education,B40,.1407657,2017
MYS,2021,FALSE,INC,,,,Tertiary education,T60,.8592343,2017
MYS,2021,FALSE,INC,,,0-14,,B40,.5245817,2017
MYS,2021,FALSE,INC,,,0-14,,T60,.4754184,2017
MYS,2021,FALSE,INC,,,15-64,,B40,.3652348,2017
MYS,2021,FALSE,INC,,,15-64,,T60,.6347652,2017
MYS,2021,FALSE,INC,,,>65,,B40,.3459688,2017
MYS,2021,FALSE,INC,,,>65,,T60,.6540312,2017
MYS,2021,FALSE,INC,,Female,,,B40,.4032844,2017
MYS,2021,FALSE,INC,,Female,,,T60,.5967156,2017
MYS,2021,FALSE,INC,,Male,,,B40,.3967239,2017
MYS,2021,FALSE,INC,,Male,,,T60,.6032761,2017
MYS,2021,FALSE,INC,R,,,,B40,.6523576,2017
MYS,2021,FALSE,INC,R,,,,T60,.3476424,2017
MYS,2021,FALSE,INC,U,,,,B40,.321802,2017
MYS,2021,FALSE,INC,U,,,,T60,.678198,2017
NAM,2015,FALSE,CONS,,,,No education,B40,.5780041,2017
NAM,2015,FALSE,CONS,,,,No education,T60,.421996,2017
NAM,2015,FALSE,CONS,,,,Primary education,B40,.4952729,2017
NAM,2015,FALSE,CONS,,,,Primary education,T60,.5047271,2017
NAM,2015,FALSE,CONS,,,,Secondary education,B40,.2858229,2017
NAM,2015,FALSE,CONS,,,,Secondary education,T60,.7141771,2017
NAM,2015,FALSE,CONS,,,,Tertiary education,B40,.0379426,2017
NAM,2015,FALSE,CONS,,,,Tertiary education,T60,.9620574,2017
NAM,2015,FALSE,CONS,,,0-14,,B40,.4868074,2017
NAM,2015,FALSE,CONS,,,0-14,,T60,.5131925,2017
NAM,2015,FALSE,CONS,,,15-64,,B40,.3421025,2017
NAM,2015,FALSE,CONS,,,15-64,,T60,.6578975,2017
NAM,2015,FALSE,CONS,,,>65,,B40,.4406688,2017
NAM,2015,FALSE,CONS,,,>65,,T60,.5593312,2017
NAM,2015,FALSE,CONS,,Female,,,B40,.4088482,2017
NAM,2015,FALSE,CONS,,Female,,,T60,.5911518,2017
NAM,2015,FALSE,CONS,,Male,,,B40,.3906303,2017
NAM,2015,FALSE,CONS,,Male,,,T60,.6093697,2017
NAM,2015,FALSE,CONS,R,,,,B40,.5384433,2017
NAM,2015,FALSE,CONS,R,,,,T60,.4615568,2017
NAM,2015,FALSE,CONS,U,,,,B40,.2427652,2017
NAM,2015,FALSE,CONS,U,,,,T60,.7572348,2017
NER,2021,FALSE,CONS,,,,No education,B40,.4395031,2017
NER,2021,FALSE,CONS,,,,No education,T60,.5604969,2017
NER,2021,FALSE,CONS,,,,Primary education,B40,.2916348,2017
NER,2021,FALSE,CONS,,,,Primary education,T60,.7083652,2017
NER,2021,FALSE,CONS,,,,Secondary education,B40,.1540814,2017
NER,2021,FALSE,CONS,,,,Secondary education,T60,.8459187,2017
NER,2021,FALSE,CONS,,,,Tertiary education,B40,0,2017
NER,2021,FALSE,CONS,,,,Tertiary education,T60,1,2017
NER,2021,FALSE,CONS,,,0-14,,B40,.4484596,2017
NER,2021,FALSE,CONS,,,0-14,,T60,.5515404,2017
NER,2021,FALSE,CONS,,,15-64,,B40,.3469988,2017
NER,2021,FALSE,CONS,,,15-64,,T60,.6530012,2017
NER,2021,FALSE,CONS,,,>65,,B40,.282611,2017
NER,2021,FALSE,CONS,,,>65,,T60,.717389,2017
NER,2021,FALSE,CONS,,Female,,,B40,.3985581,2017
NER,2021,FALSE,CONS,,Female,,,T60,.601442,2017
NER,2021,FALSE,CONS,,Male,,,B40,.4094336,2017
NER,2021,FALSE,CONS,,Male,,,T60,.5905663,2017
NER,2021,FALSE,CONS,R,,,,B40,.4635207,2017
NER,2021,FALSE,CONS,R,,,,T60,.5364793,2017
NER,2021,FALSE,CONS,U,,,,B40,.0780752,2017
NER,2021,FALSE,CONS,U,,,,T60,.9219248,2017
NGA,2018,FALSE,CONS,,,,No education,B40,.5836416,2017
NGA,2018,FALSE,CONS,,,,No education,T60,.4163583,2017
NGA,2018,FALSE,CONS,,,,Primary education,B40,.3664229,2017
NGA,2018,FALSE,CONS,,,,Primary education,T60,.6335772,2017
NGA,2018,FALSE,CONS,,,,Secondary education,B40,.246387,2017
NGA,2018,FALSE,CONS,,,,Secondary education,T60,.7536131,2017
NGA,2018,FALSE,CONS,,,,Tertiary education,B40,.0994927,2017
NGA,2018,FALSE,CONS,,,,Tertiary education,T60,.9005073,2017
NGA,2018,FALSE,CONS,,,0-14,,B40,.4823468,2017
NGA,2018,FALSE,CONS,,,0-14,,T60,.5176532,2017
NGA,2018,FALSE,CONS,,,15-64,,B40,.3452886,2017
NGA,2018,FALSE,CONS,,,15-64,,T60,.6547114,2017
NGA,2018,FALSE,CONS,,,>65,,B40,.2717324,2017
NGA,2018,FALSE,CONS,,,>65,,T60,.7282676,2017
NGA,2018,FALSE,CONS,,Female,,,B40,.4015099,2017
NGA,2018,FALSE,CONS,,Female,,,T60,.5984901,2017
NGA,2018,FALSE,CONS,,Male,,,B40,.3984221,2017
NGA,2018,FALSE,CONS,,Male,,,T60,.6015779,2017
NGA,2018,FALSE,CONS,R,,,,B40,.5199837,2017
NGA,2018,FALSE,CONS,R,,,,T60,.4800163,2017
NGA,2018,FALSE,CONS,U,,,,B40,.1796375,2017
NGA,2018,FALSE,CONS,U,,,,T60,.8203626,2017
NIC,2014,FALSE,INC,,,,No education,B40,.5602454,2017
NIC,2014,FALSE,INC,,,,No education,T60,.4397546,2017
NIC,2014,FALSE,INC,,,,Primary education,B40,.4468738,2017
NIC,2014,FALSE,INC,,,,Primary education,T60,.5531262,2017
NIC,2014,FALSE,INC,,,,Secondary education,B40,.3015592,2017
NIC,2014,FALSE,INC,,,,Secondary education,T60,.6984408,2017
NIC,2014,FALSE,INC,,,,Tertiary education,B40,.1061399,2017
NIC,2014,FALSE,INC,,,,Tertiary education,T60,.8938602,2017
NIC,2014,FALSE,INC,,,0-14,,B40,.4875469,2017
NIC,2014,FALSE,INC,,,0-14,,T60,.5124531,2017
NIC,2014,FALSE,INC,,,15-64,,B40,.3591209,2017
NIC,2014,FALSE,INC,,,15-64,,T60,.6408791,2017
NIC,2014,FALSE,INC,,,>65,,B40,.3708238,2017
NIC,2014,FALSE,INC,,,>65,,T60,.6291762,2017
NIC,2014,FALSE,INC,,Female,,,B40,.3976364,2017
NIC,2014,FALSE,INC,,Female,,,T60,.6023636,2017
NIC,2014,FALSE,INC,,Male,,,B40,.4002475,2017
NIC,2014,FALSE,INC,,Male,,,T60,.5997525,2017
NIC,2014,FALSE,INC,R,,,,B40,.5540677,2017
NIC,2014,FALSE,INC,R,,,,T60,.4459323,2017
NIC,2014,FALSE,INC,U,,,,B40,.2877006,2017
NIC,2014,FALSE,INC,U,,,,T60,.7122994,2017
NLD,2021,FALSE,INC,,,,No education,B40,.6129299,2017
NLD,2021,FALSE,INC,,,,No education,T60,.3870701,2017
NLD,2021,FALSE,INC,,,,Primary education,B40,.501304,2017
NLD,2021,FALSE,INC,,,,Primary education,T60,.498696,2017
NLD,2021,FALSE,INC,,,,Secondary education,B40,.4209658,2017
NLD,2021,FALSE,INC,,,,Secondary education,T60,.5790341,2017
NLD,2021,FALSE,INC,,,,Tertiary education,B40,.2525936,2017
NLD,2021,FALSE,INC,,,,Tertiary education,T60,.7474064,2017
NLD,2021,FALSE,INC,,,0-14,,B40,.5791061,2017
NLD,2021,FALSE,INC,,,0-14,,T60,.4208939,2017
NLD,2021,FALSE,INC,,,15-64,,B40,.3579205,2017
NLD,2021,FALSE,INC,,,15-64,,T60,.6420795,2017
NLD,2021,FALSE,INC,,,>65,,B40,.3948154,2017
NLD,2021,FALSE,INC,,,>65,,T60,.6051846,2017
NLD,2021,FALSE,INC,,Female,,,B40,.4071297,2017
NLD,2021,FALSE,INC,,Female,,,T60,.5928703,2017
NLD,2021,FALSE,INC,,Male,,,B40,.3894904,2017
NLD,2021,FALSE,INC,,Male,,,T60,.6105096,2017
NOR,2022,FALSE,INC,,,,Secondary education,B40,.3455602,2017
NOR,2022,FALSE,INC,,,,Secondary education,T60,.6544398,2017
NOR,2022,FALSE,INC,,,,Tertiary education,B40,.2966137,2017
NOR,2022,FALSE,INC,,,,Tertiary education,T60,.7033863,2017
NOR,2022,FALSE,INC,,,0-14,,B40,.739406,2017
NOR,2022,FALSE,INC,,,0-14,,T60,.2605939,2017
NOR,2022,FALSE,INC,,,15-64,,B40,.3813164,2017
NOR,2022,FALSE,INC,,,15-64,,T60,.6186836,2017
NOR,2022,FALSE,INC,,,>65,,B40,.1909737,2017
NOR,2022,FALSE,INC,,,>65,,T60,.8090263,2017
NOR,2022,FALSE,INC,,Female,,,B40,.4163296,2017
NOR,2022,FALSE,INC,,Female,,,T60,.5836704,2017
NOR,2022,FALSE,INC,,Male,,,B40,.3816256,2017
NOR,2022,FALSE,INC,,Male,,,T60,.6183744,2017
NOR,2022,FALSE,INC,R,,,,B40,.4054175,2017
NOR,2022,FALSE,INC,R,,,,T60,.5945825,2017
NOR,2022,FALSE,INC,U,,,,B40,.3962679,2017
NOR,2022,FALSE,INC,U,,,,T60,.6037321,2017
NPL,2022,FALSE,CONS,,,,No education,B40,.5008162,2017
NPL,2022,FALSE,CONS,,,,No education,T60,.4991838,2017
NPL,2022,FALSE,CONS,,,,Primary education,B40,.4242852,2017
NPL,2022,FALSE,CONS,,,,Primary education,T60,.5757148,2017
NPL,2022,FALSE,CONS,,,,Secondary education,B40,.2652987,2017
NPL,2022,FALSE,CONS,,,,Secondary education,T60,.7347013,2017
NPL,2022,FALSE,CONS,,,,Tertiary education,B40,.058195,2017
NPL,2022,FALSE,CONS,,,,Tertiary education,T60,.9418051,2017
NPL,2022,FALSE,CONS,,,0-14,,B40,.4931305,2017
NPL,2022,FALSE,CONS,,,0-14,,T60,.5068694,2017
NPL,2022,FALSE,CONS,,,15-64,,B40,.3579408,2017
NPL,2022,FALSE,CONS,,,15-64,,T60,.6420592,2017
NPL,2022,FALSE,CONS,,,>65,,B40,.4084441,2017
NPL,2022,FALSE,CONS,,,>65,,T60,.5915559,2017
NPL,2022,FALSE,CONS,,Female,,,B40,.4100686,2017
NPL,2022,FALSE,CONS,,Female,,,T60,.5899314,2017
NPL,2022,FALSE,CONS,,Male,,,B40,.3886304,2017
NPL,2022,FALSE,CONS,,Male,,,T60,.6113696,2017
NPL,2022,FALSE,CONS,R,,,,B40,.4683645,2017
NPL,2022,FALSE,CONS,R,,,,T60,.5316355,2017
NPL,2022,FALSE,CONS,U,,,,B40,.3699559,2017
NPL,2022,FALSE,CONS,U,,,,T60,.6300441,2017
NRU,2012,FALSE,CONS,,Female,,,B40,.3999413,2017
NRU,2012,FALSE,CONS,,Female,,,T60,.6000587,2017
NRU,2012,FALSE,CONS,,Male,,,B40,.3995771,2017
NRU,2012,FALSE,CONS,,Male,,,T60,.6004229,2017
PAK,2018,FALSE,CONS,,,,No education,B40,.4840848,2017
PAK,2018,FALSE,CONS,,,,No education,T60,.5159152,2017
PAK,2018,FALSE,CONS,,,,Primary education,B40,.3448409,2017
PAK,2018,FALSE,CONS,,,,Primary education,T60,.6551591,2017
PAK,2018,FALSE,CONS,,,,Secondary education,B40,.2275822,2017
PAK,2018,FALSE,CONS,,,,Secondary education,T60,.7724178,2017
PAK,2018,FALSE,CONS,,,,Tertiary education,B40,.093085,2017
PAK,2018,FALSE,CONS,,,,Tertiary education,T60,.906915,2017
PAK,2018,FALSE,CONS,,,0-14,,B40,.4938096,2017
PAK,2018,FALSE,CONS,,,0-14,,T60,.5061904,2017
PAK,2018,FALSE,CONS,,,15-64,,B40,.3400046,2017
PAK,2018,FALSE,CONS,,,15-64,,T60,.6599954,2017
PAK,2018,FALSE,CONS,,,>65,,B40,.3273285,2017
PAK,2018,FALSE,CONS,,,>65,,T60,.6726715,2017
PAK,2018,FALSE,CONS,,Female,,,B40,.4020645,2017
PAK,2018,FALSE,CONS,,Female,,,T60,.5979355,2017
PAK,2018,FALSE,CONS,,Male,,,B40,.3979059,2017
PAK,2018,FALSE,CONS,,Male,,,T60,.6020941,2017
PAK,2018,FALSE,CONS,R,,,,B40,.4974392,2017
PAK,2018,FALSE,CONS,R,,,,T60,.5025608,2017
PAK,2018,FALSE,CONS,U,,,,B40,.229733,2017
PAK,2018,FALSE,CONS,U,,,,T60,.7702671,2017
PAN,2023,FALSE,INC,,,,No education,B40,.7382001,2017
PAN,2023,FALSE,INC,,,,No education,T60,.2617999,2017
PAN,2023,FALSE,INC,,,,Primary education,B40,.5160524,2017
PAN,2023,FALSE,INC,,,,Primary education,T60,.4839475,2017
PAN,2023,FALSE,INC,,,,Secondary education,B40,.3455077,2017
PAN,2023,FALSE,INC,,,,Secondary education,T60,.6544923,2017
PAN,2023,FALSE,INC,,,,Tertiary education,B40,.115358,2017
PAN,2023,FALSE,INC,,,,Tertiary education,T60,.884642,2017
PAN,2023,FALSE,INC,,,0-14,,B40,.5839111,2017
PAN,2023,FALSE,INC,,,0-14,,T60,.4160889,2017
PAN,2023,FALSE,INC,,,15-64,,B40,.340967,2017
PAN,2023,FALSE,INC,,,15-64,,T60,.659033,2017
PAN,2023,FALSE,INC,,,>65,,B40,.2894982,2017
PAN,2023,FALSE,INC,,,>65,,T60,.7105018,2017
PAN,2023,FALSE,INC,,Female,,,B40,.4055027,2017
PAN,2023,FALSE,INC,,Female,,,T60,.5944973,2017
PAN,2023,FALSE,INC,,Male,,,B40,.3916118,2017
PAN,2023,FALSE,INC,,Male,,,T60,.6083882,2017
PAN,2023,FALSE,INC,R,,,,B40,.6613182,2017
PAN,2023,FALSE,INC,R,,,,T60,.3386818,2017
PAN,2023,FALSE,INC,U,,,,B40,.2891742,2017
PAN,2023,FALSE,INC,U,,,,T60,.7108258,2017
PER,2023,FALSE,INC,,,,No education,B40,.5963717,2017
PER,2023,FALSE,INC,,,,No education,T60,.4036283,2017
PER,2023,FALSE,INC,,,,Primary education,B40,.5088835,2017
PER,2023,FALSE,INC,,,,Primary education,T60,.4911164,2017
PER,2023,FALSE,INC,,,,Secondary education,B40,.3736877,2017
PER,2023,FALSE,INC,,,,Secondary education,T60,.6263123,2017
PER,2023,FALSE,INC,,,,Tertiary education,B40,.1702744,2017
PER,2023,FALSE,INC,,,,Tertiary education,T60,.8297256,2017
PER,2023,FALSE,INC,,,0-14,,B40,.5406392,2017
PER,2023,FALSE,INC,,,0-14,,T60,.4593608,2017
PER,2023,FALSE,INC,,,15-64,,B40,.359,2017
PER,2023,FALSE,INC,,,15-64,,T60,.641,2017
PER,2023,FALSE,INC,,,>65,,B40,.3349701,2017
PER,2023,FALSE,INC,,,>65,,T60,.6650299,2017
PER,2023,FALSE,INC,,Female,,,B40,.408346,2017
PER,2023,FALSE,INC,,Female,,,T60,.591654,2017
PER,2023,FALSE,INC,,Male,,,B40,.3905928,2017
PER,2023,FALSE,INC,,Male,,,T60,.6094072,2017
PER,2023,FALSE,INC,R,,,,B40,.7016127,2017
PER,2023,FALSE,INC,R,,,,T60,.2983873,2017
PER,2023,FALSE,INC,U,,,,B40,.3260319,2017
PER,2023,FALSE,INC,U,,,,T60,.6739681,2017
PHL,2023,FALSE,INC,,,,No education,B40,.6086601,2017
PHL,2023,FALSE,INC,,,,No education,T60,.3913399,2017
PHL,2023,FALSE,INC,,,,Primary education,B40,.5004782,2017
PHL,2023,FALSE,INC,,,,Primary education,T60,.4995218,2017
PHL,2023,FALSE,INC,,,,Secondary education,B40,.3400182,2017
PHL,2023,FALSE,INC,,,,Secondary education,T60,.6599818,2017
PHL,2023,FALSE,INC,,,,Tertiary education,B40,.1512273,2017
PHL,2023,FALSE,INC,,,,Tertiary education,T60,.8487726,2017
PHL,2023,FALSE,INC,,,0-14,,B40,.5520037,2017
PHL,2023,FALSE,INC,,,0-14,,T60,.4479963,2017
PHL,2023,FALSE,INC,,,15-64,,B40,.3545358,2017
PHL,2023,FALSE,INC,,,15-64,,T60,.6454642,2017
PHL,2023,FALSE,INC,,,>65,,B40,.2650901,2017
PHL,2023,FALSE,INC,,,>65,,T60,.7349099,2017
PHL,2023,FALSE,INC,,Female,,,B40,.3962497,2017
PHL,2023,FALSE,INC,,Female,,,T60,.6037503,2017
PHL,2023,FALSE,INC,,Male,,,B40,.403692,2017
PHL,2023,FALSE,INC,,Male,,,T60,.596308,2017
PHL,2023,FALSE,INC,R,,,,B40,.5099873,2017
PHL,2023,FALSE,INC,R,,,,T60,.4900127,2017
PHL,2023,FALSE,INC,U,,,,B40,.3071337,2017
PHL,2023,FALSE,INC,U,,,,T60,.6928663,2017
PNG,2009,FALSE,CONS,,,,No education,B40,.5585087,2017
PNG,2009,FALSE,CONS,,,,No education,T60,.4414913,2017
PNG,2009,FALSE,CONS,,,,Primary education,B40,.3763896,2017
PNG,2009,FALSE,CONS,,,,Primary education,T60,.6236104,2017
PNG,2009,FALSE,CONS,,,,Secondary education,B40,.2751686,2017
PNG,2009,FALSE,CONS,,,,Secondary education,T60,.7248315,2017
PNG,2009,FALSE,CONS,,,,Tertiary education,B40,.2239051,2017
PNG,2009,FALSE,CONS,,,,Tertiary education,T60,.7760949,2017
PNG,2009,FALSE,CONS,,,0-14,,B40,.4543249,2017
PNG,2009,FALSE,CONS,,,0-14,,T60,.5456752,2017
PNG,2009,FALSE,CONS,,,15-64,,B40,.3576356,2017
PNG,2009,FALSE,CONS,,,15-64,,T60,.6423644,2017
PNG,2009,FALSE,CONS,,,>65,,B40,.4670411,2017
PNG,2009,FALSE,CONS,,,>65,,T60,.5329589,2017
PNG,2009,FALSE,CONS,,Female,,,B40,.402924,2017
PNG,2009,FALSE,CONS,,Female,,,T60,.5970761,2017
PNG,2009,FALSE,CONS,,Male,,,B40,.3972381,2017
PNG,2009,FALSE,CONS,,Male,,,T60,.6027619,2017
PNG,2009,FALSE,CONS,R,,,,B40,.4180444,2017
PNG,2009,FALSE,CONS,R,,,,T60,.5819556,2017
PNG,2009,FALSE,CONS,U,,,,B40,.289735,2017
PNG,2009,FALSE,CONS,U,,,,T60,.710265,2017
POL,2022,FALSE,INC,,,,No education,B40,.4956224,2017
POL,2022,FALSE,INC,,,,No education,T60,.5043776,2017
POL,2022,FALSE,INC,,,,Primary education,B40,.5558156,2017
POL,2022,FALSE,INC,,,,Primary education,T60,.4441844,2017
POL,2022,FALSE,INC,,,,Secondary education,B40,.4037515,2017
POL,2022,FALSE,INC,,,,Secondary education,T60,.5962486,2017
POL,2022,FALSE,INC,,,,Tertiary education,B40,.2084813,2017
POL,2022,FALSE,INC,,,,Tertiary education,T60,.7915187,2017
POL,2022,FALSE,INC,,,0-14,,B40,.5664094,2017
POL,2022,FALSE,INC,,,0-14,,T60,.4335906,2017
POL,2022,FALSE,INC,,,15-64,,B40,.3842911,2017
POL,2022,FALSE,INC,,,15-64,,T60,.6157088,2017
POL,2022,FALSE,INC,,,>65,,B40,.3328881,2017
POL,2022,FALSE,INC,,,>65,,T60,.6671119,2017
POL,2022,FALSE,INC,,Female,,,B40,.4001186,2017
POL,2022,FALSE,INC,,Female,,,T60,.5998815,2017
POL,2022,FALSE,INC,,Male,,,B40,.3988333,2017
POL,2022,FALSE,INC,,Male,,,T60,.6011667,2017
POL,2022,FALSE,INC,R,,,,B40,.5124367,2017
POL,2022,FALSE,INC,R,,,,T60,.4875633,2017
POL,2022,FALSE,INC,U,,,,B40,.3180158,2017
POL,2022,FALSE,INC,U,,,,T60,.6819842,2017
PRT,2022,FALSE,INC,,,,No education,B40,.5412832,2017
PRT,2022,FALSE,INC,,,,No education,T60,.4587167,2017
PRT,2022,FALSE,INC,,,,Primary education,B40,.4712015,2017
PRT,2022,FALSE,INC,,,,Primary education,T60,.5287985,2017
PRT,2022,FALSE,INC,,,,Secondary education,B40,.3899824,2017
PRT,2022,FALSE,INC,,,,Secondary education,T60,.6100176,2017
PRT,2022,FALSE,INC,,,,Tertiary education,B40,.1802904,2017
PRT,2022,FALSE,INC,,,,Tertiary education,T60,.8197097,2017
PRT,2022,FALSE,INC,,,0-14,,B40,.585281,2017
PRT,2022,FALSE,INC,,,0-14,,T60,.414719,2017
PRT,2022,FALSE,INC,,,15-64,,B40,.3960015,2017
PRT,2022,FALSE,INC,,,15-64,,T60,.6039985,2017
PRT,2022,FALSE,INC,,,>65,,B40,.3226339,2017
PRT,2022,FALSE,INC,,,>65,,T60,.6773661,2017
PRT,2022,FALSE,INC,,Female,,,B40,.4023836,2017
PRT,2022,FALSE,INC,,Female,,,T60,.5976164,2017
PRT,2022,FALSE,INC,,Male,,,B40,.3966965,2017
PRT,2022,FALSE,INC,,Male,,,T60,.6033035,2017
PRT,2022,FALSE,INC,R,,,,B40,.4831792,2017
PRT,2022,FALSE,INC,R,,,,T60,.5168208,2017
PRT,2022,FALSE,INC,U,,,,B40,.3747123,2017
PRT,2022,FALSE,INC,U,,,,T60,.6252877,2017
PRY,2023,FALSE,INC,,,,No education,B40,.6144212,2017
PRY,2023,FALSE,INC,,,,No education,T60,.3855788,2017
PRY,2023,FALSE,INC,,,,Primary education,B40,.5005676,2017
PRY,2023,FALSE,INC,,,,Primary education,T60,.4994324,2017
PRY,2023,FALSE,INC,,,,Secondary education,B40,.36827,2017
PRY,2023,FALSE,INC,,,,Secondary education,T60,.63173,2017
PRY,2023,FALSE,INC,,,,Tertiary education,B40,.1238883,2017
PRY,2023,FALSE,INC,,,,Tertiary education,T60,.8761117,2017
PRY,2023,FALSE,INC,,,0-14,,B40,.5383818,2017
PRY,2023,FALSE,INC,,,0-14,,T60,.4616182,2017
PRY,2023,FALSE,INC,,,15-64,,B40,.3520478,2017
PRY,2023,FALSE,INC,,,15-64,,T60,.6479521,2017
PRY,2023,FALSE,INC,,,>65,,B40,.3371371,2017
PRY,2023,FALSE,INC,,,>65,,T60,.6628629,2017
PRY,2023,FALSE,INC,,Female,,,B40,.4054354,2017
PRY,2023,FALSE,INC,,Female,,,T60,.5945646,2017
PRY,2023,FALSE,INC,,Male,,,B40,.3930341,2017
PRY,2023,FALSE,INC,,Male,,,T60,.6069659,2017
PRY,2023,FALSE,INC,R,,,,B40,.5342931,2017
PRY,2023,FALSE,INC,R,,,,T60,.4657069,2017
PRY,2023,FALSE,INC,U,,,,B40,.317139,2017
PRY,2023,FALSE,INC,U,,,,T60,.682861,2017
PSE,2023,FALSE,CONS,,,,No education,B40,.358095,2017
PSE,2023,FALSE,CONS,,,,No education,T60,.6419051,2017
PSE,2023,FALSE,CONS,,,,Primary education,B40,.3628351,2017
PSE,2023,FALSE,CONS,,,,Primary education,T60,.6371649,2017
PSE,2023,FALSE,CONS,,,,Secondary education,B40,.3907989,2017
PSE,2023,FALSE,CONS,,,,Secondary education,T60,.6092011,2017
PSE,2023,FALSE,CONS,,,,Tertiary education,B40,.2699772,2017
PSE,2023,FALSE,CONS,,,,Tertiary education,T60,.7300228,2017
PSE,2023,FALSE,CONS,,,0-14,,B40,.4861445,2017
PSE,2023,FALSE,CONS,,,0-14,,T60,.5138555,2017
PSE,2023,FALSE,CONS,,,15-64,,B40,.3674747,2017
PSE,2023,FALSE,CONS,,,15-64,,T60,.6325253,2017
PSE,2023,FALSE,CONS,,,>65,,B40,.2037042,2017
PSE,2023,FALSE,CONS,,,>65,,T60,.7962958,2017
PSE,2023,FALSE,CONS,,Female,,,B40,.402835,2017
PSE,2023,FALSE,CONS,,Female,,,T60,.597165,2017
PSE,2023,FALSE,CONS,,Male,,,B40,.3970967,2017
PSE,2023,FALSE,CONS,,Male,,,T60,.6029033,2017
PSE,2023,FALSE,CONS,R,,,,B40,.196852,2017
PSE,2023,FALSE,CONS,R,,,,T60,.803148,2017
PSE,2023,FALSE,CONS,U,,,,B40,.4337575,2017
PSE,2023,FALSE,CONS,U,,,,T60,.5662425,2017
ROU,2022,FALSE,INC,,,,No education,B40,.7541236,2017
ROU,2022,FALSE,INC,,,,No education,T60,.2458763,2017
ROU,2022,FALSE,INC,,,,Primary education,B40,.6670372,2017
ROU,2022,FALSE,INC,,,,Primary education,T60,.3329628,2017
ROU,2022,FALSE,INC,,,,Secondary education,B40,.4191848,2017
ROU,2022,FALSE,INC,,,,Secondary education,T60,.5808152,2017
ROU,2022,FALSE,INC,,,,Tertiary education,B40,.1295358,2017
ROU,2022,FALSE,INC,,,,Tertiary education,T60,.8704641,2017
ROU,2022,FALSE,INC,,,0-14,,B40,.5530372,2017
ROU,2022,FALSE,INC,,,0-14,,T60,.4469628,2017
ROU,2022,FALSE,INC,,,15-64,,B40,.4155404,2017
ROU,2022,FALSE,INC,,,15-64,,T60,.5844595,2017
ROU,2022,FALSE,INC,,,>65,,B40,.2694643,2017
ROU,2022,FALSE,INC,,,>65,,T60,.7305357,2017
ROU,2022,FALSE,INC,,Female,,,B40,.3976904,2017
ROU,2022,FALSE,INC,,Female,,,T60,.6023096,2017
ROU,2022,FALSE,INC,,Male,,,B40,.402375,2017
ROU,2022,FALSE,INC,,Male,,,T60,.597625,2017
ROU,2022,FALSE,INC,R,,,,B40,.5845294,2017
ROU,2022,FALSE,INC,R,,,,T60,.4154706,2017
ROU,2022,FALSE,INC,U,,,,B40,.2684554,2017
ROU,2022,FALSE,INC,U,,,,T60,.7315447,2017
RUS,2021,FALSE,INC,,,,No education,B40,.5331511,2017
RUS,2021,FALSE,INC,,,,No education,T60,.4668489,2017
RUS,2021,FALSE,INC,,,,Primary education,B40,.6071069,2017
RUS,2021,FALSE,INC,,,,Primary education,T60,.3928931,2017
RUS,2021,FALSE,INC,,,,Secondary education,B40,.4368017,2017
RUS,2021,FALSE,INC,,,,Secondary education,T60,.5631983,2017
RUS,2021,FALSE,INC,,,,Tertiary education,B40,.2029244,2017
RUS,2021,FALSE,INC,,,,Tertiary education,T60,.7970756,2017
RUS,2021,FALSE,INC,,,0-14,,B40,.617923,2017
RUS,2021,FALSE,INC,,,0-14,,T60,.382077,2017
RUS,2021,FALSE,INC,,,15-64,,B40,.3512883,2017
RUS,2021,FALSE,INC,,,15-64,,T60,.6487117,2017
RUS,2021,FALSE,INC,,,>65,,B40,.3649667,2017
RUS,2021,FALSE,INC,,,>65,,T60,.6350333,2017
RUS,2021,FALSE,INC,,Female,,,B40,.4014958,2017
RUS,2021,FALSE,INC,,Female,,,T60,.5985042,2017
RUS,2021,FALSE,INC,,Male,,,B40,.3979851,2017
RUS,2021,FALSE,INC,,Male,,,T60,.602015,2017
RUS,2021,FALSE,INC,R,,,,B40,.6211851,2017
RUS,2021,FALSE,INC,R,,,,T60,.3788149,2017
RUS,2021,FALSE,INC,U,,,,B40,.3266919,2017
RUS,2021,FALSE,INC,U,,,,T60,.6733081,2017
RWA,2016,FALSE,CONS,,,,No education,B40,.463113,2017
RWA,2016,FALSE,CONS,,,,No education,T60,.536887,2017
RWA,2016,FALSE,CONS,,,,Primary education,B40,.389605,2017
RWA,2016,FALSE,CONS,,,,Primary education,T60,.610395,2017
RWA,2016,FALSE,CONS,,,,Secondary education,B40,.1639156,2017
RWA,2016,FALSE,CONS,,,,Secondary education,T60,.8360844,2017
RWA,2016,FALSE,CONS,,,,Tertiary education,B40,.012793,2017
RWA,2016,FALSE,CONS,,,,Tertiary education,T60,.987207,2017
RWA,2016,FALSE,CONS,,,0-14,,B40,.4717999,2017
RWA,2016,FALSE,CONS,,,0-14,,T60,.5282001,2017
RWA,2016,FALSE,CONS,,,15-64,,B40,.3532109,2017
RWA,2016,FALSE,CONS,,,15-64,,T60,.6467891,2017
RWA,2016,FALSE,CONS,,,>65,,B40,.2863376,2017
RWA,2016,FALSE,CONS,,,>65,,T60,.7136624,2017
RWA,2016,FALSE,CONS,,Female,,,B40,.4080296,2017
RWA,2016,FALSE,CONS,,Female,,,T60,.5919704,2017
RWA,2016,FALSE,CONS,,Male,,,B40,.3913067,2017
RWA,2016,FALSE,CONS,,Male,,,T60,.6086934,2017
RWA,2016,FALSE,CONS,R,,,,B40,.4498267,2017
RWA,2016,FALSE,CONS,R,,,,T60,.5501733,2017
RWA,2016,FALSE,CONS,U,,,,B40,.1697348,2017
RWA,2016,FALSE,CONS,U,,,,T60,.8302652,2017
SDN,2014,FALSE,CONS,,,,No education,B40,.3779969,2017
SDN,2014,FALSE,CONS,,,,No education,T60,.6220031,2017
SDN,2014,FALSE,CONS,,,,Primary education,B40,.3695656,2017
SDN,2014,FALSE,CONS,,,,Primary education,T60,.6304344,2017
SDN,2014,FALSE,CONS,,,,Secondary education,B40,.255101,2017
SDN,2014,FALSE,CONS,,,,Secondary education,T60,.744899,2017
SDN,2014,FALSE,CONS,,,,Tertiary education,B40,.1498022,2017
SDN,2014,FALSE,CONS,,,,Tertiary education,T60,.8501978,2017
SDN,2014,FALSE,CONS,,,0-14,,B40,.4683239,2017
SDN,2014,FALSE,CONS,,,0-14,,T60,.5316761,2017
SDN,2014,FALSE,CONS,,,15-64,,B40,.3544655,2017
SDN,2014,FALSE,CONS,,,15-64,,T60,.6455346,2017
SDN,2014,FALSE,CONS,,,>65,,B40,.2873242,2017
SDN,2014,FALSE,CONS,,,>65,,T60,.7126758,2017
SDN,2014,FALSE,CONS,,Female,,,B40,.3996672,2017
SDN,2014,FALSE,CONS,,Female,,,T60,.6003328,2017
SDN,2014,FALSE,CONS,,Male,,,B40,.4003114,2017
SDN,2014,FALSE,CONS,,Male,,,T60,.5996886,2017
SDN,2014,FALSE,CONS,R,,,,B40,.4338401,2017
SDN,2014,FALSE,CONS,R,,,,T60,.5661599,2017
SDN,2014,FALSE,CONS,U,,,,B40,.3370207,2017
SDN,2014,FALSE,CONS,U,,,,T60,.6629793,2017
SEN,2021,FALSE,CONS,,,,No education,B40,.4770441,2017
SEN,2021,FALSE,CONS,,,,No education,T60,.522956,2017
SEN,2021,FALSE,CONS,,,,Primary education,B40,.2485628,2017
SEN,2021,FALSE,CONS,,,,Primary education,T60,.7514372,2017
SEN,2021,FALSE,CONS,,,,Secondary education,B40,.2160245,2017
SEN,2021,FALSE,CONS,,,,Secondary education,T60,.7839755,2017
SEN,2021,FALSE,CONS,,,,Tertiary education,B40,.0498736,2017
SEN,2021,FALSE,CONS,,,,Tertiary education,T60,.9501263,2017
SEN,2021,FALSE,CONS,,,0-14,,B40,.4732908,2017
SEN,2021,FALSE,CONS,,,0-14,,T60,.5267092,2017
SEN,2021,FALSE,CONS,,,15-64,,B40,.3519631,2017
SEN,2021,FALSE,CONS,,,15-64,,T60,.6480369,2017
SEN,2021,FALSE,CONS,,,>65,,B40,.3231855,2017
SEN,2021,FALSE,CONS,,,>65,,T60,.6768145,2017
SEN,2021,FALSE,CONS,,Female,,,B40,.3947984,2017
SEN,2021,FALSE,CONS,,Female,,,T60,.6052015,2017
SEN,2021,FALSE,CONS,,Male,,,B40,.4060869,2017
SEN,2021,FALSE,CONS,,Male,,,T60,.5939131,2017
SEN,2021,FALSE,CONS,R,,,,B40,.5997491,2017
SEN,2021,FALSE,CONS,R,,,,T60,.4002509,2017
SEN,2021,FALSE,CONS,U,,,,B40,.179116,2017
SEN,2021,FALSE,CONS,U,,,,T60,.820884,2017
SLB,2012,FALSE,CONS,,,,No education,B40,.4742556,2017
SLB,2012,FALSE,CONS,,,,No education,T60,.5257444,2017
SLB,2012,FALSE,CONS,,,,Primary education,B40,.4124093,2017
SLB,2012,FALSE,CONS,,,,Primary education,T60,.5875907,2017
SLB,2012,FALSE,CONS,,,,Secondary education,B40,.2724301,2017
SLB,2012,FALSE,CONS,,,,Secondary education,T60,.7275699,2017
SLB,2012,FALSE,CONS,,,,Tertiary education,B40,.1324694,2017
SLB,2012,FALSE,CONS,,,,Tertiary education,T60,.8675306,2017
SLB,2012,FALSE,CONS,,,0-14,,B40,.4528038,2017
SLB,2012,FALSE,CONS,,,0-14,,T60,.5471962,2017
SLB,2012,FALSE,CONS,,,15-64,,B40,.3601395,2017
SLB,2012,FALSE,CONS,,,15-64,,T60,.6398605,2017
SLB,2012,FALSE,CONS,,,>65,,B40,.4171635,2017
SLB,2012,FALSE,CONS,,,>65,,T60,.5828365,2017
SLB,2012,FALSE,CONS,,Female,,,B40,.3990185,2017
SLB,2012,FALSE,CONS,,Female,,,T60,.6009815,2017
SLB,2012,FALSE,CONS,,Male,,,B40,.4008817,2017
SLB,2012,FALSE,CONS,,Male,,,T60,.5991183,2017
SLB,2012,FALSE,CONS,R,,,,B40,.4697344,2017
SLB,2012,FALSE,CONS,R,,,,T60,.5302656,2017
SLB,2012,FALSE,CONS,U,,,,B40,.0940984,2017
SLB,2012,FALSE,CONS,U,,,,T60,.9059016,2017
SLE,2018,FALSE,CONS,,,,Primary education,B40,.421016,2017
SLE,2018,FALSE,CONS,,,,Primary education,T60,.578984,2017
SLE,2018,FALSE,CONS,,,,Secondary education,B40,.2509346,2017
SLE,2018,FALSE,CONS,,,,Secondary education,T60,.7490654,2017
SLE,2018,FALSE,CONS,,,,Tertiary education,B40,.1015276,2017
SLE,2018,FALSE,CONS,,,,Tertiary education,T60,.8984724,2017
SLE,2018,FALSE,CONS,,,0-14,,B40,.4576158,2017
SLE,2018,FALSE,CONS,,,0-14,,T60,.5423842,2017
SLE,2018,FALSE,CONS,,,15-64,,B40,.3505812,2017
SLE,2018,FALSE,CONS,,,15-64,,T60,.6494188,2017
SLE,2018,FALSE,CONS,,,>65,,B40,.4573343,2017
SLE,2018,FALSE,CONS,,,>65,,T60,.5426657,2017
SLE,2018,FALSE,CONS,,Female,,,B40,.4059235,2017
SLE,2018,FALSE,CONS,,Female,,,T60,.5940765,2017
SLE,2018,FALSE,CONS,,Male,,,B40,.3935257,2017
SLE,2018,FALSE,CONS,,Male,,,T60,.6064743,2017
SLE,2018,FALSE,CONS,R,,,,B40,.5647082,2017
SLE,2018,FALSE,CONS,R,,,,T60,.4352918,2017
SLE,2018,FALSE,CONS,U,,,,B40,.1870987,2017
SLE,2018,FALSE,CONS,U,,,,T60,.8129013,2017
SLV,2023,FALSE,INC,,,,No education,B40,.5144424,2017
SLV,2023,FALSE,INC,,,,No education,T60,.4855576,2017
SLV,2023,FALSE,INC,,,,Primary education,B40,.4192685,2017
SLV,2023,FALSE,INC,,,,Primary education,T60,.5807315,2017
SLV,2023,FALSE,INC,,,,Secondary education,B40,.2975348,2017
SLV,2023,FALSE,INC,,,,Secondary education,T60,.7024652,2017
SLV,2023,FALSE,INC,,,,Tertiary education,B40,.1141668,2017
SLV,2023,FALSE,INC,,,,Tertiary education,T60,.8858331,2017
SLV,2023,FALSE,INC,,,0-14,,B40,.5568068,2017
SLV,2023,FALSE,INC,,,0-14,,T60,.4431932,2017
SLV,2023,FALSE,INC,,,15-64,,B40,.3570304,2017
SLV,2023,FALSE,INC,,,15-64,,T60,.6429697,2017
SLV,2023,FALSE,INC,,,>65,,B40,.3322863,2017
SLV,2023,FALSE,INC,,,>65,,T60,.6677136,2017
SLV,2023,FALSE,INC,,Female,,,B40,.4038533,2017
SLV,2023,FALSE,INC,,Female,,,T60,.5961466,2017
SLV,2023,FALSE,INC,,Male,,,B40,.3949152,2017
SLV,2023,FALSE,INC,,Male,,,T60,.6050848,2017
SLV,2023,FALSE,INC,R,,,,B40,.5146682,2017
SLV,2023,FALSE,INC,R,,,,T60,.4853319,2017
SLV,2023,FALSE,INC,U,,,,B40,.328179,2017
SLV,2023,FALSE,INC,U,,,,T60,.6718209,2017
SRB,2021,FALSE,INC,,,,No education,B40,.6422583,2017
SRB,2021,FALSE,INC,,,,No education,T60,.3577417,2017
SRB,2021,FALSE,INC,,,,Primary education,B40,.6168467,2017
SRB,2021,FALSE,INC,,,,Primary education,T60,.3831533,2017
SRB,2021,FALSE,INC,,,,Secondary education,B40,.414857,2017
SRB,2021,FALSE,INC,,,,Secondary education,T60,.585143,2017
SRB,2021,FALSE,INC,,,,Tertiary education,B40,.1607459,2017
SRB,2021,FALSE,INC,,,,Tertiary education,T60,.8392541,2017
SRB,2021,FALSE,INC,,,0-14,,B40,.5233083,2017
SRB,2021,FALSE,INC,,,0-14,,T60,.4766917,2017
SRB,2021,FALSE,INC,,,15-64,,B40,.3896182,2017
SRB,2021,FALSE,INC,,,15-64,,T60,.6103818,2017
SRB,2021,FALSE,INC,,,>65,,B40,.3451012,2017
SRB,2021,FALSE,INC,,,>65,,T60,.6548988,2017
SRB,2021,FALSE,INC,,Female,,,B40,.3992808,2017
SRB,2021,FALSE,INC,,Female,,,T60,.6007192,2017
SRB,2021,FALSE,INC,,Male,,,B40,.3968765,2017
SRB,2021,FALSE,INC,,Male,,,T60,.6031235,2017
SRB,2021,FALSE,INC,R,,,,B40,.505463,2017
SRB,2021,FALSE,INC,R,,,,T60,.494537,2017
SRB,2021,FALSE,INC,U,,,,B40,.3258598,2017
SRB,2021,FALSE,INC,U,,,,T60,.6741402,2017
SSD,2016,FALSE,CONS,,,,No education,B40,.4256973,2017
SSD,2016,FALSE,CONS,,,,No education,T60,.5743027,2017
SSD,2016,FALSE,CONS,,,,Primary education,B40,.2975256,2017
SSD,2016,FALSE,CONS,,,,Primary education,T60,.7024744,2017
SSD,2016,FALSE,CONS,,,,Secondary education,B40,.2487178,2017
SSD,2016,FALSE,CONS,,,,Secondary education,T60,.7512822,2017
SSD,2016,FALSE,CONS,,,,Tertiary education,B40,.1202214,2017
SSD,2016,FALSE,CONS,,,,Tertiary education,T60,.8797786,2017
SSD,2016,FALSE,CONS,,,0-14,,B40,.4251263,2017
SSD,2016,FALSE,CONS,,,0-14,,T60,.5748737,2017
SSD,2016,FALSE,CONS,,,15-64,,B40,.3761946,2017
SSD,2016,FALSE,CONS,,,15-64,,T60,.6238054,2017
SSD,2016,FALSE,CONS,,,>65,,B40,.2800335,2017
SSD,2016,FALSE,CONS,,,>65,,T60,.7199665,2017
SSD,2016,FALSE,CONS,,Female,,,B40,.3980982,2017
SSD,2016,FALSE,CONS,,Female,,,T60,.6019018,2017
SSD,2016,FALSE,CONS,,Male,,,B40,.4018078,2017
SSD,2016,FALSE,CONS,,Male,,,T60,.5981922,2017
SSD,2016,FALSE,CONS,R,,,,B40,.4277729,2017
SSD,2016,FALSE,CONS,R,,,,T60,.5722271,2017
SSD,2016,FALSE,CONS,U,,,,B40,.2087723,2017
SSD,2016,FALSE,CONS,U,,,,T60,.7912276,2017
STP,2017,FALSE,CONS,,,,No education,B40,.3365548,2017
STP,2017,FALSE,CONS,,,,No education,T60,.6634452,2017
STP,2017,FALSE,CONS,,,,Primary education,B40,.4408351,2017
STP,2017,FALSE,CONS,,,,Primary education,T60,.5591649,2017
STP,2017,FALSE,CONS,,,,Secondary education,B40,.3466668,2017
STP,2017,FALSE,CONS,,,,Secondary education,T60,.6533332,2017
STP,2017,FALSE,CONS,,,,Tertiary education,B40,.1363159,2017
STP,2017,FALSE,CONS,,,,Tertiary education,T60,.8636841,2017
STP,2017,FALSE,CONS,,,0-14,,B40,.4590022,2017
STP,2017,FALSE,CONS,,,0-14,,T60,.5409978,2017
STP,2017,FALSE,CONS,,,15-64,,B40,.3614044,2017
STP,2017,FALSE,CONS,,,15-64,,T60,.6385956,2017
STP,2017,FALSE,CONS,,,>65,,B40,.32855,2017
STP,2017,FALSE,CONS,,,>65,,T60,.67145,2017
STP,2017,FALSE,CONS,,Female,,,B40,.4000189,2017
STP,2017,FALSE,CONS,,Female,,,T60,.5999811,2017
STP,2017,FALSE,CONS,,Male,,,B40,.4003423,2017
STP,2017,FALSE,CONS,,Male,,,T60,.5996577,2017
STP,2017,FALSE,CONS,R,,,,B40,.3817483,2017
STP,2017,FALSE,CONS,R,,,,T60,.6182517,2017
STP,2017,FALSE,CONS,U,,,,B40,.4110223,2017
STP,2017,FALSE,CONS,U,,,,T60,.5889777,2017
SUR,2022,FALSE,CONS,,,,No education,B40,.5846074,2017
SUR,2022,FALSE,CONS,,,,No education,T60,.4153925,2017
SUR,2022,FALSE,CONS,,,,Primary education,B40,.4784805,2017
SUR,2022,FALSE,CONS,,,,Primary education,T60,.5215194,2017
SUR,2022,FALSE,CONS,,,,Secondary education,B40,.3508751,2017
SUR,2022,FALSE,CONS,,,,Secondary education,T60,.6491249,2017
SUR,2022,FALSE,CONS,,,,Tertiary education,B40,.1402318,2017
SUR,2022,FALSE,CONS,,,,Tertiary education,T60,.8597682,2017
SUR,2022,FALSE,CONS,,,0-14,,B40,.5066882,2017
SUR,2022,FALSE,CONS,,,0-14,,T60,.4933118,2017
SUR,2022,FALSE,CONS,,,15-64,,B40,.3697335,2017
SUR,2022,FALSE,CONS,,,15-64,,T60,.6302665,2017
SUR,2022,FALSE,CONS,,,>65,,B40,.2812917,2017
SUR,2022,FALSE,CONS,,,>65,,T60,.7187083,2017
SUR,2022,FALSE,CONS,,Female,,,B40,.4065764,2017
SUR,2022,FALSE,CONS,,Female,,,T60,.5934236,2017
SUR,2022,FALSE,CONS,,Male,,,B40,.3930394,2017
SUR,2022,FALSE,CONS,,Male,,,T60,.6069606,2017
SVK,2022,FALSE,INC,,,,No education,B40,.4764007,2017
SVK,2022,FALSE,INC,,,,No education,T60,.5235993,2017
SVK,2022,FALSE,INC,,,,Primary education,B40,.8614487,2017
SVK,2022,FALSE,INC,,,,Primary education,T60,.1385513,2017
SVK,2022,FALSE,INC,,,,Secondary education,B40,.3577125,2017
SVK,2022,FALSE,INC,,,,Secondary education,T60,.6422876,2017
SVK,2022,FALSE,INC,,,,Tertiary education,B40,.2657725,2017
SVK,2022,FALSE,INC,,,,Tertiary education,T60,.7342275,2017
SVK,2022,FALSE,INC,,,0-14,,B40,.6996722,2017
SVK,2022,FALSE,INC,,,0-14,,T60,.3003277,2017
SVK,2022,FALSE,INC,,,15-64,,B40,.390038,2017
SVK,2022,FALSE,INC,,,15-64,,T60,.609962,2017
SVK,2022,FALSE,INC,,,>65,,B40,.1994023,2017
SVK,2022,FALSE,INC,,,>65,,T60,.8005977,2017
SVK,2022,FALSE,INC,,Female,,,B40,.3920195,2017
SVK,2022,FALSE,INC,,Female,,,T60,.6079805,2017
SVK,2022,FALSE,INC,,Male,,,B40,.4064047,2017
SVK,2022,FALSE,INC,,Male,,,T60,.5935953,2017
SVK,2022,FALSE,INC,R,,,,B40,.4203062,2017
SVK,2022,FALSE,INC,R,,,,T60,.5796938,2017
SVK,2022,FALSE,INC,U,,,,B40,.3787732,2017
SVK,2022,FALSE,INC,U,,,,T60,.6212267,2017
SVN,2022,FALSE,INC,,,,Secondary education,B40,.4238029,2017
SVN,2022,FALSE,INC,,,,Secondary education,T60,.5761971,2017
SVN,2022,FALSE,INC,,,,Tertiary education,B40,.2265935,2017
SVN,2022,FALSE,INC,,,,Tertiary education,T60,.7734065,2017
SVN,2022,FALSE,INC,,,0-14,,B40,.5953231,2017
SVN,2022,FALSE,INC,,,0-14,,T60,.4046769,2017
SVN,2022,FALSE,INC,,,15-64,,B40,.3691421,2017
SVN,2022,FALSE,INC,,,15-64,,T60,.6308579,2017
SVN,2022,FALSE,INC,,,>65,,B40,.3534969,2017
SVN,2022,FALSE,INC,,,>65,,T60,.6465031,2017
SVN,2022,FALSE,INC,,Female,,,B40,.4066519,2017
SVN,2022,FALSE,INC,,Female,,,T60,.5933481,2017
SVN,2022,FALSE,INC,,Male,,,B40,.3934075,2017
SVN,2022,FALSE,INC,,Male,,,T60,.6065925,2017
SWE,2022,FALSE,INC,,,,Primary education,B40,.5519698,2017
SWE,2022,FALSE,INC,,,,Primary education,T60,.4480302,2017
SWE,2022,FALSE,INC,,,,Secondary education,B40,.347877,2017
SWE,2022,FALSE,INC,,,,Secondary education,T60,.652123,2017
SWE,2022,FALSE,INC,,,,Tertiary education,B40,.2597319,2017
SWE,2022,FALSE,INC,,,,Tertiary education,T60,.7402681,2017
SWE,2022,FALSE,INC,,,0-14,,B40,.668011,2017
SWE,2022,FALSE,INC,,,0-14,,T60,.331989,2017
SWE,2022,FALSE,INC,,,15-64,,B40,.36694,2017
SWE,2022,FALSE,INC,,,15-64,,T60,.63306,2017
SWE,2022,FALSE,INC,,,>65,,B40,.2848351,2017
SWE,2022,FALSE,INC,,,>65,,T60,.7151648,2017
SWE,2022,FALSE,INC,,Female,,,B40,.4058245,2017
SWE,2022,FALSE,INC,,Female,,,T60,.5941756,2017
SWE,2022,FALSE,INC,,Male,,,B40,.3836378,2017
SWE,2022,FALSE,INC,,Male,,,T60,.6163622,2017
SWE,2022,FALSE,INC,R,,,,B40,.4367473,2017
SWE,2022,FALSE,INC,R,,,,T60,.5632527,2017
SWE,2022,FALSE,INC,U,,,,B40,.388276,2017
SWE,2022,FALSE,INC,U,,,,T60,.611724,2017
SWZ,2016,FALSE,CONS,,,,No education,B40,.544957,2017
SWZ,2016,FALSE,CONS,,,,No education,T60,.455043,2017
SWZ,2016,FALSE,CONS,,,,Primary education,B40,.4746196,2017
SWZ,2016,FALSE,CONS,,,,Primary education,T60,.5253804,2017
SWZ,2016,FALSE,CONS,,,,Secondary education,B40,.275355,2017
SWZ,2016,FALSE,CONS,,,,Secondary education,T60,.7246451,2017
SWZ,2016,FALSE,CONS,,,,Tertiary education,B40,.0233508,2017
SWZ,2016,FALSE,CONS,,,,Tertiary education,T60,.9766492,2017
SWZ,2016,FALSE,CONS,,,0-14,,B40,.4906591,2017
SWZ,2016,FALSE,CONS,,,0-14,,T60,.5093409,2017
SWZ,2016,FALSE,CONS,,,15-64,,B40,.3301862,2017
SWZ,2016,FALSE,CONS,,,15-64,,T60,.6698139,2017
SWZ,2016,FALSE,CONS,,,>65,,B40,.4620374,2017
SWZ,2016,FALSE,CONS,,,>65,,T60,.5379626,2017
SWZ,2016,FALSE,CONS,,Female,,,B40,.4114072,2017
SWZ,2016,FALSE,CONS,,Female,,,T60,.5885928,2017
SWZ,2016,FALSE,CONS,,Male,,,B40,.3872048,2017
SWZ,2016,FALSE,CONS,,Male,,,T60,.6127952,2017
SWZ,2016,FALSE,CONS,R,,,,B40,.4875283,2017
SWZ,2016,FALSE,CONS,R,,,,T60,.5124717,2017
SWZ,2016,FALSE,CONS,U,,,,B40,.092311,2017
SWZ,2016,FALSE,CONS,U,,,,T60,.907689,2017
SYC,2018,FALSE,INC,,,,No education,B40,.3002084,2017
SYC,2018,FALSE,INC,,,,No education,T60,.6997916,2017
SYC,2018,FALSE,INC,,,,Primary education,B40,.3026418,2017
SYC,2018,FALSE,INC,,,,Primary education,T60,.6973582,2017
SYC,2018,FALSE,INC,,,,Secondary education,B40,.3589533,2017
SYC,2018,FALSE,INC,,,,Secondary education,T60,.6410466,2017
SYC,2018,FALSE,INC,,,,Tertiary education,B40,.2919631,2017
SYC,2018,FALSE,INC,,,,Tertiary education,T60,.7080369,2017
SYC,2018,FALSE,INC,,,0-14,,B40,.5404711,2017
SYC,2018,FALSE,INC,,,0-14,,T60,.4595289,2017
SYC,2018,FALSE,INC,,,15-64,,B40,.3373998,2017
SYC,2018,FALSE,INC,,,15-64,,T60,.6626003,2017
SYC,2018,FALSE,INC,,,>65,,B40,.2231178,2017
SYC,2018,FALSE,INC,,,>65,,T60,.7768822,2017
SYC,2018,FALSE,INC,,Female,,,B40,.3611392,2017
SYC,2018,FALSE,INC,,Female,,,T60,.6388608,2017
SYC,2018,FALSE,INC,,Male,,,B40,.3799147,2017
SYC,2018,FALSE,INC,,Male,,,T60,.6200853,2017
TCD,2018,FALSE,CONS,,,,No education,B40,.4162593,2017
TCD,2018,FALSE,CONS,,,,No education,T60,.5837407,2017
TCD,2018,FALSE,CONS,,,,Primary education,B40,.4043401,2017
TCD,2018,FALSE,CONS,,,,Primary education,T60,.5956599,2017
TCD,2018,FALSE,CONS,,,,Secondary education,B40,.2546654,2017
TCD,2018,FALSE,CONS,,,,Secondary education,T60,.7453346,2017
TCD,2018,FALSE,CONS,,,,Tertiary education,B40,.0460024,2017
TCD,2018,FALSE,CONS,,,,Tertiary education,T60,.9539976,2017
TCD,2018,FALSE,CONS,,,0-14,,B40,.4521887,2017
TCD,2018,FALSE,CONS,,,0-14,,T60,.5478113,2017
TCD,2018,FALSE,CONS,,,15-64,,B40,.3440224,2017
TCD,2018,FALSE,CONS,,,15-64,,T60,.6559776,2017
TCD,2018,FALSE,CONS,,,>65,,B40,.2817522,2017
TCD,2018,FALSE,CONS,,,>65,,T60,.7182478,2017
TCD,2018,FALSE,CONS,,Female,,,B40,.4033455,2017
TCD,2018,FALSE,CONS,,Female,,,T60,.5966545,2017
TCD,2018,FALSE,CONS,,Male,,,B40,.3963768,2017
TCD,2018,FALSE,CONS,,Male,,,T60,.6036232,2017
TCD,2018,FALSE,CONS,R,,,,B40,.4887046,2017
TCD,2018,FALSE,CONS,R,,,,T60,.5112954,2017
TCD,2018,FALSE,CONS,U,,,,B40,.1249797,2017
TCD,2018,FALSE,CONS,U,,,,T60,.8750203,2017
TGO,2021,FALSE,CONS,,,,No education,B40,.5255401,2017
TGO,2021,FALSE,CONS,,,,No education,T60,.4744599,2017
TGO,2021,FALSE,CONS,,,,Primary education,B40,.3710536,2017
TGO,2021,FALSE,CONS,,,,Primary education,T60,.6289464,2017
TGO,2021,FALSE,CONS,,,,Secondary education,B40,.2303072,2017
TGO,2021,FALSE,CONS,,,,Secondary education,T60,.7696928,2017
TGO,2021,FALSE,CONS,,,,Tertiary education,B40,.0401134,2017
TGO,2021,FALSE,CONS,,,,Tertiary education,T60,.9598866,2017
TGO,2021,FALSE,CONS,,,0-14,,B40,.4861683,2017
TGO,2021,FALSE,CONS,,,0-14,,T60,.5138317,2017
TGO,2021,FALSE,CONS,,,15-64,,B40,.3354342,2017
TGO,2021,FALSE,CONS,,,15-64,,T60,.6645658,2017
TGO,2021,FALSE,CONS,,,>65,,B40,.3694167,2017
TGO,2021,FALSE,CONS,,,>65,,T60,.6305833,2017
TGO,2021,FALSE,CONS,,Female,,,B40,.4007846,2017
TGO,2021,FALSE,CONS,,Female,,,T60,.5992154,2017
TGO,2021,FALSE,CONS,,Male,,,B40,.3990947,2017
TGO,2021,FALSE,CONS,,Male,,,T60,.6009053,2017
TGO,2021,FALSE,CONS,R,,,,B40,.5859756,2017
TGO,2021,FALSE,CONS,R,,,,T60,.4140244,2017
TGO,2021,FALSE,CONS,U,,,,B40,.1523951,2017
TGO,2021,FALSE,CONS,U,,,,T60,.8476049,2017
THA,2023,FALSE,CONS,,,,No education,B40,.6571367,2017
THA,2023,FALSE,CONS,,,,No education,T60,.3428634,2017
THA,2023,FALSE,CONS,,,,Primary education,B40,.5011792,2017
THA,2023,FALSE,CONS,,,,Primary education,T60,.4988208,2017
THA,2023,FALSE,CONS,,,,Secondary education,B40,.2987586,2017
THA,2023,FALSE,CONS,,,,Secondary education,T60,.7012414,2017
THA,2023,FALSE,CONS,,,,Tertiary education,B40,.0827296,2017
THA,2023,FALSE,CONS,,,,Tertiary education,T60,.9172704,2017
THA,2023,FALSE,CONS,,,0-14,,B40,.5705387,2017
THA,2023,FALSE,CONS,,,0-14,,T60,.4294613,2017
THA,2023,FALSE,CONS,,,15-64,,B40,.3486609,2017
THA,2023,FALSE,CONS,,,15-64,,T60,.6513391,2017
THA,2023,FALSE,CONS,,,>65,,B40,.4559944,2017
THA,2023,FALSE,CONS,,,>65,,T60,.5440056,2017
THA,2023,FALSE,CONS,,Female,,,B40,.3933907,2017
THA,2023,FALSE,CONS,,Female,,,T60,.6066093,2017
THA,2023,FALSE,CONS,,Male,,,B40,.4072092,2017
THA,2023,FALSE,CONS,,Male,,,T60,.5927908,2017
THA,2023,FALSE,CONS,R,,,,B40,.5228889,2017
THA,2023,FALSE,CONS,R,,,,T60,.4771111,2017
THA,2023,FALSE,CONS,U,,,,B40,.2415337,2017
THA,2023,FALSE,CONS,U,,,,T60,.7584662,2017
TJK,2015,FALSE,CONS,,,,No education,B40,.4783993,2017
TJK,2015,FALSE,CONS,,,,No education,T60,.5216007,2017
TJK,2015,FALSE,CONS,,,,Primary education,B40,.4771375,2017
TJK,2015,FALSE,CONS,,,,Primary education,T60,.5228625,2017
TJK,2015,FALSE,CONS,,,,Secondary education,B40,.3834538,2017
TJK,2015,FALSE,CONS,,,,Secondary education,T60,.6165462,2017
TJK,2015,FALSE,CONS,,,,Tertiary education,B40,.239691,2017
TJK,2015,FALSE,CONS,,,,Tertiary education,T60,.760309,2017
TJK,2015,FALSE,CONS,,,0-14,,B40,.4345936,2017
TJK,2015,FALSE,CONS,,,0-14,,T60,.5654064,2017
TJK,2015,FALSE,CONS,,,15-64,,B40,.3845715,2017
TJK,2015,FALSE,CONS,,,15-64,,T60,.6154285,2017
TJK,2015,FALSE,CONS,,,>65,,B40,.3649655,2017
TJK,2015,FALSE,CONS,,,>65,,T60,.6350345,2017
TJK,2015,FALSE,CONS,,Female,,,B40,.4004649,2017
TJK,2015,FALSE,CONS,,Female,,,T60,.5995351,2017
TJK,2015,FALSE,CONS,,Male,,,B40,.3995311,2017
TJK,2015,FALSE,CONS,,Male,,,T60,.6004689,2017
TJK,2015,FALSE,CONS,R,,,,B40,.4349012,2017
TJK,2015,FALSE,CONS,R,,,,T60,.5650988,2017
TJK,2015,FALSE,CONS,U,,,,B40,.3033401,2017
TJK,2015,FALSE,CONS,U,,,,T60,.6966599,2017
TLS,2014,FALSE,CONS,,,,No education,B40,.4020163,2017
TLS,2014,FALSE,CONS,,,,No education,T60,.5979837,2017
TLS,2014,FALSE,CONS,,,,Primary education,B40,.401649,2017
TLS,2014,FALSE,CONS,,,,Primary education,T60,.5983509,2017
TLS,2014,FALSE,CONS,,,,Secondary education,B40,.272327,2017
TLS,2014,FALSE,CONS,,,,Secondary education,T60,.7276729,2017
TLS,2014,FALSE,CONS,,,,Tertiary education,B40,.1430905,2017
TLS,2014,FALSE,CONS,,,,Tertiary education,T60,.8569095,2017
TLS,2014,FALSE,CONS,,,0-14,,B40,.4722114,2017
TLS,2014,FALSE,CONS,,,0-14,,T60,.5277886,2017
TLS,2014,FALSE,CONS,,,15-64,,B40,.3609128,2017
TLS,2014,FALSE,CONS,,,15-64,,T60,.6390871,2017
TLS,2014,FALSE,CONS,,,>65,,B40,.2633583,2017
TLS,2014,FALSE,CONS,,,>65,,T60,.7366417,2017
TLS,2014,FALSE,CONS,,Female,,,B40,.3952243,2017
TLS,2014,FALSE,CONS,,Female,,,T60,.6047757,2017
TLS,2014,FALSE,CONS,,Male,,,B40,.4047396,2017
TLS,2014,FALSE,CONS,,Male,,,T60,.5952603,2017
TLS,2014,FALSE,CONS,R,,,,B40,.4553582,2017
TLS,2014,FALSE,CONS,R,,,,T60,.5446418,2017
TLS,2014,FALSE,CONS,U,,,,B40,.2592871,2017
TLS,2014,FALSE,CONS,U,,,,T60,.7407129,2017
TON,2021,FALSE,CONS,,,,No education,B40,.485122,2017
TON,2021,FALSE,CONS,,,,No education,T60,.514878,2017
TON,2021,FALSE,CONS,,,,Primary education,B40,.4575466,2017
TON,2021,FALSE,CONS,,,,Primary education,T60,.5424534,2017
TON,2021,FALSE,CONS,,,,Secondary education,B40,.3456704,2017
TON,2021,FALSE,CONS,,,,Secondary education,T60,.6543296,2017
TON,2021,FALSE,CONS,,,,Tertiary education,B40,.1637485,2017
TON,2021,FALSE,CONS,,,,Tertiary education,T60,.8362515,2017
TON,2021,FALSE,CONS,,,0-14,,B40,.4905014,2017
TON,2021,FALSE,CONS,,,0-14,,T60,.5094985,2017
TON,2021,FALSE,CONS,,,15-64,,B40,.3596138,2017
TON,2021,FALSE,CONS,,,15-64,,T60,.6403862,2017
TON,2021,FALSE,CONS,,,>65,,B40,.2781173,2017
TON,2021,FALSE,CONS,,,>65,,T60,.7218827,2017
TON,2021,FALSE,CONS,,Female,,,B40,.3870335,2017
TON,2021,FALSE,CONS,,Female,,,T60,.6129665,2017
TON,2021,FALSE,CONS,,Male,,,B40,.4135273,2017
TON,2021,FALSE,CONS,,Male,,,T60,.5864727,2017
TON,2021,FALSE,CONS,R,,,,B40,.4165806,2017
TON,2021,FALSE,CONS,R,,,,T60,.5834194,2017
TON,2021,FALSE,CONS,U,,,,B40,.3408525,2017
TON,2021,FALSE,CONS,U,,,,T60,.6591475,2017
TUN,2021,FALSE,CONS,,,,No education,B40,.4527664,2017
TUN,2021,FALSE,CONS,,,,No education,T60,.5472336,2017
TUN,2021,FALSE,CONS,,,,Primary education,B40,.4137304,2017
TUN,2021,FALSE,CONS,,,,Primary education,T60,.5862696,2017
TUN,2021,FALSE,CONS,,,,Secondary education,B40,.3208858,2017
TUN,2021,FALSE,CONS,,,,Secondary education,T60,.6791142,2017
TUN,2021,FALSE,CONS,,,,Tertiary education,B40,.2242021,2017
TUN,2021,FALSE,CONS,,,,Tertiary education,T60,.7757979,2017
TUN,2021,FALSE,CONS,,,0-14,,B40,.5594119,2017
TUN,2021,FALSE,CONS,,,0-14,,T60,.4405881,2017
TUN,2021,FALSE,CONS,,,15-64,,B40,.3709651,2017
TUN,2021,FALSE,CONS,,,15-64,,T60,.6290349,2017
TUN,2021,FALSE,CONS,,,>65,,B40,.2617801,2017
TUN,2021,FALSE,CONS,,,>65,,T60,.7382199,2017
TUN,2021,FALSE,CONS,,Female,,,B40,.4002756,2017
TUN,2021,FALSE,CONS,,Female,,,T60,.5997244,2017
TUN,2021,FALSE,CONS,,Male,,,B40,.3996976,2017
TUN,2021,FALSE,CONS,,Male,,,T60,.6003024,2017
TUN,2021,FALSE,CONS,R,,,,B40,.6125732,2017
TUN,2021,FALSE,CONS,R,,,,T60,.3874268,2017
TUN,2021,FALSE,CONS,U,,,,B40,.2997834,2017
TUN,2021,FALSE,CONS,U,,,,T60,.7002166,2017
TUV,2010,FALSE,CONS,,,,No education,B40,.5447035,2017
TUV,2010,FALSE,CONS,,,,No education,T60,.4552965,2017
TUV,2010,FALSE,CONS,,,,Primary education,B40,.4077033,2017
TUV,2010,FALSE,CONS,,,,Primary education,T60,.5922967,2017
TUV,2010,FALSE,CONS,,,,Secondary education,B40,.3810515,2017
TUV,2010,FALSE,CONS,,,,Secondary education,T60,.6189486,2017
TUV,2010,FALSE,CONS,,,,Tertiary education,B40,.1506171,2017
TUV,2010,FALSE,CONS,,,,Tertiary education,T60,.8493829,2017
TUV,2010,FALSE,CONS,,,0-14,,B40,.4377763,2017
TUV,2010,FALSE,CONS,,,0-14,,T60,.5622237,2017
TUV,2010,FALSE,CONS,,,15-64,,B40,.3766586,2017
TUV,2010,FALSE,CONS,,,15-64,,T60,.6233414,2017
TUV,2010,FALSE,CONS,,,>65,,B40,.4209672,2017
TUV,2010,FALSE,CONS,,,>65,,T60,.5790328,2017
TUV,2010,FALSE,CONS,,Female,,,B40,.4096934,2017
TUV,2010,FALSE,CONS,,Female,,,T60,.5903066,2017
TUV,2010,FALSE,CONS,,Male,,,B40,.3897247,2017
TUV,2010,FALSE,CONS,,Male,,,T60,.6102753,2017
TUV,2010,FALSE,CONS,R,,,,B40,.4156515,2017
TUV,2010,FALSE,CONS,R,,,,T60,.5843485,2017
TUV,2010,FALSE,CONS,U,,,,B40,.3858214,2017
TUV,2010,FALSE,CONS,U,,,,T60,.6141786,2017
TZA,2018,FALSE,CONS,,,,No education,B40,.4896894,2017
TZA,2018,FALSE,CONS,,,,No education,T60,.5103106,2017
TZA,2018,FALSE,CONS,,,,Primary education,B40,.3624575,2017
TZA,2018,FALSE,CONS,,,,Primary education,T60,.6375425,2017
TZA,2018,FALSE,CONS,,,,Secondary education,B40,.1826574,2017
TZA,2018,FALSE,CONS,,,,Secondary education,T60,.8173426,2017
TZA,2018,FALSE,CONS,,,,Tertiary education,B40,.0428941,2017
TZA,2018,FALSE,CONS,,,,Tertiary education,T60,.9571059,2017
TZA,2018,FALSE,CONS,,,0-14,,B40,.4760133,2017
TZA,2018,FALSE,CONS,,,0-14,,T60,.5239867,2017
TZA,2018,FALSE,CONS,,,15-64,,B40,.343924,2017
TZA,2018,FALSE,CONS,,,15-64,,T60,.656076,2017
TZA,2018,FALSE,CONS,,,>65,,B40,.3458474,2017
TZA,2018,FALSE,CONS,,,>65,,T60,.6541526,2017
TZA,2018,FALSE,CONS,,Female,,,B40,.4030123,2017
TZA,2018,FALSE,CONS,,Female,,,T60,.5969877,2017
TZA,2018,FALSE,CONS,,Male,,,B40,.3992048,2017
TZA,2018,FALSE,CONS,,Male,,,T60,.6007952,2017
TZA,2018,FALSE,CONS,R,,,,B40,.4784234,2017
TZA,2018,FALSE,CONS,R,,,,T60,.5215765,2017
TZA,2018,FALSE,CONS,U,,,,B40,.2320695,2017
TZA,2018,FALSE,CONS,U,,,,T60,.7679304,2017
UGA,2019,FALSE,CONS,,,,No education,B40,.527447,2017
UGA,2019,FALSE,CONS,,,,No education,T60,.472553,2017
UGA,2019,FALSE,CONS,,,,Primary education,B40,.3965255,2017
UGA,2019,FALSE,CONS,,,,Primary education,T60,.6034746,2017
UGA,2019,FALSE,CONS,,,,Secondary education,B40,.2182993,2017
UGA,2019,FALSE,CONS,,,,Secondary education,T60,.7817007,2017
UGA,2019,FALSE,CONS,,,,Tertiary education,B40,.0566581,2017
UGA,2019,FALSE,CONS,,,,Tertiary education,T60,.9433419,2017
UGA,2019,FALSE,CONS,,,0-14,,B40,.4613895,2017
UGA,2019,FALSE,CONS,,,0-14,,T60,.5386105,2017
UGA,2019,FALSE,CONS,,,15-64,,B40,.3459661,2017
UGA,2019,FALSE,CONS,,,15-64,,T60,.6540338,2017
UGA,2019,FALSE,CONS,,,>65,,B40,.3430761,2017
UGA,2019,FALSE,CONS,,,>65,,T60,.6569238,2017
UGA,2019,FALSE,CONS,,Female,,,B40,.4012522,2017
UGA,2019,FALSE,CONS,,Female,,,T60,.5987478,2017
UGA,2019,FALSE,CONS,,Male,,,B40,.3986343,2017
UGA,2019,FALSE,CONS,,Male,,,T60,.6013657,2017
UGA,2019,FALSE,CONS,R,,,,B40,.4682038,2017
UGA,2019,FALSE,CONS,R,,,,T60,.5317963,2017
UGA,2019,FALSE,CONS,U,,,,B40,.2116291,2017
UGA,2019,FALSE,CONS,U,,,,T60,.7883709,2017
URY,2023,FALSE,INC,,,,No education,B40,.5611832,2017
URY,2023,FALSE,INC,,,,No education,T60,.4388168,2017
URY,2023,FALSE,INC,,,,Primary education,B40,.4632008,2017
URY,2023,FALSE,INC,,,,Primary education,T60,.5367992,2017
URY,2023,FALSE,INC,,,,Secondary education,B40,.4033092,2017
URY,2023,FALSE,INC,,,,Secondary education,T60,.5966908,2017
URY,2023,FALSE,INC,,,,Tertiary education,B40,.1174174,2017
URY,2023,FALSE,INC,,,,Tertiary education,T60,.8825827,2017
URY,2023,FALSE,INC,,,0-14,,B40,.6148239,2017
URY,2023,FALSE,INC,,,0-14,,T60,.3851761,2017
URY,2023,FALSE,INC,,,15-64,,B40,.3869077,2017
URY,2023,FALSE,INC,,,15-64,,T60,.6130924,2017
URY,2023,FALSE,INC,,,>65,,B40,.1816945,2017
URY,2023,FALSE,INC,,,>65,,T60,.8183055,2017
URY,2023,FALSE,INC,,Female,,,B40,.4067451,2017
URY,2023,FALSE,INC,,Female,,,T60,.5932549,2017
URY,2023,FALSE,INC,,Male,,,B40,.3926856,2017
URY,2023,FALSE,INC,,Male,,,T60,.6073143,2017
URY,2023,FALSE,INC,R,,,,B40,.4389828,2017
URY,2023,FALSE,INC,R,,,,T60,.5610173,2017
URY,2023,FALSE,INC,U,,,,B40,.397696,2017
URY,2023,FALSE,INC,U,,,,T60,.602304,2017
UZB,2023,FALSE,INC,,,,No education,B40,.5684594,2017
UZB,2023,FALSE,INC,,,,No education,T60,.4315406,2017
UZB,2023,FALSE,INC,,,,Primary education,B40,.5023307,2017
UZB,2023,FALSE,INC,,,,Primary education,T60,.4976693,2017
UZB,2023,FALSE,INC,,,,Secondary education,B40,.4118124,2017
UZB,2023,FALSE,INC,,,,Secondary education,T60,.5881876,2017
UZB,2023,FALSE,INC,,,,Tertiary education,B40,.336914,2017
UZB,2023,FALSE,INC,,,,Tertiary education,T60,.6630859,2017
UZB,2023,FALSE,INC,,,0-14,,B40,.4838924,2017
UZB,2023,FALSE,INC,,,0-14,,T60,.5161076,2017
UZB,2023,FALSE,INC,,,15-64,,B40,.3733706,2017
UZB,2023,FALSE,INC,,,15-64,,T60,.6266294,2017
UZB,2023,FALSE,INC,,,>65,,B40,.3330181,2017
UZB,2023,FALSE,INC,,,>65,,T60,.6669819,2017
UZB,2023,FALSE,INC,,Female,,,B40,.4051476,2017
UZB,2023,FALSE,INC,,Female,,,T60,.5948524,2017
UZB,2023,FALSE,INC,,Male,,,B40,.3948956,2017
UZB,2023,FALSE,INC,,Male,,,T60,.6051044,2017
UZB,2023,FALSE,INC,R,,,,B40,.4311132,2017
UZB,2023,FALSE,INC,R,,,,T60,.5688869,2017
UZB,2023,FALSE,INC,U,,,,B40,.370071,2017
UZB,2023,FALSE,INC,U,,,,T60,.6299289,2017
VNM,2022,FALSE,CONS,,,,No education,B40,.7486969,2017
VNM,2022,FALSE,CONS,,,,No education,T60,.2513031,2017
VNM,2022,FALSE,CONS,,,,Primary education,B40,.5180916,2017
VNM,2022,FALSE,CONS,,,,Primary education,T60,.4819084,2017
VNM,2022,FALSE,CONS,,,,Secondary education,B40,.3172334,2017
VNM,2022,FALSE,CONS,,,,Secondary education,T60,.6827667,2017
VNM,2022,FALSE,CONS,,,,Tertiary education,B40,.0885593,2017
VNM,2022,FALSE,CONS,,,,Tertiary education,T60,.9114407,2017
VNM,2022,FALSE,CONS,,,0-14,,B40,.4957881,2017
VNM,2022,FALSE,CONS,,,0-14,,T60,.5042119,2017
VNM,2022,FALSE,CONS,,,15-64,,B40,.366861,2017
VNM,2022,FALSE,CONS,,,15-64,,T60,.633139,2017
VNM,2022,FALSE,CONS,,,>65,,B40,.3911431,2017
VNM,2022,FALSE,CONS,,,>65,,T60,.6088569,2017
VNM,2022,FALSE,CONS,,Female,,,B40,.4000055,2017
VNM,2022,FALSE,CONS,,Female,,,T60,.5999945,2017
VNM,2022,FALSE,CONS,,Male,,,B40,.3999646,2017
VNM,2022,FALSE,CONS,,Male,,,T60,.6000354,2017
VNM,2022,FALSE,CONS,R,,,,B40,.5113882,2017
VNM,2022,FALSE,CONS,R,,,,T60,.4886118,2017
VNM,2022,FALSE,CONS,U,,,,B40,.2253626,2017
VNM,2022,FALSE,CONS,U,,,,T60,.7746373,2017
VUT,2019,FALSE,CONS,,,,No education,B40,.6376395,2017
VUT,2019,FALSE,CONS,,,,No education,T60,.3623605,2017
VUT,2019,FALSE,CONS,,,,Primary education,B40,.4168862,2017
VUT,2019,FALSE,CONS,,,,Primary education,T60,.5831138,2017
VUT,2019,FALSE,CONS,,,,Secondary education,B40,.2067521,2017
VUT,2019,FALSE,CONS,,,,Secondary education,T60,.7932479,2017
VUT,2019,FALSE,CONS,,,,Tertiary education,B40,.0273071,2017
VUT,2019,FALSE,CONS,,,,Tertiary education,T60,.972693,2017
VUT,2019,FALSE,CONS,,,0-14,,B40,.4689558,2017
VUT,2019,FALSE,CONS,,,0-14,,T60,.5310442,2017
VUT,2019,FALSE,CONS,,,15-64,,B40,.3558658,2017
VUT,2019,FALSE,CONS,,,15-64,,T60,.6441342,2017
VUT,2019,FALSE,CONS,,,>65,,B40,.383586,2017
VUT,2019,FALSE,CONS,,,>65,,T60,.616414,2017
VUT,2019,FALSE,CONS,,Female,,,B40,.4025173,2017
VUT,2019,FALSE,CONS,,Female,,,T60,.5974827,2017
VUT,2019,FALSE,CONS,,Male,,,B40,.3975365,2017
VUT,2019,FALSE,CONS,,Male,,,T60,.6024635,2017
VUT,2019,FALSE,CONS,R,,,,B40,.4980876,2017
VUT,2019,FALSE,CONS,R,,,,T60,.5019124,2017
VUT,2019,FALSE,CONS,U,,,,B40,.1228528,2017
VUT,2019,FALSE,CONS,U,,,,T60,.8771472,2017
WSM,2013,FALSE,CONS,,,,No education,B40,.5018154,2017
WSM,2013,FALSE,CONS,,,,No education,T60,.4981845,2017
WSM,2013,FALSE,CONS,,,,Primary education,B40,.4092508,2017
WSM,2013,FALSE,CONS,,,,Primary education,T60,.5907493,2017
WSM,2013,FALSE,CONS,,,,Secondary education,B40,.3887382,2017
WSM,2013,FALSE,CONS,,,,Secondary education,T60,.6112618,2017
WSM,2013,FALSE,CONS,,,,Tertiary education,B40,.1859523,2017
WSM,2013,FALSE,CONS,,,,Tertiary education,T60,.8140477,2017
WSM,2013,FALSE,CONS,,,0-14,,B40,.4480911,2017
WSM,2013,FALSE,CONS,,,0-14,,T60,.5519089,2017
WSM,2013,FALSE,CONS,,,15-64,,B40,.37626,2017
WSM,2013,FALSE,CONS,,,15-64,,T60,.62374,2017
WSM,2013,FALSE,CONS,,,>65,,B40,.3074517,2017
WSM,2013,FALSE,CONS,,,>65,,T60,.6925483,2017
WSM,2013,FALSE,CONS,,Female,,,B40,.4049449,2017
WSM,2013,FALSE,CONS,,Female,,,T60,.5950551,2017
WSM,2013,FALSE,CONS,,Male,,,B40,.3953149,2017
WSM,2013,FALSE,CONS,,Male,,,T60,.6046851,2017
WSM,2013,FALSE,CONS,R,,,,B40,.3934164,2017
WSM,2013,FALSE,CONS,R,,,,T60,.6065836,2017
WSM,2013,FALSE,CONS,U,,,,B40,.4276086,2017
WSM,2013,FALSE,CONS,U,,,,T60,.5723915,2017
YEM,2014,FALSE,CONS,,,,No education,B40,.4452976,2017
YEM,2014,FALSE,CONS,,,,No education,T60,.5547024,2017
YEM,2014,FALSE,CONS,,,,Primary education,B40,.4010392,2017
YEM,2014,FALSE,CONS,,,,Primary education,T60,.5989609,2017
YEM,2014,FALSE,CONS,,,,Secondary education,B40,.3039505,2017
YEM,2014,FALSE,CONS,,,,Secondary education,T60,.6960495,2017
YEM,2014,FALSE,CONS,,,,Tertiary education,B40,.1397157,2017
YEM,2014,FALSE,CONS,,,,Tertiary education,T60,.8602843,2017
YEM,2014,FALSE,CONS,,,0-14,,B40,.4497667,2017
YEM,2014,FALSE,CONS,,,0-14,,T60,.5502334,2017
YEM,2014,FALSE,CONS,,,15-64,,B40,.3623388,2017
YEM,2014,FALSE,CONS,,,15-64,,T60,.6376612,2017
YEM,2014,FALSE,CONS,,,>65,,B40,.3745975,2017
YEM,2014,FALSE,CONS,,,>65,,T60,.6254025,2017
YEM,2014,FALSE,CONS,,Female,,,B40,.4007615,2017
YEM,2014,FALSE,CONS,,Female,,,T60,.5992386,2017
YEM,2014,FALSE,CONS,,Male,,,B40,.3991454,2017
YEM,2014,FALSE,CONS,,Male,,,T60,.6008546,2017
YEM,2014,FALSE,CONS,R,,,,B40,.4949875,2017
YEM,2014,FALSE,CONS,R,,,,T60,.5050125,2017
YEM,2014,FALSE,CONS,U,,,,B40,.1800071,2017
YEM,2014,FALSE,CONS,U,,,,T60,.8199928,2017
ZAF,2014,FALSE,CONS,,,,No education,B40,.616284,2017
ZAF,2014,FALSE,CONS,,,,No education,T60,.383716,2017
ZAF,2014,FALSE,CONS,,,,Primary education,B40,.545761,2017
ZAF,2014,FALSE,CONS,,,,Primary education,T60,.454239,2017
ZAF,2014,FALSE,CONS,,,,Secondary education,B40,.3552169,2017
ZAF,2014,FALSE,CONS,,,,Secondary education,T60,.6447831,2017
ZAF,2014,FALSE,CONS,,,,Tertiary education,B40,.0555131,2017
ZAF,2014,FALSE,CONS,,,,Tertiary education,T60,.9444869,2017
ZAF,2014,FALSE,CONS,,,0-14,,B40,.5139337,2017
ZAF,2014,FALSE,CONS,,,0-14,,T60,.4860663,2017
ZAF,2014,FALSE,CONS,,,15-64,,B40,.3545554,2017
ZAF,2014,FALSE,CONS,,,15-64,,T60,.6454446,2017
ZAF,2014,FALSE,CONS,,,>65,,B40,.3012934,2017
ZAF,2014,FALSE,CONS,,,>65,,T60,.6987066,2017
ZAF,2014,FALSE,CONS,,Female,,,B40,.4169467,2017
ZAF,2014,FALSE,CONS,,Female,,,T60,.5830532,2017
ZAF,2014,FALSE,CONS,,Male,,,B40,.3822711,2017
ZAF,2014,FALSE,CONS,,Male,,,T60,.6177289,2017
ZAF,2014,FALSE,CONS,R,,,,B40,.6543594,2017
ZAF,2014,FALSE,CONS,R,,,,T60,.3456406,2017
ZAF,2014,FALSE,CONS,U,,,,B40,.2538252,2017
ZAF,2014,FALSE,CONS,U,,,,T60,.7461749,2017
ZMB,2022,FALSE,CONS,,,,No education,B40,.6053363,2017
ZMB,2022,FALSE,CONS,,,,No education,T60,.3946637,2017
ZMB,2022,FALSE,CONS,,,,Primary education,B40,.5517938,2017
ZMB,2022,FALSE,CONS,,,,Primary education,T60,.4482062,2017
ZMB,2022,FALSE,CONS,,,,Secondary education,B40,.3074411,2017
ZMB,2022,FALSE,CONS,,,,Secondary education,T60,.6925589,2017
ZMB,2022,FALSE,CONS,,,,Tertiary education,B40,.0102174,2017
ZMB,2022,FALSE,CONS,,,,Tertiary education,T60,.9897826,2017
ZMB,2022,FALSE,CONS,,,0-14,,B40,.4589133,2017
ZMB,2022,FALSE,CONS,,,0-14,,T60,.5410867,2017
ZMB,2022,FALSE,CONS,,,15-64,,B40,.3610575,2017
ZMB,2022,FALSE,CONS,,,15-64,,T60,.6389425,2017
ZMB,2022,FALSE,CONS,,,>65,,B40,.3703905,2017
ZMB,2022,FALSE,CONS,,,>65,,T60,.6296095,2017
ZMB,2022,FALSE,CONS,,Female,,,B40,.3977728,2017
ZMB,2022,FALSE,CONS,,Female,,,T60,.6022272,2017
ZMB,2022,FALSE,CONS,,Male,,,B40,.4023229,2017
ZMB,2022,FALSE,CONS,,Male,,,T60,.5976772,2017
ZMB,2022,FALSE,CONS,R,,,,B40,.5748343,2017
ZMB,2022,FALSE,CONS,R,,,,T60,.4251657,2017
ZMB,2022,FALSE,CONS,U,,,,B40,.1377205,2017
ZMB,2022,FALSE,CONS,U,,,,T60,.8622795,2017
ZWE,2019,FALSE,CONS,,,,No education,B40,.5199391,2017
ZWE,2019,FALSE,CONS,,,,No education,T60,.4800609,2017
ZWE,2019,FALSE,CONS,,,,Primary education,B40,.4798423,2017
ZWE,2019,FALSE,CONS,,,,Primary education,T60,.5201578,2017
ZWE,2019,FALSE,CONS,,,,Secondary education,B40,.3251582,2017
ZWE,2019,FALSE,CONS,,,,Secondary education,T60,.6748418,2017
ZWE,2019,FALSE,CONS,,,,Tertiary education,B40,.0508168,2017
ZWE,2019,FALSE,CONS,,,,Tertiary education,T60,.9491832,2017
ZWE,2019,FALSE,CONS,,,0-14,,B40,.474779,2017
ZWE,2019,FALSE,CONS,,,0-14,,T60,.525221,2017
ZWE,2019,FALSE,CONS,,,15-64,,B40,.3519014,2017
ZWE,2019,FALSE,CONS,,,15-64,,T60,.6480985,2017
ZWE,2019,FALSE,CONS,,,>65,,B40,.33291,2017
ZWE,2019,FALSE,CONS,,,>65,,T60,.66709,2017
ZWE,2019,FALSE,CONS,,Female,,,B40,.396773,2017
ZWE,2019,FALSE,CONS,,Female,,,T60,.603227,2017
ZWE,2019,FALSE,CONS,,Male,,,B40,.4029978,2017
ZWE,2019,FALSE,CONS,,Male,,,T60,.5970021,2017
ZWE,2019,FALSE,CONS,R,,,,B40,.5289298,2017
ZWE,2019,FALSE,CONS,R,,,,T60,.4710702,2017
ZWE,2019,FALSE,CONS,U,,,,B40,.1108394,2017
ZWE,2019,FALSE,CONS,U,,,,T60,.8891606,2017
AGO,2018,FALSE,CONS,,,0-14,,B40,.4580916,2021
AGO,2018,FALSE,CONS,,,0-14,,T60,.5419084,2021
AGO,2018,FALSE,CONS,,,15-64,,B40,.3391451,2021
AGO,2018,FALSE,CONS,,,15-64,,T60,.6608549,2021
AGO,2018,FALSE,CONS,,,>65,,B40,.3489027,2021
AGO,2018,FALSE,CONS,,,>65,,T60,.6510973,2021
AGO,2018,FALSE,CONS,,,,Primary education,B40,.4791662,2021
AGO,2018,FALSE,CONS,,,,Primary education,T60,.5208338,2021
AGO,2018,FALSE,CONS,,,,Tertiary education,B40,.0287177,2021
AGO,2018,FALSE,CONS,,,,Tertiary education,T60,.9712823,2021
AGO,2018,FALSE,CONS,,,,Secondary education,B40,.1906606,2021
AGO,2018,FALSE,CONS,,,,Secondary education,T60,.8093394,2021
AGO,2018,FALSE,CONS,,,,No education,B40,.5779687,2021
AGO,2018,FALSE,CONS,,,,No education,T60,.4220313,2021
AGO,2018,FALSE,CONS,,Male,,,B40,.3931784,2021
AGO,2018,FALSE,CONS,,Male,,,T60,.6068216,2021
AGO,2018,FALSE,CONS,,Female,,,B40,.4045556,2021
AGO,2018,FALSE,CONS,,Female,,,T60,.5954444,2021
AGO,2018,FALSE,CONS,R,,,,B40,.6454613,2021
AGO,2018,FALSE,CONS,R,,,,T60,.3545387,2021
AGO,2018,FALSE,CONS,U,,,,B40,.241871,2021
AGO,2018,FALSE,CONS,U,,,,T60,.758129,2021
ARG,2023,FALSE,INC,,,0-14,,B40,.6030444,2021
ARG,2023,FALSE,INC,,,0-14,,T60,.3969556,2021
ARG,2023,FALSE,INC,,,15-64,,B40,.3723595,2021
ARG,2023,FALSE,INC,,,15-64,,T60,.6276405,2021
ARG,2023,FALSE,INC,,,>65,,B40,.1645429,2021
ARG,2023,FALSE,INC,,,>65,,T60,.8354571,2021
ARG,2023,FALSE,INC,,,,Primary education,B40,.4380032,2021
ARG,2023,FALSE,INC,,,,Primary education,T60,.5619969,2021
ARG,2023,FALSE,INC,,,,Tertiary education,B40,.1707883,2021
ARG,2023,FALSE,INC,,,,Tertiary education,T60,.8292117,2021
ARG,2023,FALSE,INC,,,,Secondary education,B40,.4184536,2021
ARG,2023,FALSE,INC,,,,Secondary education,T60,.5815464,2021
ARG,2023,FALSE,INC,,,,No education,B40,.5163686,2021
ARG,2023,FALSE,INC,,,,No education,T60,.4836313,2021
ARG,2023,FALSE,INC,,Male,,,B40,.386748,2021
ARG,2023,FALSE,INC,,Male,,,T60,.613252,2021
ARG,2023,FALSE,INC,,Female,,,B40,.4122015,2021
ARG,2023,FALSE,INC,,Female,,,T60,.5877985,2021
ARG,2023,FALSE,INC,U,,,,B40,.3998428,2021
ARG,2023,FALSE,INC,U,,,,T60,.6001572,2021
ARM,2023,FALSE,CONS,,,0-14,,B40,.5381519,2021
ARM,2023,FALSE,CONS,,,0-14,,T60,.4618481,2021
ARM,2023,FALSE,CONS,,,15-64,,B40,.3820915,2021
ARM,2023,FALSE,CONS,,,15-64,,T60,.6179085,2021
ARM,2023,FALSE,CONS,,,>65,,B40,.318462,2021
ARM,2023,FALSE,CONS,,,>65,,T60,.681538,2021
ARM,2023,FALSE,CONS,,,,Primary education,B40,.3995884,2021
ARM,2023,FALSE,CONS,,,,Primary education,T60,.6004116,2021
ARM,2023,FALSE,CONS,,,,Tertiary education,B40,.2956364,2021
ARM,2023,FALSE,CONS,,,,Tertiary education,T60,.7043636,2021
ARM,2023,FALSE,CONS,,,,Secondary education,B40,.3993883,2021
ARM,2023,FALSE,CONS,,,,Secondary education,T60,.6006117,2021
ARM,2023,FALSE,CONS,,,,No education,B40,.506546,2021
ARM,2023,FALSE,CONS,,,,No education,T60,.493454,2021
ARM,2023,FALSE,CONS,,Male,,,B40,.4056861,2021
ARM,2023,FALSE,CONS,,Male,,,T60,.5943139,2021
ARM,2023,FALSE,CONS,,Female,,,B40,.3949696,2021
ARM,2023,FALSE,CONS,,Female,,,T60,.6050304,2021
ARM,2023,FALSE,CONS,R,,,,B40,.4659343,2021
ARM,2023,FALSE,CONS,R,,,,T60,.5340657,2021
ARM,2023,FALSE,CONS,U,,,,B40,.3546423,2021
ARM,2023,FALSE,CONS,U,,,,T60,.6453577,2021
AUT,2022,FALSE,INC,,,0-14,,B40,.7216385,2021
AUT,2022,FALSE,INC,,,0-14,,T60,.2783615,2021
AUT,2022,FALSE,INC,,,15-64,,B40,.3666061,2021
AUT,2022,FALSE,INC,,,15-64,,T60,.6333939,2021
AUT,2022,FALSE,INC,,,>65,,B40,.2890968,2021
AUT,2022,FALSE,INC,,,>65,,T60,.7109032,2021
AUT,2022,FALSE,INC,,,,Primary education,B40,.8044486,2021
AUT,2022,FALSE,INC,,,,Primary education,T60,.1955514,2021
AUT,2022,FALSE,INC,,,,Tertiary education,B40,.2818407,2021
AUT,2022,FALSE,INC,,,,Tertiary education,T60,.7181593,2021
AUT,2022,FALSE,INC,,,,Secondary education,B40,.3722796,2021
AUT,2022,FALSE,INC,,,,Secondary education,T60,.6277204,2021
AUT,2022,FALSE,INC,,Male,,,B40,.3933964,2021
AUT,2022,FALSE,INC,,Male,,,T60,.6066036,2021
AUT,2022,FALSE,INC,,Female,,,B40,.4063694,2021
AUT,2022,FALSE,INC,,Female,,,T60,.5936307,2021
AUT,2022,FALSE,INC,R,,,,B40,.3860033,2021
AUT,2022,FALSE,INC,R,,,,T60,.6139966,2021
AUT,2022,FALSE,INC,U,,,,B40,.4084248,2021
AUT,2022,FALSE,INC,U,,,,T60,.5915752,2021
AZE,2005,FALSE,CONS,,,0-14,,B40,.4493565,2021
AZE,2005,FALSE,CONS,,,0-14,,T60,.5506434,2021
AZE,2005,FALSE,CONS,,,15-64,,B40,.3807722,2021
AZE,2005,FALSE,CONS,,,15-64,,T60,.6192278,2021
AZE,2005,FALSE,CONS,,,>65,,B40,.4134919,2021
AZE,2005,FALSE,CONS,,,>65,,T60,.5865082,2021
AZE,2005,FALSE,CONS,,,,Primary education,B40,.4499043,2021
AZE,2005,FALSE,CONS,,,,Primary education,T60,.5500957,2021
AZE,2005,FALSE,CONS,,,,Tertiary education,B40,.2953141,2021
AZE,2005,FALSE,CONS,,,,Tertiary education,T60,.7046859,2021
AZE,2005,FALSE,CONS,,,,Secondary education,B40,.4201831,2021
AZE,2005,FALSE,CONS,,,,Secondary education,T60,.5798169,2021
AZE,2005,FALSE,CONS,,,,No education,B40,.4965896,2021
AZE,2005,FALSE,CONS,,,,No education,T60,.5034104,2021
AZE,2005,FALSE,CONS,,Male,,,B40,.3961885,2021
AZE,2005,FALSE,CONS,,Male,,,T60,.6038115,2021
AZE,2005,FALSE,CONS,,Female,,,B40,.4034744,2021
AZE,2005,FALSE,CONS,,Female,,,T60,.5965256,2021
AZE,2005,FALSE,CONS,R,,,,B40,.5436239,2021
AZE,2005,FALSE,CONS,R,,,,T60,.4563761,2021
AZE,2005,FALSE,CONS,U,,,,B40,.2730359,2021
AZE,2005,FALSE,CONS,U,,,,T60,.7269641,2021
BDI,2020,FALSE,CONS,,,0-14,,B40,.4524292,2021
BDI,2020,FALSE,CONS,,,0-14,,T60,.5475708,2021
BDI,2020,FALSE,CONS,,,15-64,,B40,.357462,2021
BDI,2020,FALSE,CONS,,,15-64,,T60,.642538,2021
BDI,2020,FALSE,CONS,,,>65,,B40,.2657842,2021
BDI,2020,FALSE,CONS,,,>65,,T60,.7342159,2021
BDI,2020,FALSE,CONS,,,,Primary education,B40,.3436503,2021
BDI,2020,FALSE,CONS,,,,Primary education,T60,.6563497,2021
BDI,2020,FALSE,CONS,,,,Tertiary education,B40,.0329428,2021
BDI,2020,FALSE,CONS,,,,Tertiary education,T60,.9670572,2021
BDI,2020,FALSE,CONS,,,,Secondary education,B40,.3085647,2021
BDI,2020,FALSE,CONS,,,,Secondary education,T60,.6914353,2021
BDI,2020,FALSE,CONS,,,,No education,B40,.4232555,2021
BDI,2020,FALSE,CONS,,,,No education,T60,.5767444,2021
BDI,2020,FALSE,CONS,,Male,,,B40,.3960397,2021
BDI,2020,FALSE,CONS,,Male,,,T60,.6039603,2021
BDI,2020,FALSE,CONS,,Female,,,B40,.4035064,2021
BDI,2020,FALSE,CONS,,Female,,,T60,.5964937,2021
BDI,2020,FALSE,CONS,R,,,,B40,.4290678,2021
BDI,2020,FALSE,CONS,R,,,,T60,.5709322,2021
BDI,2020,FALSE,CONS,U,,,,B40,.1481162,2021
BDI,2020,FALSE,CONS,U,,,,T60,.8518838,2021
BEL,2022,FALSE,INC,,,0-14,,B40,.6321802,2021
BEL,2022,FALSE,INC,,,0-14,,T60,.3678198,2021
BEL,2022,FALSE,INC,,,15-64,,B40,.3649355,2021
BEL,2022,FALSE,INC,,,15-64,,T60,.6350645,2021
BEL,2022,FALSE,INC,,,>65,,B40,.3177775,2021
BEL,2022,FALSE,INC,,,>65,,T60,.6822225,2021
BEL,2022,FALSE,INC,,,,Primary education,B40,.4608467,2021
BEL,2022,FALSE,INC,,,,Primary education,T60,.5391533,2021
BEL,2022,FALSE,INC,,,,Tertiary education,B40,.2456531,2021
BEL,2022,FALSE,INC,,,,Tertiary education,T60,.754347,2021
BEL,2022,FALSE,INC,,,,Secondary education,B40,.4144644,2021
BEL,2022,FALSE,INC,,,,Secondary education,T60,.5855356,2021
BEL,2022,FALSE,INC,,,,No education,B40,.6525678,2021
BEL,2022,FALSE,INC,,,,No education,T60,.3474322,2021
BEL,2022,FALSE,INC,,Male,,,B40,.3983849,2021
BEL,2022,FALSE,INC,,Male,,,T60,.6016151,2021
BEL,2022,FALSE,INC,,Female,,,B40,.4011233,2021
BEL,2022,FALSE,INC,,Female,,,T60,.5988768,2021
BEL,2022,FALSE,INC,R,,,,B40,.3985499,2021
BEL,2022,FALSE,INC,R,,,,T60,.6014501,2021
BEL,2022,FALSE,INC,U,,,,B40,.3999761,2021
BEL,2022,FALSE,INC,U,,,,T60,.6000239,2021
BEN,2021,FALSE,CONS,,,0-14,,B40,.4447556,2021
BEN,2021,FALSE,CONS,,,0-14,,T60,.5552444,2021
BEN,2021,FALSE,CONS,,,15-64,,B40,.3582441,2021
BEN,2021,FALSE,CONS,,,15-64,,T60,.6417559,2021
BEN,2021,FALSE,CONS,,,>65,,B40,.3131143,2021
BEN,2021,FALSE,CONS,,,>65,,T60,.6868857,2021
BEN,2021,FALSE,CONS,,,,Primary education,B40,.3019552,2021
BEN,2021,FALSE,CONS,,,,Primary education,T60,.6980448,2021
BEN,2021,FALSE,CONS,,,,Tertiary education,B40,.0445831,2021
BEN,2021,FALSE,CONS,,,,Tertiary education,T60,.9554169,2021
BEN,2021,FALSE,CONS,,,,Secondary education,B40,.2145461,2021
BEN,2021,FALSE,CONS,,,,Secondary education,T60,.7854539,2021
BEN,2021,FALSE,CONS,,,,No education,B40,.4717481,2021
BEN,2021,FALSE,CONS,,,,No education,T60,.5282519,2021
BEN,2021,FALSE,CONS,,Male,,,B40,.403981,2021
BEN,2021,FALSE,CONS,,Male,,,T60,.596019,2021
BEN,2021,FALSE,CONS,,Female,,,B40,.4029976,2021
BEN,2021,FALSE,CONS,,Female,,,T60,.5970024,2021
BEN,2021,FALSE,CONS,R,,,,B40,.4837425,2021
BEN,2021,FALSE,CONS,R,,,,T60,.5162575,2021
BEN,2021,FALSE,CONS,U,,,,B40,.2958797,2021
BEN,2021,FALSE,CONS,U,,,,T60,.7041203,2021
BFA,2021,FALSE,CONS,,,0-14,,B40,.4413759,2021
BFA,2021,FALSE,CONS,,,0-14,,T60,.5586241,2021
BFA,2021,FALSE,CONS,,,15-64,,B40,.3598816,2021
BFA,2021,FALSE,CONS,,,15-64,,T60,.6401184,2021
BFA,2021,FALSE,CONS,,,>65,,B40,.4071845,2021
BFA,2021,FALSE,CONS,,,>65,,T60,.5928155,2021
BFA,2021,FALSE,CONS,,,,Primary education,B40,.2881652,2021
BFA,2021,FALSE,CONS,,,,Primary education,T60,.7118348,2021
BFA,2021,FALSE,CONS,,,,Tertiary education,B40,.0096173,2021
BFA,2021,FALSE,CONS,,,,Tertiary education,T60,.9903827,2021
BFA,2021,FALSE,CONS,,,,Secondary education,B40,.2082738,2021
BFA,2021,FALSE,CONS,,,,Secondary education,T60,.7917262,2021
BFA,2021,FALSE,CONS,,,,No education,B40,.4520195,2021
BFA,2021,FALSE,CONS,,,,No education,T60,.5479805,2021
BFA,2021,FALSE,CONS,,Male,,,B40,.3986808,2021
BFA,2021,FALSE,CONS,,Male,,,T60,.6013192,2021
BFA,2021,FALSE,CONS,,Female,,,B40,.4011879,2021
BFA,2021,FALSE,CONS,,Female,,,T60,.5988121,2021
BFA,2021,FALSE,CONS,R,,,,B40,.4967446,2021
BFA,2021,FALSE,CONS,R,,,,T60,.5032554,2021
BFA,2021,FALSE,CONS,U,,,,B40,.129336,2021
BFA,2021,FALSE,CONS,U,,,,T60,.870664,2021
BGD,2022,FALSE,CONS,,,0-14,,B40,.4652634,2021
BGD,2022,FALSE,CONS,,,0-14,,T60,.5347366,2021
BGD,2022,FALSE,CONS,,,15-64,,B40,.372316,2021
BGD,2022,FALSE,CONS,,,15-64,,T60,.6276839,2021
BGD,2022,FALSE,CONS,,,>65,,B40,.3969052,2021
BGD,2022,FALSE,CONS,,,>65,,T60,.6030949,2021
BGD,2022,FALSE,CONS,,,,Primary education,B40,.4415895,2021
BGD,2022,FALSE,CONS,,,,Primary education,T60,.5584105,2021
BGD,2022,FALSE,CONS,,,,Tertiary education,B40,.1558031,2021
BGD,2022,FALSE,CONS,,,,Tertiary education,T60,.8441969,2021
BGD,2022,FALSE,CONS,,,,Secondary education,B40,.3220547,2021
BGD,2022,FALSE,CONS,,,,Secondary education,T60,.6779453,2021
BGD,2022,FALSE,CONS,,,,No education,B40,.5055432,2021
BGD,2022,FALSE,CONS,,,,No education,T60,.4944568,2021
BGD,2022,FALSE,CONS,,Male,,,B40,.400899,2021
BGD,2022,FALSE,CONS,,Male,,,T60,.599101,2021
BGD,2022,FALSE,CONS,,Female,,,B40,.3990366,2021
BGD,2022,FALSE,CONS,,Female,,,T60,.6009634,2021
BGD,2022,FALSE,CONS,R,,,,B40,.4757625,2021
BGD,2022,FALSE,CONS,R,,,,T60,.5242375,2021
BGD,2022,FALSE,CONS,U,,,,B40,.2339537,2021
BGD,2022,FALSE,CONS,U,,,,T60,.7660463,2021
BGR,2022,FALSE,INC,,,0-14,,B40,.5795873,2021
BGR,2022,FALSE,INC,,,0-14,,T60,.4204127,2021
BGR,2022,FALSE,INC,,,15-64,,B40,.3834225,2021
BGR,2022,FALSE,INC,,,15-64,,T60,.6165775,2021
BGR,2022,FALSE,INC,,,>65,,B40,.3486944,2021
BGR,2022,FALSE,INC,,,>65,,T60,.6513056,2021
BGR,2022,FALSE,INC,,,,Primary education,B40,.7844572,2021
BGR,2022,FALSE,INC,,,,Primary education,T60,.2155428,2021
BGR,2022,FALSE,INC,,,,Tertiary education,B40,.1639923,2021
BGR,2022,FALSE,INC,,,,Tertiary education,T60,.8360077,2021
BGR,2022,FALSE,INC,,,,Secondary education,B40,.4167082,2021
BGR,2022,FALSE,INC,,,,Secondary education,T60,.5832918,2021
BGR,2022,FALSE,INC,,,,No education,B40,.8110216,2021
BGR,2022,FALSE,INC,,,,No education,T60,.1889784,2021
BGR,2022,FALSE,INC,,Male,,,B40,.3961003,2021
BGR,2022,FALSE,INC,,Male,,,T60,.6038997,2021
BGR,2022,FALSE,INC,,Female,,,B40,.403608,2021
BGR,2022,FALSE,INC,,Female,,,T60,.596392,2021
BGR,2022,FALSE,INC,R,,,,B40,.5320424,2021
BGR,2022,FALSE,INC,R,,,,T60,.4679576,2021
BGR,2022,FALSE,INC,U,,,,B40,.3414454,2021
BGR,2022,FALSE,INC,U,,,,T60,.6585547,2021
BIH,2011,FALSE,CONS,,,0-14,,B40,.5129076,2021
BIH,2011,FALSE,CONS,,,0-14,,T60,.4870924,2021
BIH,2011,FALSE,CONS,,,15-64,,B40,.3858584,2021
BIH,2011,FALSE,CONS,,,15-64,,T60,.6141416,2021
BIH,2011,FALSE,CONS,,,>65,,B40,.3432015,2021
BIH,2011,FALSE,CONS,,,>65,,T60,.6567984,2021
BIH,2011,FALSE,CONS,,,,Primary education,B40,.4742607,2021
BIH,2011,FALSE,CONS,,,,Primary education,T60,.5257393,2021
BIH,2011,FALSE,CONS,,,,Tertiary education,B40,.1361906,2021
BIH,2011,FALSE,CONS,,,,Tertiary education,T60,.8638093,2021
BIH,2011,FALSE,CONS,,,,Secondary education,B40,.3403493,2021
BIH,2011,FALSE,CONS,,,,Secondary education,T60,.6596507,2021
BIH,2011,FALSE,CONS,,,,No education,B40,.5380042,2021
BIH,2011,FALSE,CONS,,,,No education,T60,.4619958,2021
BIH,2011,FALSE,CONS,,Male,,,B40,.4059345,2021
BIH,2011,FALSE,CONS,,Male,,,T60,.5940655,2021
BIH,2011,FALSE,CONS,,Female,,,B40,.3942875,2021
BIH,2011,FALSE,CONS,,Female,,,T60,.6057125,2021
BIH,2011,FALSE,CONS,R,,,,B40,.4713951,2021
BIH,2011,FALSE,CONS,R,,,,T60,.5286049,2021
BIH,2011,FALSE,CONS,U,,,,B40,.2971083,2021
BIH,2011,FALSE,CONS,U,,,,T60,.7028918,2021
BLR,2020,FALSE,CONS,,,0-14,,B40,.5511427,2021
BLR,2020,FALSE,CONS,,,0-14,,T60,.4488573,2021
BLR,2020,FALSE,CONS,,,15-64,,B40,.3784763,2021
BLR,2020,FALSE,CONS,,,15-64,,T60,.6215237,2021
BLR,2020,FALSE,CONS,,,>65,,B40,.3343788,2021
BLR,2020,FALSE,CONS,,,>65,,T60,.6656212,2021
BLR,2020,FALSE,CONS,,Male,,,B40,.4178081,2021
BLR,2020,FALSE,CONS,,Male,,,T60,.5821919,2021
BLR,2020,FALSE,CONS,,Female,,,B40,.3862644,2021
BLR,2020,FALSE,CONS,,Female,,,T60,.6137356,2021
BLR,2020,FALSE,CONS,R,,,,B40,.5623227,2021
BLR,2020,FALSE,CONS,R,,,,T60,.4376773,2021
BLR,2020,FALSE,CONS,U,,,,B40,.3438406,2021
BLR,2020,FALSE,CONS,U,,,,T60,.6561594,2021
BLZ,2018,FALSE,CONS,,,0-14,,B40,.5118617,2021
BLZ,2018,FALSE,CONS,,,0-14,,T60,.4881383,2021
BLZ,2018,FALSE,CONS,,,15-64,,B40,.3527525,2021
BLZ,2018,FALSE,CONS,,,15-64,,T60,.6472475,2021
BLZ,2018,FALSE,CONS,,,>65,,B40,.275723,2021
BLZ,2018,FALSE,CONS,,,>65,,T60,.724277,2021
BLZ,2018,FALSE,CONS,,,,Primary education,B40,.4424609,2021
BLZ,2018,FALSE,CONS,,,,Primary education,T60,.557539,2021
BLZ,2018,FALSE,CONS,,,,Tertiary education,B40,.1013043,2021
BLZ,2018,FALSE,CONS,,,,Tertiary education,T60,.8986957,2021
BLZ,2018,FALSE,CONS,,,,Secondary education,B40,.3006703,2021
BLZ,2018,FALSE,CONS,,,,Secondary education,T60,.6993297,2021
BLZ,2018,FALSE,CONS,,,,No education,B40,.5627456,2021
BLZ,2018,FALSE,CONS,,,,No education,T60,.4372545,2021
BLZ,2018,FALSE,CONS,,Male,,,B40,.3968451,2021
BLZ,2018,FALSE,CONS,,Male,,,T60,.6031549,2021
BLZ,2018,FALSE,CONS,,Female,,,B40,.4023121,2021
BLZ,2018,FALSE,CONS,,Female,,,T60,.597688,2021
BLZ,2018,FALSE,CONS,R,,,,B40,.4985984,2021
BLZ,2018,FALSE,CONS,R,,,,T60,.5014015,2021
BLZ,2018,FALSE,CONS,U,,,,B40,.2750381,2021
BLZ,2018,FALSE,CONS,U,,,,T60,.7249619,2021
BOL,2023,FALSE,INC,,,0-14,,B40,.5337867,2021
BOL,2023,FALSE,INC,,,0-14,,T60,.4662133,2021
BOL,2023,FALSE,INC,,,15-64,,B40,.3520734,2021
BOL,2023,FALSE,INC,,,15-64,,T60,.6479266,2021
BOL,2023,FALSE,INC,,,>65,,B40,.3391148,2021
BOL,2023,FALSE,INC,,,>65,,T60,.6608852,2021
BOL,2023,FALSE,INC,,,,Primary education,B40,.4512107,2021
BOL,2023,FALSE,INC,,,,Primary education,T60,.5487893,2021
BOL,2023,FALSE,INC,,,,Tertiary education,B40,.1659369,2021
BOL,2023,FALSE,INC,,,,Tertiary education,T60,.8340631,2021
BOL,2023,FALSE,INC,,,,Secondary education,B40,.3930553,2021
BOL,2023,FALSE,INC,,,,Secondary education,T60,.6069446,2021
BOL,2023,FALSE,INC,,,,No education,B40,.6229457,2021
BOL,2023,FALSE,INC,,,,No education,T60,.3770543,2021
BOL,2023,FALSE,INC,,Male,,,B40,.3911084,2021
BOL,2023,FALSE,INC,,Male,,,T60,.6088916,2021
BOL,2023,FALSE,INC,,Female,,,B40,.4078559,2021
BOL,2023,FALSE,INC,,Female,,,T60,.5921441,2021
BOL,2023,FALSE,INC,R,,,,B40,.6341183,2021
BOL,2023,FALSE,INC,R,,,,T60,.3658818,2021
BOL,2023,FALSE,INC,U,,,,B40,.3043553,2021
BOL,2023,FALSE,INC,U,,,,T60,.6956447,2021
BRA,2023,FALSE,INC,,,0-14,,B40,.6131399,2021
BRA,2023,FALSE,INC,,,0-14,,T60,.3868601,2021
BRA,2023,FALSE,INC,,,15-64,,B40,.3740289,2021
BRA,2023,FALSE,INC,,,15-64,,T60,.6259711,2021
BRA,2023,FALSE,INC,,,>65,,B40,.1586102,2021
BRA,2023,FALSE,INC,,,>65,,T60,.8413898,2021
BRA,2023,FALSE,INC,,,,Primary education,B40,.4390694,2021
BRA,2023,FALSE,INC,,,,Primary education,T60,.5609306,2021
BRA,2023,FALSE,INC,,,,Tertiary education,B40,.1147189,2021
BRA,2023,FALSE,INC,,,,Tertiary education,T60,.8852811,2021
BRA,2023,FALSE,INC,,,,Secondary education,B40,.3939098,2021
BRA,2023,FALSE,INC,,,,Secondary education,T60,.6060902,2021
BRA,2023,FALSE,INC,,,,No education,B40,.4495638,2021
BRA,2023,FALSE,INC,,,,No education,T60,.5504361,2021
BRA,2023,FALSE,INC,,Male,,,B40,.3874734,2021
BRA,2023,FALSE,INC,,Male,,,T60,.6125265,2021
BRA,2023,FALSE,INC,,Female,,,B40,.4103464,2021
BRA,2023,FALSE,INC,,Female,,,T60,.5896536,2021
BRA,2023,FALSE,INC,R,,,,B40,.5839758,2021
BRA,2023,FALSE,INC,R,,,,T60,.4160242,2021
BRA,2023,FALSE,INC,U,,,,B40,.3719738,2021
BRA,2023,FALSE,INC,U,,,,T60,.6280261,2021
BRB,2016,FALSE,CONS,,,0-14,,B40,.5581625,2021
BRB,2016,FALSE,CONS,,,0-14,,T60,.4418375,2021
BRB,2016,FALSE,CONS,,,15-64,,B40,.3714153,2021
BRB,2016,FALSE,CONS,,,15-64,,T60,.6285847,2021
BRB,2016,FALSE,CONS,,,>65,,B40,.2895972,2021
BRB,2016,FALSE,CONS,,,>65,,T60,.7104027,2021
BRB,2016,FALSE,CONS,,,,Primary education,B40,.388119,2021
BRB,2016,FALSE,CONS,,,,Primary education,T60,.6118811,2021
BRB,2016,FALSE,CONS,,,,Tertiary education,B40,.2307598,2021
BRB,2016,FALSE,CONS,,,,Tertiary education,T60,.7692402,2021
BRB,2016,FALSE,CONS,,,,Secondary education,B40,.4163053,2021
BRB,2016,FALSE,CONS,,,,Secondary education,T60,.5836947,2021
BRB,2016,FALSE,CONS,,,,No education,B40,.4811784,2021
BRB,2016,FALSE,CONS,,,,No education,T60,.5188216,2021
BRB,2016,FALSE,CONS,,Male,,,B40,.3733261,2021
BRB,2016,FALSE,CONS,,Male,,,T60,.6266739,2021
BRB,2016,FALSE,CONS,,Female,,,B40,.4146187,2021
BRB,2016,FALSE,CONS,,Female,,,T60,.5853813,2021
BTN,2022,FALSE,CONS,,,0-14,,B40,.4455113,2021
BTN,2022,FALSE,CONS,,,0-14,,T60,.5544887,2021
BTN,2022,FALSE,CONS,,,15-64,,B40,.3736289,2021
BTN,2022,FALSE,CONS,,,15-64,,T60,.6263711,2021
BTN,2022,FALSE,CONS,,,>65,,B40,.4774656,2021
BTN,2022,FALSE,CONS,,,>65,,T60,.5225344,2021
BTN,2022,FALSE,CONS,,,,Primary education,B40,.381123,2021
BTN,2022,FALSE,CONS,,,,Primary education,T60,.618877,2021
BTN,2022,FALSE,CONS,,,,Tertiary education,B40,.126266,2021
BTN,2022,FALSE,CONS,,,,Tertiary education,T60,.8737339,2021
BTN,2022,FALSE,CONS,,,,Secondary education,B40,.3277197,2021
BTN,2022,FALSE,CONS,,,,Secondary education,T60,.6722804,2021
BTN,2022,FALSE,CONS,,,,No education,B40,.3576912,2021
BTN,2022,FALSE,CONS,,,,No education,T60,.6423088,2021
BTN,2022,FALSE,CONS,,Male,,,B40,.4023915,2021
BTN,2022,FALSE,CONS,,Male,,,T60,.5976085,2021
BTN,2022,FALSE,CONS,,Female,,,B40,.3977069,2021
BTN,2022,FALSE,CONS,,Female,,,T60,.6022931,2021
BTN,2022,FALSE,CONS,R,,,,B40,.4935148,2021
BTN,2022,FALSE,CONS,R,,,,T60,.5064852,2021
BTN,2022,FALSE,CONS,U,,,,B40,.2580936,2021
BTN,2022,FALSE,CONS,U,,,,T60,.7419064,2021
BWA,2015,FALSE,CONS,,,0-14,,B40,.5189306,2021
BWA,2015,FALSE,CONS,,,0-14,,T60,.4810694,2021
BWA,2015,FALSE,CONS,,,15-64,,B40,.3284302,2021
BWA,2015,FALSE,CONS,,,15-64,,T60,.6715698,2021
BWA,2015,FALSE,CONS,,,>65,,B40,.4403143,2021
BWA,2015,FALSE,CONS,,,>65,,T60,.5596857,2021
BWA,2015,FALSE,CONS,,,,Primary education,B40,.410472,2021
BWA,2015,FALSE,CONS,,,,Primary education,T60,.589528,2021
BWA,2015,FALSE,CONS,,,,Tertiary education,B40,.0841173,2021
BWA,2015,FALSE,CONS,,,,Tertiary education,T60,.9158826,2021
BWA,2015,FALSE,CONS,,,,Secondary education,B40,.3463244,2021
BWA,2015,FALSE,CONS,,,,Secondary education,T60,.6536756,2021
BWA,2015,FALSE,CONS,,,,No education,B40,.5625721,2021
BWA,2015,FALSE,CONS,,,,No education,T60,.4374279,2021
BWA,2015,FALSE,CONS,,Male,,,B40,.3835212,2021
BWA,2015,FALSE,CONS,,Male,,,T60,.6164788,2021
BWA,2015,FALSE,CONS,,Female,,,B40,.4145958,2021
BWA,2015,FALSE,CONS,,Female,,,T60,.5854042,2021
BWA,2015,FALSE,CONS,R,,,,B40,.5771968,2021
BWA,2015,FALSE,CONS,R,,,,T60,.4228032,2021
BWA,2015,FALSE,CONS,U,,,,B40,.304817,2021
BWA,2015,FALSE,CONS,U,,,,T60,.695183,2021
CAF,2021,FALSE,CONS,,,0-14,,B40,.3873853,2021
CAF,2021,FALSE,CONS,,,0-14,,T60,.6126147,2021
CAF,2021,FALSE,CONS,,,15-64,,B40,.3056228,2021
CAF,2021,FALSE,CONS,,,15-64,,T60,.6943772,2021
CAF,2021,FALSE,CONS,,,>65,,B40,.315935,2021
CAF,2021,FALSE,CONS,,,>65,,T60,.684065,2021
CAF,2021,FALSE,CONS,,,,Primary education,B40,.3430717,2021
CAF,2021,FALSE,CONS,,,,Primary education,T60,.6569283,2021
CAF,2021,FALSE,CONS,,,,Tertiary education,B40,.024649,2021
CAF,2021,FALSE,CONS,,,,Tertiary education,T60,.975351,2021
CAF,2021,FALSE,CONS,,,,Secondary education,B40,.2709708,2021
CAF,2021,FALSE,CONS,,,,Secondary education,T60,.7290292,2021
CAF,2021,FALSE,CONS,,,,No education,B40,.3742931,2021
CAF,2021,FALSE,CONS,,,,No education,T60,.6257069,2021
CAF,2021,FALSE,CONS,,Male,,,B40,.3957267,2021
CAF,2021,FALSE,CONS,,Male,,,T60,.6042733,2021
CAF,2021,FALSE,CONS,,Female,,,B40,.4041061,2021
CAF,2021,FALSE,CONS,,Female,,,T60,.5958939,2021
CAF,2021,FALSE,CONS,R,,,,B40,.5059248,2021
CAF,2021,FALSE,CONS,R,,,,T60,.4940752,2021
CAF,2021,FALSE,CONS,U,,,,B40,.2479712,2021
CAF,2021,FALSE,CONS,U,,,,T60,.7520288,2021
CHE,2021,FALSE,INC,,,0-14,,B40,.6856092,2021
CHE,2021,FALSE,INC,,,0-14,,T60,.3143908,2021
CHE,2021,FALSE,INC,,,15-64,,B40,.3428549,2021
CHE,2021,FALSE,INC,,,15-64,,T60,.6571451,2021
CHE,2021,FALSE,INC,,,>65,,B40,.3820869,2021
CHE,2021,FALSE,INC,,,>65,,T60,.6179131,2021
CHE,2021,FALSE,INC,,,,Primary education,B40,.5882747,2021
CHE,2021,FALSE,INC,,,,Primary education,T60,.4117253,2021
CHE,2021,FALSE,INC,,,,Tertiary education,B40,.2333096,2021
CHE,2021,FALSE,INC,,,,Tertiary education,T60,.7666904,2021
CHE,2021,FALSE,INC,,,,Secondary education,B40,.4114804,2021
CHE,2021,FALSE,INC,,,,Secondary education,T60,.5885196,2021
CHE,2021,FALSE,INC,,Male,,,B40,.3961489,2021
CHE,2021,FALSE,INC,,Male,,,T60,.6038511,2021
CHE,2021,FALSE,INC,,Female,,,B40,.4030214,2021
CHE,2021,FALSE,INC,,Female,,,T60,.5969787,2021
CHE,2021,FALSE,INC,R,,,,B40,.4274404,2021
CHE,2021,FALSE,INC,R,,,,T60,.5725596,2021
CHE,2021,FALSE,INC,U,,,,B40,.3938067,2021
CHE,2021,FALSE,INC,U,,,,T60,.6061933,2021
CHL,2022,FALSE,INC,,,0-14,,B40,.5758597,2021
CHL,2022,FALSE,INC,,,0-14,,T60,.4241403,2021
CHL,2022,FALSE,INC,,,15-64,,B40,.383494,2021
CHL,2022,FALSE,INC,,,15-64,,T60,.6165059,2021
CHL,2022,FALSE,INC,,,>65,,B40,.2307437,2021
CHL,2022,FALSE,INC,,,>65,,T60,.7692564,2021
CHL,2022,FALSE,INC,,,,Primary education,B40,.430501,2021
CHL,2022,FALSE,INC,,,,Primary education,T60,.569499,2021
CHL,2022,FALSE,INC,,,,Tertiary education,B40,.2188082,2021
CHL,2022,FALSE,INC,,,,Tertiary education,T60,.7811918,2021
CHL,2022,FALSE,INC,,,,Secondary education,B40,.4408678,2021
CHL,2022,FALSE,INC,,,,Secondary education,T60,.5591322,2021
CHL,2022,FALSE,INC,,,,No education,B40,.4516746,2021
CHL,2022,FALSE,INC,,,,No education,T60,.5483254,2021
CHL,2022,FALSE,INC,,Male,,,B40,.3781838,2021
CHL,2022,FALSE,INC,,Male,,,T60,.6218162,2021
CHL,2022,FALSE,INC,,Female,,,B40,.4206898,2021
CHL,2022,FALSE,INC,,Female,,,T60,.5793102,2021
CHL,2022,FALSE,INC,R,,,,B40,.4497934,2021
CHL,2022,FALSE,INC,R,,,,T60,.5502065,2021
CHL,2022,FALSE,INC,U,,,,B40,.3933462,2021
CHL,2022,FALSE,INC,U,,,,T60,.6066538,2021
CIV,2021,FALSE,CONS,,,0-14,,B40,.4908187,2021
CIV,2021,FALSE,CONS,,,0-14,,T60,.5091813,2021
CIV,2021,FALSE,CONS,,,15-64,,B40,.3322958,2021
CIV,2021,FALSE,CONS,,,15-64,,T60,.6677042,2021
CIV,2021,FALSE,CONS,,,>65,,B40,.3517288,2021
CIV,2021,FALSE,CONS,,,>65,,T60,.6482713,2021
CIV,2021,FALSE,CONS,,,,Primary education,B40,.3118428,2021
CIV,2021,FALSE,CONS,,,,Primary education,T60,.6881572,2021
CIV,2021,FALSE,CONS,,,,Tertiary education,B40,.0329863,2021
CIV,2021,FALSE,CONS,,,,Tertiary education,T60,.9670137,2021
CIV,2021,FALSE,CONS,,,,Secondary education,B40,.2041048,2021
CIV,2021,FALSE,CONS,,,,Secondary education,T60,.7958952,2021
CIV,2021,FALSE,CONS,,,,No education,B40,.4868318,2021
CIV,2021,FALSE,CONS,,,,No education,T60,.5131682,2021
CIV,2021,FALSE,CONS,,Male,,,B40,.3955967,2021
CIV,2021,FALSE,CONS,,Male,,,T60,.6044033,2021
CIV,2021,FALSE,CONS,,Female,,,B40,.4041494,2021
CIV,2021,FALSE,CONS,,Female,,,T60,.5958506,2021
CIV,2021,FALSE,CONS,R,,,,B40,.5914078,2021
CIV,2021,FALSE,CONS,R,,,,T60,.4085922,2021
CIV,2021,FALSE,CONS,U,,,,B40,.2281828,2021
CIV,2021,FALSE,CONS,U,,,,T60,.7718172,2021
CMR,2021,FALSE,CONS,,,0-14,,B40,.4845988,2021
CMR,2021,FALSE,CONS,,,0-14,,T60,.5154012,2021
CMR,2021,FALSE,CONS,,,15-64,,B40,.3309802,2021
CMR,2021,FALSE,CONS,,,15-64,,T60,.6690198,2021
CMR,2021,FALSE,CONS,,,>65,,B40,.3267187,2021
CMR,2021,FALSE,CONS,,,>65,,T60,.6732813,2021
CMR,2021,FALSE,CONS,,,,Primary education,B40,.5832704,2021
CMR,2021,FALSE,CONS,,,,Primary education,T60,.4167295,2021
CMR,2021,FALSE,CONS,,,,Tertiary education,B40,.0300925,2021
CMR,2021,FALSE,CONS,,,,Tertiary education,T60,.9699075,2021
CMR,2021,FALSE,CONS,,,,Secondary education,B40,.2805474,2021
CMR,2021,FALSE,CONS,,,,Secondary education,T60,.7194526,2021
CMR,2021,FALSE,CONS,,,,No education,B40,.3337079,2021
CMR,2021,FALSE,CONS,,,,No education,T60,.6662921,2021
CMR,2021,FALSE,CONS,,Male,,,B40,.3973416,2021
CMR,2021,FALSE,CONS,,Male,,,T60,.6026584,2021
CMR,2021,FALSE,CONS,,Female,,,B40,.402349,2021
CMR,2021,FALSE,CONS,,Female,,,T60,.5976509,2021
CMR,2021,FALSE,CONS,R,,,,B40,.6145669,2021
CMR,2021,FALSE,CONS,R,,,,T60,.3854332,2021
CMR,2021,FALSE,CONS,U,,,,B40,.2149654,2021
CMR,2021,FALSE,CONS,U,,,,T60,.7850346,2021
COD,2020,FALSE,CONS,,,0-14,,B40,.4209759,2021
COD,2020,FALSE,CONS,,,0-14,,T60,.5790241,2021
COD,2020,FALSE,CONS,,,15-64,,B40,.3867005,2021
COD,2020,FALSE,CONS,,,15-64,,T60,.6132995,2021
COD,2020,FALSE,CONS,,,>65,,B40,.3477692,2021
COD,2020,FALSE,CONS,,,>65,,T60,.6522308,2021
COD,2020,FALSE,CONS,,,,Primary education,B40,.4158063,2021
COD,2020,FALSE,CONS,,,,Primary education,T60,.5841937,2021
COD,2020,FALSE,CONS,,,,Tertiary education,B40,.1580498,2021
COD,2020,FALSE,CONS,,,,Tertiary education,T60,.8419502,2021
COD,2020,FALSE,CONS,,,,Secondary education,B40,.3574799,2021
COD,2020,FALSE,CONS,,,,Secondary education,T60,.6425201,2021
COD,2020,FALSE,CONS,,,,No education,B40,.4839541,2021
COD,2020,FALSE,CONS,,,,No education,T60,.5160459,2021
COD,2020,FALSE,CONS,,Male,,,B40,.4026263,2021
COD,2020,FALSE,CONS,,Male,,,T60,.5973737,2021
COD,2020,FALSE,CONS,,Female,,,B40,.3996842,2021
COD,2020,FALSE,CONS,,Female,,,T60,.6003158,2021
COD,2020,FALSE,CONS,R,,,,B40,.4721687,2021
COD,2020,FALSE,CONS,R,,,,T60,.5278313,2021
COD,2020,FALSE,CONS,U,,,,B40,.3147337,2021
COD,2020,FALSE,CONS,U,,,,T60,.6852663,2021
COG,2011,FALSE,CONS,,,0-14,,B40,.4794631,2021
COG,2011,FALSE,CONS,,,0-14,,T60,.5205369,2021
COG,2011,FALSE,CONS,,,15-64,,B40,.3438915,2021
COG,2011,FALSE,CONS,,,15-64,,T60,.6561085,2021
COG,2011,FALSE,CONS,,,>65,,B40,.4073485,2021
COG,2011,FALSE,CONS,,,>65,,T60,.5926515,2021
COG,2011,FALSE,CONS,,,,Primary education,B40,.5043349,2021
COG,2011,FALSE,CONS,,,,Primary education,T60,.495665,2021
COG,2011,FALSE,CONS,,,,Tertiary education,B40,.0877394,2021
COG,2011,FALSE,CONS,,,,Tertiary education,T60,.9122607,2021
COG,2011,FALSE,CONS,,,,Secondary education,B40,.2832537,2021
COG,2011,FALSE,CONS,,,,Secondary education,T60,.7167463,2021
COG,2011,FALSE,CONS,,,,No education,B40,.55606,2021
COG,2011,FALSE,CONS,,,,No education,T60,.4439401,2021
COG,2011,FALSE,CONS,,Male,,,B40,.3929252,2021
COG,2011,FALSE,CONS,,Male,,,T60,.6070748,2021
COG,2011,FALSE,CONS,,Female,,,B40,.406486,2021
COG,2011,FALSE,CONS,,Female,,,T60,.593514,2021
COG,2011,FALSE,CONS,R,,,,B40,.7378061,2021
COG,2011,FALSE,CONS,R,,,,T60,.2621938,2021
COG,2011,FALSE,CONS,U,,,,B40,.2318763,2021
COG,2011,FALSE,CONS,U,,,,T60,.7681237,2021
COL,2023,FALSE,INC,,,0-14,,B40,.5745391,2021
COL,2023,FALSE,INC,,,0-14,,T60,.4254609,2021
COL,2023,FALSE,INC,,,15-64,,B40,.3556669,2021
COL,2023,FALSE,INC,,,15-64,,T60,.6443331,2021
COL,2023,FALSE,INC,,,>65,,B40,.3015893,2021
COL,2023,FALSE,INC,,,>65,,T60,.6984107,2021
COL,2023,FALSE,INC,,,,Primary education,B40,.463228,2021
COL,2023,FALSE,INC,,,,Primary education,T60,.5367721,2021
COL,2023,FALSE,INC,,,,Tertiary education,B40,.1386568,2021
COL,2023,FALSE,INC,,,,Tertiary education,T60,.8613432,2021
COL,2023,FALSE,INC,,,,Secondary education,B40,.3929886,2021
COL,2023,FALSE,INC,,,,Secondary education,T60,.6070114,2021
COL,2023,FALSE,INC,,,,No education,B40,.6187754,2021
COL,2023,FALSE,INC,,,,No education,T60,.3812246,2021
COL,2023,FALSE,INC,,Male,,,B40,.3900541,2021
COL,2023,FALSE,INC,,Male,,,T60,.609946,2021
COL,2023,FALSE,INC,,Female,,,B40,.4078525,2021
COL,2023,FALSE,INC,,Female,,,T60,.5921475,2021
COL,2023,FALSE,INC,R,,,,B40,.6403165,2021
COL,2023,FALSE,INC,R,,,,T60,.3596835,2021
COL,2023,FALSE,INC,U,,,,B40,.3271759,2021
COL,2023,FALSE,INC,U,,,,T60,.6728241,2021
COM,2014,FALSE,CONS,,,0-14,,B40,.4956472,2021
COM,2014,FALSE,CONS,,,0-14,,T60,.5043528,2021
COM,2014,FALSE,CONS,,,15-64,,B40,.3877597,2021
COM,2014,FALSE,CONS,,,15-64,,T60,.6122403,2021
COM,2014,FALSE,CONS,,,>65,,B40,.3014844,2021
COM,2014,FALSE,CONS,,,>65,,T60,.6985155,2021
COM,2014,FALSE,CONS,,,,Primary education,B40,.3914444,2021
COM,2014,FALSE,CONS,,,,Primary education,T60,.6085556,2021
COM,2014,FALSE,CONS,,,,Tertiary education,B40,.1852774,2021
COM,2014,FALSE,CONS,,,,Tertiary education,T60,.8147226,2021
COM,2014,FALSE,CONS,,,,Secondary education,B40,.3281196,2021
COM,2014,FALSE,CONS,,,,Secondary education,T60,.6718804,2021
COM,2014,FALSE,CONS,,Male,,,B40,.401361,2021
COM,2014,FALSE,CONS,,Male,,,T60,.598639,2021
COM,2014,FALSE,CONS,,Female,,,B40,.3987798,2021
COM,2014,FALSE,CONS,,Female,,,T60,.6012202,2021
COM,2014,FALSE,CONS,R,,,,B40,.4674722,2021
COM,2014,FALSE,CONS,R,,,,T60,.5325277,2021
COM,2014,FALSE,CONS,U,,,,B40,.2975741,2021
COM,2014,FALSE,CONS,U,,,,T60,.7024259,2021
CPV,2015,FALSE,CONS,,,0-14,,B40,.4873208,2021
CPV,2015,FALSE,CONS,,,0-14,,T60,.5126792,2021
CPV,2015,FALSE,CONS,,,15-64,,B40,.3620354,2021
CPV,2015,FALSE,CONS,,,15-64,,T60,.6379647,2021
CPV,2015,FALSE,CONS,,,>65,,B40,.3338081,2021
CPV,2015,FALSE,CONS,,,>65,,T60,.6661919,2021
CPV,2015,FALSE,CONS,,,,Primary education,B40,.4291991,2021
CPV,2015,FALSE,CONS,,,,Primary education,T60,.5708009,2021
CPV,2015,FALSE,CONS,,,,Tertiary education,B40,.0575977,2021
CPV,2015,FALSE,CONS,,,,Tertiary education,T60,.9424023,2021
CPV,2015,FALSE,CONS,,,,Secondary education,B40,.3344646,2021
CPV,2015,FALSE,CONS,,,,Secondary education,T60,.6655354,2021
CPV,2015,FALSE,CONS,,,,No education,B40,.4683113,2021
CPV,2015,FALSE,CONS,,,,No education,T60,.5316887,2021
CPV,2015,FALSE,CONS,,Male,,,B40,.3907386,2021
CPV,2015,FALSE,CONS,,Male,,,T60,.6092614,2021
CPV,2015,FALSE,CONS,,Female,,,B40,.4085151,2021
CPV,2015,FALSE,CONS,,Female,,,T60,.591485,2021
CPV,2015,FALSE,CONS,R,,,,B40,.5895846,2021
CPV,2015,FALSE,CONS,R,,,,T60,.4104154,2021
CPV,2015,FALSE,CONS,U,,,,B40,.2947803,2021
CPV,2015,FALSE,CONS,U,,,,T60,.7052197,2021
CRI,2024,FALSE,INC,,,0-14,,B40,.6370339,2021
CRI,2024,FALSE,INC,,,0-14,,T60,.3629661,2021
CRI,2024,FALSE,INC,,,15-64,,B40,.3643497,2021
CRI,2024,FALSE,INC,,,15-64,,T60,.6356503,2021
CRI,2024,FALSE,INC,,,>65,,B40,.2885642,2021
CRI,2024,FALSE,INC,,,>65,,T60,.7114358,2021
CRI,2024,FALSE,INC,,,,Primary education,B40,.4682187,2021
CRI,2024,FALSE,INC,,,,Primary education,T60,.5317813,2021
CRI,2024,FALSE,INC,,,,Tertiary education,B40,.0898463,2021
CRI,2024,FALSE,INC,,,,Tertiary education,T60,.9101537,2021
CRI,2024,FALSE,INC,,,,Secondary education,B40,.3735203,2021
CRI,2024,FALSE,INC,,,,Secondary education,T60,.6264797,2021
CRI,2024,FALSE,INC,,,,No education,B40,.6296119,2021
CRI,2024,FALSE,INC,,,,No education,T60,.3703881,2021
CRI,2024,FALSE,INC,,Male,,,B40,.3916897,2021
CRI,2024,FALSE,INC,,Male,,,T60,.6083103,2021
CRI,2024,FALSE,INC,,Female,,,B40,.4075439,2021
CRI,2024,FALSE,INC,,Female,,,T60,.5924561,2021
CRI,2024,FALSE,INC,R,,,,B40,.5398029,2021
CRI,2024,FALSE,INC,R,,,,T60,.4601971,2021
CRI,2024,FALSE,INC,U,,,,B40,.3465919,2021
CRI,2024,FALSE,INC,U,,,,T60,.6534081,2021
CYP,2022,FALSE,INC,,,0-14,,B40,.5844238,2021
CYP,2022,FALSE,INC,,,0-14,,T60,.4155762,2021
CYP,2022,FALSE,INC,,,15-64,,B40,.3551656,2021
CYP,2022,FALSE,INC,,,15-64,,T60,.6448344,2021
CYP,2022,FALSE,INC,,,>65,,B40,.4151438,2021
CYP,2022,FALSE,INC,,,>65,,T60,.5848562,2021
CYP,2022,FALSE,INC,,,,Primary education,B40,.5610416,2021
CYP,2022,FALSE,INC,,,,Primary education,T60,.4389584,2021
CYP,2022,FALSE,INC,,,,Tertiary education,B40,.2066359,2021
CYP,2022,FALSE,INC,,,,Tertiary education,T60,.7933642,2021
CYP,2022,FALSE,INC,,,,Secondary education,B40,.4442636,2021
CYP,2022,FALSE,INC,,,,Secondary education,T60,.5557364,2021
CYP,2022,FALSE,INC,,,,No education,B40,.6879429,2021
CYP,2022,FALSE,INC,,,,No education,T60,.3120571,2021
CYP,2022,FALSE,INC,,Male,,,B40,.3867627,2021
CYP,2022,FALSE,INC,,Male,,,T60,.6132373,2021
CYP,2022,FALSE,INC,,Female,,,B40,.4125057,2021
CYP,2022,FALSE,INC,,Female,,,T60,.5874943,2021
CYP,2022,FALSE,INC,R,,,,B40,.4772212,2021
CYP,2022,FALSE,INC,R,,,,T60,.5227788,2021
CYP,2022,FALSE,INC,U,,,,B40,.3808172,2021
CYP,2022,FALSE,INC,U,,,,T60,.6191828,2021
CZE,2022,FALSE,INC,,,0-14,,B40,.6166963,2021
CZE,2022,FALSE,INC,,,0-14,,T60,.3833037,2021
CZE,2022,FALSE,INC,,,15-64,,B40,.3531263,2021
CZE,2022,FALSE,INC,,,15-64,,T60,.6468737,2021
CZE,2022,FALSE,INC,,,>65,,B40,.3816803,2021
CZE,2022,FALSE,INC,,,>65,,T60,.6183197,2021
CZE,2022,FALSE,INC,,,,Tertiary education,B40,.2108906,2021
CZE,2022,FALSE,INC,,,,Tertiary education,T60,.7891094,2021
CZE,2022,FALSE,INC,,,,Secondary education,B40,.3944473,2021
CZE,2022,FALSE,INC,,,,Secondary education,T60,.6055527,2021
CZE,2022,FALSE,INC,,Male,,,B40,.3843428,2021
CZE,2022,FALSE,INC,,Male,,,T60,.6156572,2021
CZE,2022,FALSE,INC,,Female,,,B40,.4146955,2021
CZE,2022,FALSE,INC,,Female,,,T60,.5853046,2021
CZE,2022,FALSE,INC,R,,,,B40,.4524024,2021
CZE,2022,FALSE,INC,R,,,,T60,.5475976,2021
CZE,2022,FALSE,INC,U,,,,B40,.3695465,2021
CZE,2022,FALSE,INC,U,,,,T60,.6304535,2021
DJI,2017,FALSE,CONS,,,0-14,,B40,.4598187,2021
DJI,2017,FALSE,CONS,,,0-14,,T60,.5401813,2021
DJI,2017,FALSE,CONS,,,15-64,,B40,.3654895,2021
DJI,2017,FALSE,CONS,,,15-64,,T60,.6345105,2021
DJI,2017,FALSE,CONS,,,,Primary education,B40,.3371122,2021
DJI,2017,FALSE,CONS,,,,Primary education,T60,.6628878,2021
DJI,2017,FALSE,CONS,,,,Tertiary education,B40,.1183945,2021
DJI,2017,FALSE,CONS,,,,Tertiary education,T60,.8816055,2021
DJI,2017,FALSE,CONS,,,,Secondary education,B40,.277434,2021
DJI,2017,FALSE,CONS,,,,Secondary education,T60,.7225659,2021
DJI,2017,FALSE,CONS,,,,No education,B40,.4828078,2021
DJI,2017,FALSE,CONS,,,,No education,T60,.5171922,2021
DJI,2017,FALSE,CONS,,Male,,,B40,.4040647,2021
DJI,2017,FALSE,CONS,,Male,,,T60,.5959353,2021
DJI,2017,FALSE,CONS,,Female,,,B40,.3960084,2021
DJI,2017,FALSE,CONS,,Female,,,T60,.6039916,2021
DJI,2017,FALSE,CONS,R,,,,B40,.8329998,2021
DJI,2017,FALSE,CONS,R,,,,T60,.1670002,2021
DJI,2017,FALSE,CONS,U,,,,B40,.3224012,2021
DJI,2017,FALSE,CONS,U,,,,T60,.6775988,2021
DNK,2022,FALSE,INC,,,0-14,,B40,.6835477,2021
DNK,2022,FALSE,INC,,,0-14,,T60,.3164523,2021
DNK,2022,FALSE,INC,,,15-64,,B40,.3642479,2021
DNK,2022,FALSE,INC,,,15-64,,T60,.635752,2021
DNK,2022,FALSE,INC,,,>65,,B40,.3034509,2021
DNK,2022,FALSE,INC,,,>65,,T60,.6965491,2021
DNK,2022,FALSE,INC,,,,Primary education,B40,.4453142,2021
DNK,2022,FALSE,INC,,,,Primary education,T60,.5546858,2021
DNK,2022,FALSE,INC,,,,Tertiary education,B40,.2759266,2021
DNK,2022,FALSE,INC,,,,Tertiary education,T60,.7240734,2021
DNK,2022,FALSE,INC,,,,Secondary education,B40,.3744969,2021
DNK,2022,FALSE,INC,,,,Secondary education,T60,.6255031,2021
DNK,2022,FALSE,INC,,Male,,,B40,.3925384,2021
DNK,2022,FALSE,INC,,Male,,,T60,.6074616,2021
DNK,2022,FALSE,INC,,Female,,,B40,.4054401,2021
DNK,2022,FALSE,INC,,Female,,,T60,.5945599,2021
DNK,2022,FALSE,INC,R,,,,B40,.4340442,2021
DNK,2022,FALSE,INC,R,,,,T60,.5659558,2021
DNK,2022,FALSE,INC,U,,,,B40,.3819084,2021
DNK,2022,FALSE,INC,U,,,,T60,.6180916,2021
DOM,2023,FALSE,INC,,,0-14,,B40,.5946932,2021
DOM,2023,FALSE,INC,,,0-14,,T60,.4053068,2021
DOM,2023,FALSE,INC,,,15-64,,B40,.3456909,2021
DOM,2023,FALSE,INC,,,15-64,,T60,.6543091,2021
DOM,2023,FALSE,INC,,,>65,,B40,.2646205,2021
DOM,2023,FALSE,INC,,,>65,,T60,.7353795,2021
DOM,2023,FALSE,INC,,,,Primary education,B40,.3642759,2021
DOM,2023,FALSE,INC,,,,Primary education,T60,.6357241,2021
DOM,2023,FALSE,INC,,,,Tertiary education,B40,.1897295,2021
DOM,2023,FALSE,INC,,,,Tertiary education,T60,.8102705,2021
DOM,2023,FALSE,INC,,,,Secondary education,B40,.367528,2021
DOM,2023,FALSE,INC,,,,Secondary education,T60,.632472,2021
DOM,2023,FALSE,INC,,,,No education,B40,.4588858,2021
DOM,2023,FALSE,INC,,,,No education,T60,.5411142,2021
DOM,2023,FALSE,INC,,Male,,,B40,.3817012,2021
DOM,2023,FALSE,INC,,Male,,,T60,.6182988,2021
DOM,2023,FALSE,INC,,Female,,,B40,.4170824,2021
DOM,2023,FALSE,INC,,Female,,,T60,.5829176,2021
DOM,2023,FALSE,INC,R,,,,B40,.3708394,2021
DOM,2023,FALSE,INC,R,,,,T60,.6291606,2021
DOM,2023,FALSE,INC,U,,,,B40,.405566,2021
DOM,2023,FALSE,INC,U,,,,T60,.594434,2021
ECU,2023,FALSE,INC,,,0-14,,B40,.5777816,2021
ECU,2023,FALSE,INC,,,0-14,,T60,.4222184,2021
ECU,2023,FALSE,INC,,,15-64,,B40,.3462811,2021
ECU,2023,FALSE,INC,,,15-64,,T60,.6537189,2021
ECU,2023,FALSE,INC,,,>65,,B40,.2045534,2021
ECU,2023,FALSE,INC,,,>65,,T60,.7954466,2021
ECU,2023,FALSE,INC,,,,Primary education,B40,.3985729,2021
ECU,2023,FALSE,INC,,,,Primary education,T60,.6014271,2021
ECU,2023,FALSE,INC,,,,Tertiary education,B40,.0997876,2021
ECU,2023,FALSE,INC,,,,Tertiary education,T60,.9002123,2021
ECU,2023,FALSE,INC,,,,Secondary education,B40,.3636254,2021
ECU,2023,FALSE,INC,,,,Secondary education,T60,.6363746,2021
ECU,2023,FALSE,INC,,,,No education,B40,.4345478,2021
ECU,2023,FALSE,INC,,,,No education,T60,.5654522,2021
ECU,2023,FALSE,INC,,Male,,,B40,.3897697,2021
ECU,2023,FALSE,INC,,Male,,,T60,.6102303,2021
ECU,2023,FALSE,INC,,Female,,,B40,.4092003,2021
ECU,2023,FALSE,INC,,Female,,,T60,.5907997,2021
ECU,2023,FALSE,INC,R,,,,B40,.530264,2021
ECU,2023,FALSE,INC,R,,,,T60,.469736,2021
ECU,2023,FALSE,INC,U,,,,B40,.338621,2021
ECU,2023,FALSE,INC,U,,,,T60,.661379,2021
EGY,2021,FALSE,CONS,,,0-14,,B40,.5390639,2021
EGY,2021,FALSE,CONS,,,0-14,,T60,.4609361,2021
EGY,2021,FALSE,CONS,,,15-64,,B40,.3445686,2021
EGY,2021,FALSE,CONS,,,15-64,,T60,.6554314,2021
EGY,2021,FALSE,CONS,,,>65,,B40,.159302,2021
EGY,2021,FALSE,CONS,,,>65,,T60,.840698,2021
EGY,2021,FALSE,CONS,,,,Primary education,B40,.3723533,2021
EGY,2021,FALSE,CONS,,,,Primary education,T60,.6276467,2021
EGY,2021,FALSE,CONS,,,,Tertiary education,B40,.1712158,2021
EGY,2021,FALSE,CONS,,,,Tertiary education,T60,.8287842,2021
EGY,2021,FALSE,CONS,,,,Secondary education,B40,.3788166,2021
EGY,2021,FALSE,CONS,,,,Secondary education,T60,.6211834,2021
EGY,2021,FALSE,CONS,,,,No education,B40,.3821051,2021
EGY,2021,FALSE,CONS,,,,No education,T60,.6178949,2021
EGY,2021,FALSE,CONS,,Male,,,B40,.3992323,2021
EGY,2021,FALSE,CONS,,Male,,,T60,.6007677,2021
EGY,2021,FALSE,CONS,,Female,,,B40,.4006901,2021
EGY,2021,FALSE,CONS,,Female,,,T60,.5993099,2021
EGY,2021,FALSE,CONS,R,,,,B40,.4738613,2021
EGY,2021,FALSE,CONS,R,,,,T60,.5261387,2021
EGY,2021,FALSE,CONS,U,,,,B40,.2981624,2021
EGY,2021,FALSE,CONS,U,,,,T60,.7018376,2021
ESP,2022,FALSE,INC,,,0-14,,B40,.6037471,2021
ESP,2022,FALSE,INC,,,0-14,,T60,.3962529,2021
ESP,2022,FALSE,INC,,,15-64,,B40,.3975253,2021
ESP,2022,FALSE,INC,,,15-64,,T60,.6024747,2021
ESP,2022,FALSE,INC,,,>65,,B40,.2789519,2021
ESP,2022,FALSE,INC,,,>65,,T60,.7210481,2021
ESP,2022,FALSE,INC,,,,Primary education,B40,.4340006,2021
ESP,2022,FALSE,INC,,,,Primary education,T60,.5659994,2021
ESP,2022,FALSE,INC,,,,Tertiary education,B40,.2123753,2021
ESP,2022,FALSE,INC,,,,Tertiary education,T60,.7876248,2021
ESP,2022,FALSE,INC,,,,Secondary education,B40,.4351057,2021
ESP,2022,FALSE,INC,,,,Secondary education,T60,.5648943,2021
ESP,2022,FALSE,INC,,,,No education,B40,.5176582,2021
ESP,2022,FALSE,INC,,,,No education,T60,.4823418,2021
ESP,2022,FALSE,INC,,Male,,,B40,.3931811,2021
ESP,2022,FALSE,INC,,Male,,,T60,.6068189,2021
ESP,2022,FALSE,INC,,Female,,,B40,.4044907,2021
ESP,2022,FALSE,INC,,Female,,,T60,.5955093,2021
ESP,2022,FALSE,INC,R,,,,B40,.4521765,2021
ESP,2022,FALSE,INC,R,,,,T60,.5478235,2021
ESP,2022,FALSE,INC,U,,,,B40,.3908023,2021
ESP,2022,FALSE,INC,U,,,,T60,.6091977,2021
EST,2022,FALSE,INC,,,0-14,,B40,.4672919,2021
EST,2022,FALSE,INC,,,0-14,,T60,.5327081,2021
EST,2022,FALSE,INC,,,15-64,,B40,.3164411,2021
EST,2022,FALSE,INC,,,15-64,,T60,.6835589,2021
EST,2022,FALSE,INC,,,>65,,B40,.6019043,2021
EST,2022,FALSE,INC,,,>65,,T60,.3980956,2021
EST,2022,FALSE,INC,,,,Primary education,B40,.6237223,2021
EST,2022,FALSE,INC,,,,Primary education,T60,.3762778,2021
EST,2022,FALSE,INC,,,,Tertiary education,B40,.3062138,2021
EST,2022,FALSE,INC,,,,Tertiary education,T60,.6937861,2021
EST,2022,FALSE,INC,,,,Secondary education,B40,.461013,2021
EST,2022,FALSE,INC,,,,Secondary education,T60,.538987,2021
EST,2022,FALSE,INC,,Male,,,B40,.381828,2021
EST,2022,FALSE,INC,,Male,,,T60,.618172,2021
EST,2022,FALSE,INC,,Female,,,B40,.4154561,2021
EST,2022,FALSE,INC,,Female,,,T60,.5845439,2021
EST,2022,FALSE,INC,R,,,,B40,.4398296,2021
EST,2022,FALSE,INC,R,,,,T60,.5601704,2021
EST,2022,FALSE,INC,U,,,,B40,.3772362,2021
EST,2022,FALSE,INC,U,,,,T60,.6227638,2021
ETH,2021,FALSE,CONS,,,0-14,,B40,.4703149,2021
ETH,2021,FALSE,CONS,,,0-14,,T60,.5296851,2021
ETH,2021,FALSE,CONS,,,15-64,,B40,.353694,2021
ETH,2021,FALSE,CONS,,,15-64,,T60,.646306,2021
ETH,2021,FALSE,CONS,,,>65,,B40,.291145,2021
ETH,2021,FALSE,CONS,,,>65,,T60,.708855,2021
ETH,2021,FALSE,CONS,,,,Primary education,B40,.3820439,2021
ETH,2021,FALSE,CONS,,,,Primary education,T60,.617956,2021
ETH,2021,FALSE,CONS,,,,Tertiary education,B40,.0758567,2021
ETH,2021,FALSE,CONS,,,,Tertiary education,T60,.9241433,2021
ETH,2021,FALSE,CONS,,,,Secondary education,B40,.2654096,2021
ETH,2021,FALSE,CONS,,,,Secondary education,T60,.7345904,2021
ETH,2021,FALSE,CONS,,,,No education,B40,.4083922,2021
ETH,2021,FALSE,CONS,,,,No education,T60,.5916078,2021
ETH,2021,FALSE,CONS,,Male,,,B40,.405181,2021
ETH,2021,FALSE,CONS,,Male,,,T60,.594819,2021
ETH,2021,FALSE,CONS,,Female,,,B40,.3948651,2021
ETH,2021,FALSE,CONS,,Female,,,T60,.6051349,2021
ETH,2021,FALSE,CONS,R,,,,B40,.4670998,2021
ETH,2021,FALSE,CONS,R,,,,T60,.5329003,2021
ETH,2021,FALSE,CONS,U,,,,B40,.1607554,2021
ETH,2021,FALSE,CONS,U,,,,T60,.8392445,2021
FIN,2022,FALSE,INC,,,0-14,,B40,.6878156,2021
FIN,2022,FALSE,INC,,,0-14,,T60,.3121844,2021
FIN,2022,FALSE,INC,,,15-64,,B40,.3580268,2021
FIN,2022,FALSE,INC,,,15-64,,T60,.6419732,2021
FIN,2022,FALSE,INC,,,>65,,B40,.3417942,2021
FIN,2022,FALSE,INC,,,>65,,T60,.6582058,2021
FIN,2022,FALSE,INC,,,,Tertiary education,B40,.2104446,2021
FIN,2022,FALSE,INC,,,,Tertiary education,T60,.7895554,2021
FIN,2022,FALSE,INC,,,,Secondary education,B40,.4097964,2021
FIN,2022,FALSE,INC,,,,Secondary education,T60,.5902036,2021
FIN,2022,FALSE,INC,,Male,,,B40,.3907598,2021
FIN,2022,FALSE,INC,,Male,,,T60,.6092402,2021
FIN,2022,FALSE,INC,,Female,,,B40,.4088189,2021
FIN,2022,FALSE,INC,,Female,,,T60,.5911811,2021
FIN,2022,FALSE,INC,R,,,,B40,.4464907,2021
FIN,2022,FALSE,INC,R,,,,T60,.5535093,2021
FIN,2022,FALSE,INC,U,,,,B40,.3828145,2021
FIN,2022,FALSE,INC,U,,,,T60,.6171855,2021
FJI,2019,FALSE,CONS,,,0-14,,B40,.5268096,2021
FJI,2019,FALSE,CONS,,,0-14,,T60,.4731904,2021
FJI,2019,FALSE,CONS,,,15-64,,B40,.3523553,2021
FJI,2019,FALSE,CONS,,,15-64,,T60,.6476447,2021
FJI,2019,FALSE,CONS,,,>65,,B40,.2973627,2021
FJI,2019,FALSE,CONS,,,>65,,T60,.7026373,2021
FJI,2019,FALSE,CONS,,,,Primary education,B40,.4107425,2021
FJI,2019,FALSE,CONS,,,,Primary education,T60,.5892575,2021
FJI,2019,FALSE,CONS,,,,Tertiary education,B40,.1009944,2021
FJI,2019,FALSE,CONS,,,,Tertiary education,T60,.8990056,2021
FJI,2019,FALSE,CONS,,,,Secondary education,B40,.361374,2021
FJI,2019,FALSE,CONS,,,,Secondary education,T60,.638626,2021
FJI,2019,FALSE,CONS,,,,No education,B40,.3878831,2021
FJI,2019,FALSE,CONS,,,,No education,T60,.6121169,2021
FJI,2019,FALSE,CONS,,Male,,,B40,.4075081,2021
FJI,2019,FALSE,CONS,,Male,,,T60,.5924919,2021
FJI,2019,FALSE,CONS,,Female,,,B40,.3925861,2021
FJI,2019,FALSE,CONS,,Female,,,T60,.6074139,2021
FJI,2019,FALSE,CONS,R,,,,B40,.5397421,2021
FJI,2019,FALSE,CONS,R,,,,T60,.460258,2021
FJI,2019,FALSE,CONS,U,,,,B40,.2868037,2021
FJI,2019,FALSE,CONS,U,,,,T60,.7131963,2021
FRA,2022,FALSE,INC,,,0-14,,B40,.6375077,2021
FRA,2022,FALSE,INC,,,0-14,,T60,.3624923,2021
FRA,2022,FALSE,INC,,,15-64,,B40,.3946826,2021
FRA,2022,FALSE,INC,,,15-64,,T60,.6053175,2021
FRA,2022,FALSE,INC,,,>65,,B40,.2570832,2021
FRA,2022,FALSE,INC,,,>65,,T60,.7429168,2021
FRA,2022,FALSE,INC,,,,Primary education,B40,.4515755,2021
FRA,2022,FALSE,INC,,,,Primary education,T60,.5484245,2021
FRA,2022,FALSE,INC,,,,Tertiary education,B40,.1958169,2021
FRA,2022,FALSE,INC,,,,Tertiary education,T60,.8041831,2021
FRA,2022,FALSE,INC,,,,Secondary education,B40,.4060459,2021
FRA,2022,FALSE,INC,,,,Secondary education,T60,.5939541,2021
FRA,2022,FALSE,INC,,,,No education,B40,.6472119,2021
FRA,2022,FALSE,INC,,,,No education,T60,.3527881,2021
FRA,2022,FALSE,INC,,Male,,,B40,.3884341,2021
FRA,2022,FALSE,INC,,Male,,,T60,.6115659,2021
FRA,2022,FALSE,INC,,Female,,,B40,.4079083,2021
FRA,2022,FALSE,INC,,Female,,,T60,.5920917,2021
FRA,2022,FALSE,INC,R,,,,B40,.4024655,2021
FRA,2022,FALSE,INC,R,,,,T60,.5975345,2021
FRA,2022,FALSE,INC,U,,,,B40,.3964815,2021
FRA,2022,FALSE,INC,U,,,,T60,.6035184,2021
FSM,2013,FALSE,CONS,,,0-14,,B40,.4565881,2021
FSM,2013,FALSE,CONS,,,0-14,,T60,.5434119,2021
FSM,2013,FALSE,CONS,,,15-64,,B40,.3749695,2021
FSM,2013,FALSE,CONS,,,15-64,,T60,.6250305,2021
FSM,2013,FALSE,CONS,,,>65,,B40,.312196,2021
FSM,2013,FALSE,CONS,,,>65,,T60,.6878039,2021
FSM,2013,FALSE,CONS,,,,Primary education,B40,.4560531,2021
FSM,2013,FALSE,CONS,,,,Primary education,T60,.5439469,2021
FSM,2013,FALSE,CONS,,,,Tertiary education,B40,.0961134,2021
FSM,2013,FALSE,CONS,,,,Tertiary education,T60,.9038866,2021
FSM,2013,FALSE,CONS,,,,Secondary education,B40,.3009218,2021
FSM,2013,FALSE,CONS,,,,Secondary education,T60,.6990781,2021
FSM,2013,FALSE,CONS,,,,No education,B40,.5994948,2021
FSM,2013,FALSE,CONS,,,,No education,T60,.4005052,2021
FSM,2013,FALSE,CONS,,Male,,,B40,.404709,2021
FSM,2013,FALSE,CONS,,Male,,,T60,.595291,2021
FSM,2013,FALSE,CONS,,Female,,,B40,.3951748,2021
FSM,2013,FALSE,CONS,,Female,,,T60,.6048252,2021
GAB,2017,FALSE,CONS,,,0-14,,B40,.4961231,2021
GAB,2017,FALSE,CONS,,,0-14,,T60,.5038769,2021
GAB,2017,FALSE,CONS,,,15-64,,B40,.3361658,2021
GAB,2017,FALSE,CONS,,,15-64,,T60,.6638342,2021
GAB,2017,FALSE,CONS,,,>65,,B40,.4325137,2021
GAB,2017,FALSE,CONS,,,>65,,T60,.5674863,2021
GAB,2017,FALSE,CONS,,,,Primary education,B40,.4861061,2021
GAB,2017,FALSE,CONS,,,,Primary education,T60,.5138939,2021
GAB,2017,FALSE,CONS,,,,Tertiary education,B40,.0984543,2021
GAB,2017,FALSE,CONS,,,,Tertiary education,T60,.9015457,2021
GAB,2017,FALSE,CONS,,,,Secondary education,B40,.3241943,2021
GAB,2017,FALSE,CONS,,,,Secondary education,T60,.6758057,2021
GAB,2017,FALSE,CONS,,,,No education,B40,.4148976,2021
GAB,2017,FALSE,CONS,,,,No education,T60,.5851024,2021
GAB,2017,FALSE,CONS,,Male,,,B40,.3839987,2021
GAB,2017,FALSE,CONS,,Male,,,T60,.6160014,2021
GAB,2017,FALSE,CONS,,Female,,,B40,.4147913,2021
GAB,2017,FALSE,CONS,,Female,,,T60,.5852088,2021
GAB,2017,FALSE,CONS,R,,,,B40,.548835,2021
GAB,2017,FALSE,CONS,R,,,,T60,.451165,2021
GAB,2017,FALSE,CONS,U,,,,B40,.3683291,2021
GAB,2017,FALSE,CONS,U,,,,T60,.6316709,2021
GEO,2023,FALSE,CONS,,,0-14,,B40,.522813,2021
GEO,2023,FALSE,CONS,,,0-14,,T60,.477187,2021
GEO,2023,FALSE,CONS,,,15-64,,B40,.3818033,2021
GEO,2023,FALSE,CONS,,,15-64,,T60,.6181967,2021
GEO,2023,FALSE,CONS,,,>65,,B40,.3429224,2021
GEO,2023,FALSE,CONS,,,>65,,T60,.6570777,2021
GEO,2023,FALSE,CONS,,,,Primary education,B40,.4925354,2021
GEO,2023,FALSE,CONS,,,,Primary education,T60,.5074646,2021
GEO,2023,FALSE,CONS,,,,Tertiary education,B40,.2198694,2021
GEO,2023,FALSE,CONS,,,,Tertiary education,T60,.7801306,2021
GEO,2023,FALSE,CONS,,,,Secondary education,B40,.4354261,2021
GEO,2023,FALSE,CONS,,,,Secondary education,T60,.5645738,2021
GEO,2023,FALSE,CONS,,,,No education,B40,.6036695,2021
GEO,2023,FALSE,CONS,,,,No education,T60,.3963305,2021
GEO,2023,FALSE,CONS,,Male,,,B40,.3970655,2021
GEO,2023,FALSE,CONS,,Male,,,T60,.6029345,2021
GEO,2023,FALSE,CONS,,Female,,,B40,.4026381,2021
GEO,2023,FALSE,CONS,,Female,,,T60,.5973619,2021
GEO,2023,FALSE,CONS,R,,,,B40,.4946864,2021
GEO,2023,FALSE,CONS,R,,,,T60,.5053136,2021
GEO,2023,FALSE,CONS,U,,,,B40,.3407699,2021
GEO,2023,FALSE,CONS,U,,,,T60,.6592301,2021
GHA,2016,FALSE,CONS,,,0-14,,B40,.4835158,2021
GHA,2016,FALSE,CONS,,,0-14,,T60,.5164842,2021
GHA,2016,FALSE,CONS,,,15-64,,B40,.3436561,2021
GHA,2016,FALSE,CONS,,,15-64,,T60,.6563439,2021
GHA,2016,FALSE,CONS,,,>65,,B40,.4051618,2021
GHA,2016,FALSE,CONS,,,>65,,T60,.5948382,2021
GHA,2016,FALSE,CONS,,,,Primary education,B40,.4550019,2021
GHA,2016,FALSE,CONS,,,,Primary education,T60,.5449982,2021
GHA,2016,FALSE,CONS,,,,Tertiary education,B40,.0770679,2021
GHA,2016,FALSE,CONS,,,,Tertiary education,T60,.9229321,2021
GHA,2016,FALSE,CONS,,,,Secondary education,B40,.2660973,2021
GHA,2016,FALSE,CONS,,,,Secondary education,T60,.7339027,2021
GHA,2016,FALSE,CONS,,,,No education,B40,.6093162,2021
GHA,2016,FALSE,CONS,,,,No education,T60,.3906838,2021
GHA,2016,FALSE,CONS,,Male,,,B40,.3972122,2021
GHA,2016,FALSE,CONS,,Male,,,T60,.6027878,2021
GHA,2016,FALSE,CONS,,Female,,,B40,.4025987,2021
GHA,2016,FALSE,CONS,,Female,,,T60,.5974013,2021
GHA,2016,FALSE,CONS,R,,,,B40,.6064172,2021
GHA,2016,FALSE,CONS,R,,,,T60,.3935828,2021
GHA,2016,FALSE,CONS,U,,,,B40,.1993945,2021
GHA,2016,FALSE,CONS,U,,,,T60,.8006055,2021
GIN,2018,FALSE,CONS,,,0-14,,B40,.4575091,2021
GIN,2018,FALSE,CONS,,,0-14,,T60,.5424909,2021
GIN,2018,FALSE,CONS,,,15-64,,B40,.3428333,2021
GIN,2018,FALSE,CONS,,,15-64,,T60,.6571668,2021
GIN,2018,FALSE,CONS,,,>65,,B40,.4456656,2021
GIN,2018,FALSE,CONS,,,>65,,T60,.5543344,2021
GIN,2018,FALSE,CONS,,,,Primary education,B40,.2814679,2021
GIN,2018,FALSE,CONS,,,,Primary education,T60,.718532,2021
GIN,2018,FALSE,CONS,,,,Tertiary education,B40,.0465958,2021
GIN,2018,FALSE,CONS,,,,Tertiary education,T60,.9534042,2021
GIN,2018,FALSE,CONS,,,,Secondary education,B40,.1722014,2021
GIN,2018,FALSE,CONS,,,,Secondary education,T60,.8277986,2021
GIN,2018,FALSE,CONS,,,,No education,B40,.4385304,2021
GIN,2018,FALSE,CONS,,,,No education,T60,.5614696,2021
GIN,2018,FALSE,CONS,,Male,,,B40,.3888483,2021
GIN,2018,FALSE,CONS,,Male,,,T60,.6111517,2021
GIN,2018,FALSE,CONS,,Female,,,B40,.4100201,2021
GIN,2018,FALSE,CONS,,Female,,,T60,.5899799,2021
GIN,2018,FALSE,CONS,R,,,,B40,.5425783,2021
GIN,2018,FALSE,CONS,R,,,,T60,.4574217,2021
GIN,2018,FALSE,CONS,U,,,,B40,.1395416,2021
GIN,2018,FALSE,CONS,U,,,,T60,.8604584,2021
GMB,2020,FALSE,CONS,,,0-14,,B40,.4480314,2021
GMB,2020,FALSE,CONS,,,0-14,,T60,.5519686,2021
GMB,2020,FALSE,CONS,,,15-64,,B40,.3610674,2021
GMB,2020,FALSE,CONS,,,15-64,,T60,.6389326,2021
GMB,2020,FALSE,CONS,,,>65,,B40,.3822875,2021
GMB,2020,FALSE,CONS,,,>65,,T60,.6177125,2021
GMB,2020,FALSE,CONS,,,,Primary education,B40,.3349872,2021
GMB,2020,FALSE,CONS,,,,Primary education,T60,.6650128,2021
GMB,2020,FALSE,CONS,,,,Tertiary education,B40,.1011159,2021
GMB,2020,FALSE,CONS,,,,Tertiary education,T60,.8988841,2021
GMB,2020,FALSE,CONS,,,,Secondary education,B40,.2377571,2021
GMB,2020,FALSE,CONS,,,,Secondary education,T60,.7622429,2021
GMB,2020,FALSE,CONS,,,,No education,B40,.4696082,2021
GMB,2020,FALSE,CONS,,,,No education,T60,.5303919,2021
GMB,2020,FALSE,CONS,,Male,,,B40,.4051272,2021
GMB,2020,FALSE,CONS,,Male,,,T60,.5948728,2021
GMB,2020,FALSE,CONS,,Female,,,B40,.3953202,2021
GMB,2020,FALSE,CONS,,Female,,,T60,.6046798,2021
GMB,2020,FALSE,CONS,R,,,,B40,.6203198,2021
GMB,2020,FALSE,CONS,R,,,,T60,.3796802,2021
GMB,2020,FALSE,CONS,U,,,,B40,.2198802,2021
GMB,2020,FALSE,CONS,U,,,,T60,.7801198,2021
GNB,2021,FALSE,CONS,,,0-14,,B40,.4768342,2021
GNB,2021,FALSE,CONS,,,0-14,,T60,.5231658,2021
GNB,2021,FALSE,CONS,,,15-64,,B40,.352063,2021
GNB,2021,FALSE,CONS,,,15-64,,T60,.647937,2021
GNB,2021,FALSE,CONS,,,>65,,B40,.3661036,2021
GNB,2021,FALSE,CONS,,,>65,,T60,.6338964,2021
GNB,2021,FALSE,CONS,,,,Primary education,B40,.3960756,2021
GNB,2021,FALSE,CONS,,,,Primary education,T60,.6039244,2021
GNB,2021,FALSE,CONS,,,,Tertiary education,B40,.0559514,2021
GNB,2021,FALSE,CONS,,,,Tertiary education,T60,.9440486,2021
GNB,2021,FALSE,CONS,,,,Secondary education,B40,.2122366,2021
GNB,2021,FALSE,CONS,,,,Secondary education,T60,.7877634,2021
GNB,2021,FALSE,CONS,,,,No education,B40,.501334,2021
GNB,2021,FALSE,CONS,,,,No education,T60,.498666,2021
GNB,2021,FALSE,CONS,,Male,,,B40,.3961207,2021
GNB,2021,FALSE,CONS,,Male,,,T60,.6038793,2021
GNB,2021,FALSE,CONS,,Female,,,B40,.4036143,2021
GNB,2021,FALSE,CONS,,Female,,,T60,.5963857,2021
GNB,2021,FALSE,CONS,R,,,,B40,.6056077,2021
GNB,2021,FALSE,CONS,R,,,,T60,.3943923,2021
GNB,2021,FALSE,CONS,U,,,,B40,.1224764,2021
GNB,2021,FALSE,CONS,U,,,,T60,.8775236,2021
GRC,2022,FALSE,INC,,,0-14,,B40,.6077239,2021
GRC,2022,FALSE,INC,,,0-14,,T60,.3922761,2021
GRC,2022,FALSE,INC,,,15-64,,B40,.4026641,2021
GRC,2022,FALSE,INC,,,15-64,,T60,.5973359,2021
GRC,2022,FALSE,INC,,,>65,,B40,.2780362,2021
GRC,2022,FALSE,INC,,,>65,,T60,.7219638,2021
GRC,2022,FALSE,INC,,,,Primary education,B40,.4281316,2021
GRC,2022,FALSE,INC,,,,Primary education,T60,.5718684,2021
GRC,2022,FALSE,INC,,,,Tertiary education,B40,.2148182,2021
GRC,2022,FALSE,INC,,,,Tertiary education,T60,.7851818,2021
GRC,2022,FALSE,INC,,,,Secondary education,B40,.4222873,2021
GRC,2022,FALSE,INC,,,,Secondary education,T60,.5777127,2021
GRC,2022,FALSE,INC,,,,No education,B40,.5131946,2021
GRC,2022,FALSE,INC,,,,No education,T60,.4868053,2021
GRC,2022,FALSE,INC,,Male,,,B40,.3998355,2021
GRC,2022,FALSE,INC,,Male,,,T60,.6001645,2021
GRC,2022,FALSE,INC,,Female,,,B40,.3964646,2021
GRC,2022,FALSE,INC,,Female,,,T60,.6035354,2021
GRC,2022,FALSE,INC,R,,,,B40,.4953142,2021
GRC,2022,FALSE,INC,R,,,,T60,.5046858,2021
GRC,2022,FALSE,INC,U,,,,B40,.3599757,2021
GRC,2022,FALSE,INC,U,,,,T60,.6400243,2021
GRD,2018,FALSE,CONS,,,0-14,,B40,.5524487,2021
GRD,2018,FALSE,CONS,,,0-14,,T60,.4475513,2021
GRD,2018,FALSE,CONS,,,15-64,,B40,.3875386,2021
GRD,2018,FALSE,CONS,,,15-64,,T60,.6124614,2021
GRD,2018,FALSE,CONS,,,>65,,B40,.2327998,2021
GRD,2018,FALSE,CONS,,,>65,,T60,.7672002,2021
GRD,2018,FALSE,CONS,,,,Primary education,B40,.3588414,2021
GRD,2018,FALSE,CONS,,,,Primary education,T60,.6411586,2021
GRD,2018,FALSE,CONS,,,,Tertiary education,B40,.1851116,2021
GRD,2018,FALSE,CONS,,,,Tertiary education,T60,.8148884,2021
GRD,2018,FALSE,CONS,,,,Secondary education,B40,.413439,2021
GRD,2018,FALSE,CONS,,,,Secondary education,T60,.586561,2021
GRD,2018,FALSE,CONS,,Male,,,B40,.389824,2021
GRD,2018,FALSE,CONS,,Male,,,T60,.610176,2021
GRD,2018,FALSE,CONS,,Female,,,B40,.408985,2021
GRD,2018,FALSE,CONS,,Female,,,T60,.591015,2021
GRD,2018,FALSE,CONS,R,,,,B40,.517583,2021
GRD,2018,FALSE,CONS,R,,,,T60,.482417,2021
GRD,2018,FALSE,CONS,U,,,,B40,.2914467,2021
GRD,2018,FALSE,CONS,U,,,,T60,.7085533,2021
GTM,2023,FALSE,INC,,,0-14,,B40,.508358,2021
GTM,2023,FALSE,INC,,,0-14,,T60,.491642,2021
GTM,2023,FALSE,INC,,,15-64,,B40,.3460338,2021
GTM,2023,FALSE,INC,,,15-64,,T60,.6539662,2021
GTM,2023,FALSE,INC,,,>65,,B40,.3318039,2021
GTM,2023,FALSE,INC,,,>65,,T60,.6681961,2021
GTM,2023,FALSE,INC,,,,Primary education,B40,.4200206,2021
GTM,2023,FALSE,INC,,,,Primary education,T60,.5799794,2021
GTM,2023,FALSE,INC,,,,Tertiary education,B40,.036459,2021
GTM,2023,FALSE,INC,,,,Tertiary education,T60,.963541,2021
GTM,2023,FALSE,INC,,,,Secondary education,B40,.2077362,2021
GTM,2023,FALSE,INC,,,,Secondary education,T60,.7922638,2021
GTM,2023,FALSE,INC,,,,No education,B40,.5226198,2021
GTM,2023,FALSE,INC,,,,No education,T60,.4773802,2021
GTM,2023,FALSE,INC,,Male,,,B40,.3907561,2021
GTM,2023,FALSE,INC,,Male,,,T60,.6092439,2021
GTM,2023,FALSE,INC,,Female,,,B40,.4079481,2021
GTM,2023,FALSE,INC,,Female,,,T60,.5920519,2021
GTM,2023,FALSE,INC,R,,,,B40,.5103363,2021
GTM,2023,FALSE,INC,R,,,,T60,.4896637,2021
GTM,2023,FALSE,INC,U,,,,B40,.2994108,2021
GTM,2023,FALSE,INC,U,,,,T60,.7005892,2021
HND,2023,FALSE,INC,,,0-14,,B40,.5104061,2021
HND,2023,FALSE,INC,,,0-14,,T60,.489594,2021
HND,2023,FALSE,INC,,,15-64,,B40,.3580255,2021
HND,2023,FALSE,INC,,,15-64,,T60,.6419745,2021
HND,2023,FALSE,INC,,,>65,,B40,.3327137,2021
HND,2023,FALSE,INC,,,>65,,T60,.6672863,2021
HND,2023,FALSE,INC,,,,Primary education,B40,.4285014,2021
HND,2023,FALSE,INC,,,,Primary education,T60,.5714986,2021
HND,2023,FALSE,INC,,,,Tertiary education,B40,.0794623,2021
HND,2023,FALSE,INC,,,,Tertiary education,T60,.9205377,2021
HND,2023,FALSE,INC,,,,Secondary education,B40,.2594111,2021
HND,2023,FALSE,INC,,,,Secondary education,T60,.740589,2021
HND,2023,FALSE,INC,,,,No education,B40,.5270323,2021
HND,2023,FALSE,INC,,,,No education,T60,.4729677,2021
HND,2023,FALSE,INC,,Male,,,B40,.392471,2021
HND,2023,FALSE,INC,,Male,,,T60,.607529,2021
HND,2023,FALSE,INC,,Female,,,B40,.4055709,2021
HND,2023,FALSE,INC,,Female,,,T60,.5944291,2021
HND,2023,FALSE,INC,R,,,,B40,.5588833,2021
HND,2023,FALSE,INC,R,,,,T60,.4411167,2021
HND,2023,FALSE,INC,U,,,,B40,.2737638,2021
HND,2023,FALSE,INC,U,,,,T60,.7262362,2021
HRV,2022,FALSE,INC,,,0-14,,B40,.5056604,2021
HRV,2022,FALSE,INC,,,0-14,,T60,.4943396,2021
HRV,2022,FALSE,INC,,,15-64,,B40,.3556151,2021
HRV,2022,FALSE,INC,,,15-64,,T60,.6443849,2021
HRV,2022,FALSE,INC,,,>65,,B40,.4597676,2021
HRV,2022,FALSE,INC,,,>65,,T60,.5402324,2021
HRV,2022,FALSE,INC,,,,Primary education,B40,.7354205,2021
HRV,2022,FALSE,INC,,,,Primary education,T60,.2645796,2021
HRV,2022,FALSE,INC,,,,Tertiary education,B40,.1722036,2021
HRV,2022,FALSE,INC,,,,Tertiary education,T60,.8277964,2021
HRV,2022,FALSE,INC,,,,Secondary education,B40,.42946,2021
HRV,2022,FALSE,INC,,,,Secondary education,T60,.57054,2021
HRV,2022,FALSE,INC,,,,No education,B40,.6715631,2021
HRV,2022,FALSE,INC,,,,No education,T60,.3284369,2021
HRV,2022,FALSE,INC,,Male,,,B40,.3847175,2021
HRV,2022,FALSE,INC,,Male,,,T60,.6152825,2021
HRV,2022,FALSE,INC,,Female,,,B40,.4142379,2021
HRV,2022,FALSE,INC,,Female,,,T60,.5857621,2021
HRV,2022,FALSE,INC,R,,,,B40,.4815395,2021
HRV,2022,FALSE,INC,R,,,,T60,.5184605,2021
HRV,2022,FALSE,INC,U,,,,B40,.3526526,2021
HRV,2022,FALSE,INC,U,,,,T60,.6473474,2021
HTI,2012,FALSE,CONS,,,0-14,,B40,.4791777,2021
HTI,2012,FALSE,CONS,,,0-14,,T60,.5208223,2021
HTI,2012,FALSE,CONS,,,15-64,,B40,.3536949,2021
HTI,2012,FALSE,CONS,,,15-64,,T60,.6463051,2021
HTI,2012,FALSE,CONS,,,>65,,B40,.3863025,2021
HTI,2012,FALSE,CONS,,,>65,,T60,.6136975,2021
HTI,2012,FALSE,CONS,,,,Primary education,B40,.4134585,2021
HTI,2012,FALSE,CONS,,,,Primary education,T60,.5865415,2021
HTI,2012,FALSE,CONS,,,,Tertiary education,B40,.0589733,2021
HTI,2012,FALSE,CONS,,,,Tertiary education,T60,.9410267,2021
HTI,2012,FALSE,CONS,,,,Secondary education,B40,.2606177,2021
HTI,2012,FALSE,CONS,,,,Secondary education,T60,.7393823,2021
HTI,2012,FALSE,CONS,,,,No education,B40,.5316556,2021
HTI,2012,FALSE,CONS,,,,No education,T60,.4683445,2021
HTI,2012,FALSE,CONS,,Male,,,B40,.4082357,2021
HTI,2012,FALSE,CONS,,Male,,,T60,.5917643,2021
HTI,2012,FALSE,CONS,,Female,,,B40,.3921078,2021
HTI,2012,FALSE,CONS,,Female,,,T60,.6078922,2021
HTI,2012,FALSE,CONS,R,,,,B40,.5840577,2021
HTI,2012,FALSE,CONS,R,,,,T60,.4159423,2021
HTI,2012,FALSE,CONS,U,,,,B40,.1980442,2021
HTI,2012,FALSE,CONS,U,,,,T60,.8019558,2021
HUN,2022,FALSE,INC,,,0-14,,B40,.6085874,2021
HUN,2022,FALSE,INC,,,0-14,,T60,.3914126,2021
HUN,2022,FALSE,INC,,,15-64,,B40,.3759475,2021
HUN,2022,FALSE,INC,,,15-64,,T60,.6240525,2021
HUN,2022,FALSE,INC,,,>65,,B40,.3390699,2021
HUN,2022,FALSE,INC,,,>65,,T60,.66093,2021
HUN,2022,FALSE,INC,,,,Primary education,B40,.8011111,2021
HUN,2022,FALSE,INC,,,,Primary education,T60,.1988889,2021
HUN,2022,FALSE,INC,,,,Tertiary education,B40,.1592559,2021
HUN,2022,FALSE,INC,,,,Tertiary education,T60,.8407441,2021
HUN,2022,FALSE,INC,,,,Secondary education,B40,.4407636,2021
HUN,2022,FALSE,INC,,,,Secondary education,T60,.5592364,2021
HUN,2022,FALSE,INC,,,,No education,B40,.591749,2021
HUN,2022,FALSE,INC,,,,No education,T60,.408251,2021
HUN,2022,FALSE,INC,,Male,,,B40,.3909363,2021
HUN,2022,FALSE,INC,,Male,,,T60,.6090637,2021
HUN,2022,FALSE,INC,,Female,,,B40,.4083167,2021
HUN,2022,FALSE,INC,,Female,,,T60,.5916833,2021
HUN,2022,FALSE,INC,R,,,,B40,.5242695,2021
HUN,2022,FALSE,INC,R,,,,T60,.4757305,2021
HUN,2022,FALSE,INC,U,,,,B40,.3430311,2021
HUN,2022,FALSE,INC,U,,,,T60,.6569689,2021
IDN,2024,FALSE,CONS,,,0-14,,B40,.480831,2021
IDN,2024,FALSE,CONS,,,0-14,,T60,.519169,2021
IDN,2024,FALSE,CONS,,,15-64,,B40,.3703238,2021
IDN,2024,FALSE,CONS,,,15-64,,T60,.6296762,2021
IDN,2024,FALSE,CONS,,,>65,,B40,.4156116,2021
IDN,2024,FALSE,CONS,,,>65,,T60,.5843884,2021
IDN,2024,FALSE,CONS,,,,Primary education,B40,.4599451,2021
IDN,2024,FALSE,CONS,,,,Primary education,T60,.5400549,2021
IDN,2024,FALSE,CONS,,,,Tertiary education,B40,.1710243,2021
IDN,2024,FALSE,CONS,,,,Tertiary education,T60,.8289757,2021
IDN,2024,FALSE,CONS,,,,Secondary education,B40,.3613541,2021
IDN,2024,FALSE,CONS,,,,Secondary education,T60,.6386459,2021
IDN,2024,FALSE,CONS,,,,No education,B40,.5709702,2021
IDN,2024,FALSE,CONS,,,,No education,T60,.4290298,2021
IDN,2024,FALSE,CONS,,Male,,,B40,.3978266,2021
IDN,2024,FALSE,CONS,,Male,,,T60,.6021734,2021
IDN,2024,FALSE,CONS,,Female,,,B40,.4021809,2021
IDN,2024,FALSE,CONS,,Female,,,T60,.5978191,2021
IDN,2024,FALSE,CONS,R,,,,B40,.4523755,2021
IDN,2024,FALSE,CONS,R,,,,T60,.5476245,2021
IDN,2024,FALSE,CONS,U,,,,B40,.3632665,2021
IDN,2024,FALSE,CONS,U,,,,T60,.6367335,2021
IND,2022,FALSE,CONS,,,0-14,,B40,.494682,2021
IND,2022,FALSE,CONS,,,0-14,,T60,.505318,2021
IND,2022,FALSE,CONS,,,15-64,,B40,.3702271,2021
IND,2022,FALSE,CONS,,,15-64,,T60,.6297729,2021
IND,2022,FALSE,CONS,,,>65,,B40,.3428934,2021
IND,2022,FALSE,CONS,,,>65,,T60,.6571066,2021
IND,2022,FALSE,CONS,,,,Primary education,B40,.4209459,2021
IND,2022,FALSE,CONS,,,,Primary education,T60,.5790541,2021
IND,2022,FALSE,CONS,,,,Tertiary education,B40,.2325497,2021
IND,2022,FALSE,CONS,,,,Tertiary education,T60,.7674503,2021
IND,2022,FALSE,CONS,,,,Secondary education,B40,.3663268,2021
IND,2022,FALSE,CONS,,,,Secondary education,T60,.6336732,2021
IND,2022,FALSE,CONS,,,,No education,B40,.4826923,2021
IND,2022,FALSE,CONS,,,,No education,T60,.5173077,2021
IND,2022,FALSE,CONS,,Male,,,B40,.3920833,2021
IND,2022,FALSE,CONS,,Male,,,T60,.6079168,2021
IND,2022,FALSE,CONS,,Female,,,B40,.405669,2021
IND,2022,FALSE,CONS,,Female,,,T60,.594331,2021
IND,2022,FALSE,CONS,R,,,,B40,.4544327,2021
IND,2022,FALSE,CONS,R,,,,T60,.5455673,2021
IND,2022,FALSE,CONS,U,,,,B40,.257795,2021
IND,2022,FALSE,CONS,U,,,,T60,.742205,2021
IRL,2022,FALSE,INC,,,0-14,,B40,.6101073,2021
IRL,2022,FALSE,INC,,,0-14,,T60,.3898927,2021
IRL,2022,FALSE,INC,,,15-64,,B40,.376364,2021
IRL,2022,FALSE,INC,,,15-64,,T60,.6236359,2021
IRL,2022,FALSE,INC,,,>65,,B40,.2553342,2021
IRL,2022,FALSE,INC,,,>65,,T60,.7446659,2021
IRL,2022,FALSE,INC,,,,Primary education,B40,.3955681,2021
IRL,2022,FALSE,INC,,,,Primary education,T60,.6044319,2021
IRL,2022,FALSE,INC,,,,Tertiary education,B40,.2637341,2021
IRL,2022,FALSE,INC,,,,Tertiary education,T60,.7362659,2021
IRL,2022,FALSE,INC,,,,No education,B40,.443482,2021
IRL,2022,FALSE,INC,,,,No education,T60,.556518,2021
IRL,2022,FALSE,INC,,Male,,,B40,.3915475,2021
IRL,2022,FALSE,INC,,Male,,,T60,.6084525,2021
IRL,2022,FALSE,INC,,Female,,,B40,.4075994,2021
IRL,2022,FALSE,INC,,Female,,,T60,.5924006,2021
IRL,2022,FALSE,INC,R,,,,B40,.4840087,2021
IRL,2022,FALSE,INC,R,,,,T60,.5159913,2021
IRL,2022,FALSE,INC,U,,,,B40,.3461555,2021
IRL,2022,FALSE,INC,U,,,,T60,.6538445,2021
IRN,2023,FALSE,CONS,,,0-14,,B40,.5302091,2021
IRN,2023,FALSE,CONS,,,0-14,,T60,.4697909,2021
IRN,2023,FALSE,CONS,,,15-64,,B40,.3803741,2021
IRN,2023,FALSE,CONS,,,15-64,,T60,.6196259,2021
IRN,2023,FALSE,CONS,,,>65,,B40,.2743415,2021
IRN,2023,FALSE,CONS,,,>65,,T60,.7256585,2021
IRN,2023,FALSE,CONS,,,,Primary education,B40,.4509243,2021
IRN,2023,FALSE,CONS,,,,Primary education,T60,.5490757,2021
IRN,2023,FALSE,CONS,,,,Tertiary education,B40,.1782088,2021
IRN,2023,FALSE,CONS,,,,Tertiary education,T60,.8217912,2021
IRN,2023,FALSE,CONS,,,,Secondary education,B40,.3762803,2021
IRN,2023,FALSE,CONS,,,,Secondary education,T60,.6237197,2021
IRN,2023,FALSE,CONS,,,,No education,B40,.5013576,2021
IRN,2023,FALSE,CONS,,,,No education,T60,.4986424,2021
IRN,2023,FALSE,CONS,,Male,,,B40,.4012625,2021
IRN,2023,FALSE,CONS,,Male,,,T60,.5987375,2021
IRN,2023,FALSE,CONS,,Female,,,B40,.3987276,2021
IRN,2023,FALSE,CONS,,Female,,,T60,.6012724,2021
IRN,2023,FALSE,CONS,R,,,,B40,.559316,2021
IRN,2023,FALSE,CONS,R,,,,T60,.4406839,2021
IRN,2023,FALSE,CONS,U,,,,B40,.3528106,2021
IRN,2023,FALSE,CONS,U,,,,T60,.6471894,2021
IRQ,2023,FALSE,CONS,,,0-14,,B40,.4597767,2021
IRQ,2023,FALSE,CONS,,,0-14,,T60,.5402233,2021
IRQ,2023,FALSE,CONS,,,15-64,,B40,.3742797,2021
IRQ,2023,FALSE,CONS,,,15-64,,T60,.6257203,2021
IRQ,2023,FALSE,CONS,,,>65,,B40,.272787,2021
IRQ,2023,FALSE,CONS,,,>65,,T60,.727213,2021
IRQ,2023,FALSE,CONS,,Male,,,B40,.4002444,2021
IRQ,2023,FALSE,CONS,,Male,,,T60,.5997556,2021
IRQ,2023,FALSE,CONS,,Female,,,B40,.3997422,2021
IRQ,2023,FALSE,CONS,,Female,,,T60,.6002578,2021
IRQ,2023,FALSE,CONS,R,,,,B40,.4423816,2021
IRQ,2023,FALSE,CONS,R,,,,T60,.5576184,2021
IRQ,2023,FALSE,CONS,U,,,,B40,.3755815,2021
IRQ,2023,FALSE,CONS,U,,,,T60,.6244185,2021
ISL,2018,FALSE,INC,,,0-14,,B40,.6854755,2021
ISL,2018,FALSE,INC,,,0-14,,T60,.3145245,2021
ISL,2018,FALSE,INC,,,15-64,,B40,.3998063,2021
ISL,2018,FALSE,INC,,,15-64,,T60,.6001937,2021
ISL,2018,FALSE,INC,,,>65,,B40,.1233616,2021
ISL,2018,FALSE,INC,,,>65,,T60,.8766384,2021
ISL,2018,FALSE,INC,,,,Tertiary education,B40,.3010266,2021
ISL,2018,FALSE,INC,,,,Tertiary education,T60,.6989735,2021
ISL,2018,FALSE,INC,,,,Secondary education,B40,.3399195,2021
ISL,2018,FALSE,INC,,,,Secondary education,T60,.6600805,2021
ISL,2018,FALSE,INC,,Male,,,B40,.4050516,2021
ISL,2018,FALSE,INC,,Male,,,T60,.5949484,2021
ISL,2018,FALSE,INC,,Female,,,B40,.3913658,2021
ISL,2018,FALSE,INC,,Female,,,T60,.6086342,2021
ISL,2018,FALSE,INC,R,,,,B40,.4192352,2021
ISL,2018,FALSE,INC,R,,,,T60,.5807648,2021
ISL,2018,FALSE,INC,U,,,,B40,.3922697,2021
ISL,2018,FALSE,INC,U,,,,T60,.6077303,2021
ITA,2022,FALSE,INC,,,0-14,,B40,.6366745,2021
ITA,2022,FALSE,INC,,,0-14,,T60,.3633255,2021
ITA,2022,FALSE,INC,,,15-64,,B40,.4014428,2021
ITA,2022,FALSE,INC,,,15-64,,T60,.5985572,2021
ITA,2022,FALSE,INC,,,>65,,B40,.2860195,2021
ITA,2022,FALSE,INC,,,>65,,T60,.7139805,2021
ITA,2022,FALSE,INC,,,,Primary education,B40,.4252037,2021
ITA,2022,FALSE,INC,,,,Primary education,T60,.5747963,2021
ITA,2022,FALSE,INC,,,,Tertiary education,B40,.1956392,2021
ITA,2022,FALSE,INC,,,,Tertiary education,T60,.8043607,2021
ITA,2022,FALSE,INC,,,,Secondary education,B40,.3956488,2021
ITA,2022,FALSE,INC,,,,Secondary education,T60,.6043512,2021
ITA,2022,FALSE,INC,,,,No education,B40,.5482923,2021
ITA,2022,FALSE,INC,,,,No education,T60,.4517077,2021
ITA,2022,FALSE,INC,,Male,,,B40,.3862004,2021
ITA,2022,FALSE,INC,,Male,,,T60,.6137996,2021
ITA,2022,FALSE,INC,,Female,,,B40,.4118901,2021
ITA,2022,FALSE,INC,,Female,,,T60,.5881099,2021
ITA,2022,FALSE,INC,R,,,,B40,.4232373,2021
ITA,2022,FALSE,INC,R,,,,T60,.5767627,2021
ITA,2022,FALSE,INC,U,,,,B40,.394097,2021
ITA,2022,FALSE,INC,U,,,,T60,.605903,2021
JAM,2021,FALSE,CONS,,,0-14,,B40,.5126805,2021
JAM,2021,FALSE,CONS,,,0-14,,T60,.4873195,2021
JAM,2021,FALSE,CONS,,,15-64,,B40,.3761547,2021
JAM,2021,FALSE,CONS,,,15-64,,T60,.6238453,2021
JAM,2021,FALSE,CONS,,,>65,,B40,.3099797,2021
JAM,2021,FALSE,CONS,,,>65,,T60,.6900203,2021
JAM,2021,FALSE,CONS,,,,Primary education,B40,.4635628,2021
JAM,2021,FALSE,CONS,,,,Primary education,T60,.5364372,2021
JAM,2021,FALSE,CONS,,,,Tertiary education,B40,.1754065,2021
JAM,2021,FALSE,CONS,,,,Tertiary education,T60,.8245935,2021
JAM,2021,FALSE,CONS,,,,Secondary education,B40,.4240026,2021
JAM,2021,FALSE,CONS,,,,Secondary education,T60,.5759974,2021
JAM,2021,FALSE,CONS,,,,No education,B40,.5722513,2021
JAM,2021,FALSE,CONS,,,,No education,T60,.4277487,2021
JAM,2021,FALSE,CONS,,Male,,,B40,.3953124,2021
JAM,2021,FALSE,CONS,,Male,,,T60,.6046876,2021
JAM,2021,FALSE,CONS,,Female,,,B40,.4028213,2021
JAM,2021,FALSE,CONS,,Female,,,T60,.5971787,2021
JAM,2021,FALSE,CONS,R,,,,B40,.5524676,2021
JAM,2021,FALSE,CONS,R,,,,T60,.4475324,2021
JAM,2021,FALSE,CONS,U,,,,B40,.2772151,2021
JAM,2021,FALSE,CONS,U,,,,T60,.7227849,2021
JOR,2010,FALSE,CONS,,,0-14,,B40,.522741,2021
JOR,2010,FALSE,CONS,,,0-14,,T60,.477259,2021
JOR,2010,FALSE,CONS,,,15-64,,B40,.3464093,2021
JOR,2010,FALSE,CONS,,,15-64,,T60,.6535907,2021
JOR,2010,FALSE,CONS,,,>65,,B40,.2023294,2021
JOR,2010,FALSE,CONS,,,>65,,T60,.7976707,2021
JOR,2010,FALSE,CONS,,,,Primary education,B40,.4096523,2021
JOR,2010,FALSE,CONS,,,,Primary education,T60,.5903477,2021
JOR,2010,FALSE,CONS,,,,Tertiary education,B40,.1673498,2021
JOR,2010,FALSE,CONS,,,,Tertiary education,T60,.8326502,2021
JOR,2010,FALSE,CONS,,,,Secondary education,B40,.3860025,2021
JOR,2010,FALSE,CONS,,,,Secondary education,T60,.6139975,2021
JOR,2010,FALSE,CONS,,,,No education,B40,.4009106,2021
JOR,2010,FALSE,CONS,,,,No education,T60,.5990894,2021
JOR,2010,FALSE,CONS,,Male,,,B40,.3965645,2021
JOR,2010,FALSE,CONS,,Male,,,T60,.6034355,2021
JOR,2010,FALSE,CONS,,Female,,,B40,.4034168,2021
JOR,2010,FALSE,CONS,,Female,,,T60,.5965832,2021
JOR,2010,FALSE,CONS,R,,,,B40,.5088904,2021
JOR,2010,FALSE,CONS,R,,,,T60,.4911096,2021
JOR,2010,FALSE,CONS,U,,,,B40,.3770321,2021
JOR,2010,FALSE,CONS,U,,,,T60,.6229679,2021
KAZ,2021,FALSE,CONS,,Male,,,B40,.4216466,2021
KAZ,2021,FALSE,CONS,,Male,,,T60,.5783535,2021
KAZ,2021,FALSE,CONS,,Female,,,B40,.3814907,2021
KAZ,2021,FALSE,CONS,,Female,,,T60,.6185094,2021
KAZ,2021,FALSE,CONS,R,,,,B40,.4755818,2021
KAZ,2021,FALSE,CONS,R,,,,T60,.5244182,2021
KAZ,2021,FALSE,CONS,U,,,,B40,.3476174,2021
KAZ,2021,FALSE,CONS,U,,,,T60,.6523827,2021
KEN,2021,FALSE,CONS,,,0-14,,B40,.4770958,2021
KEN,2021,FALSE,CONS,,,0-14,,T60,.5229042,2021
KEN,2021,FALSE,CONS,,,15-64,,B40,.344052,2021
KEN,2021,FALSE,CONS,,,15-64,,T60,.6559479,2021
KEN,2021,FALSE,CONS,,,>65,,B40,.42057,2021
KEN,2021,FALSE,CONS,,,>65,,T60,.57943,2021
KEN,2021,FALSE,CONS,,,,Primary education,B40,.5332823,2021
KEN,2021,FALSE,CONS,,,,Primary education,T60,.4667177,2021
KEN,2021,FALSE,CONS,,,,Tertiary education,B40,.0947967,2021
KEN,2021,FALSE,CONS,,,,Tertiary education,T60,.9052033,2021
KEN,2021,FALSE,CONS,,,,Secondary education,B40,.3204942,2021
KEN,2021,FALSE,CONS,,,,Secondary education,T60,.6795058,2021
KEN,2021,FALSE,CONS,,,,No education,B40,.5892486,2021
KEN,2021,FALSE,CONS,,,,No education,T60,.4107514,2021
KEN,2021,FALSE,CONS,,Male,,,B40,.3958935,2021
KEN,2021,FALSE,CONS,,Male,,,T60,.6041065,2021
KEN,2021,FALSE,CONS,,Female,,,B40,.4038686,2021
KEN,2021,FALSE,CONS,,Female,,,T60,.5961314,2021
KEN,2021,FALSE,CONS,R,,,,B40,.5094583,2021
KEN,2021,FALSE,CONS,R,,,,T60,.4905417,2021
KEN,2021,FALSE,CONS,U,,,,B40,.167249,2021
KEN,2021,FALSE,CONS,U,,,,T60,.832751,2021
KGZ,2022,FALSE,CONS,,,0-14,,B40,.4819244,2021
KGZ,2022,FALSE,CONS,,,0-14,,T60,.5180756,2021
KGZ,2022,FALSE,CONS,,,15-64,,B40,.3663187,2021
KGZ,2022,FALSE,CONS,,,15-64,,T60,.6336813,2021
KGZ,2022,FALSE,CONS,,,>65,,B40,.2999714,2021
KGZ,2022,FALSE,CONS,,,>65,,T60,.7000286,2021
KGZ,2022,FALSE,CONS,,,,Primary education,B40,.4301061,2021
KGZ,2022,FALSE,CONS,,,,Primary education,T60,.5698938,2021
KGZ,2022,FALSE,CONS,,,,Tertiary education,B40,.303176,2021
KGZ,2022,FALSE,CONS,,,,Tertiary education,T60,.696824,2021
KGZ,2022,FALSE,CONS,,,,Secondary education,B40,.3835675,2021
KGZ,2022,FALSE,CONS,,,,Secondary education,T60,.6164325,2021
KGZ,2022,FALSE,CONS,,,,No education,B40,.4428282,2021
KGZ,2022,FALSE,CONS,,,,No education,T60,.5571718,2021
KGZ,2022,FALSE,CONS,,Male,,,B40,.403409,2021
KGZ,2022,FALSE,CONS,,Male,,,T60,.596591,2021
KGZ,2022,FALSE,CONS,,Female,,,B40,.3969083,2021
KGZ,2022,FALSE,CONS,,Female,,,T60,.6030917,2021
KGZ,2022,FALSE,CONS,R,,,,B40,.4017481,2021
KGZ,2022,FALSE,CONS,R,,,,T60,.5982519,2021
KGZ,2022,FALSE,CONS,U,,,,B40,.396904,2021
KGZ,2022,FALSE,CONS,U,,,,T60,.603096,2021
KIR,2019,FALSE,CONS,,,0-14,,B40,.4589869,2021
KIR,2019,FALSE,CONS,,,0-14,,T60,.5410131,2021
KIR,2019,FALSE,CONS,,,15-64,,B40,.3636608,2021
KIR,2019,FALSE,CONS,,,15-64,,T60,.6363392,2021
KIR,2019,FALSE,CONS,,,>65,,B40,.4390053,2021
KIR,2019,FALSE,CONS,,,>65,,T60,.5609947,2021
KIR,2019,FALSE,CONS,,,,Primary education,B40,.4117923,2021
KIR,2019,FALSE,CONS,,,,Primary education,T60,.5882077,2021
KIR,2019,FALSE,CONS,,,,Tertiary education,B40,.1517569,2021
KIR,2019,FALSE,CONS,,,,Tertiary education,T60,.8482431,2021
KIR,2019,FALSE,CONS,,,,Secondary education,B40,.3587319,2021
KIR,2019,FALSE,CONS,,,,Secondary education,T60,.6412681,2021
KIR,2019,FALSE,CONS,,,,No education,B40,.526103,2021
KIR,2019,FALSE,CONS,,,,No education,T60,.473897,2021
KIR,2019,FALSE,CONS,,Male,,,B40,.3905622,2021
KIR,2019,FALSE,CONS,,Male,,,T60,.6094378,2021
KIR,2019,FALSE,CONS,,Female,,,B40,.4095758,2021
KIR,2019,FALSE,CONS,,Female,,,T60,.5904242,2021
KIR,2019,FALSE,CONS,R,,,,B40,.4142262,2021
KIR,2019,FALSE,CONS,R,,,,T60,.5857738,2021
KIR,2019,FALSE,CONS,U,,,,B40,.3874367,2021
KIR,2019,FALSE,CONS,U,,,,T60,.6125634,2021
LAO,2018,FALSE,CONS,,,0-14,,B40,.4848994,2021
LAO,2018,FALSE,CONS,,,0-14,,T60,.5151005,2021
LAO,2018,FALSE,CONS,,,15-64,,B40,.3636596,2021
LAO,2018,FALSE,CONS,,,15-64,,T60,.6363404,2021
LAO,2018,FALSE,CONS,,,>65,,B40,.3613967,2021
LAO,2018,FALSE,CONS,,,>65,,T60,.6386033,2021
LAO,2018,FALSE,CONS,,,,Primary education,B40,.3861426,2021
LAO,2018,FALSE,CONS,,,,Primary education,T60,.6138574,2021
LAO,2018,FALSE,CONS,,,,Tertiary education,B40,.0500726,2021
LAO,2018,FALSE,CONS,,,,Tertiary education,T60,.9499274,2021
LAO,2018,FALSE,CONS,,,,Secondary education,B40,.1972046,2021
LAO,2018,FALSE,CONS,,,,Secondary education,T60,.8027954,2021
LAO,2018,FALSE,CONS,,,,No education,B40,.5639176,2021
LAO,2018,FALSE,CONS,,,,No education,T60,.4360824,2021
LAO,2018,FALSE,CONS,,Male,,,B40,.4035113,2021
LAO,2018,FALSE,CONS,,Male,,,T60,.5964887,2021
LAO,2018,FALSE,CONS,,Female,,,B40,.396551,2021
LAO,2018,FALSE,CONS,,Female,,,T60,.603449,2021
LAO,2018,FALSE,CONS,R,,,,B40,.4998371,2021
LAO,2018,FALSE,CONS,R,,,,T60,.5001629,2021
LAO,2018,FALSE,CONS,U,,,,B40,.1929974,2021
LAO,2018,FALSE,CONS,U,,,,T60,.8070026,2021
LBN,2022,FALSE,CONS,,,0-14,,B40,.6002728,2021
LBN,2022,FALSE,CONS,,,0-14,,T60,.3997272,2021
LBN,2022,FALSE,CONS,,,15-64,,B40,.3558913,2021
LBN,2022,FALSE,CONS,,,15-64,,T60,.6441088,2021
LBN,2022,FALSE,CONS,,,>65,,B40,.1589112,2021
LBN,2022,FALSE,CONS,,,>65,,T60,.8410888,2021
LBN,2022,FALSE,CONS,,,,Primary education,B40,.478101,2021
LBN,2022,FALSE,CONS,,,,Primary education,T60,.521899,2021
LBN,2022,FALSE,CONS,,,,Tertiary education,B40,.1786439,2021
LBN,2022,FALSE,CONS,,,,Tertiary education,T60,.8213561,2021
LBN,2022,FALSE,CONS,,,,Secondary education,B40,.2855306,2021
LBN,2022,FALSE,CONS,,,,Secondary education,T60,.7144694,2021
LBN,2022,FALSE,CONS,,,,No education,B40,.5721899,2021
LBN,2022,FALSE,CONS,,,,No education,T60,.4278101,2021
LBN,2022,FALSE,CONS,,Male,,,B40,.3921765,2021
LBN,2022,FALSE,CONS,,Male,,,T60,.6078235,2021
LBN,2022,FALSE,CONS,,Female,,,B40,.4079671,2021
LBN,2022,FALSE,CONS,,Female,,,T60,.5920329,2021
LBN,2022,FALSE,CONS,U,,,,B40,.3998947,2021
LBN,2022,FALSE,CONS,U,,,,T60,.6001053,2021
LBR,2016,FALSE,CONS,,,0-14,,B40,.458671,2021
LBR,2016,FALSE,CONS,,,0-14,,T60,.541329,2021
LBR,2016,FALSE,CONS,,,15-64,,B40,.3467512,2021
LBR,2016,FALSE,CONS,,,15-64,,T60,.6532487,2021
LBR,2016,FALSE,CONS,,,>65,,B40,.4715543,2021
LBR,2016,FALSE,CONS,,,>65,,T60,.5284457,2021
LBR,2016,FALSE,CONS,,,,Primary education,B40,.4282182,2021
LBR,2016,FALSE,CONS,,,,Primary education,T60,.5717819,2021
LBR,2016,FALSE,CONS,,,,Tertiary education,B40,.0345888,2021
LBR,2016,FALSE,CONS,,,,Tertiary education,T60,.9654112,2021
LBR,2016,FALSE,CONS,,,,Secondary education,B40,.2146213,2021
LBR,2016,FALSE,CONS,,,,Secondary education,T60,.7853788,2021
LBR,2016,FALSE,CONS,,,,No education,B40,.511278,2021
LBR,2016,FALSE,CONS,,,,No education,T60,.488722,2021
LBR,2016,FALSE,CONS,,Male,,,B40,.4056997,2021
LBR,2016,FALSE,CONS,,Male,,,T60,.5943003,2021
LBR,2016,FALSE,CONS,,Female,,,B40,.3944846,2021
LBR,2016,FALSE,CONS,,Female,,,T60,.6055154,2021
LBR,2016,FALSE,CONS,R,,,,B40,.6270275,2021
LBR,2016,FALSE,CONS,R,,,,T60,.3729725,2021
LBR,2016,FALSE,CONS,U,,,,B40,.2037821,2021
LBR,2016,FALSE,CONS,U,,,,T60,.7962179,2021
LCA,2015,FALSE,CONS,,,0-14,,B40,.5371341,2021
LCA,2015,FALSE,CONS,,,0-14,,T60,.4628659,2021
LCA,2015,FALSE,CONS,,,15-64,,B40,.3632028,2021
LCA,2015,FALSE,CONS,,,15-64,,T60,.6367972,2021
LCA,2015,FALSE,CONS,,,>65,,B40,.3248686,2021
LCA,2015,FALSE,CONS,,,>65,,T60,.6751313,2021
LCA,2015,FALSE,CONS,,,,Primary education,B40,.4221908,2021
LCA,2015,FALSE,CONS,,,,Primary education,T60,.5778092,2021
LCA,2015,FALSE,CONS,,,,Tertiary education,B40,.1138601,2021
LCA,2015,FALSE,CONS,,,,Tertiary education,T60,.8861399,2021
LCA,2015,FALSE,CONS,,,,Secondary education,B40,.3751054,2021
LCA,2015,FALSE,CONS,,,,Secondary education,T60,.6248946,2021
LCA,2015,FALSE,CONS,,,,No education,B40,.4845896,2021
LCA,2015,FALSE,CONS,,,,No education,T60,.5154104,2021
LCA,2015,FALSE,CONS,,Male,,,B40,.4059249,2021
LCA,2015,FALSE,CONS,,Male,,,T60,.5940751,2021
LCA,2015,FALSE,CONS,,Female,,,B40,.3935231,2021
LCA,2015,FALSE,CONS,,Female,,,T60,.6064769,2021
LCA,2015,FALSE,CONS,R,,,,B40,.4633106,2021
LCA,2015,FALSE,CONS,R,,,,T60,.5366895,2021
LCA,2015,FALSE,CONS,U,,,,B40,.37363,2021
LCA,2015,FALSE,CONS,U,,,,T60,.6263701,2021
LKA,2019,FALSE,CONS,,,0-14,,B40,.4433495,2021
LKA,2019,FALSE,CONS,,,0-14,,T60,.5566505,2021
LKA,2019,FALSE,CONS,,,15-64,,B40,.3489318,2021
LKA,2019,FALSE,CONS,,,15-64,,T60,.6510682,2021
LKA,2019,FALSE,CONS,,,>65,,B40,.3865167,2021
LKA,2019,FALSE,CONS,,,>65,,T60,.6134833,2021
LKA,2019,FALSE,CONS,,,,Primary education,B40,.5463101,2021
LKA,2019,FALSE,CONS,,,,Primary education,T60,.4536899,2021
LKA,2019,FALSE,CONS,,,,Tertiary education,B40,.0912763,2021
LKA,2019,FALSE,CONS,,,,Tertiary education,T60,.9087237,2021
LKA,2019,FALSE,CONS,,,,Secondary education,B40,.3174008,2021
LKA,2019,FALSE,CONS,,,,Secondary education,T60,.6825992,2021
LKA,2019,FALSE,CONS,,,,No education,B40,.6149133,2021
LKA,2019,FALSE,CONS,,,,No education,T60,.3850867,2021
LKA,2019,FALSE,CONS,,Male,,,B40,.3625954,2021
LKA,2019,FALSE,CONS,,Male,,,T60,.6374046,2021
LKA,2019,FALSE,CONS,,Female,,,B40,.3840759,2021
LKA,2019,FALSE,CONS,,Female,,,T60,.6159241,2021
LKA,2019,FALSE,CONS,R,,,,B40,.4051111,2021
LKA,2019,FALSE,CONS,R,,,,T60,.5948889,2021
LKA,2019,FALSE,CONS,U,,,,B40,.2173127,2021
LKA,2019,FALSE,CONS,U,,,,T60,.7826873,2021
LSO,2017,FALSE,CONS,,,0-14,,B40,.4882846,2021
LSO,2017,FALSE,CONS,,,0-14,,T60,.5117154,2021
LSO,2017,FALSE,CONS,,,15-64,,B40,.3477674,2021
LSO,2017,FALSE,CONS,,,15-64,,T60,.6522326,2021
LSO,2017,FALSE,CONS,,,>65,,B40,.4244741,2021
LSO,2017,FALSE,CONS,,,>65,,T60,.5755259,2021
LSO,2017,FALSE,CONS,,,,Primary education,B40,.4408036,2021
LSO,2017,FALSE,CONS,,,,Primary education,T60,.5591964,2021
LSO,2017,FALSE,CONS,,,,Tertiary education,B40,.0471238,2021
LSO,2017,FALSE,CONS,,,,Tertiary education,T60,.9528763,2021
LSO,2017,FALSE,CONS,,,,Secondary education,B40,.2648812,2021
LSO,2017,FALSE,CONS,,,,Secondary education,T60,.7351188,2021
LSO,2017,FALSE,CONS,,,,No education,B40,.4935259,2021
LSO,2017,FALSE,CONS,,,,No education,T60,.5064741,2021
LSO,2017,FALSE,CONS,,Male,,,B40,.3935424,2021
LSO,2017,FALSE,CONS,,Male,,,T60,.6064576,2021
LSO,2017,FALSE,CONS,,Female,,,B40,.4060143,2021
LSO,2017,FALSE,CONS,,Female,,,T60,.5939857,2021
LSO,2017,FALSE,CONS,R,,,,B40,.5017264,2021
LSO,2017,FALSE,CONS,R,,,,T60,.4982736,2021
LSO,2017,FALSE,CONS,U,,,,B40,.2037789,2021
LSO,2017,FALSE,CONS,U,,,,T60,.7962211,2021
LTU,2022,FALSE,INC,,,0-14,,B40,.5107018,2021
LTU,2022,FALSE,INC,,,0-14,,T60,.4892982,2021
LTU,2022,FALSE,INC,,,15-64,,B40,.3421015,2021
LTU,2022,FALSE,INC,,,15-64,,T60,.6578985,2021
LTU,2022,FALSE,INC,,,>65,,B40,.4993343,2021
LTU,2022,FALSE,INC,,,>65,,T60,.5006657,2021
LTU,2022,FALSE,INC,,,,Primary education,B40,.5984918,2021
LTU,2022,FALSE,INC,,,,Primary education,T60,.4015082,2021
LTU,2022,FALSE,INC,,,,Tertiary education,B40,.2912221,2021
LTU,2022,FALSE,INC,,,,Tertiary education,T60,.7087779,2021
LTU,2022,FALSE,INC,,,,Secondary education,B40,.5138761,2021
LTU,2022,FALSE,INC,,,,Secondary education,T60,.4861239,2021
LTU,2022,FALSE,INC,,,,No education,B40,.6090937,2021
LTU,2022,FALSE,INC,,,,No education,T60,.3909063,2021
LTU,2022,FALSE,INC,,Male,,,B40,.3768449,2021
LTU,2022,FALSE,INC,,Male,,,T60,.6231551,2021
LTU,2022,FALSE,INC,,Female,,,B40,.4192197,2021
LTU,2022,FALSE,INC,,Female,,,T60,.5807803,2021
LTU,2022,FALSE,INC,R,,,,B40,.4691494,2021
LTU,2022,FALSE,INC,R,,,,T60,.5308506,2021
LTU,2022,FALSE,INC,U,,,,B40,.3493332,2021
LTU,2022,FALSE,INC,U,,,,T60,.6506668,2021
LUX,2022,FALSE,INC,,,0-14,,B40,.580893,2021
LUX,2022,FALSE,INC,,,0-14,,T60,.419107,2021
LUX,2022,FALSE,INC,,,15-64,,B40,.4045735,2021
LUX,2022,FALSE,INC,,,15-64,,T60,.5954264,2021
LUX,2022,FALSE,INC,,,>65,,B40,.1783754,2021
LUX,2022,FALSE,INC,,,>65,,T60,.8216246,2021
LUX,2022,FALSE,INC,,,,Primary education,B40,.6123039,2021
LUX,2022,FALSE,INC,,,,Primary education,T60,.3876961,2021
LUX,2022,FALSE,INC,,,,Tertiary education,B40,.2271156,2021
LUX,2022,FALSE,INC,,,,Tertiary education,T60,.7728844,2021
LUX,2022,FALSE,INC,,,,Secondary education,B40,.4053846,2021
LUX,2022,FALSE,INC,,,,Secondary education,T60,.5946154,2021
LUX,2022,FALSE,INC,,,,No education,B40,.5439966,2021
LUX,2022,FALSE,INC,,,,No education,T60,.4560034,2021
LUX,2022,FALSE,INC,,Male,,,B40,.3860109,2021
LUX,2022,FALSE,INC,,Male,,,T60,.6139891,2021
LUX,2022,FALSE,INC,,Female,,,B40,.4123699,2021
LUX,2022,FALSE,INC,,Female,,,T60,.5876301,2021
LUX,2022,FALSE,INC,R,,,,B40,.3935898,2021
LUX,2022,FALSE,INC,R,,,,T60,.6064102,2021
LUX,2022,FALSE,INC,U,,,,B40,.4014792,2021
LUX,2022,FALSE,INC,U,,,,T60,.5985208,2021
LVA,2022,FALSE,INC,,,0-14,,B40,.4324015,2021
LVA,2022,FALSE,INC,,,0-14,,T60,.5675985,2021
LVA,2022,FALSE,INC,,,15-64,,B40,.350561,2021
LVA,2022,FALSE,INC,,,15-64,,T60,.649439,2021
LVA,2022,FALSE,INC,,,>65,,B40,.5121921,2021
LVA,2022,FALSE,INC,,,>65,,T60,.487808,2021
LVA,2022,FALSE,INC,,,,Primary education,B40,.7398257,2021
LVA,2022,FALSE,INC,,,,Primary education,T60,.2601743,2021
LVA,2022,FALSE,INC,,,,Tertiary education,B40,.2670368,2021
LVA,2022,FALSE,INC,,,,Tertiary education,T60,.7329632,2021
LVA,2022,FALSE,INC,,,,Secondary education,B40,.4881712,2021
LVA,2022,FALSE,INC,,,,Secondary education,T60,.5118288,2021
LVA,2022,FALSE,INC,,,,No education,B40,.9071277,2021
LVA,2022,FALSE,INC,,,,No education,T60,.0928723,2021
LVA,2022,FALSE,INC,,Male,,,B40,.3805025,2021
LVA,2022,FALSE,INC,,Male,,,T60,.6194975,2021
LVA,2022,FALSE,INC,,Female,,,B40,.4139555,2021
LVA,2022,FALSE,INC,,Female,,,T60,.5860444,2021
LVA,2022,FALSE,INC,R,,,,B40,.4881542,2021
LVA,2022,FALSE,INC,R,,,,T60,.5118458,2021
LVA,2022,FALSE,INC,U,,,,B40,.3380592,2021
LVA,2022,FALSE,INC,U,,,,T60,.6619408,2021
MAR,2013,FALSE,CONS,,,0-14,,B40,.4796179,2021
MAR,2013,FALSE,CONS,,,0-14,,T60,.5203821,2021
MAR,2013,FALSE,CONS,,,15-64,,B40,.3740329,2021
MAR,2013,FALSE,CONS,,,15-64,,T60,.6259671,2021
MAR,2013,FALSE,CONS,,,>65,,B40,.3235988,2021
MAR,2013,FALSE,CONS,,,>65,,T60,.6764013,2021
MAR,2013,FALSE,CONS,,,,Primary education,B40,.4042676,2021
MAR,2013,FALSE,CONS,,,,Primary education,T60,.5957324,2021
MAR,2013,FALSE,CONS,,,,Tertiary education,B40,.1169105,2021
MAR,2013,FALSE,CONS,,,,Tertiary education,T60,.8830894,2021
MAR,2013,FALSE,CONS,,,,Secondary education,B40,.2674128,2021
MAR,2013,FALSE,CONS,,,,Secondary education,T60,.7325872,2021
MAR,2013,FALSE,CONS,,,,No education,B40,.4770874,2021
MAR,2013,FALSE,CONS,,,,No education,T60,.5229126,2021
MAR,2013,FALSE,CONS,,Male,,,B40,.4028162,2021
MAR,2013,FALSE,CONS,,Male,,,T60,.5971838,2021
MAR,2013,FALSE,CONS,,Female,,,B40,.3973058,2021
MAR,2013,FALSE,CONS,,Female,,,T60,.6026942,2021
MAR,2013,FALSE,CONS,R,,,,B40,.6020542,2021
MAR,2013,FALSE,CONS,R,,,,T60,.3979458,2021
MAR,2013,FALSE,CONS,U,,,,B40,.2651466,2021
MAR,2013,FALSE,CONS,U,,,,T60,.7348534,2021
MDA,2022,FALSE,CONS,,,0-14,,B40,.5096749,2021
MDA,2022,FALSE,CONS,,,0-14,,T60,.4903251,2021
MDA,2022,FALSE,CONS,,,15-64,,B40,.368913,2021
MDA,2022,FALSE,CONS,,,15-64,,T60,.631087,2021
MDA,2022,FALSE,CONS,,,>65,,B40,.4023804,2021
MDA,2022,FALSE,CONS,,,>65,,T60,.5976196,2021
MDA,2022,FALSE,CONS,,,,Primary education,B40,.6873676,2021
MDA,2022,FALSE,CONS,,,,Primary education,T60,.3126325,2021
MDA,2022,FALSE,CONS,,,,Tertiary education,B40,.2932659,2021
MDA,2022,FALSE,CONS,,,,Tertiary education,T60,.7067341,2021
MDA,2022,FALSE,CONS,,,,Secondary education,B40,.4666413,2021
MDA,2022,FALSE,CONS,,,,Secondary education,T60,.5333586,2021
MDA,2022,FALSE,CONS,,Male,,,B40,.4123515,2021
MDA,2022,FALSE,CONS,,Male,,,T60,.5876485,2021
MDA,2022,FALSE,CONS,,Female,,,B40,.3892573,2021
MDA,2022,FALSE,CONS,,Female,,,T60,.6107427,2021
MDA,2022,FALSE,CONS,R,,,,B40,.5193972,2021
MDA,2022,FALSE,CONS,R,,,,T60,.4806028,2021
MDA,2022,FALSE,CONS,U,,,,B40,.2178403,2021
MDA,2022,FALSE,CONS,U,,,,T60,.7821597,2021
MDV,2019,FALSE,CONS,,,0-14,,B40,.4632424,2021
MDV,2019,FALSE,CONS,,,0-14,,T60,.5367575,2021
MDV,2019,FALSE,CONS,,,15-64,,B40,.3701728,2021
MDV,2019,FALSE,CONS,,,15-64,,T60,.6298272,2021
MDV,2019,FALSE,CONS,,,>65,,B40,.4267838,2021
MDV,2019,FALSE,CONS,,,>65,,T60,.5732162,2021
MDV,2019,FALSE,CONS,,,,Primary education,B40,.4714828,2021
MDV,2019,FALSE,CONS,,,,Primary education,T60,.5285172,2021
MDV,2019,FALSE,CONS,,,,Tertiary education,B40,.1909445,2021
MDV,2019,FALSE,CONS,,,,Tertiary education,T60,.8090555,2021
MDV,2019,FALSE,CONS,,,,Secondary education,B40,.415998,2021
MDV,2019,FALSE,CONS,,,,Secondary education,T60,.584002,2021
MDV,2019,FALSE,CONS,,Male,,,B40,.3990077,2021
MDV,2019,FALSE,CONS,,Male,,,T60,.6009923,2021
MDV,2019,FALSE,CONS,,Female,,,B40,.4008933,2021
MDV,2019,FALSE,CONS,,Female,,,T60,.5991067,2021
MDV,2019,FALSE,CONS,R,,,,B40,.6306705,2021
MDV,2019,FALSE,CONS,R,,,,T60,.3693295,2021
MDV,2019,FALSE,CONS,U,,,,B40,.1486728,2021
MDV,2019,FALSE,CONS,U,,,,T60,.8513272,2021
MEX,2022,FALSE,INC,,,0-14,,B40,.5659898,2021
MEX,2022,FALSE,INC,,,0-14,,T60,.4340102,2021
MEX,2022,FALSE,INC,,,15-64,,B40,.3573781,2021
MEX,2022,FALSE,INC,,,15-64,,T60,.6426219,2021
MEX,2022,FALSE,INC,,,>65,,B40,.285971,2021
MEX,2022,FALSE,INC,,,>65,,T60,.714029,2021
MEX,2022,FALSE,INC,,,,Primary education,B40,.4622411,2021
MEX,2022,FALSE,INC,,,,Primary education,T60,.5377589,2021
MEX,2022,FALSE,INC,,,,Tertiary education,B40,.1356877,2021
MEX,2022,FALSE,INC,,,,Tertiary education,T60,.8643124,2021
MEX,2022,FALSE,INC,,,,Secondary education,B40,.3720706,2021
MEX,2022,FALSE,INC,,,,Secondary education,T60,.6279294,2021
MEX,2022,FALSE,INC,,,,No education,B40,.5890559,2021
MEX,2022,FALSE,INC,,,,No education,T60,.4109441,2021
MEX,2022,FALSE,INC,,Male,,,B40,.3930056,2021
MEX,2022,FALSE,INC,,Male,,,T60,.6069944,2021
MEX,2022,FALSE,INC,,Female,,,B40,.40578,2021
MEX,2022,FALSE,INC,,Female,,,T60,.59422,2021
MEX,2022,FALSE,INC,R,,,,B40,.5728639,2021
MEX,2022,FALSE,INC,R,,,,T60,.4271361,2021
MEX,2022,FALSE,INC,U,,,,B40,.3442325,2021
MEX,2022,FALSE,INC,U,,,,T60,.6557675,2021
MHL,2019,FALSE,CONS,,,0-14,,B40,.5210532,2021
MHL,2019,FALSE,CONS,,,0-14,,T60,.4789468,2021
MHL,2019,FALSE,CONS,,,15-64,,B40,.3543797,2021
MHL,2019,FALSE,CONS,,,15-64,,T60,.6456203,2021
MHL,2019,FALSE,CONS,,,>65,,B40,.3125224,2021
MHL,2019,FALSE,CONS,,,>65,,T60,.6874776,2021
MHL,2019,FALSE,CONS,,,,Primary education,B40,.534067,2021
MHL,2019,FALSE,CONS,,,,Primary education,T60,.465933,2021
MHL,2019,FALSE,CONS,,,,Tertiary education,B40,.0749233,2021
MHL,2019,FALSE,CONS,,,,Tertiary education,T60,.9250767,2021
MHL,2019,FALSE,CONS,,,,Secondary education,B40,.3278258,2021
MHL,2019,FALSE,CONS,,,,Secondary education,T60,.6721742,2021
MHL,2019,FALSE,CONS,,,,No education,B40,.5121493,2021
MHL,2019,FALSE,CONS,,,,No education,T60,.4878506,2021
MHL,2019,FALSE,CONS,,Male,,,B40,.3965009,2021
MHL,2019,FALSE,CONS,,Male,,,T60,.6034991,2021
MHL,2019,FALSE,CONS,,Female,,,B40,.4034009,2021
MHL,2019,FALSE,CONS,,Female,,,T60,.5965991,2021
MHL,2019,FALSE,CONS,R,,,,B40,.6630031,2021
MHL,2019,FALSE,CONS,R,,,,T60,.3369969,2021
MHL,2019,FALSE,CONS,U,,,,B40,.3121736,2021
MHL,2019,FALSE,CONS,U,,,,T60,.6878264,2021
MKD,2019,FALSE,INC,,,0-14,,B40,.5895693,2021
MKD,2019,FALSE,INC,,,0-14,,T60,.4104307,2021
MKD,2019,FALSE,INC,,,15-64,,B40,.3907358,2021
MKD,2019,FALSE,INC,,,15-64,,T60,.6092643,2021
MKD,2019,FALSE,INC,,,>65,,B40,.2534366,2021
MKD,2019,FALSE,INC,,,>65,,T60,.7465634,2021
MKD,2019,FALSE,INC,,,,Primary education,B40,.5141773,2021
MKD,2019,FALSE,INC,,,,Primary education,T60,.4858227,2021
MKD,2019,FALSE,INC,,,,Tertiary education,B40,.1427097,2021
MKD,2019,FALSE,INC,,,,Tertiary education,T60,.8572903,2021
MKD,2019,FALSE,INC,,,,Secondary education,B40,.3947063,2021
MKD,2019,FALSE,INC,,,,Secondary education,T60,.6052938,2021
MKD,2019,FALSE,INC,,,,No education,B40,.5806628,2021
MKD,2019,FALSE,INC,,,,No education,T60,.4193372,2021
MKD,2019,FALSE,INC,,Male,,,B40,.4036155,2021
MKD,2019,FALSE,INC,,Male,,,T60,.5963845,2021
MKD,2019,FALSE,INC,,Female,,,B40,.3950794,2021
MKD,2019,FALSE,INC,,Female,,,T60,.6049206,2021
MKD,2019,FALSE,INC,R,,,,B40,.5053291,2021
MKD,2019,FALSE,INC,R,,,,T60,.4946708,2021
MKD,2019,FALSE,INC,U,,,,B40,.305189,2021
MKD,2019,FALSE,INC,U,,,,T60,.694811,2021
MLI,2021,FALSE,CONS,,,0-14,,B40,.4499305,2021
MLI,2021,FALSE,CONS,,,0-14,,T60,.5500696,2021
MLI,2021,FALSE,CONS,,,15-64,,B40,.3536971,2021
MLI,2021,FALSE,CONS,,,15-64,,T60,.6463029,2021
MLI,2021,FALSE,CONS,,,>65,,B40,.3901927,2021
MLI,2021,FALSE,CONS,,,>65,,T60,.6098073,2021
MLI,2021,FALSE,CONS,,,,Primary education,B40,.2645746,2021
MLI,2021,FALSE,CONS,,,,Primary education,T60,.7354254,2021
MLI,2021,FALSE,CONS,,,,Tertiary education,B40,.0277346,2021
MLI,2021,FALSE,CONS,,,,Tertiary education,T60,.9722654,2021
MLI,2021,FALSE,CONS,,,,Secondary education,B40,.1121607,2021
MLI,2021,FALSE,CONS,,,,Secondary education,T60,.8878393,2021
MLI,2021,FALSE,CONS,,,,No education,B40,.479441,2021
MLI,2021,FALSE,CONS,,,,No education,T60,.520559,2021
MLI,2021,FALSE,CONS,,Male,,,B40,.4001103,2021
MLI,2021,FALSE,CONS,,Male,,,T60,.5998897,2021
MLI,2021,FALSE,CONS,,Female,,,B40,.3998194,2021
MLI,2021,FALSE,CONS,,Female,,,T60,.6001806,2021
MLI,2021,FALSE,CONS,R,,,,B40,.4925386,2021
MLI,2021,FALSE,CONS,R,,,,T60,.5074614,2021
MLI,2021,FALSE,CONS,U,,,,B40,.0817847,2021
MLI,2021,FALSE,CONS,U,,,,T60,.9182153,2021
MLT,2022,FALSE,INC,,,0-14,,B40,.6018851,2021
MLT,2022,FALSE,INC,,,0-14,,T60,.3981148,2021
MLT,2022,FALSE,INC,,,15-64,,B40,.3353527,2021
MLT,2022,FALSE,INC,,,15-64,,T60,.6646473,2021
MLT,2022,FALSE,INC,,,>65,,B40,.5044522,2021
MLT,2022,FALSE,INC,,,>65,,T60,.4955478,2021
MLT,2022,FALSE,INC,,,,Primary education,B40,.5864258,2021
MLT,2022,FALSE,INC,,,,Primary education,T60,.4135742,2021
MLT,2022,FALSE,INC,,,,Tertiary education,B40,.2107659,2021
MLT,2022,FALSE,INC,,,,Tertiary education,T60,.7892342,2021
MLT,2022,FALSE,INC,,,,Secondary education,B40,.4098149,2021
MLT,2022,FALSE,INC,,,,Secondary education,T60,.590185,2021
MLT,2022,FALSE,INC,,,,No education,B40,.7299215,2021
MLT,2022,FALSE,INC,,,,No education,T60,.2700785,2021
MLT,2022,FALSE,INC,,Male,,,B40,.3770787,2021
MLT,2022,FALSE,INC,,Male,,,T60,.6229213,2021
MLT,2022,FALSE,INC,,Female,,,B40,.4237692,2021
MLT,2022,FALSE,INC,,Female,,,T60,.5762308,2021
MLT,2022,FALSE,INC,R,,,,B40,.5247992,2021
MLT,2022,FALSE,INC,R,,,,T60,.4752008,2021
MLT,2022,FALSE,INC,U,,,,B40,.3955896,2021
MLT,2022,FALSE,INC,U,,,,T60,.6044105,2021
MMR,2017,FALSE,CONS,,,0-14,,B40,.5051453,2021
MMR,2017,FALSE,CONS,,,0-14,,T60,.4948547,2021
MMR,2017,FALSE,CONS,,,15-64,,B40,.364593,2021
MMR,2017,FALSE,CONS,,,15-64,,T60,.635407,2021
MMR,2017,FALSE,CONS,,,>65,,B40,.3390364,2021
MMR,2017,FALSE,CONS,,,>65,,T60,.6609635,2021
MMR,2017,FALSE,CONS,,,,Primary education,B40,.4047897,2021
MMR,2017,FALSE,CONS,,,,Primary education,T60,.5952103,2021
MMR,2017,FALSE,CONS,,,,Tertiary education,B40,.0871414,2021
MMR,2017,FALSE,CONS,,,,Tertiary education,T60,.9128586,2021
MMR,2017,FALSE,CONS,,,,Secondary education,B40,.2950725,2021
MMR,2017,FALSE,CONS,,,,Secondary education,T60,.7049274,2021
MMR,2017,FALSE,CONS,,,,No education,B40,.5542011,2021
MMR,2017,FALSE,CONS,,,,No education,T60,.445799,2021
MMR,2017,FALSE,CONS,,Male,,,B40,.40193,2021
MMR,2017,FALSE,CONS,,Male,,,T60,.59807,2021
MMR,2017,FALSE,CONS,,Female,,,B40,.3982676,2021
MMR,2017,FALSE,CONS,,Female,,,T60,.6017324,2021
MMR,2017,FALSE,CONS,R,,,,B40,.4727443,2021
MMR,2017,FALSE,CONS,R,,,,T60,.5272557,2021
MMR,2017,FALSE,CONS,U,,,,B40,.2177564,2021
MMR,2017,FALSE,CONS,U,,,,T60,.7822435,2021
MNE,2021,FALSE,INC,,,0-14,,B40,.58657,2021
MNE,2021,FALSE,INC,,,0-14,,T60,.4134299,2021
MNE,2021,FALSE,INC,,,15-64,,B40,.3878629,2021
MNE,2021,FALSE,INC,,,15-64,,T60,.6121371,2021
MNE,2021,FALSE,INC,,,>65,,B40,.2282582,2021
MNE,2021,FALSE,INC,,,>65,,T60,.7717418,2021
MNE,2021,FALSE,INC,,Male,,,B40,.4021112,2021
MNE,2021,FALSE,INC,,Male,,,T60,.5978888,2021
MNE,2021,FALSE,INC,,Female,,,B40,.3968038,2021
MNE,2021,FALSE,INC,,Female,,,T60,.6031962,2021
MNE,2021,FALSE,INC,R,,,,B40,.5173206,2021
MNE,2021,FALSE,INC,R,,,,T60,.4826793,2021
MNE,2021,FALSE,INC,U,,,,B40,.3332135,2021
MNE,2021,FALSE,INC,U,,,,T60,.6667865,2021
MNG,2022,FALSE,CONS,,,0-14,,B40,.4996615,2021
MNG,2022,FALSE,CONS,,,0-14,,T60,.5003385,2021
MNG,2022,FALSE,CONS,,,15-64,,B40,.3660486,2021
MNG,2022,FALSE,CONS,,,15-64,,T60,.6339514,2021
MNG,2022,FALSE,CONS,,,>65,,B40,.2001447,2021
MNG,2022,FALSE,CONS,,,>65,,T60,.7998553,2021
MNG,2022,FALSE,CONS,,,,Primary education,B40,.5175303,2021
MNG,2022,FALSE,CONS,,,,Primary education,T60,.4824697,2021
MNG,2022,FALSE,CONS,,,,Tertiary education,B40,.1705078,2021
MNG,2022,FALSE,CONS,,,,Tertiary education,T60,.8294922,2021
MNG,2022,FALSE,CONS,,,,Secondary education,B40,.417239,2021
MNG,2022,FALSE,CONS,,,,Secondary education,T60,.582761,2021
MNG,2022,FALSE,CONS,,,,No education,B40,.613004,2021
MNG,2022,FALSE,CONS,,,,No education,T60,.386996,2021
MNG,2022,FALSE,CONS,,Male,,,B40,.4051917,2021
MNG,2022,FALSE,CONS,,Male,,,T60,.5948083,2021
MNG,2022,FALSE,CONS,,Female,,,B40,.3950607,2021
MNG,2022,FALSE,CONS,,Female,,,T60,.6049393,2021
MNG,2022,FALSE,CONS,R,,,,B40,.5190951,2021
MNG,2022,FALSE,CONS,R,,,,T60,.480905,2021
MNG,2022,FALSE,CONS,U,,,,B40,.3412724,2021
MNG,2022,FALSE,CONS,U,,,,T60,.6587276,2021
MOZ,2019,FALSE,CONS,,,0-14,,B40,.4611178,2021
MOZ,2019,FALSE,CONS,,,0-14,,T60,.5388822,2021
MOZ,2019,FALSE,CONS,,,15-64,,B40,.3423647,2021
MOZ,2019,FALSE,CONS,,,15-64,,T60,.6576353,2021
MOZ,2019,FALSE,CONS,,,>65,,B40,.3536924,2021
MOZ,2019,FALSE,CONS,,,>65,,T60,.6463075,2021
MOZ,2019,FALSE,CONS,,,,Primary education,B40,.3933576,2021
MOZ,2019,FALSE,CONS,,,,Primary education,T60,.6066424,2021
MOZ,2019,FALSE,CONS,,,,Tertiary education,B40,.0291789,2021
MOZ,2019,FALSE,CONS,,,,Tertiary education,T60,.9708211,2021
MOZ,2019,FALSE,CONS,,,,Secondary education,B40,.20127,2021
MOZ,2019,FALSE,CONS,,,,Secondary education,T60,.79873,2021
MOZ,2019,FALSE,CONS,,,,No education,B40,.4651829,2021
MOZ,2019,FALSE,CONS,,,,No education,T60,.5348171,2021
MOZ,2019,FALSE,CONS,,Male,,,B40,.4050315,2021
MOZ,2019,FALSE,CONS,,Male,,,T60,.5949685,2021
MOZ,2019,FALSE,CONS,,Female,,,B40,.395153,2021
MOZ,2019,FALSE,CONS,,Female,,,T60,.604847,2021
MOZ,2019,FALSE,CONS,R,,,,B40,.4761384,2021
MOZ,2019,FALSE,CONS,R,,,,T60,.5238616,2021
MOZ,2019,FALSE,CONS,U,,,,B40,.2548917,2021
MOZ,2019,FALSE,CONS,U,,,,T60,.7451084,2021
MRT,2019,FALSE,CONS,,,0-14,,B40,.4602743,2021
MRT,2019,FALSE,CONS,,,0-14,,T60,.5397257,2021
MRT,2019,FALSE,CONS,,,15-64,,B40,.350616,2021
MRT,2019,FALSE,CONS,,,15-64,,T60,.649384,2021
MRT,2019,FALSE,CONS,,,>65,,B40,.3407318,2021
MRT,2019,FALSE,CONS,,,>65,,T60,.6592682,2021
MRT,2019,FALSE,CONS,,,,Primary education,B40,.2331772,2021
MRT,2019,FALSE,CONS,,,,Primary education,T60,.7668228,2021
MRT,2019,FALSE,CONS,,,,Tertiary education,B40,.0833237,2021
MRT,2019,FALSE,CONS,,,,Tertiary education,T60,.9166763,2021
MRT,2019,FALSE,CONS,,,,Secondary education,B40,.1679361,2021
MRT,2019,FALSE,CONS,,,,Secondary education,T60,.8320639,2021
MRT,2019,FALSE,CONS,,,,No education,B40,.34093,2021
MRT,2019,FALSE,CONS,,,,No education,T60,.65907,2021
MRT,2019,FALSE,CONS,,Male,,,B40,.3979411,2021
MRT,2019,FALSE,CONS,,Male,,,T60,.6020589,2021
MRT,2019,FALSE,CONS,,Female,,,B40,.40188,2021
MRT,2019,FALSE,CONS,,Female,,,T60,.59812,2021
MRT,2019,FALSE,CONS,R,,,,B40,.5560896,2021
MRT,2019,FALSE,CONS,R,,,,T60,.4439104,2021
MRT,2019,FALSE,CONS,U,,,,B40,.233438,2021
MRT,2019,FALSE,CONS,U,,,,T60,.766562,2021
MUS,2017,FALSE,CONS,,,0-14,,B40,.5510451,2021
MUS,2017,FALSE,CONS,,,0-14,,T60,.4489549,2021
MUS,2017,FALSE,CONS,,,15-64,,B40,.3860453,2021
MUS,2017,FALSE,CONS,,,15-64,,T60,.6139547,2021
MUS,2017,FALSE,CONS,,,>65,,B40,.2528799,2021
MUS,2017,FALSE,CONS,,,>65,,T60,.7471201,2021
MUS,2017,FALSE,CONS,,,,Primary education,B40,.4574545,2021
MUS,2017,FALSE,CONS,,,,Primary education,T60,.5425455,2021
MUS,2017,FALSE,CONS,,,,Tertiary education,B40,.0974333,2021
MUS,2017,FALSE,CONS,,,,Tertiary education,T60,.9025667,2021
MUS,2017,FALSE,CONS,,,,Secondary education,B40,.3664892,2021
MUS,2017,FALSE,CONS,,,,Secondary education,T60,.6335108,2021
MUS,2017,FALSE,CONS,,,,No education,B40,.4170188,2021
MUS,2017,FALSE,CONS,,,,No education,T60,.5829812,2021
MUS,2017,FALSE,CONS,,Male,,,B40,.3989395,2021
MUS,2017,FALSE,CONS,,Male,,,T60,.6010605,2021
MUS,2017,FALSE,CONS,,Female,,,B40,.401009,2021
MUS,2017,FALSE,CONS,,Female,,,T60,.598991,2021
MUS,2017,FALSE,CONS,U,,,,B40,.3999951,2021
MUS,2017,FALSE,CONS,U,,,,T60,.6000049,2021
MWI,2019,FALSE,CONS,,,0-14,,B40,.4577061,2021
MWI,2019,FALSE,CONS,,,0-14,,T60,.5422939,2021
MWI,2019,FALSE,CONS,,,15-64,,B40,.3556134,2021
MWI,2019,FALSE,CONS,,,15-64,,T60,.6443865,2021
MWI,2019,FALSE,CONS,,,>65,,B40,.3332258,2021
MWI,2019,FALSE,CONS,,,>65,,T60,.6667742,2021
MWI,2019,FALSE,CONS,,,,Primary education,B40,.3991998,2021
MWI,2019,FALSE,CONS,,,,Primary education,T60,.6008002,2021
MWI,2019,FALSE,CONS,,,,Tertiary education,B40,.0201046,2021
MWI,2019,FALSE,CONS,,,,Tertiary education,T60,.9798954,2021
MWI,2019,FALSE,CONS,,,,Secondary education,B40,.1847503,2021
MWI,2019,FALSE,CONS,,,,Secondary education,T60,.8152497,2021
MWI,2019,FALSE,CONS,,Male,,,B40,.3941555,2021
MWI,2019,FALSE,CONS,,Male,,,T60,.6058446,2021
MWI,2019,FALSE,CONS,,Female,,,B40,.4053356,2021
MWI,2019,FALSE,CONS,,Female,,,T60,.5946644,2021
MWI,2019,FALSE,CONS,R,,,,B40,.455244,2021
MWI,2019,FALSE,CONS,R,,,,T60,.544756,2021
MWI,2019,FALSE,CONS,U,,,,B40,.1008847,2021
MWI,2019,FALSE,CONS,U,,,,T60,.8991153,2021
MYS,2021,FALSE,INC,,,0-14,,B40,.5245817,2021
MYS,2021,FALSE,INC,,,0-14,,T60,.4754184,2021
MYS,2021,FALSE,INC,,,15-64,,B40,.3652348,2021
MYS,2021,FALSE,INC,,,15-64,,T60,.6347652,2021
MYS,2021,FALSE,INC,,,>65,,B40,.3459688,2021
MYS,2021,FALSE,INC,,,>65,,T60,.6540312,2021
MYS,2021,FALSE,INC,,,,Primary education,B40,.511929,2021
MYS,2021,FALSE,INC,,,,Primary education,T60,.488071,2021
MYS,2021,FALSE,INC,,,,Tertiary education,B40,.1407657,2021
MYS,2021,FALSE,INC,,,,Tertiary education,T60,.8592343,2021
MYS,2021,FALSE,INC,,,,Secondary education,B40,.4252301,2021
MYS,2021,FALSE,INC,,,,Secondary education,T60,.5747699,2021
MYS,2021,FALSE,INC,,,,No education,B40,.6087285,2021
MYS,2021,FALSE,INC,,,,No education,T60,.3912715,2021
MYS,2021,FALSE,INC,,Male,,,B40,.3967239,2021
MYS,2021,FALSE,INC,,Male,,,T60,.6032761,2021
MYS,2021,FALSE,INC,,Female,,,B40,.4032844,2021
MYS,2021,FALSE,INC,,Female,,,T60,.5967156,2021
MYS,2021,FALSE,INC,R,,,,B40,.6523576,2021
MYS,2021,FALSE,INC,R,,,,T60,.3476424,2021
MYS,2021,FALSE,INC,U,,,,B40,.321802,2021
MYS,2021,FALSE,INC,U,,,,T60,.678198,2021
NAM,2015,FALSE,CONS,,,0-14,,B40,.4868074,2021
NAM,2015,FALSE,CONS,,,0-14,,T60,.5131925,2021
NAM,2015,FALSE,CONS,,,15-64,,B40,.3421025,2021
NAM,2015,FALSE,CONS,,,15-64,,T60,.6578975,2021
NAM,2015,FALSE,CONS,,,>65,,B40,.4406688,2021
NAM,2015,FALSE,CONS,,,>65,,T60,.5593312,2021
NAM,2015,FALSE,CONS,,,,Primary education,B40,.4952729,2021
NAM,2015,FALSE,CONS,,,,Primary education,T60,.5047271,2021
NAM,2015,FALSE,CONS,,,,Tertiary education,B40,.0379426,2021
NAM,2015,FALSE,CONS,,,,Tertiary education,T60,.9620574,2021
NAM,2015,FALSE,CONS,,,,Secondary education,B40,.2858229,2021
NAM,2015,FALSE,CONS,,,,Secondary education,T60,.7141771,2021
NAM,2015,FALSE,CONS,,,,No education,B40,.5780041,2021
NAM,2015,FALSE,CONS,,,,No education,T60,.421996,2021
NAM,2015,FALSE,CONS,,Male,,,B40,.3906303,2021
NAM,2015,FALSE,CONS,,Male,,,T60,.6093697,2021
NAM,2015,FALSE,CONS,,Female,,,B40,.4088482,2021
NAM,2015,FALSE,CONS,,Female,,,T60,.5911518,2021
NAM,2015,FALSE,CONS,R,,,,B40,.5384433,2021
NAM,2015,FALSE,CONS,R,,,,T60,.4615568,2021
NAM,2015,FALSE,CONS,U,,,,B40,.2427652,2021
NAM,2015,FALSE,CONS,U,,,,T60,.7572348,2021
NER,2021,FALSE,CONS,,,0-14,,B40,.4484596,2021
NER,2021,FALSE,CONS,,,0-14,,T60,.5515404,2021
NER,2021,FALSE,CONS,,,15-64,,B40,.3469988,2021
NER,2021,FALSE,CONS,,,15-64,,T60,.6530012,2021
NER,2021,FALSE,CONS,,,>65,,B40,.282611,2021
NER,2021,FALSE,CONS,,,>65,,T60,.717389,2021
NER,2021,FALSE,CONS,,,,Primary education,B40,.2916348,2021
NER,2021,FALSE,CONS,,,,Primary education,T60,.7083652,2021
NER,2021,FALSE,CONS,,,,Tertiary education,B40,0,2021
NER,2021,FALSE,CONS,,,,Tertiary education,T60,1,2021
NER,2021,FALSE,CONS,,,,Secondary education,B40,.1540814,2021
NER,2021,FALSE,CONS,,,,Secondary education,T60,.8459187,2021
NER,2021,FALSE,CONS,,,,No education,B40,.4395031,2021
NER,2021,FALSE,CONS,,,,No education,T60,.5604969,2021
NER,2021,FALSE,CONS,,Male,,,B40,.4094336,2021
NER,2021,FALSE,CONS,,Male,,,T60,.5905663,2021
NER,2021,FALSE,CONS,,Female,,,B40,.3985581,2021
NER,2021,FALSE,CONS,,Female,,,T60,.601442,2021
NER,2021,FALSE,CONS,R,,,,B40,.4635207,2021
NER,2021,FALSE,CONS,R,,,,T60,.5364793,2021
NER,2021,FALSE,CONS,U,,,,B40,.0780752,2021
NER,2021,FALSE,CONS,U,,,,T60,.9219248,2021
NGA,2018,FALSE,CONS,,,0-14,,B40,.4823468,2021
NGA,2018,FALSE,CONS,,,0-14,,T60,.5176532,2021
NGA,2018,FALSE,CONS,,,15-64,,B40,.3452886,2021
NGA,2018,FALSE,CONS,,,15-64,,T60,.6547114,2021
NGA,2018,FALSE,CONS,,,>65,,B40,.2717324,2021
NGA,2018,FALSE,CONS,,,>65,,T60,.7282676,2021
NGA,2018,FALSE,CONS,,,,Primary education,B40,.3664229,2021
NGA,2018,FALSE,CONS,,,,Primary education,T60,.6335772,2021
NGA,2018,FALSE,CONS,,,,Tertiary education,B40,.0994927,2021
NGA,2018,FALSE,CONS,,,,Tertiary education,T60,.9005073,2021
NGA,2018,FALSE,CONS,,,,Secondary education,B40,.246387,2021
NGA,2018,FALSE,CONS,,,,Secondary education,T60,.7536131,2021
NGA,2018,FALSE,CONS,,,,No education,B40,.5836416,2021
NGA,2018,FALSE,CONS,,,,No education,T60,.4163583,2021
NGA,2018,FALSE,CONS,,Male,,,B40,.3984221,2021
NGA,2018,FALSE,CONS,,Male,,,T60,.6015779,2021
NGA,2018,FALSE,CONS,,Female,,,B40,.4015099,2021
NGA,2018,FALSE,CONS,,Female,,,T60,.5984901,2021
NGA,2018,FALSE,CONS,R,,,,B40,.5199837,2021
NGA,2018,FALSE,CONS,R,,,,T60,.4800163,2021
NGA,2018,FALSE,CONS,U,,,,B40,.1796375,2021
NGA,2018,FALSE,CONS,U,,,,T60,.8203626,2021
NIC,2014,FALSE,INC,,,0-14,,B40,.4875469,2021
NIC,2014,FALSE,INC,,,0-14,,T60,.5124531,2021
NIC,2014,FALSE,INC,,,15-64,,B40,.3591209,2021
NIC,2014,FALSE,INC,,,15-64,,T60,.6408791,2021
NIC,2014,FALSE,INC,,,>65,,B40,.3708238,2021
NIC,2014,FALSE,INC,,,>65,,T60,.6291762,2021
NIC,2014,FALSE,INC,,,,Primary education,B40,.4468738,2021
NIC,2014,FALSE,INC,,,,Primary education,T60,.5531262,2021
NIC,2014,FALSE,INC,,,,Tertiary education,B40,.1061399,2021
NIC,2014,FALSE,INC,,,,Tertiary education,T60,.8938602,2021
NIC,2014,FALSE,INC,,,,Secondary education,B40,.3015592,2021
NIC,2014,FALSE,INC,,,,Secondary education,T60,.6984408,2021
NIC,2014,FALSE,INC,,,,No education,B40,.5602454,2021
NIC,2014,FALSE,INC,,,,No education,T60,.4397546,2021
NIC,2014,FALSE,INC,,Male,,,B40,.4002475,2021
NIC,2014,FALSE,INC,,Male,,,T60,.5997525,2021
NIC,2014,FALSE,INC,,Female,,,B40,.3976364,2021
NIC,2014,FALSE,INC,,Female,,,T60,.6023636,2021
NIC,2014,FALSE,INC,R,,,,B40,.5540677,2021
NIC,2014,FALSE,INC,R,,,,T60,.4459323,2021
NIC,2014,FALSE,INC,U,,,,B40,.2877006,2021
NIC,2014,FALSE,INC,U,,,,T60,.7122994,2021
NLD,2021,FALSE,INC,,,0-14,,B40,.5791061,2021
NLD,2021,FALSE,INC,,,0-14,,T60,.4208939,2021
NLD,2021,FALSE,INC,,,15-64,,B40,.3579205,2021
NLD,2021,FALSE,INC,,,15-64,,T60,.6420795,2021
NLD,2021,FALSE,INC,,,>65,,B40,.3948154,2021
NLD,2021,FALSE,INC,,,>65,,T60,.6051846,2021
NLD,2021,FALSE,INC,,,,Primary education,B40,.501304,2021
NLD,2021,FALSE,INC,,,,Primary education,T60,.498696,2021
NLD,2021,FALSE,INC,,,,Tertiary education,B40,.2525936,2021
NLD,2021,FALSE,INC,,,,Tertiary education,T60,.7474064,2021
NLD,2021,FALSE,INC,,,,Secondary education,B40,.4209658,2021
NLD,2021,FALSE,INC,,,,Secondary education,T60,.5790341,2021
NLD,2021,FALSE,INC,,,,No education,B40,.6129299,2021
NLD,2021,FALSE,INC,,,,No education,T60,.3870701,2021
NLD,2021,FALSE,INC,,Male,,,B40,.3894904,2021
NLD,2021,FALSE,INC,,Male,,,T60,.6105096,2021
NLD,2021,FALSE,INC,,Female,,,B40,.4071297,2021
NLD,2021,FALSE,INC,,Female,,,T60,.5928703,2021
NOR,2022,FALSE,INC,,,0-14,,B40,.739406,2021
NOR,2022,FALSE,INC,,,0-14,,T60,.2605939,2021
NOR,2022,FALSE,INC,,,15-64,,B40,.3813164,2021
NOR,2022,FALSE,INC,,,15-64,,T60,.6186836,2021
NOR,2022,FALSE,INC,,,>65,,B40,.1909737,2021
NOR,2022,FALSE,INC,,,>65,,T60,.8090263,2021
NOR,2022,FALSE,INC,,,,Tertiary education,B40,.2966137,2021
NOR,2022,FALSE,INC,,,,Tertiary education,T60,.7033863,2021
NOR,2022,FALSE,INC,,,,Secondary education,B40,.3455602,2021
NOR,2022,FALSE,INC,,,,Secondary education,T60,.6544398,2021
NOR,2022,FALSE,INC,,Male,,,B40,.3816256,2021
NOR,2022,FALSE,INC,,Male,,,T60,.6183744,2021
NOR,2022,FALSE,INC,,Female,,,B40,.4163296,2021
NOR,2022,FALSE,INC,,Female,,,T60,.5836704,2021
NOR,2022,FALSE,INC,R,,,,B40,.4054175,2021
NOR,2022,FALSE,INC,R,,,,T60,.5945825,2021
NOR,2022,FALSE,INC,U,,,,B40,.3962679,2021
NOR,2022,FALSE,INC,U,,,,T60,.6037321,2021
NPL,2022,FALSE,CONS,,,0-14,,B40,.4931305,2021
NPL,2022,FALSE,CONS,,,0-14,,T60,.5068694,2021
NPL,2022,FALSE,CONS,,,15-64,,B40,.3579408,2021
NPL,2022,FALSE,CONS,,,15-64,,T60,.6420592,2021
NPL,2022,FALSE,CONS,,,>65,,B40,.4084441,2021
NPL,2022,FALSE,CONS,,,>65,,T60,.5915559,2021
NPL,2022,FALSE,CONS,,,,Primary education,B40,.4242852,2021
NPL,2022,FALSE,CONS,,,,Primary education,T60,.5757148,2021
NPL,2022,FALSE,CONS,,,,Tertiary education,B40,.058195,2021
NPL,2022,FALSE,CONS,,,,Tertiary education,T60,.9418051,2021
NPL,2022,FALSE,CONS,,,,Secondary education,B40,.2652987,2021
NPL,2022,FALSE,CONS,,,,Secondary education,T60,.7347013,2021
NPL,2022,FALSE,CONS,,,,No education,B40,.5008162,2021
NPL,2022,FALSE,CONS,,,,No education,T60,.4991838,2021
NPL,2022,FALSE,CONS,,Male,,,B40,.3886304,2021
NPL,2022,FALSE,CONS,,Male,,,T60,.6113696,2021
NPL,2022,FALSE,CONS,,Female,,,B40,.4100686,2021
NPL,2022,FALSE,CONS,,Female,,,T60,.5899314,2021
NPL,2022,FALSE,CONS,R,,,,B40,.4683645,2021
NPL,2022,FALSE,CONS,R,,,,T60,.5316355,2021
NPL,2022,FALSE,CONS,U,,,,B40,.3699559,2021
NPL,2022,FALSE,CONS,U,,,,T60,.6300441,2021
NRU,2012,FALSE,CONS,,Male,,,B40,.3995771,2021
NRU,2012,FALSE,CONS,,Male,,,T60,.6004229,2021
NRU,2012,FALSE,CONS,,Female,,,B40,.3999413,2021
NRU,2012,FALSE,CONS,,Female,,,T60,.6000587,2021
PAK,2018,FALSE,CONS,,,0-14,,B40,.4938096,2021
PAK,2018,FALSE,CONS,,,0-14,,T60,.5061904,2021
PAK,2018,FALSE,CONS,,,15-64,,B40,.3400046,2021
PAK,2018,FALSE,CONS,,,15-64,,T60,.6599954,2021
PAK,2018,FALSE,CONS,,,>65,,B40,.3273285,2021
PAK,2018,FALSE,CONS,,,>65,,T60,.6726715,2021
PAK,2018,FALSE,CONS,,,,Primary education,B40,.3448409,2021
PAK,2018,FALSE,CONS,,,,Primary education,T60,.6551591,2021
PAK,2018,FALSE,CONS,,,,Tertiary education,B40,.093085,2021
PAK,2018,FALSE,CONS,,,,Tertiary education,T60,.906915,2021
PAK,2018,FALSE,CONS,,,,Secondary education,B40,.2275822,2021
PAK,2018,FALSE,CONS,,,,Secondary education,T60,.7724178,2021
PAK,2018,FALSE,CONS,,,,No education,B40,.4840848,2021
PAK,2018,FALSE,CONS,,,,No education,T60,.5159152,2021
PAK,2018,FALSE,CONS,,Male,,,B40,.3979059,2021
PAK,2018,FALSE,CONS,,Male,,,T60,.6020941,2021
PAK,2018,FALSE,CONS,,Female,,,B40,.4020645,2021
PAK,2018,FALSE,CONS,,Female,,,T60,.5979355,2021
PAK,2018,FALSE,CONS,R,,,,B40,.4974392,2021
PAK,2018,FALSE,CONS,R,,,,T60,.5025608,2021
PAK,2018,FALSE,CONS,U,,,,B40,.229733,2021
PAK,2018,FALSE,CONS,U,,,,T60,.7702671,2021
PAN,2023,FALSE,INC,,,0-14,,B40,.5839111,2021
PAN,2023,FALSE,INC,,,0-14,,T60,.4160889,2021
PAN,2023,FALSE,INC,,,15-64,,B40,.340967,2021
PAN,2023,FALSE,INC,,,15-64,,T60,.659033,2021
PAN,2023,FALSE,INC,,,>65,,B40,.2894982,2021
PAN,2023,FALSE,INC,,,>65,,T60,.7105018,2021
PAN,2023,FALSE,INC,,,,Primary education,B40,.5160524,2021
PAN,2023,FALSE,INC,,,,Primary education,T60,.4839475,2021
PAN,2023,FALSE,INC,,,,Tertiary education,B40,.115358,2021
PAN,2023,FALSE,INC,,,,Tertiary education,T60,.884642,2021
PAN,2023,FALSE,INC,,,,Secondary education,B40,.3455077,2021
PAN,2023,FALSE,INC,,,,Secondary education,T60,.6544923,2021
PAN,2023,FALSE,INC,,,,No education,B40,.7382001,2021
PAN,2023,FALSE,INC,,,,No education,T60,.2617999,2021
PAN,2023,FALSE,INC,,Male,,,B40,.3916118,2021
PAN,2023,FALSE,INC,,Male,,,T60,.6083882,2021
PAN,2023,FALSE,INC,,Female,,,B40,.4055027,2021
PAN,2023,FALSE,INC,,Female,,,T60,.5944973,2021
PAN,2023,FALSE,INC,R,,,,B40,.6613182,2021
PAN,2023,FALSE,INC,R,,,,T60,.3386818,2021
PAN,2023,FALSE,INC,U,,,,B40,.2891742,2021
PAN,2023,FALSE,INC,U,,,,T60,.7108258,2021
PER,2023,FALSE,INC,,,0-14,,B40,.5406392,2021
PER,2023,FALSE,INC,,,0-14,,T60,.4593608,2021
PER,2023,FALSE,INC,,,15-64,,B40,.359,2021
PER,2023,FALSE,INC,,,15-64,,T60,.641,2021
PER,2023,FALSE,INC,,,>65,,B40,.3349701,2021
PER,2023,FALSE,INC,,,>65,,T60,.6650299,2021
PER,2023,FALSE,INC,,,,Primary education,B40,.5088835,2021
PER,2023,FALSE,INC,,,,Primary education,T60,.4911164,2021
PER,2023,FALSE,INC,,,,Tertiary education,B40,.1702744,2021
PER,2023,FALSE,INC,,,,Tertiary education,T60,.8297256,2021
PER,2023,FALSE,INC,,,,Secondary education,B40,.3736877,2021
PER,2023,FALSE,INC,,,,Secondary education,T60,.6263123,2021
PER,2023,FALSE,INC,,,,No education,B40,.5963717,2021
PER,2023,FALSE,INC,,,,No education,T60,.4036283,2021
PER,2023,FALSE,INC,,Male,,,B40,.3905928,2021
PER,2023,FALSE,INC,,Male,,,T60,.6094072,2021
PER,2023,FALSE,INC,,Female,,,B40,.408346,2021
PER,2023,FALSE,INC,,Female,,,T60,.591654,2021
PER,2023,FALSE,INC,R,,,,B40,.7016127,2021
PER,2023,FALSE,INC,R,,,,T60,.2983873,2021
PER,2023,FALSE,INC,U,,,,B40,.3260319,2021
PER,2023,FALSE,INC,U,,,,T60,.6739681,2021
PHL,2023,FALSE,INC,,,0-14,,B40,.5519975,2021
PHL,2023,FALSE,INC,,,0-14,,T60,.4480025,2021
PHL,2023,FALSE,INC,,,15-64,,B40,.3545382,2021
PHL,2023,FALSE,INC,,,15-64,,T60,.6454618,2021
PHL,2023,FALSE,INC,,,>65,,B40,.2650901,2021
PHL,2023,FALSE,INC,,,>65,,T60,.7349099,2021
PHL,2023,FALSE,INC,,,,Primary education,B40,.5004782,2021
PHL,2023,FALSE,INC,,,,Primary education,T60,.4995218,2021
PHL,2023,FALSE,INC,,,,Tertiary education,B40,.1512273,2021
PHL,2023,FALSE,INC,,,,Tertiary education,T60,.8487726,2021
PHL,2023,FALSE,INC,,,,Secondary education,B40,.3400242,2021
PHL,2023,FALSE,INC,,,,Secondary education,T60,.6599758,2021
PHL,2023,FALSE,INC,,,,No education,B40,.6086601,2021
PHL,2023,FALSE,INC,,,,No education,T60,.3913399,2021
PHL,2023,FALSE,INC,,Male,,,B40,.4036888,2021
PHL,2023,FALSE,INC,,Male,,,T60,.5963113,2021
PHL,2023,FALSE,INC,,Female,,,B40,.396253,2021
PHL,2023,FALSE,INC,,Female,,,T60,.6037471,2021
PHL,2023,FALSE,INC,R,,,,B40,.5099873,2021
PHL,2023,FALSE,INC,R,,,,T60,.4900127,2021
PHL,2023,FALSE,INC,U,,,,B40,.3071337,2021
PHL,2023,FALSE,INC,U,,,,T60,.6928663,2021
PNG,2009,FALSE,CONS,,,0-14,,B40,.4543249,2021
PNG,2009,FALSE,CONS,,,0-14,,T60,.5456752,2021
PNG,2009,FALSE,CONS,,,15-64,,B40,.3576356,2021
PNG,2009,FALSE,CONS,,,15-64,,T60,.6423644,2021
PNG,2009,FALSE,CONS,,,>65,,B40,.4670411,2021
PNG,2009,FALSE,CONS,,,>65,,T60,.5329589,2021
PNG,2009,FALSE,CONS,,,,Primary education,B40,.3763896,2021
PNG,2009,FALSE,CONS,,,,Primary education,T60,.6236104,2021
PNG,2009,FALSE,CONS,,,,Tertiary education,B40,.2239051,2021
PNG,2009,FALSE,CONS,,,,Tertiary education,T60,.7760949,2021
PNG,2009,FALSE,CONS,,,,Secondary education,B40,.2751686,2021
PNG,2009,FALSE,CONS,,,,Secondary education,T60,.7248315,2021
PNG,2009,FALSE,CONS,,,,No education,B40,.5585087,2021
PNG,2009,FALSE,CONS,,,,No education,T60,.4414913,2021
PNG,2009,FALSE,CONS,,Male,,,B40,.3972381,2021
PNG,2009,FALSE,CONS,,Male,,,T60,.6027619,2021
PNG,2009,FALSE,CONS,,Female,,,B40,.402924,2021
PNG,2009,FALSE,CONS,,Female,,,T60,.5970761,2021
PNG,2009,FALSE,CONS,R,,,,B40,.4180444,2021
PNG,2009,FALSE,CONS,R,,,,T60,.5819556,2021
PNG,2009,FALSE,CONS,U,,,,B40,.289735,2021
PNG,2009,FALSE,CONS,U,,,,T60,.710265,2021
POL,2022,FALSE,INC,,,0-14,,B40,.5664094,2021
POL,2022,FALSE,INC,,,0-14,,T60,.4335906,2021
POL,2022,FALSE,INC,,,15-64,,B40,.3842911,2021
POL,2022,FALSE,INC,,,15-64,,T60,.6157088,2021
POL,2022,FALSE,INC,,,>65,,B40,.3328881,2021
POL,2022,FALSE,INC,,,>65,,T60,.6671119,2021
POL,2022,FALSE,INC,,,,Primary education,B40,.5558156,2021
POL,2022,FALSE,INC,,,,Primary education,T60,.4441844,2021
POL,2022,FALSE,INC,,,,Tertiary education,B40,.2084813,2021
POL,2022,FALSE,INC,,,,Tertiary education,T60,.7915187,2021
POL,2022,FALSE,INC,,,,Secondary education,B40,.4037515,2021
POL,2022,FALSE,INC,,,,Secondary education,T60,.5962486,2021
POL,2022,FALSE,INC,,,,No education,B40,.4956224,2021
POL,2022,FALSE,INC,,,,No education,T60,.5043776,2021
POL,2022,FALSE,INC,,Male,,,B40,.3988333,2021
POL,2022,FALSE,INC,,Male,,,T60,.6011667,2021
POL,2022,FALSE,INC,,Female,,,B40,.4001186,2021
POL,2022,FALSE,INC,,Female,,,T60,.5998815,2021
POL,2022,FALSE,INC,R,,,,B40,.5124367,2021
POL,2022,FALSE,INC,R,,,,T60,.4875633,2021
POL,2022,FALSE,INC,U,,,,B40,.3180158,2021
POL,2022,FALSE,INC,U,,,,T60,.6819842,2021
PRT,2022,FALSE,INC,,,0-14,,B40,.585281,2021
PRT,2022,FALSE,INC,,,0-14,,T60,.414719,2021
PRT,2022,FALSE,INC,,,15-64,,B40,.3960015,2021
PRT,2022,FALSE,INC,,,15-64,,T60,.6039985,2021
PRT,2022,FALSE,INC,,,>65,,B40,.3226339,2021
PRT,2022,FALSE,INC,,,>65,,T60,.6773661,2021
PRT,2022,FALSE,INC,,,,Primary education,B40,.4712015,2021
PRT,2022,FALSE,INC,,,,Primary education,T60,.5287985,2021
PRT,2022,FALSE,INC,,,,Tertiary education,B40,.1802904,2021
PRT,2022,FALSE,INC,,,,Tertiary education,T60,.8197097,2021
PRT,2022,FALSE,INC,,,,Secondary education,B40,.3899824,2021
PRT,2022,FALSE,INC,,,,Secondary education,T60,.6100176,2021
PRT,2022,FALSE,INC,,,,No education,B40,.5412832,2021
PRT,2022,FALSE,INC,,,,No education,T60,.4587167,2021
PRT,2022,FALSE,INC,,Male,,,B40,.3966965,2021
PRT,2022,FALSE,INC,,Male,,,T60,.6033035,2021
PRT,2022,FALSE,INC,,Female,,,B40,.4023836,2021
PRT,2022,FALSE,INC,,Female,,,T60,.5976164,2021
PRT,2022,FALSE,INC,R,,,,B40,.4831792,2021
PRT,2022,FALSE,INC,R,,,,T60,.5168208,2021
PRT,2022,FALSE,INC,U,,,,B40,.3747123,2021
PRT,2022,FALSE,INC,U,,,,T60,.6252877,2021
PRY,2023,FALSE,INC,,,0-14,,B40,.5383818,2021
PRY,2023,FALSE,INC,,,0-14,,T60,.4616182,2021
PRY,2023,FALSE,INC,,,15-64,,B40,.3520478,2021
PRY,2023,FALSE,INC,,,15-64,,T60,.6479521,2021
PRY,2023,FALSE,INC,,,>65,,B40,.3371371,2021
PRY,2023,FALSE,INC,,,>65,,T60,.6628629,2021
PRY,2023,FALSE,INC,,,,Primary education,B40,.5005676,2021
PRY,2023,FALSE,INC,,,,Primary education,T60,.4994324,2021
PRY,2023,FALSE,INC,,,,Tertiary education,B40,.1238883,2021
PRY,2023,FALSE,INC,,,,Tertiary education,T60,.8761117,2021
PRY,2023,FALSE,INC,,,,Secondary education,B40,.36827,2021
PRY,2023,FALSE,INC,,,,Secondary education,T60,.63173,2021
PRY,2023,FALSE,INC,,,,No education,B40,.6144212,2021
PRY,2023,FALSE,INC,,,,No education,T60,.3855788,2021
PRY,2023,FALSE,INC,,Male,,,B40,.3930341,2021
PRY,2023,FALSE,INC,,Male,,,T60,.6069659,2021
PRY,2023,FALSE,INC,,Female,,,B40,.4054354,2021
PRY,2023,FALSE,INC,,Female,,,T60,.5945646,2021
PRY,2023,FALSE,INC,R,,,,B40,.5342931,2021
PRY,2023,FALSE,INC,R,,,,T60,.4657069,2021
PRY,2023,FALSE,INC,U,,,,B40,.317139,2021
PRY,2023,FALSE,INC,U,,,,T60,.682861,2021
PSE,2023,FALSE,CONS,,,0-14,,B40,.4861445,2021
PSE,2023,FALSE,CONS,,,0-14,,T60,.5138555,2021
PSE,2023,FALSE,CONS,,,15-64,,B40,.3674747,2021
PSE,2023,FALSE,CONS,,,15-64,,T60,.6325253,2021
PSE,2023,FALSE,CONS,,,>65,,B40,.2037042,2021
PSE,2023,FALSE,CONS,,,>65,,T60,.7962958,2021
PSE,2023,FALSE,CONS,,,,Primary education,B40,.3628351,2021
PSE,2023,FALSE,CONS,,,,Primary education,T60,.6371649,2021
PSE,2023,FALSE,CONS,,,,Tertiary education,B40,.2699772,2021
PSE,2023,FALSE,CONS,,,,Tertiary education,T60,.7300228,2021
PSE,2023,FALSE,CONS,,,,Secondary education,B40,.3907989,2021
PSE,2023,FALSE,CONS,,,,Secondary education,T60,.6092011,2021
PSE,2023,FALSE,CONS,,,,No education,B40,.358095,2021
PSE,2023,FALSE,CONS,,,,No education,T60,.6419051,2021
PSE,2023,FALSE,CONS,,Male,,,B40,.3970967,2021
PSE,2023,FALSE,CONS,,Male,,,T60,.6029033,2021
PSE,2023,FALSE,CONS,,Female,,,B40,.402835,2021
PSE,2023,FALSE,CONS,,Female,,,T60,.597165,2021
PSE,2023,FALSE,CONS,R,,,,B40,.196852,2021
PSE,2023,FALSE,CONS,R,,,,T60,.803148,2021
PSE,2023,FALSE,CONS,U,,,,B40,.4337575,2021
PSE,2023,FALSE,CONS,U,,,,T60,.5662425,2021
ROU,2022,FALSE,INC,,,0-14,,B40,.5530372,2021
ROU,2022,FALSE,INC,,,0-14,,T60,.4469628,2021
ROU,2022,FALSE,INC,,,15-64,,B40,.4155404,2021
ROU,2022,FALSE,INC,,,15-64,,T60,.5844595,2021
ROU,2022,FALSE,INC,,,>65,,B40,.2694643,2021
ROU,2022,FALSE,INC,,,>65,,T60,.7305357,2021
ROU,2022,FALSE,INC,,,,Primary education,B40,.6670372,2021
ROU,2022,FALSE,INC,,,,Primary education,T60,.3329628,2021
ROU,2022,FALSE,INC,,,,Tertiary education,B40,.1295358,2021
ROU,2022,FALSE,INC,,,,Tertiary education,T60,.8704641,2021
ROU,2022,FALSE,INC,,,,Secondary education,B40,.4191848,2021
ROU,2022,FALSE,INC,,,,Secondary education,T60,.5808152,2021
ROU,2022,FALSE,INC,,,,No education,B40,.7541236,2021
ROU,2022,FALSE,INC,,,,No education,T60,.2458763,2021
ROU,2022,FALSE,INC,,Male,,,B40,.402375,2021
ROU,2022,FALSE,INC,,Male,,,T60,.597625,2021
ROU,2022,FALSE,INC,,Female,,,B40,.3976904,2021
ROU,2022,FALSE,INC,,Female,,,T60,.6023096,2021
ROU,2022,FALSE,INC,R,,,,B40,.5845294,2021
ROU,2022,FALSE,INC,R,,,,T60,.4154706,2021
ROU,2022,FALSE,INC,U,,,,B40,.2684554,2021
ROU,2022,FALSE,INC,U,,,,T60,.7315447,2021
RUS,2021,FALSE,INC,,,0-14,,B40,.617923,2021
RUS,2021,FALSE,INC,,,0-14,,T60,.382077,2021
RUS,2021,FALSE,INC,,,15-64,,B40,.3512883,2021
RUS,2021,FALSE,INC,,,15-64,,T60,.6487117,2021
RUS,2021,FALSE,INC,,,>65,,B40,.3649667,2021
RUS,2021,FALSE,INC,,,>65,,T60,.6350333,2021
RUS,2021,FALSE,INC,,,,Primary education,B40,.6071069,2021
RUS,2021,FALSE,INC,,,,Primary education,T60,.3928931,2021
RUS,2021,FALSE,INC,,,,Tertiary education,B40,.2029244,2021
RUS,2021,FALSE,INC,,,,Tertiary education,T60,.7970756,2021
RUS,2021,FALSE,INC,,,,Secondary education,B40,.4368017,2021
RUS,2021,FALSE,INC,,,,Secondary education,T60,.5631983,2021
RUS,2021,FALSE,INC,,,,No education,B40,.5331511,2021
RUS,2021,FALSE,INC,,,,No education,T60,.4668489,2021
RUS,2021,FALSE,INC,,Male,,,B40,.3979851,2021
RUS,2021,FALSE,INC,,Male,,,T60,.602015,2021
RUS,2021,FALSE,INC,,Female,,,B40,.4014958,2021
RUS,2021,FALSE,INC,,Female,,,T60,.5985042,2021
RUS,2021,FALSE,INC,R,,,,B40,.6211851,2021
RUS,2021,FALSE,INC,R,,,,T60,.3788149,2021
RUS,2021,FALSE,INC,U,,,,B40,.3266919,2021
RUS,2021,FALSE,INC,U,,,,T60,.6733081,2021
RWA,2016,FALSE,CONS,,,0-14,,B40,.4717999,2021
RWA,2016,FALSE,CONS,,,0-14,,T60,.5282001,2021
RWA,2016,FALSE,CONS,,,15-64,,B40,.3532109,2021
RWA,2016,FALSE,CONS,,,15-64,,T60,.6467891,2021
RWA,2016,FALSE,CONS,,,>65,,B40,.2863376,2021
RWA,2016,FALSE,CONS,,,>65,,T60,.7136624,2021
RWA,2016,FALSE,CONS,,,,Primary education,B40,.389605,2021
RWA,2016,FALSE,CONS,,,,Primary education,T60,.610395,2021
RWA,2016,FALSE,CONS,,,,Tertiary education,B40,.012793,2021
RWA,2016,FALSE,CONS,,,,Tertiary education,T60,.987207,2021
RWA,2016,FALSE,CONS,,,,Secondary education,B40,.1639156,2021
RWA,2016,FALSE,CONS,,,,Secondary education,T60,.8360844,2021
RWA,2016,FALSE,CONS,,,,No education,B40,.463113,2021
RWA,2016,FALSE,CONS,,,,No education,T60,.536887,2021
RWA,2016,FALSE,CONS,,Male,,,B40,.3913067,2021
RWA,2016,FALSE,CONS,,Male,,,T60,.6086934,2021
RWA,2016,FALSE,CONS,,Female,,,B40,.4080296,2021
RWA,2016,FALSE,CONS,,Female,,,T60,.5919704,2021
RWA,2016,FALSE,CONS,R,,,,B40,.4498267,2021
RWA,2016,FALSE,CONS,R,,,,T60,.5501733,2021
RWA,2016,FALSE,CONS,U,,,,B40,.1697348,2021
RWA,2016,FALSE,CONS,U,,,,T60,.8302652,2021
SDN,2014,FALSE,CONS,,,0-14,,B40,.4683239,2021
SDN,2014,FALSE,CONS,,,0-14,,T60,.5316761,2021
SDN,2014,FALSE,CONS,,,15-64,,B40,.3544655,2021
SDN,2014,FALSE,CONS,,,15-64,,T60,.6455346,2021
SDN,2014,FALSE,CONS,,,>65,,B40,.2873242,2021
SDN,2014,FALSE,CONS,,,>65,,T60,.7126758,2021
SDN,2014,FALSE,CONS,,,,Primary education,B40,.3695656,2021
SDN,2014,FALSE,CONS,,,,Primary education,T60,.6304344,2021
SDN,2014,FALSE,CONS,,,,Tertiary education,B40,.1498022,2021
SDN,2014,FALSE,CONS,,,,Tertiary education,T60,.8501978,2021
SDN,2014,FALSE,CONS,,,,Secondary education,B40,.255101,2021
SDN,2014,FALSE,CONS,,,,Secondary education,T60,.744899,2021
SDN,2014,FALSE,CONS,,,,No education,B40,.3779969,2021
SDN,2014,FALSE,CONS,,,,No education,T60,.6220031,2021
SDN,2014,FALSE,CONS,,Male,,,B40,.4003114,2021
SDN,2014,FALSE,CONS,,Male,,,T60,.5996886,2021
SDN,2014,FALSE,CONS,,Female,,,B40,.3996672,2021
SDN,2014,FALSE,CONS,,Female,,,T60,.6003328,2021
SDN,2014,FALSE,CONS,R,,,,B40,.4338401,2021
SDN,2014,FALSE,CONS,R,,,,T60,.5661599,2021
SDN,2014,FALSE,CONS,U,,,,B40,.3370207,2021
SDN,2014,FALSE,CONS,U,,,,T60,.6629793,2021
SEN,2021,FALSE,CONS,,,0-14,,B40,.4732908,2021
SEN,2021,FALSE,CONS,,,0-14,,T60,.5267092,2021
SEN,2021,FALSE,CONS,,,15-64,,B40,.3519631,2021
SEN,2021,FALSE,CONS,,,15-64,,T60,.6480369,2021
SEN,2021,FALSE,CONS,,,>65,,B40,.3231855,2021
SEN,2021,FALSE,CONS,,,>65,,T60,.6768145,2021
SEN,2021,FALSE,CONS,,,,Primary education,B40,.2485628,2021
SEN,2021,FALSE,CONS,,,,Primary education,T60,.7514372,2021
SEN,2021,FALSE,CONS,,,,Tertiary education,B40,.0498736,2021
SEN,2021,FALSE,CONS,,,,Tertiary education,T60,.9501263,2021
SEN,2021,FALSE,CONS,,,,Secondary education,B40,.2160245,2021
SEN,2021,FALSE,CONS,,,,Secondary education,T60,.7839755,2021
SEN,2021,FALSE,CONS,,,,No education,B40,.4770441,2021
SEN,2021,FALSE,CONS,,,,No education,T60,.522956,2021
SEN,2021,FALSE,CONS,,Male,,,B40,.4060869,2021
SEN,2021,FALSE,CONS,,Male,,,T60,.5939131,2021
SEN,2021,FALSE,CONS,,Female,,,B40,.3947984,2021
SEN,2021,FALSE,CONS,,Female,,,T60,.6052015,2021
SEN,2021,FALSE,CONS,R,,,,B40,.5997491,2021
SEN,2021,FALSE,CONS,R,,,,T60,.4002509,2021
SEN,2021,FALSE,CONS,U,,,,B40,.179116,2021
SEN,2021,FALSE,CONS,U,,,,T60,.820884,2021
SLB,2012,FALSE,CONS,,,0-14,,B40,.4528038,2021
SLB,2012,FALSE,CONS,,,0-14,,T60,.5471962,2021
SLB,2012,FALSE,CONS,,,15-64,,B40,.3601395,2021
SLB,2012,FALSE,CONS,,,15-64,,T60,.6398605,2021
SLB,2012,FALSE,CONS,,,>65,,B40,.4171635,2021
SLB,2012,FALSE,CONS,,,>65,,T60,.5828365,2021
SLB,2012,FALSE,CONS,,,,Primary education,B40,.4124093,2021
SLB,2012,FALSE,CONS,,,,Primary education,T60,.5875907,2021
SLB,2012,FALSE,CONS,,,,Tertiary education,B40,.1324694,2021
SLB,2012,FALSE,CONS,,,,Tertiary education,T60,.8675306,2021
SLB,2012,FALSE,CONS,,,,Secondary education,B40,.2724301,2021
SLB,2012,FALSE,CONS,,,,Secondary education,T60,.7275699,2021
SLB,2012,FALSE,CONS,,,,No education,B40,.4742556,2021
SLB,2012,FALSE,CONS,,,,No education,T60,.5257444,2021
SLB,2012,FALSE,CONS,,Male,,,B40,.4008817,2021
SLB,2012,FALSE,CONS,,Male,,,T60,.5991183,2021
SLB,2012,FALSE,CONS,,Female,,,B40,.3990185,2021
SLB,2012,FALSE,CONS,,Female,,,T60,.6009815,2021
SLB,2012,FALSE,CONS,R,,,,B40,.4697344,2021
SLB,2012,FALSE,CONS,R,,,,T60,.5302656,2021
SLB,2012,FALSE,CONS,U,,,,B40,.0940984,2021
SLB,2012,FALSE,CONS,U,,,,T60,.9059016,2021
SLE,2018,FALSE,CONS,,,0-14,,B40,.4576158,2021
SLE,2018,FALSE,CONS,,,0-14,,T60,.5423842,2021
SLE,2018,FALSE,CONS,,,15-64,,B40,.3505812,2021
SLE,2018,FALSE,CONS,,,15-64,,T60,.6494188,2021
SLE,2018,FALSE,CONS,,,>65,,B40,.4573343,2021
SLE,2018,FALSE,CONS,,,>65,,T60,.5426657,2021
SLE,2018,FALSE,CONS,,,,Primary education,B40,.421016,2021
SLE,2018,FALSE,CONS,,,,Primary education,T60,.578984,2021
SLE,2018,FALSE,CONS,,,,Tertiary education,B40,.1015276,2021
SLE,2018,FALSE,CONS,,,,Tertiary education,T60,.8984724,2021
SLE,2018,FALSE,CONS,,,,Secondary education,B40,.2509346,2021
SLE,2018,FALSE,CONS,,,,Secondary education,T60,.7490654,2021
SLE,2018,FALSE,CONS,,Male,,,B40,.3935257,2021
SLE,2018,FALSE,CONS,,Male,,,T60,.6064743,2021
SLE,2018,FALSE,CONS,,Female,,,B40,.4059235,2021
SLE,2018,FALSE,CONS,,Female,,,T60,.5940765,2021
SLE,2018,FALSE,CONS,R,,,,B40,.5647082,2021
SLE,2018,FALSE,CONS,R,,,,T60,.4352918,2021
SLE,2018,FALSE,CONS,U,,,,B40,.1870987,2021
SLE,2018,FALSE,CONS,U,,,,T60,.8129013,2021
SLV,2023,FALSE,INC,,,0-14,,B40,.5568068,2021
SLV,2023,FALSE,INC,,,0-14,,T60,.4431932,2021
SLV,2023,FALSE,INC,,,15-64,,B40,.3570304,2021
SLV,2023,FALSE,INC,,,15-64,,T60,.6429697,2021
SLV,2023,FALSE,INC,,,>65,,B40,.3322863,2021
SLV,2023,FALSE,INC,,,>65,,T60,.6677136,2021
SLV,2023,FALSE,INC,,,,Primary education,B40,.4192685,2021
SLV,2023,FALSE,INC,,,,Primary education,T60,.5807315,2021
SLV,2023,FALSE,INC,,,,Tertiary education,B40,.1141668,2021
SLV,2023,FALSE,INC,,,,Tertiary education,T60,.8858331,2021
SLV,2023,FALSE,INC,,,,Secondary education,B40,.2975348,2021
SLV,2023,FALSE,INC,,,,Secondary education,T60,.7024652,2021
SLV,2023,FALSE,INC,,,,No education,B40,.5144424,2021
SLV,2023,FALSE,INC,,,,No education,T60,.4855576,2021
SLV,2023,FALSE,INC,,Male,,,B40,.3949152,2021
SLV,2023,FALSE,INC,,Male,,,T60,.6050848,2021
SLV,2023,FALSE,INC,,Female,,,B40,.4038533,2021
SLV,2023,FALSE,INC,,Female,,,T60,.5961466,2021
SLV,2023,FALSE,INC,R,,,,B40,.5146682,2021
SLV,2023,FALSE,INC,R,,,,T60,.4853319,2021
SLV,2023,FALSE,INC,U,,,,B40,.328179,2021
SLV,2023,FALSE,INC,U,,,,T60,.6718209,2021
SRB,2021,FALSE,INC,,,0-14,,B40,.5233083,2021
SRB,2021,FALSE,INC,,,0-14,,T60,.4766917,2021
SRB,2021,FALSE,INC,,,15-64,,B40,.3896182,2021
SRB,2021,FALSE,INC,,,15-64,,T60,.6103818,2021
SRB,2021,FALSE,INC,,,>65,,B40,.3451012,2021
SRB,2021,FALSE,INC,,,>65,,T60,.6548988,2021
SRB,2021,FALSE,INC,,,,Primary education,B40,.6168467,2021
SRB,2021,FALSE,INC,,,,Primary education,T60,.3831533,2021
SRB,2021,FALSE,INC,,,,Tertiary education,B40,.1607459,2021
SRB,2021,FALSE,INC,,,,Tertiary education,T60,.8392541,2021
SRB,2021,FALSE,INC,,,,Secondary education,B40,.414857,2021
SRB,2021,FALSE,INC,,,,Secondary education,T60,.585143,2021
SRB,2021,FALSE,INC,,,,No education,B40,.6422583,2021
SRB,2021,FALSE,INC,,,,No education,T60,.3577417,2021
SRB,2021,FALSE,INC,,Male,,,B40,.3968765,2021
SRB,2021,FALSE,INC,,Male,,,T60,.6031235,2021
SRB,2021,FALSE,INC,,Female,,,B40,.3992808,2021
SRB,2021,FALSE,INC,,Female,,,T60,.6007192,2021
SRB,2021,FALSE,INC,R,,,,B40,.505463,2021
SRB,2021,FALSE,INC,R,,,,T60,.494537,2021
SRB,2021,FALSE,INC,U,,,,B40,.3258598,2021
SRB,2021,FALSE,INC,U,,,,T60,.6741402,2021
SSD,2016,FALSE,CONS,,,0-14,,B40,.4251263,2021
SSD,2016,FALSE,CONS,,,0-14,,T60,.5748737,2021
SSD,2016,FALSE,CONS,,,15-64,,B40,.3761946,2021
SSD,2016,FALSE,CONS,,,15-64,,T60,.6238054,2021
SSD,2016,FALSE,CONS,,,>65,,B40,.2800335,2021
SSD,2016,FALSE,CONS,,,>65,,T60,.7199665,2021
SSD,2016,FALSE,CONS,,,,Primary education,B40,.2975256,2021
SSD,2016,FALSE,CONS,,,,Primary education,T60,.7024744,2021
SSD,2016,FALSE,CONS,,,,Tertiary education,B40,.1202214,2021
SSD,2016,FALSE,CONS,,,,Tertiary education,T60,.8797786,2021
SSD,2016,FALSE,CONS,,,,Secondary education,B40,.2487178,2021
SSD,2016,FALSE,CONS,,,,Secondary education,T60,.7512822,2021
SSD,2016,FALSE,CONS,,,,No education,B40,.4256973,2021
SSD,2016,FALSE,CONS,,,,No education,T60,.5743027,2021
SSD,2016,FALSE,CONS,,Male,,,B40,.4018078,2021
SSD,2016,FALSE,CONS,,Male,,,T60,.5981922,2021
SSD,2016,FALSE,CONS,,Female,,,B40,.3980982,2021
SSD,2016,FALSE,CONS,,Female,,,T60,.6019018,2021
SSD,2016,FALSE,CONS,R,,,,B40,.4277729,2021
SSD,2016,FALSE,CONS,R,,,,T60,.5722271,2021
SSD,2016,FALSE,CONS,U,,,,B40,.2087723,2021
SSD,2016,FALSE,CONS,U,,,,T60,.7912276,2021
STP,2017,FALSE,CONS,,,0-14,,B40,.4590022,2021
STP,2017,FALSE,CONS,,,0-14,,T60,.5409978,2021
STP,2017,FALSE,CONS,,,15-64,,B40,.3614044,2021
STP,2017,FALSE,CONS,,,15-64,,T60,.6385956,2021
STP,2017,FALSE,CONS,,,>65,,B40,.32855,2021
STP,2017,FALSE,CONS,,,>65,,T60,.67145,2021
STP,2017,FALSE,CONS,,,,Primary education,B40,.4408351,2021
STP,2017,FALSE,CONS,,,,Primary education,T60,.5591649,2021
STP,2017,FALSE,CONS,,,,Tertiary education,B40,.1363159,2021
STP,2017,FALSE,CONS,,,,Tertiary education,T60,.8636841,2021
STP,2017,FALSE,CONS,,,,Secondary education,B40,.3466668,2021
STP,2017,FALSE,CONS,,,,Secondary education,T60,.6533332,2021
STP,2017,FALSE,CONS,,,,No education,B40,.3365548,2021
STP,2017,FALSE,CONS,,,,No education,T60,.6634452,2021
STP,2017,FALSE,CONS,,Male,,,B40,.4003423,2021
STP,2017,FALSE,CONS,,Male,,,T60,.5996577,2021
STP,2017,FALSE,CONS,,Female,,,B40,.4000189,2021
STP,2017,FALSE,CONS,,Female,,,T60,.5999811,2021
STP,2017,FALSE,CONS,R,,,,B40,.3817483,2021
STP,2017,FALSE,CONS,R,,,,T60,.6182517,2021
STP,2017,FALSE,CONS,U,,,,B40,.4110223,2021
STP,2017,FALSE,CONS,U,,,,T60,.5889777,2021
SUR,2022,FALSE,CONS,,,0-14,,B40,.5066882,2021
SUR,2022,FALSE,CONS,,,0-14,,T60,.4933118,2021
SUR,2022,FALSE,CONS,,,15-64,,B40,.3697335,2021
SUR,2022,FALSE,CONS,,,15-64,,T60,.6302665,2021
SUR,2022,FALSE,CONS,,,>65,,B40,.2812917,2021
SUR,2022,FALSE,CONS,,,>65,,T60,.7187083,2021
SUR,2022,FALSE,CONS,,,,Primary education,B40,.4784805,2021
SUR,2022,FALSE,CONS,,,,Primary education,T60,.5215194,2021
SUR,2022,FALSE,CONS,,,,Tertiary education,B40,.1402318,2021
SUR,2022,FALSE,CONS,,,,Tertiary education,T60,.8597682,2021
SUR,2022,FALSE,CONS,,,,Secondary education,B40,.3508751,2021
SUR,2022,FALSE,CONS,,,,Secondary education,T60,.6491249,2021
SUR,2022,FALSE,CONS,,,,No education,B40,.5846074,2021
SUR,2022,FALSE,CONS,,,,No education,T60,.4153925,2021
SUR,2022,FALSE,CONS,,Male,,,B40,.3930394,2021
SUR,2022,FALSE,CONS,,Male,,,T60,.6069606,2021
SUR,2022,FALSE,CONS,,Female,,,B40,.4065764,2021
SUR,2022,FALSE,CONS,,Female,,,T60,.5934236,2021
SVK,2022,FALSE,INC,,,0-14,,B40,.6996722,2021
SVK,2022,FALSE,INC,,,0-14,,T60,.3003277,2021
SVK,2022,FALSE,INC,,,15-64,,B40,.390038,2021
SVK,2022,FALSE,INC,,,15-64,,T60,.609962,2021
SVK,2022,FALSE,INC,,,>65,,B40,.1994023,2021
SVK,2022,FALSE,INC,,,>65,,T60,.8005977,2021
SVK,2022,FALSE,INC,,,,Primary education,B40,.8614487,2021
SVK,2022,FALSE,INC,,,,Primary education,T60,.1385513,2021
SVK,2022,FALSE,INC,,,,Tertiary education,B40,.2657725,2021
SVK,2022,FALSE,INC,,,,Tertiary education,T60,.7342275,2021
SVK,2022,FALSE,INC,,,,Secondary education,B40,.3577125,2021
SVK,2022,FALSE,INC,,,,Secondary education,T60,.6422876,2021
SVK,2022,FALSE,INC,,,,No education,B40,.4764007,2021
SVK,2022,FALSE,INC,,,,No education,T60,.5235993,2021
SVK,2022,FALSE,INC,,Male,,,B40,.4064047,2021
SVK,2022,FALSE,INC,,Male,,,T60,.5935953,2021
SVK,2022,FALSE,INC,,Female,,,B40,.3920195,2021
SVK,2022,FALSE,INC,,Female,,,T60,.6079805,2021
SVK,2022,FALSE,INC,R,,,,B40,.4203062,2021
SVK,2022,FALSE,INC,R,,,,T60,.5796938,2021
SVK,2022,FALSE,INC,U,,,,B40,.3787732,2021
SVK,2022,FALSE,INC,U,,,,T60,.6212267,2021
SVN,2022,FALSE,INC,,,0-14,,B40,.5953231,2021
SVN,2022,FALSE,INC,,,0-14,,T60,.4046769,2021
SVN,2022,FALSE,INC,,,15-64,,B40,.3691421,2021
SVN,2022,FALSE,INC,,,15-64,,T60,.6308579,2021
SVN,2022,FALSE,INC,,,>65,,B40,.3534969,2021
SVN,2022,FALSE,INC,,,>65,,T60,.6465031,2021
SVN,2022,FALSE,INC,,,,Tertiary education,B40,.2265935,2021
SVN,2022,FALSE,INC,,,,Tertiary education,T60,.7734065,2021
SVN,2022,FALSE,INC,,,,Secondary education,B40,.4238029,2021
SVN,2022,FALSE,INC,,,,Secondary education,T60,.5761971,2021
SVN,2022,FALSE,INC,,Male,,,B40,.3934075,2021
SVN,2022,FALSE,INC,,Male,,,T60,.6065925,2021
SVN,2022,FALSE,INC,,Female,,,B40,.4066519,2021
SVN,2022,FALSE,INC,,Female,,,T60,.5933481,2021
SWE,2022,FALSE,INC,,,0-14,,B40,.668011,2021
SWE,2022,FALSE,INC,,,0-14,,T60,.331989,2021
SWE,2022,FALSE,INC,,,15-64,,B40,.36694,2021
SWE,2022,FALSE,INC,,,15-64,,T60,.63306,2021
SWE,2022,FALSE,INC,,,>65,,B40,.2848351,2021
SWE,2022,FALSE,INC,,,>65,,T60,.7151648,2021
SWE,2022,FALSE,INC,,,,Primary education,B40,.5519698,2021
SWE,2022,FALSE,INC,,,,Primary education,T60,.4480302,2021
SWE,2022,FALSE,INC,,,,Tertiary education,B40,.2597319,2021
SWE,2022,FALSE,INC,,,,Tertiary education,T60,.7402681,2021
SWE,2022,FALSE,INC,,,,Secondary education,B40,.347877,2021
SWE,2022,FALSE,INC,,,,Secondary education,T60,.652123,2021
SWE,2022,FALSE,INC,,Male,,,B40,.3836378,2021
SWE,2022,FALSE,INC,,Male,,,T60,.6163622,2021
SWE,2022,FALSE,INC,,Female,,,B40,.4058245,2021
SWE,2022,FALSE,INC,,Female,,,T60,.5941756,2021
SWE,2022,FALSE,INC,R,,,,B40,.4367473,2021
SWE,2022,FALSE,INC,R,,,,T60,.5632527,2021
SWE,2022,FALSE,INC,U,,,,B40,.388276,2021
SWE,2022,FALSE,INC,U,,,,T60,.611724,2021
SWZ,2016,FALSE,CONS,,,0-14,,B40,.4906591,2021
SWZ,2016,FALSE,CONS,,,0-14,,T60,.5093409,2021
SWZ,2016,FALSE,CONS,,,15-64,,B40,.3301862,2021
SWZ,2016,FALSE,CONS,,,15-64,,T60,.6698139,2021
SWZ,2016,FALSE,CONS,,,>65,,B40,.4620374,2021
SWZ,2016,FALSE,CONS,,,>65,,T60,.5379626,2021
SWZ,2016,FALSE,CONS,,,,Primary education,B40,.4746196,2021
SWZ,2016,FALSE,CONS,,,,Primary education,T60,.5253804,2021
SWZ,2016,FALSE,CONS,,,,Tertiary education,B40,.0233508,2021
SWZ,2016,FALSE,CONS,,,,Tertiary education,T60,.9766492,2021
SWZ,2016,FALSE,CONS,,,,Secondary education,B40,.275355,2021
SWZ,2016,FALSE,CONS,,,,Secondary education,T60,.7246451,2021
SWZ,2016,FALSE,CONS,,,,No education,B40,.544957,2021
SWZ,2016,FALSE,CONS,,,,No education,T60,.455043,2021
SWZ,2016,FALSE,CONS,,Male,,,B40,.3872048,2021
SWZ,2016,FALSE,CONS,,Male,,,T60,.6127952,2021
SWZ,2016,FALSE,CONS,,Female,,,B40,.4114072,2021
SWZ,2016,FALSE,CONS,,Female,,,T60,.5885928,2021
SWZ,2016,FALSE,CONS,R,,,,B40,.4875283,2021
SWZ,2016,FALSE,CONS,R,,,,T60,.5124717,2021
SWZ,2016,FALSE,CONS,U,,,,B40,.092311,2021
SWZ,2016,FALSE,CONS,U,,,,T60,.907689,2021
SYC,2018,FALSE,INC,,,0-14,,B40,.5404711,2021
SYC,2018,FALSE,INC,,,0-14,,T60,.4595289,2021
SYC,2018,FALSE,INC,,,15-64,,B40,.3373998,2021
SYC,2018,FALSE,INC,,,15-64,,T60,.6626003,2021
SYC,2018,FALSE,INC,,,>65,,B40,.2231178,2021
SYC,2018,FALSE,INC,,,>65,,T60,.7768822,2021
SYC,2018,FALSE,INC,,,,Primary education,B40,.3026418,2021
SYC,2018,FALSE,INC,,,,Primary education,T60,.6973582,2021
SYC,2018,FALSE,INC,,,,Tertiary education,B40,.2919631,2021
SYC,2018,FALSE,INC,,,,Tertiary education,T60,.7080369,2021
SYC,2018,FALSE,INC,,,,Secondary education,B40,.3589533,2021
SYC,2018,FALSE,INC,,,,Secondary education,T60,.6410466,2021
SYC,2018,FALSE,INC,,,,No education,B40,.3002084,2021
SYC,2018,FALSE,INC,,,,No education,T60,.6997916,2021
SYC,2018,FALSE,INC,,Male,,,B40,.3799147,2021
SYC,2018,FALSE,INC,,Male,,,T60,.6200853,2021
SYC,2018,FALSE,INC,,Female,,,B40,.3611392,2021
SYC,2018,FALSE,INC,,Female,,,T60,.6388608,2021
TCD,2018,FALSE,CONS,,,0-14,,B40,.4521887,2021
TCD,2018,FALSE,CONS,,,0-14,,T60,.5478113,2021
TCD,2018,FALSE,CONS,,,15-64,,B40,.3440224,2021
TCD,2018,FALSE,CONS,,,15-64,,T60,.6559776,2021
TCD,2018,FALSE,CONS,,,>65,,B40,.2817522,2021
TCD,2018,FALSE,CONS,,,>65,,T60,.7182478,2021
TCD,2018,FALSE,CONS,,,,Primary education,B40,.4043401,2021
TCD,2018,FALSE,CONS,,,,Primary education,T60,.5956599,2021
TCD,2018,FALSE,CONS,,,,Tertiary education,B40,.0460024,2021
TCD,2018,FALSE,CONS,,,,Tertiary education,T60,.9539976,2021
TCD,2018,FALSE,CONS,,,,Secondary education,B40,.2546654,2021
TCD,2018,FALSE,CONS,,,,Secondary education,T60,.7453346,2021
TCD,2018,FALSE,CONS,,,,No education,B40,.4162593,2021
TCD,2018,FALSE,CONS,,,,No education,T60,.5837407,2021
TCD,2018,FALSE,CONS,,Male,,,B40,.3963768,2021
TCD,2018,FALSE,CONS,,Male,,,T60,.6036232,2021
TCD,2018,FALSE,CONS,,Female,,,B40,.4033455,2021
TCD,2018,FALSE,CONS,,Female,,,T60,.5966545,2021
TCD,2018,FALSE,CONS,R,,,,B40,.4887046,2021
TCD,2018,FALSE,CONS,R,,,,T60,.5112954,2021
TCD,2018,FALSE,CONS,U,,,,B40,.1249797,2021
TCD,2018,FALSE,CONS,U,,,,T60,.8750203,2021
TGO,2021,FALSE,CONS,,,0-14,,B40,.4861683,2021
TGO,2021,FALSE,CONS,,,0-14,,T60,.5138317,2021
TGO,2021,FALSE,CONS,,,15-64,,B40,.3354342,2021
TGO,2021,FALSE,CONS,,,15-64,,T60,.6645658,2021
TGO,2021,FALSE,CONS,,,>65,,B40,.3694167,2021
TGO,2021,FALSE,CONS,,,>65,,T60,.6305833,2021
TGO,2021,FALSE,CONS,,,,Primary education,B40,.3710536,2021
TGO,2021,FALSE,CONS,,,,Primary education,T60,.6289464,2021
TGO,2021,FALSE,CONS,,,,Tertiary education,B40,.0401134,2021
TGO,2021,FALSE,CONS,,,,Tertiary education,T60,.9598866,2021
TGO,2021,FALSE,CONS,,,,Secondary education,B40,.2303072,2021
TGO,2021,FALSE,CONS,,,,Secondary education,T60,.7696928,2021
TGO,2021,FALSE,CONS,,,,No education,B40,.5255401,2021
TGO,2021,FALSE,CONS,,,,No education,T60,.4744599,2021
TGO,2021,FALSE,CONS,,Male,,,B40,.3990947,2021
TGO,2021,FALSE,CONS,,Male,,,T60,.6009053,2021
TGO,2021,FALSE,CONS,,Female,,,B40,.4007846,2021
TGO,2021,FALSE,CONS,,Female,,,T60,.5992154,2021
TGO,2021,FALSE,CONS,R,,,,B40,.5859756,2021
TGO,2021,FALSE,CONS,R,,,,T60,.4140244,2021
TGO,2021,FALSE,CONS,U,,,,B40,.1523951,2021
TGO,2021,FALSE,CONS,U,,,,T60,.8476049,2021
THA,2023,FALSE,CONS,,,0-14,,B40,.5705387,2021
THA,2023,FALSE,CONS,,,0-14,,T60,.4294613,2021
THA,2023,FALSE,CONS,,,15-64,,B40,.3486609,2021
THA,2023,FALSE,CONS,,,15-64,,T60,.6513391,2021
THA,2023,FALSE,CONS,,,>65,,B40,.4559944,2021
THA,2023,FALSE,CONS,,,>65,,T60,.5440056,2021
THA,2023,FALSE,CONS,,,,Primary education,B40,.5011792,2021
THA,2023,FALSE,CONS,,,,Primary education,T60,.4988208,2021
THA,2023,FALSE,CONS,,,,Tertiary education,B40,.0827296,2021
THA,2023,FALSE,CONS,,,,Tertiary education,T60,.9172704,2021
THA,2023,FALSE,CONS,,,,Secondary education,B40,.2987586,2021
THA,2023,FALSE,CONS,,,,Secondary education,T60,.7012414,2021
THA,2023,FALSE,CONS,,,,No education,B40,.6571367,2021
THA,2023,FALSE,CONS,,,,No education,T60,.3428634,2021
THA,2023,FALSE,CONS,,Male,,,B40,.4072092,2021
THA,2023,FALSE,CONS,,Male,,,T60,.5927908,2021
THA,2023,FALSE,CONS,,Female,,,B40,.3933907,2021
THA,2023,FALSE,CONS,,Female,,,T60,.6066093,2021
THA,2023,FALSE,CONS,R,,,,B40,.5228889,2021
THA,2023,FALSE,CONS,R,,,,T60,.4771111,2021
THA,2023,FALSE,CONS,U,,,,B40,.2415337,2021
THA,2023,FALSE,CONS,U,,,,T60,.7584662,2021
TJK,2015,FALSE,CONS,,,0-14,,B40,.4345936,2021
TJK,2015,FALSE,CONS,,,0-14,,T60,.5654064,2021
TJK,2015,FALSE,CONS,,,15-64,,B40,.3845715,2021
TJK,2015,FALSE,CONS,,,15-64,,T60,.6154285,2021
TJK,2015,FALSE,CONS,,,>65,,B40,.3649655,2021
TJK,2015,FALSE,CONS,,,>65,,T60,.6350345,2021
TJK,2015,FALSE,CONS,,,,Primary education,B40,.4771375,2021
TJK,2015,FALSE,CONS,,,,Primary education,T60,.5228625,2021
TJK,2015,FALSE,CONS,,,,Tertiary education,B40,.239691,2021
TJK,2015,FALSE,CONS,,,,Tertiary education,T60,.760309,2021
TJK,2015,FALSE,CONS,,,,Secondary education,B40,.3834538,2021
TJK,2015,FALSE,CONS,,,,Secondary education,T60,.6165462,2021
TJK,2015,FALSE,CONS,,,,No education,B40,.4783993,2021
TJK,2015,FALSE,CONS,,,,No education,T60,.5216007,2021
TJK,2015,FALSE,CONS,,Male,,,B40,.3995311,2021
TJK,2015,FALSE,CONS,,Male,,,T60,.6004689,2021
TJK,2015,FALSE,CONS,,Female,,,B40,.4004649,2021
TJK,2015,FALSE,CONS,,Female,,,T60,.5995351,2021
TJK,2015,FALSE,CONS,R,,,,B40,.4349012,2021
TJK,2015,FALSE,CONS,R,,,,T60,.5650988,2021
TJK,2015,FALSE,CONS,U,,,,B40,.3033401,2021
TJK,2015,FALSE,CONS,U,,,,T60,.6966599,2021
TLS,2014,FALSE,CONS,,,0-14,,B40,.4722114,2021
TLS,2014,FALSE,CONS,,,0-14,,T60,.5277886,2021
TLS,2014,FALSE,CONS,,,15-64,,B40,.3609128,2021
TLS,2014,FALSE,CONS,,,15-64,,T60,.6390871,2021
TLS,2014,FALSE,CONS,,,>65,,B40,.2633583,2021
TLS,2014,FALSE,CONS,,,>65,,T60,.7366417,2021
TLS,2014,FALSE,CONS,,,,Primary education,B40,.401649,2021
TLS,2014,FALSE,CONS,,,,Primary education,T60,.5983509,2021
TLS,2014,FALSE,CONS,,,,Tertiary education,B40,.1430905,2021
TLS,2014,FALSE,CONS,,,,Tertiary education,T60,.8569095,2021
TLS,2014,FALSE,CONS,,,,Secondary education,B40,.272327,2021
TLS,2014,FALSE,CONS,,,,Secondary education,T60,.7276729,2021
TLS,2014,FALSE,CONS,,,,No education,B40,.4020163,2021
TLS,2014,FALSE,CONS,,,,No education,T60,.5979837,2021
TLS,2014,FALSE,CONS,,Male,,,B40,.4047396,2021
TLS,2014,FALSE,CONS,,Male,,,T60,.5952603,2021
TLS,2014,FALSE,CONS,,Female,,,B40,.3952243,2021
TLS,2014,FALSE,CONS,,Female,,,T60,.6047757,2021
TLS,2014,FALSE,CONS,R,,,,B40,.4553582,2021
TLS,2014,FALSE,CONS,R,,,,T60,.5446418,2021
TLS,2014,FALSE,CONS,U,,,,B40,.2592871,2021
TLS,2014,FALSE,CONS,U,,,,T60,.7407129,2021
TON,2021,FALSE,CONS,,,0-14,,B40,.4905014,2021
TON,2021,FALSE,CONS,,,0-14,,T60,.5094985,2021
TON,2021,FALSE,CONS,,,15-64,,B40,.3596138,2021
TON,2021,FALSE,CONS,,,15-64,,T60,.6403862,2021
TON,2021,FALSE,CONS,,,>65,,B40,.2781173,2021
TON,2021,FALSE,CONS,,,>65,,T60,.7218827,2021
TON,2021,FALSE,CONS,,,,Primary education,B40,.4575466,2021
TON,2021,FALSE,CONS,,,,Primary education,T60,.5424534,2021
TON,2021,FALSE,CONS,,,,Tertiary education,B40,.1637485,2021
TON,2021,FALSE,CONS,,,,Tertiary education,T60,.8362515,2021
TON,2021,FALSE,CONS,,,,Secondary education,B40,.3456704,2021
TON,2021,FALSE,CONS,,,,Secondary education,T60,.6543296,2021
TON,2021,FALSE,CONS,,,,No education,B40,.485122,2021
TON,2021,FALSE,CONS,,,,No education,T60,.514878,2021
TON,2021,FALSE,CONS,,Male,,,B40,.4135273,2021
TON,2021,FALSE,CONS,,Male,,,T60,.5864727,2021
TON,2021,FALSE,CONS,,Female,,,B40,.3870335,2021
TON,2021,FALSE,CONS,,Female,,,T60,.6129665,2021
TON,2021,FALSE,CONS,R,,,,B40,.4165806,2021
TON,2021,FALSE,CONS,R,,,,T60,.5834194,2021
TON,2021,FALSE,CONS,U,,,,B40,.3408525,2021
TON,2021,FALSE,CONS,U,,,,T60,.6591475,2021
TUN,2021,FALSE,CONS,,,0-14,,B40,.5594119,2021
TUN,2021,FALSE,CONS,,,0-14,,T60,.4405881,2021
TUN,2021,FALSE,CONS,,,15-64,,B40,.3709651,2021
TUN,2021,FALSE,CONS,,,15-64,,T60,.6290349,2021
TUN,2021,FALSE,CONS,,,>65,,B40,.2617801,2021
TUN,2021,FALSE,CONS,,,>65,,T60,.7382199,2021
TUN,2021,FALSE,CONS,,,,Primary education,B40,.4137304,2021
TUN,2021,FALSE,CONS,,,,Primary education,T60,.5862696,2021
TUN,2021,FALSE,CONS,,,,Tertiary education,B40,.2242021,2021
TUN,2021,FALSE,CONS,,,,Tertiary education,T60,.7757979,2021
TUN,2021,FALSE,CONS,,,,Secondary education,B40,.3208858,2021
TUN,2021,FALSE,CONS,,,,Secondary education,T60,.6791142,2021
TUN,2021,FALSE,CONS,,,,No education,B40,.4527664,2021
TUN,2021,FALSE,CONS,,,,No education,T60,.5472336,2021
TUN,2021,FALSE,CONS,,Male,,,B40,.3996976,2021
TUN,2021,FALSE,CONS,,Male,,,T60,.6003024,2021
TUN,2021,FALSE,CONS,,Female,,,B40,.4002756,2021
TUN,2021,FALSE,CONS,,Female,,,T60,.5997244,2021
TUN,2021,FALSE,CONS,R,,,,B40,.6125732,2021
TUN,2021,FALSE,CONS,R,,,,T60,.3874268,2021
TUN,2021,FALSE,CONS,U,,,,B40,.2997834,2021
TUN,2021,FALSE,CONS,U,,,,T60,.7002166,2021
TUR,2021,FALSE,INC,,,0-14,,B40,.6111192,2021
TUR,2021,FALSE,INC,,,0-14,,T60,.3888808,2021
TUR,2021,FALSE,INC,,,15-64,,B40,.3577349,2021
TUR,2021,FALSE,INC,,,15-64,,T60,.6422651,2021
TUR,2021,FALSE,INC,,,>65,,B40,.2094937,2021
TUR,2021,FALSE,INC,,,>65,,T60,.7905062,2021
TUR,2021,FALSE,INC,,,,Primary education,B40,.3767529,2021
TUR,2021,FALSE,INC,,,,Primary education,T60,.6232471,2021
TUR,2021,FALSE,INC,,,,Tertiary education,B40,.1120617,2021
TUR,2021,FALSE,INC,,,,Tertiary education,T60,.8879383,2021
TUR,2021,FALSE,INC,,,,Secondary education,B40,.3430231,2021
TUR,2021,FALSE,INC,,,,Secondary education,T60,.6569769,2021
TUR,2021,FALSE,INC,,,,No education,B40,.5286328,2021
TUR,2021,FALSE,INC,,,,No education,T60,.4713673,2021
TUR,2021,FALSE,INC,,Male,,,B40,.3941945,2021
TUR,2021,FALSE,INC,,Male,,,T60,.6058055,2021
TUR,2021,FALSE,INC,,Female,,,B40,.4057661,2021
TUR,2021,FALSE,INC,,Female,,,T60,.5942339,2021
TUV,2010,FALSE,CONS,,,0-14,,B40,.4377763,2021
TUV,2010,FALSE,CONS,,,0-14,,T60,.5622237,2021
TUV,2010,FALSE,CONS,,,15-64,,B40,.3766586,2021
TUV,2010,FALSE,CONS,,,15-64,,T60,.6233414,2021
TUV,2010,FALSE,CONS,,,>65,,B40,.4209672,2021
TUV,2010,FALSE,CONS,,,>65,,T60,.5790328,2021
TUV,2010,FALSE,CONS,,,,Primary education,B40,.4077033,2021
TUV,2010,FALSE,CONS,,,,Primary education,T60,.5922967,2021
TUV,2010,FALSE,CONS,,,,Tertiary education,B40,.1506171,2021
TUV,2010,FALSE,CONS,,,,Tertiary education,T60,.8493829,2021
TUV,2010,FALSE,CONS,,,,Secondary education,B40,.3810515,2021
TUV,2010,FALSE,CONS,,,,Secondary education,T60,.6189486,2021
TUV,2010,FALSE,CONS,,,,No education,B40,.5447035,2021
TUV,2010,FALSE,CONS,,,,No education,T60,.4552965,2021
TUV,2010,FALSE,CONS,,Male,,,B40,.3897247,2021
TUV,2010,FALSE,CONS,,Male,,,T60,.6102753,2021
TUV,2010,FALSE,CONS,,Female,,,B40,.4096934,2021
TUV,2010,FALSE,CONS,,Female,,,T60,.5903066,2021
TUV,2010,FALSE,CONS,R,,,,B40,.4156515,2021
TUV,2010,FALSE,CONS,R,,,,T60,.5843485,2021
TUV,2010,FALSE,CONS,U,,,,B40,.3858214,2021
TUV,2010,FALSE,CONS,U,,,,T60,.6141786,2021
TZA,2018,FALSE,CONS,,,0-14,,B40,.4760133,2021
TZA,2018,FALSE,CONS,,,0-14,,T60,.5239867,2021
TZA,2018,FALSE,CONS,,,15-64,,B40,.343924,2021
TZA,2018,FALSE,CONS,,,15-64,,T60,.656076,2021
TZA,2018,FALSE,CONS,,,>65,,B40,.3458474,2021
TZA,2018,FALSE,CONS,,,>65,,T60,.6541526,2021
TZA,2018,FALSE,CONS,,,,Primary education,B40,.3624575,2021
TZA,2018,FALSE,CONS,,,,Primary education,T60,.6375425,2021
TZA,2018,FALSE,CONS,,,,Tertiary education,B40,.0428941,2021
TZA,2018,FALSE,CONS,,,,Tertiary education,T60,.9571059,2021
TZA,2018,FALSE,CONS,,,,Secondary education,B40,.1826574,2021
TZA,2018,FALSE,CONS,,,,Secondary education,T60,.8173426,2021
TZA,2018,FALSE,CONS,,,,No education,B40,.4896894,2021
TZA,2018,FALSE,CONS,,,,No education,T60,.5103106,2021
TZA,2018,FALSE,CONS,,Male,,,B40,.3992048,2021
TZA,2018,FALSE,CONS,,Male,,,T60,.6007952,2021
TZA,2018,FALSE,CONS,,Female,,,B40,.4030123,2021
TZA,2018,FALSE,CONS,,Female,,,T60,.5969877,2021
TZA,2018,FALSE,CONS,R,,,,B40,.4784234,2021
TZA,2018,FALSE,CONS,R,,,,T60,.5215765,2021
TZA,2018,FALSE,CONS,U,,,,B40,.2320695,2021
TZA,2018,FALSE,CONS,U,,,,T60,.7679304,2021
UGA,2019,FALSE,CONS,,,0-14,,B40,.4613895,2021
UGA,2019,FALSE,CONS,,,0-14,,T60,.5386105,2021
UGA,2019,FALSE,CONS,,,15-64,,B40,.3459661,2021
UGA,2019,FALSE,CONS,,,15-64,,T60,.6540338,2021
UGA,2019,FALSE,CONS,,,>65,,B40,.3430761,2021
UGA,2019,FALSE,CONS,,,>65,,T60,.6569238,2021
UGA,2019,FALSE,CONS,,,,Primary education,B40,.3965255,2021
UGA,2019,FALSE,CONS,,,,Primary education,T60,.6034746,2021
UGA,2019,FALSE,CONS,,,,Tertiary education,B40,.0566581,2021
UGA,2019,FALSE,CONS,,,,Tertiary education,T60,.9433419,2021
UGA,2019,FALSE,CONS,,,,Secondary education,B40,.2182993,2021
UGA,2019,FALSE,CONS,,,,Secondary education,T60,.7817007,2021
UGA,2019,FALSE,CONS,,,,No education,B40,.527447,2021
UGA,2019,FALSE,CONS,,,,No education,T60,.472553,2021
UGA,2019,FALSE,CONS,,Male,,,B40,.3986343,2021
UGA,2019,FALSE,CONS,,Male,,,T60,.6013657,2021
UGA,2019,FALSE,CONS,,Female,,,B40,.4012522,2021
UGA,2019,FALSE,CONS,,Female,,,T60,.5987478,2021
UGA,2019,FALSE,CONS,R,,,,B40,.4682038,2021
UGA,2019,FALSE,CONS,R,,,,T60,.5317963,2021
UGA,2019,FALSE,CONS,U,,,,B40,.2116291,2021
UGA,2019,FALSE,CONS,U,,,,T60,.7883709,2021
URY,2023,FALSE,INC,,,0-14,,B40,.6148239,2021
URY,2023,FALSE,INC,,,0-14,,T60,.3851761,2021
URY,2023,FALSE,INC,,,15-64,,B40,.3869077,2021
URY,2023,FALSE,INC,,,15-64,,T60,.6130924,2021
URY,2023,FALSE,INC,,,>65,,B40,.1816945,2021
URY,2023,FALSE,INC,,,>65,,T60,.8183055,2021
URY,2023,FALSE,INC,,,,Primary education,B40,.4632008,2021
URY,2023,FALSE,INC,,,,Primary education,T60,.5367992,2021
URY,2023,FALSE,INC,,,,Tertiary education,B40,.1174174,2021
URY,2023,FALSE,INC,,,,Tertiary education,T60,.8825827,2021
URY,2023,FALSE,INC,,,,Secondary education,B40,.4033092,2021
URY,2023,FALSE,INC,,,,Secondary education,T60,.5966908,2021
URY,2023,FALSE,INC,,,,No education,B40,.5611832,2021
URY,2023,FALSE,INC,,,,No education,T60,.4388168,2021
URY,2023,FALSE,INC,,Male,,,B40,.3926856,2021
URY,2023,FALSE,INC,,Male,,,T60,.6073143,2021
URY,2023,FALSE,INC,,Female,,,B40,.4067451,2021
URY,2023,FALSE,INC,,Female,,,T60,.5932549,2021
URY,2023,FALSE,INC,R,,,,B40,.4389828,2021
URY,2023,FALSE,INC,R,,,,T60,.5610173,2021
URY,2023,FALSE,INC,U,,,,B40,.397696,2021
URY,2023,FALSE,INC,U,,,,T60,.602304,2021
UZB,2023,FALSE,INC,,,0-14,,B40,.4838924,2021
UZB,2023,FALSE,INC,,,0-14,,T60,.5161076,2021
UZB,2023,FALSE,INC,,,15-64,,B40,.3733706,2021
UZB,2023,FALSE,INC,,,15-64,,T60,.6266294,2021
UZB,2023,FALSE,INC,,,>65,,B40,.3330181,2021
UZB,2023,FALSE,INC,,,>65,,T60,.6669819,2021
UZB,2023,FALSE,INC,,,,Primary education,B40,.5023307,2021
UZB,2023,FALSE,INC,,,,Primary education,T60,.4976693,2021
UZB,2023,FALSE,INC,,,,Tertiary education,B40,.336914,2021
UZB,2023,FALSE,INC,,,,Tertiary education,T60,.6630859,2021
UZB,2023,FALSE,INC,,,,Secondary education,B40,.4118124,2021
UZB,2023,FALSE,INC,,,,Secondary education,T60,.5881876,2021
UZB,2023,FALSE,INC,,,,No education,B40,.5684594,2021
UZB,2023,FALSE,INC,,,,No education,T60,.4315406,2021
UZB,2023,FALSE,INC,,Male,,,B40,.3948956,2021
UZB,2023,FALSE,INC,,Male,,,T60,.6051044,2021
UZB,2023,FALSE,INC,,Female,,,B40,.4051476,2021
UZB,2023,FALSE,INC,,Female,,,T60,.5948524,2021
UZB,2023,FALSE,INC,R,,,,B40,.4311132,2021
UZB,2023,FALSE,INC,R,,,,T60,.5688869,2021
UZB,2023,FALSE,INC,U,,,,B40,.370071,2021
UZB,2023,FALSE,INC,U,,,,T60,.6299289,2021
VNM,2022,FALSE,CONS,,,0-14,,B40,.4957881,2021
VNM,2022,FALSE,CONS,,,0-14,,T60,.5042119,2021
VNM,2022,FALSE,CONS,,,15-64,,B40,.366861,2021
VNM,2022,FALSE,CONS,,,15-64,,T60,.633139,2021
VNM,2022,FALSE,CONS,,,>65,,B40,.3911431,2021
VNM,2022,FALSE,CONS,,,>65,,T60,.6088569,2021
VNM,2022,FALSE,CONS,,,,Primary education,B40,.5180916,2021
VNM,2022,FALSE,CONS,,,,Primary education,T60,.4819084,2021
VNM,2022,FALSE,CONS,,,,Tertiary education,B40,.0885593,2021
VNM,2022,FALSE,CONS,,,,Tertiary education,T60,.9114407,2021
VNM,2022,FALSE,CONS,,,,Secondary education,B40,.3172334,2021
VNM,2022,FALSE,CONS,,,,Secondary education,T60,.6827667,2021
VNM,2022,FALSE,CONS,,,,No education,B40,.7486969,2021
VNM,2022,FALSE,CONS,,,,No education,T60,.2513031,2021
VNM,2022,FALSE,CONS,,Male,,,B40,.3999646,2021
VNM,2022,FALSE,CONS,,Male,,,T60,.6000354,2021
VNM,2022,FALSE,CONS,,Female,,,B40,.4000055,2021
VNM,2022,FALSE,CONS,,Female,,,T60,.5999945,2021
VNM,2022,FALSE,CONS,R,,,,B40,.5113882,2021
VNM,2022,FALSE,CONS,R,,,,T60,.4886118,2021
VNM,2022,FALSE,CONS,U,,,,B40,.2253626,2021
VNM,2022,FALSE,CONS,U,,,,T60,.7746373,2021
VUT,2019,FALSE,CONS,,,0-14,,B40,.4689558,2021
VUT,2019,FALSE,CONS,,,0-14,,T60,.5310442,2021
VUT,2019,FALSE,CONS,,,15-64,,B40,.3558658,2021
VUT,2019,FALSE,CONS,,,15-64,,T60,.6441342,2021
VUT,2019,FALSE,CONS,,,>65,,B40,.383586,2021
VUT,2019,FALSE,CONS,,,>65,,T60,.616414,2021
VUT,2019,FALSE,CONS,,,,Primary education,B40,.4168862,2021
VUT,2019,FALSE,CONS,,,,Primary education,T60,.5831138,2021
VUT,2019,FALSE,CONS,,,,Tertiary education,B40,.0273071,2021
VUT,2019,FALSE,CONS,,,,Tertiary education,T60,.972693,2021
VUT,2019,FALSE,CONS,,,,Secondary education,B40,.2067521,2021
VUT,2019,FALSE,CONS,,,,Secondary education,T60,.7932479,2021
VUT,2019,FALSE,CONS,,,,No education,B40,.6376395,2021
VUT,2019,FALSE,CONS,,,,No education,T60,.3623605,2021
VUT,2019,FALSE,CONS,,Male,,,B40,.3975365,2021
VUT,2019,FALSE,CONS,,Male,,,T60,.6024635,2021
VUT,2019,FALSE,CONS,,Female,,,B40,.4025173,2021
VUT,2019,FALSE,CONS,,Female,,,T60,.5974827,2021
VUT,2019,FALSE,CONS,R,,,,B40,.4980876,2021
VUT,2019,FALSE,CONS,R,,,,T60,.5019124,2021
VUT,2019,FALSE,CONS,U,,,,B40,.1228528,2021
VUT,2019,FALSE,CONS,U,,,,T60,.8771472,2021
WSM,2013,FALSE,CONS,,,0-14,,B40,.4480911,2021
WSM,2013,FALSE,CONS,,,0-14,,T60,.5519089,2021
WSM,2013,FALSE,CONS,,,15-64,,B40,.37626,2021
WSM,2013,FALSE,CONS,,,15-64,,T60,.62374,2021
WSM,2013,FALSE,CONS,,,>65,,B40,.3074517,2021
WSM,2013,FALSE,CONS,,,>65,,T60,.6925483,2021
WSM,2013,FALSE,CONS,,,,Primary education,B40,.4092508,2021
WSM,2013,FALSE,CONS,,,,Primary education,T60,.5907493,2021
WSM,2013,FALSE,CONS,,,,Tertiary education,B40,.1859523,2021
WSM,2013,FALSE,CONS,,,,Tertiary education,T60,.8140477,2021
WSM,2013,FALSE,CONS,,,,Secondary education,B40,.3887382,2021
WSM,2013,FALSE,CONS,,,,Secondary education,T60,.6112618,2021
WSM,2013,FALSE,CONS,,,,No education,B40,.5018154,2021
WSM,2013,FALSE,CONS,,,,No education,T60,.4981845,2021
WSM,2013,FALSE,CONS,,Male,,,B40,.3953149,2021
WSM,2013,FALSE,CONS,,Male,,,T60,.6046851,2021
WSM,2013,FALSE,CONS,,Female,,,B40,.4049449,2021
WSM,2013,FALSE,CONS,,Female,,,T60,.5950551,2021
WSM,2013,FALSE,CONS,R,,,,B40,.3934164,2021
WSM,2013,FALSE,CONS,R,,,,T60,.6065836,2021
WSM,2013,FALSE,CONS,U,,,,B40,.4276086,2021
WSM,2013,FALSE,CONS,U,,,,T60,.5723915,2021
YEM,2014,FALSE,CONS,,,0-14,,B40,.4497667,2021
YEM,2014,FALSE,CONS,,,0-14,,T60,.5502334,2021
YEM,2014,FALSE,CONS,,,15-64,,B40,.3623388,2021
YEM,2014,FALSE,CONS,,,15-64,,T60,.6376612,2021
YEM,2014,FALSE,CONS,,,>65,,B40,.3745975,2021
YEM,2014,FALSE,CONS,,,>65,,T60,.6254025,2021
YEM,2014,FALSE,CONS,,,,Primary education,B40,.4010392,2021
YEM,2014,FALSE,CONS,,,,Primary education,T60,.5989609,2021
YEM,2014,FALSE,CONS,,,,Tertiary education,B40,.1397157,2021
YEM,2014,FALSE,CONS,,,,Tertiary education,T60,.8602843,2021
YEM,2014,FALSE,CONS,,,,Secondary education,B40,.3039505,2021
YEM,2014,FALSE,CONS,,,,Secondary education,T60,.6960495,2021
YEM,2014,FALSE,CONS,,,,No education,B40,.4452976,2021
YEM,2014,FALSE,CONS,,,,No education,T60,.5547024,2021
YEM,2014,FALSE,CONS,,Male,,,B40,.3991454,2021
YEM,2014,FALSE,CONS,,Male,,,T60,.6008546,2021
YEM,2014,FALSE,CONS,,Female,,,B40,.4007615,2021
YEM,2014,FALSE,CONS,,Female,,,T60,.5992386,2021
YEM,2014,FALSE,CONS,R,,,,B40,.4949875,2021
YEM,2014,FALSE,CONS,R,,,,T60,.5050125,2021
YEM,2014,FALSE,CONS,U,,,,B40,.1800071,2021
YEM,2014,FALSE,CONS,U,,,,T60,.8199928,2021
ZAF,2014,FALSE,CONS,,,0-14,,B40,.5139337,2021
ZAF,2014,FALSE,CONS,,,0-14,,T60,.4860663,2021
ZAF,2014,FALSE,CONS,,,15-64,,B40,.3545554,2021
ZAF,2014,FALSE,CONS,,,15-64,,T60,.6454446,2021
ZAF,2014,FALSE,CONS,,,>65,,B40,.3012934,2021
ZAF,2014,FALSE,CONS,,,>65,,T60,.6987066,2021
ZAF,2014,FALSE,CONS,,,,Primary education,B40,.545761,2021
ZAF,2014,FALSE,CONS,,,,Primary education,T60,.454239,2021
ZAF,2014,FALSE,CONS,,,,Tertiary education,B40,.0555131,2021
ZAF,2014,FALSE,CONS,,,,Tertiary education,T60,.9444869,2021
ZAF,2014,FALSE,CONS,,,,Secondary education,B40,.3552169,2021
ZAF,2014,FALSE,CONS,,,,Secondary education,T60,.6447831,2021
ZAF,2014,FALSE,CONS,,,,No education,B40,.616284,2021
ZAF,2014,FALSE,CONS,,,,No education,T60,.383716,2021
ZAF,2014,FALSE,CONS,,Male,,,B40,.3822711,2021
ZAF,2014,FALSE,CONS,,Male,,,T60,.6177289,2021
ZAF,2014,FALSE,CONS,,Female,,,B40,.4169467,2021
ZAF,2014,FALSE,CONS,,Female,,,T60,.5830532,2021
ZAF,2014,FALSE,CONS,R,,,,B40,.6543594,2021
ZAF,2014,FALSE,CONS,R,,,,T60,.3456406,2021
ZAF,2014,FALSE,CONS,U,,,,B40,.2538252,2021
ZAF,2014,FALSE,CONS,U,,,,T60,.7461749,2021
ZMB,2022,FALSE,CONS,,,0-14,,B40,.4589133,2021
ZMB,2022,FALSE,CONS,,,0-14,,T60,.5410867,2021
ZMB,2022,FALSE,CONS,,,15-64,,B40,.3610575,2021
ZMB,2022,FALSE,CONS,,,15-64,,T60,.6389425,2021
ZMB,2022,FALSE,CONS,,,>65,,B40,.3703905,2021
ZMB,2022,FALSE,CONS,,,>65,,T60,.6296095,2021
ZMB,2022,FALSE,CONS,,,,Primary education,B40,.5517938,2021
ZMB,2022,FALSE,CONS,,,,Primary education,T60,.4482062,2021
ZMB,2022,FALSE,CONS,,,,Tertiary education,B40,.0102174,2021
ZMB,2022,FALSE,CONS,,,,Tertiary education,T60,.9897826,2021
ZMB,2022,FALSE,CONS,,,,Secondary education,B40,.3074411,2021
ZMB,2022,FALSE,CONS,,,,Secondary education,T60,.6925589,2021
ZMB,2022,FALSE,CONS,,,,No education,B40,.6053363,2021
ZMB,2022,FALSE,CONS,,,,No education,T60,.3946637,2021
ZMB,2022,FALSE,CONS,,Male,,,B40,.4023229,2021
ZMB,2022,FALSE,CONS,,Male,,,T60,.5976772,2021
ZMB,2022,FALSE,CONS,,Female,,,B40,.3977728,2021
ZMB,2022,FALSE,CONS,,Female,,,T60,.6022272,2021
ZMB,2022,FALSE,CONS,R,,,,B40,.5748343,2021
ZMB,2022,FALSE,CONS,R,,,,T60,.4251657,2021
ZMB,2022,FALSE,CONS,U,,,,B40,.1377205,2021
ZMB,2022,FALSE,CONS,U,,,,T60,.8622795,2021
ZWE,2019,FALSE,CONS,,,0-14,,B40,.474779,2021
ZWE,2019,FALSE,CONS,,,0-14,,T60,.525221,2021
ZWE,2019,FALSE,CONS,,,15-64,,B40,.3519014,2021
ZWE,2019,FALSE,CONS,,,15-64,,T60,.6480985,2021
ZWE,2019,FALSE,CONS,,,>65,,B40,.33291,2021
ZWE,2019,FALSE,CONS,,,>65,,T60,.66709,2021
ZWE,2019,FALSE,CONS,,,,Primary education,B40,.4798423,2021
ZWE,2019,FALSE,CONS,,,,Primary education,T60,.5201578,2021
ZWE,2019,FALSE,CONS,,,,Tertiary education,B40,.0508168,2021
ZWE,2019,FALSE,CONS,,,,Tertiary education,T60,.9491832,2021
ZWE,2019,FALSE,CONS,,,,Secondary education,B40,.3251582,2021
ZWE,2019,FALSE,CONS,,,,Secondary education,T60,.6748418,2021
ZWE,2019,FALSE,CONS,,,,No education,B40,.5199391,2021
ZWE,2019,FALSE,CONS,,,,No education,T60,.4800609,2021
ZWE,2019,FALSE,CONS,,Male,,,B40,.4029978,2021
ZWE,2019,FALSE,CONS,,Male,,,T60,.5970021,2021
ZWE,2019,FALSE,CONS,,Female,,,B40,.396773,2021
ZWE,2019,FALSE,CONS,,Female,,,T60,.603227,2021
ZWE,2019,FALSE,CONS,R,,,,B40,.5289298,2021
ZWE,2019,FALSE,CONS,R,,,,T60,.4710702,2021
ZWE,2019,FALSE,CONS,U,,,,B40,.1108394,2021
ZWE,2019,FALSE,CONS,U,,,,T60,.8891606,2021
